cuenta_id,cliente_id,rol_titular,porcentaje_atribucion,fecha_inicio,fecha_fin
CU000001,CL003652,Titular principal,1,2022-11-11,
CU000002,CL001936,Titular principal,1,2019-06-17,
CU000003,CL002846,Titular principal,0.6,2019-07-17,
CU000003,CL000243,Cotitular,0.4,2019-07-17,
CU000004,CL003359,Titular principal,1,2023-12-05,
CU000005,CL000723,Titular principal,0.6,2024-06-30,
CU000005,CL002498,Cotitular,0.4,2024-06-30,
CU000006,CL000335,Titular principal,1,2022-12-16,
CU000007,CL001830,Titular principal,1,2024-08-13,
CU000008,CL003108,Titular principal,1,2023-05-23,
CU000009,CL003550,Titular principal,1,2024-09-04,
CU000010,CL002939,Titular principal,1,2024-05-04,
CU000011,CL000190,Titular principal,1,2025-07-27,
CU000012,CL000400,Titular principal,1,2023-12-07,
CU000013,CL000669,Titular principal,1,2022-09-04,
CU000014,CL000133,Titular principal,1,2021-05-12,
CU000015,CL003825,Titular principal,1,2025-10-17,
CU000016,CL000464,Titular principal,1,2019-08-18,
CU000017,CL000893,Titular principal,1,2023-07-22,
CU000018,CL002860,Titular principal,1,2024-12-20,
CU000019,CL003894,Titular principal,1,2020-04-16,
CU000020,CL002815,Titular principal,1,2025-06-05,
CU000021,CL000769,Titular principal,1,2024-09-24,
CU000022,CL000471,Titular principal,1,2024-05-05,
CU000023,CL002592,Titular principal,0.6,2020-11-08,
CU000023,CL000406,Cotitular,0.4,2020-11-08,
CU000024,CL001897,Titular principal,1,2024-04-12,
CU000025,CL000825,Titular principal,1,2019-07-25,
CU000026,CL003780,Titular principal,1,2022-02-04,
CU000027,CL004273,Titular principal,1,2024-11-01,
CU000028,CL004037,Titular principal,1,2023-12-14,
CU000029,CL002581,Titular principal,1,2025-02-12,
CU000030,CL004292,Titular principal,1,2025-07-15,
CU000031,CL001592,Titular principal,1,2019-11-08,
CU000032,CL002899,Titular principal,1,2024-06-16,
CU000033,CL003216,Titular principal,1,2020-10-11,
CU000034,CL003580,Titular principal,1,2023-12-17,
CU000035,CL001024,Titular principal,1,2021-06-15,
CU000036,CL002485,Titular principal,1,2023-09-23,
CU000037,CL000697,Titular principal,1,2021-02-15,
CU000038,CL000714,Titular principal,0.6,2025-08-20,
CU000038,CL002539,Cotitular,0.4,2025-08-20,
CU000039,CL002845,Titular principal,1,2023-03-17,
CU000040,CL000984,Titular principal,1,2021-01-08,
CU000041,CL003135,Titular principal,1,2019-12-10,
CU000042,CL000189,Titular principal,1,2021-03-22,
CU000043,CL000453,Titular principal,1,2021-02-23,
CU000044,CL002554,Titular principal,1,2025-05-23,
CU000045,CL001596,Titular principal,1,2025-07-26,
CU000046,CL000718,Titular principal,1,2024-04-14,
CU000047,CL003691,Titular principal,1,2019-10-06,
CU000048,CL002697,Titular principal,1,2021-07-22,
CU000049,CL003028,Titular principal,1,2021-07-29,
CU000050,CL004285,Titular principal,1,2024-09-11,
CU000051,CL003623,Titular principal,0.6,2022-01-08,
CU000051,CL003534,Cotitular,0.4,2022-01-08,
CU000052,CL002793,Titular principal,1,2023-02-16,
CU000053,CL003369,Titular principal,1,2020-09-19,
CU000054,CL001487,Titular principal,1,2023-05-15,
CU000055,CL003941,Titular principal,1,2024-04-18,
CU000056,CL003550,Titular principal,1,2020-01-27,
CU000057,CL002965,Titular principal,1,2023-08-21,
CU000058,CL003208,Titular principal,1,2024-02-29,
CU000059,CL004386,Titular principal,1,2025-09-20,
CU000060,CL000847,Titular principal,1,2025-01-21,
CU000061,CL003879,Titular principal,1,2024-02-28,
CU000062,CL003800,Titular principal,1,2022-03-27,
CU000063,CL001775,Titular principal,1,2019-07-09,
CU000064,CL001739,Titular principal,0.6,2020-11-07,
CU000064,CL000670,Cotitular,0.4,2020-11-07,
CU000065,CL000525,Titular principal,1,2025-08-02,
CU000066,CL003045,Titular principal,1,2025-06-11,
CU000067,CL001667,Titular principal,1,2020-05-25,
CU000068,CL002861,Titular principal,1,2023-03-01,
CU000069,CL004368,Titular principal,1,2021-06-19,
CU000070,CL004290,Titular principal,1,2021-02-21,
CU000071,CL003813,Titular principal,1,2023-05-21,
CU000072,CL001823,Titular principal,1,2022-05-01,
CU000073,CL003113,Titular principal,1,2020-09-30,
CU000074,CL001435,Titular principal,1,2022-04-22,
CU000075,CL002823,Titular principal,1,2019-12-05,
CU000076,CL001787,Titular principal,1,2022-12-16,
CU000077,CL002218,Titular principal,1,2023-02-23,
CU000078,CL004158,Titular principal,1,2024-11-07,
CU000079,CL001286,Titular principal,1,2021-08-24,
CU000080,CL003918,Titular principal,1,2024-07-15,
CU000081,CL000003,Titular principal,1,2021-05-21,
CU000082,CL002542,Titular principal,0.6,2024-12-31,
CU000082,CL003363,Cotitular,0.4,2024-12-31,
CU000083,CL002697,Titular principal,1,2024-12-29,
CU000084,CL003791,Titular principal,1,2024-12-06,
CU000085,CL004335,Titular principal,1,2022-08-07,
CU000086,CL001238,Titular principal,1,2023-09-14,
CU000087,CL000553,Titular principal,1,2020-07-01,
CU000088,CL002877,Titular principal,1,2020-07-19,
CU000089,CL001491,Titular principal,1,2025-06-24,
CU000090,CL000649,Titular principal,1,2025-09-06,
CU000091,CL002875,Titular principal,1,2022-12-21,
CU000092,CL003016,Titular principal,1,2021-02-28,
CU000093,CL003991,Titular principal,1,2024-02-16,
CU000094,CL003410,Titular principal,1,2021-11-20,
CU000095,CL002563,Titular principal,1,2019-01-19,
CU000096,CL000507,Titular principal,1,2024-04-01,
CU000097,CL003502,Titular principal,1,2020-04-07,
CU000098,CL002484,Titular principal,1,2020-01-15,
CU000099,CL003641,Titular principal,1,2024-01-27,
CU000100,CL003732,Titular principal,1,2024-03-28,
CU000101,CL002847,Titular principal,1,2019-12-25,
CU000102,CL001737,Titular principal,1,2022-09-30,
CU000103,CL000574,Titular principal,1,2024-08-12,
CU000104,CL000965,Titular principal,1,2021-05-18,
CU000105,CL000200,Titular principal,0.6,2019-02-02,
CU000105,CL000050,Cotitular,0.4,2019-02-02,
CU000106,CL004157,Titular principal,1,2025-05-21,
CU000107,CL000508,Titular principal,1,2025-01-29,
CU000108,CL004350,Titular principal,1,2020-07-18,
CU000109,CL002298,Titular principal,1,2019-01-14,
CU000110,CL001853,Titular principal,1,2024-05-10,
CU000111,CL003035,Titular principal,1,2022-07-09,
CU000112,CL002161,Titular principal,1,2025-03-04,
CU000113,CL001934,Titular principal,1,2020-04-13,
CU000114,CL002812,Titular principal,1,2021-07-25,
CU000115,CL004243,Titular principal,1,2021-07-04,
CU000116,CL000951,Titular principal,1,2024-07-06,
CU000117,CL001675,Titular principal,1,2025-10-16,
CU000118,CL001737,Titular principal,1,2025-02-15,
CU000119,CL003625,Titular principal,1,2022-10-02,
CU000120,CL001507,Titular principal,1,2020-08-11,
CU000121,CL000704,Titular principal,1,2021-10-26,
CU000122,CL003406,Titular principal,0.6,2023-12-15,
CU000122,CL001931,Cotitular,0.4,2023-12-15,
CU000123,CL003875,Titular principal,1,2023-11-18,
CU000124,CL000409,Titular principal,1,2023-11-14,
CU000125,CL002032,Titular principal,1,2021-10-13,
CU000126,CL003980,Titular principal,1,2022-04-15,
CU000127,CL002765,Titular principal,1,2024-09-30,
CU000128,CL003844,Titular principal,0.6,2020-12-14,
CU000128,CL004113,Cotitular,0.4,2020-12-14,
CU000129,CL002700,Titular principal,1,2019-05-28,
CU000130,CL003679,Titular principal,1,2022-09-03,
CU000131,CL001867,Titular principal,1,2025-03-13,
CU000132,CL001445,Titular principal,1,2023-12-04,
CU000133,CL002465,Titular principal,0.6,2025-03-27,
CU000133,CL000826,Cotitular,0.4,2025-03-27,
CU000134,CL000380,Titular principal,1,2024-09-20,
CU000135,CL001945,Titular principal,1,2024-09-17,
CU000136,CL000099,Titular principal,1,2020-04-13,
CU000137,CL001033,Titular principal,1,2023-08-22,
CU000138,CL002238,Titular principal,1,2024-12-14,
CU000139,CL001707,Titular principal,1,2022-02-03,
CU000140,CL002996,Titular principal,1,2022-09-14,
CU000141,CL003307,Titular principal,1,2018-12-23,
CU000142,CL003319,Titular principal,1,2021-03-07,
CU000143,CL003544,Titular principal,1,2023-12-14,
CU000144,CL003653,Titular principal,1,2024-08-30,
CU000145,CL000485,Titular principal,1,2021-09-09,
CU000146,CL000166,Titular principal,1,2025-05-12,
CU000147,CL002580,Titular principal,1,2021-07-28,
CU000148,CL002102,Titular principal,1,2024-12-26,
CU000149,CL003182,Titular principal,1,2020-02-29,
CU000150,CL003730,Titular principal,1,2024-08-07,
CU000151,CL001740,Titular principal,1,2023-07-08,
CU000152,CL000157,Titular principal,0.6,2024-11-15,
CU000152,CL002889,Cotitular,0.4,2024-11-15,
CU000153,CL003409,Titular principal,1,2023-09-28,
CU000154,CL000503,Titular principal,1,2021-01-18,
CU000155,CL003012,Titular principal,1,2019-07-16,
CU000156,CL004170,Titular principal,1,2024-08-18,
CU000157,CL003814,Titular principal,1,2024-01-08,
CU000158,CL002544,Titular principal,1,2021-01-04,
CU000159,CL001953,Titular principal,1,2025-04-19,
CU000160,CL003313,Titular principal,1,2019-12-08,
CU000161,CL003134,Titular principal,1,2022-12-31,
CU000162,CL003207,Titular principal,1,2025-10-29,
CU000163,CL001617,Titular principal,1,2023-01-19,
CU000164,CL000992,Titular principal,1,2022-10-16,
CU000165,CL001956,Titular principal,1,2024-07-29,
CU000166,CL001350,Titular principal,1,2025-06-07,
CU000167,CL004458,Titular principal,1,2019-05-02,
CU000168,CL003085,Titular principal,1,2023-08-31,
CU000169,CL001587,Titular principal,1,2024-01-17,
CU000170,CL001309,Titular principal,1,2025-08-06,
CU000171,CL000316,Titular principal,1,2022-02-05,
CU000172,CL002065,Titular principal,1,2024-03-06,
CU000173,CL001860,Titular principal,1,2021-06-24,
CU000174,CL002084,Titular principal,1,2022-10-30,
CU000175,CL003468,Titular principal,1,2023-04-06,
CU000176,CL002541,Titular principal,1,2019-12-07,
CU000177,CL000261,Titular principal,1,2025-04-15,
CU000178,CL002194,Titular principal,1,2019-08-14,
CU000179,CL000174,Titular principal,1,2019-09-22,
CU000180,CL000949,Titular principal,1,2019-11-10,
CU000181,CL004024,Titular principal,1,2021-10-03,
CU000182,CL003245,Titular principal,1,2023-08-12,
CU000183,CL002116,Titular principal,1,2018-12-09,
CU000184,CL000736,Titular principal,1,2020-12-19,
CU000185,CL000846,Titular principal,1,2024-07-31,
CU000186,CL000525,Titular principal,1,2024-10-08,
CU000187,CL002182,Titular principal,1,2022-04-10,
CU000188,CL003611,Titular principal,1,2025-06-13,
CU000189,CL001203,Titular principal,1,2022-09-05,
CU000190,CL001871,Titular principal,1,2023-05-06,
CU000191,CL003346,Titular principal,1,2025-03-07,
CU000192,CL001714,Titular principal,1,2024-03-30,
CU000193,CL004048,Titular principal,1,2024-01-09,
CU000194,CL002189,Titular principal,1,2023-11-30,
CU000195,CL002158,Titular principal,1,2022-07-21,
CU000196,CL002662,Titular principal,1,2023-03-14,
CU000197,CL000056,Titular principal,1,2024-12-13,
CU000198,CL004376,Titular principal,1,2023-01-17,
CU000199,CL001394,Titular principal,1,2023-10-17,
CU000200,CL000051,Titular principal,1,2023-07-30,
CU000201,CL003508,Titular principal,1,2025-08-13,
CU000202,CL002194,Titular principal,0.6,2019-08-10,
CU000202,CL001890,Cotitular,0.4,2019-08-10,
CU000203,CL003001,Titular principal,0.6,2023-11-09,
CU000203,CL002241,Cotitular,0.4,2023-11-09,
CU000204,CL001923,Titular principal,1,2024-10-03,
CU000205,CL003247,Titular principal,1,2020-10-07,
CU000206,CL003143,Titular principal,1,2022-02-09,
CU000207,CL003353,Titular principal,0.6,2024-03-06,
CU000207,CL000377,Cotitular,0.4,2024-03-06,
CU000208,CL003478,Titular principal,1,2020-04-24,
CU000209,CL001881,Titular principal,1,2024-03-08,
CU000210,CL001566,Titular principal,1,2024-06-08,
CU000211,CL000672,Titular principal,1,2025-02-16,
CU000212,CL003274,Titular principal,1,2023-05-15,
CU000213,CL003734,Titular principal,1,2023-06-14,
CU000214,CL000337,Titular principal,1,2024-08-09,
CU000215,CL002849,Titular principal,1,2019-07-07,
CU000216,CL000100,Titular principal,1,2024-01-07,
CU000217,CL001728,Titular principal,1,2024-07-22,
CU000218,CL004330,Titular principal,1,2020-02-05,
CU000219,CL002766,Titular principal,1,2020-10-26,
CU000220,CL000529,Titular principal,1,2025-06-29,
CU000221,CL003162,Titular principal,1,2019-05-18,
CU000222,CL001296,Titular principal,1,2023-01-28,
CU000223,CL003884,Titular principal,1,2025-01-04,
CU000224,CL000711,Titular principal,0.6,2022-09-27,
CU000224,CL003013,Cotitular,0.4,2022-09-27,
CU000225,CL000308,Titular principal,1,2024-09-11,
CU000226,CL003577,Titular principal,1,2023-04-21,
CU000227,CL000329,Titular principal,1,2024-05-17,
CU000228,CL001114,Titular principal,1,2021-11-01,
CU000229,CL001557,Titular principal,1,2021-09-05,
CU000230,CL003023,Titular principal,1,2019-05-01,
CU000231,CL004330,Titular principal,1,2020-07-30,
CU000232,CL000772,Titular principal,1,2023-09-04,
CU000233,CL001132,Titular principal,1,2023-04-09,
CU000234,CL000390,Titular principal,0.6,2020-11-27,
CU000234,CL001797,Cotitular,0.4,2020-11-27,
CU000235,CL002490,Titular principal,1,2020-03-11,
CU000236,CL003768,Titular principal,1,2023-04-03,
CU000237,CL000765,Titular principal,1,2023-05-26,
CU000238,CL000522,Titular principal,1,2023-11-07,
CU000239,CL002127,Titular principal,1,2023-04-30,
CU000240,CL004268,Titular principal,1,2022-10-23,
CU000241,CL004303,Titular principal,0.6,2021-03-15,
CU000241,CL002603,Cotitular,0.4,2021-03-15,
CU000242,CL000974,Titular principal,0.6,2024-08-15,
CU000242,CL000077,Cotitular,0.4,2024-08-15,
CU000243,CL003869,Titular principal,1,2023-06-02,
CU000244,CL002365,Titular principal,1,2023-01-29,
CU000245,CL000368,Titular principal,1,2025-11-08,
CU000246,CL002741,Titular principal,1,2025-04-23,
CU000247,CL002731,Titular principal,1,2025-08-03,
CU000248,CL000671,Titular principal,1,2022-11-10,
CU000249,CL002472,Titular principal,1,2024-12-31,
CU000250,CL002333,Titular principal,1,2023-07-06,
CU000251,CL003223,Titular principal,1,2022-05-26,
CU000252,CL003680,Titular principal,0.6,2020-04-29,
CU000252,CL002962,Cotitular,0.4,2020-04-29,
CU000253,CL001026,Titular principal,1,2021-05-16,
CU000254,CL002121,Titular principal,1,2025-05-12,
CU000255,CL002990,Titular principal,1,2022-12-06,
CU000256,CL000511,Titular principal,1,2023-12-15,
CU000257,CL004256,Titular principal,1,2024-05-27,
CU000258,CL000226,Titular principal,1,2024-02-18,
CU000259,CL001621,Titular principal,1,2022-02-11,
CU000260,CL000774,Titular principal,1,2020-02-06,
CU000261,CL001303,Titular principal,1,2019-12-22,
CU000262,CL002472,Titular principal,1,2021-03-12,
CU000263,CL000701,Titular principal,1,2024-05-08,
CU000264,CL001373,Titular principal,0.6,2021-09-20,
CU000264,CL000966,Cotitular,0.4,2021-09-20,
CU000265,CL003793,Titular principal,1,2022-05-19,
CU000266,CL001166,Titular principal,1,2021-08-12,
CU000267,CL002688,Titular principal,0.6,2021-09-07,
CU000267,CL002702,Cotitular,0.4,2021-09-07,
CU000268,CL002852,Titular principal,1,2021-10-12,
CU000269,CL000562,Titular principal,1,2023-07-30,
CU000270,CL003980,Titular principal,1,2022-05-11,
CU000271,CL000975,Titular principal,1,2025-11-14,
CU000272,CL003528,Titular principal,1,2020-10-01,
CU000273,CL004494,Titular principal,1,2019-11-10,
CU000274,CL001637,Titular principal,1,2021-02-10,
CU000275,CL001566,Titular principal,0.6,2020-08-23,
CU000275,CL002719,Cotitular,0.4,2020-08-23,
CU000276,CL001799,Titular principal,1,2024-01-12,
CU000277,CL003245,Titular principal,1,2023-12-24,
CU000278,CL003399,Titular principal,1,2022-12-09,
CU000279,CL004341,Titular principal,1,2025-09-13,
CU000280,CL004481,Titular principal,0.6,2025-11-11,
CU000280,CL001207,Cotitular,0.4,2025-11-11,
CU000281,CL002721,Titular principal,1,2022-09-18,
CU000282,CL004252,Titular principal,1,2020-06-06,
CU000283,CL002081,Titular principal,1,2024-08-14,
CU000284,CL000814,Titular principal,1,2025-08-28,
CU000285,CL000239,Titular principal,1,2023-06-04,
CU000286,CL001433,Titular principal,1,2020-10-09,
CU000287,CL002619,Titular principal,1,2024-10-08,
CU000288,CL003396,Titular principal,1,2022-04-12,
CU000289,CL002325,Titular principal,1,2024-09-12,
CU000290,CL001835,Titular principal,1,2024-05-23,
CU000291,CL001522,Titular principal,1,2021-07-20,
CU000292,CL002138,Titular principal,1,2024-07-22,
CU000293,CL004080,Titular principal,1,2023-06-26,
CU000294,CL003926,Titular principal,0.6,2021-09-26,
CU000294,CL001599,Cotitular,0.4,2021-09-26,
CU000295,CL000300,Titular principal,1,2022-04-27,
CU000296,CL001821,Titular principal,1,2024-03-29,
CU000297,CL002829,Titular principal,1,2019-07-29,
CU000298,CL001989,Titular principal,1,2021-06-15,
CU000299,CL000307,Titular principal,1,2023-04-22,
CU000300,CL004059,Titular principal,1,2022-06-23,
CU000301,CL003358,Titular principal,1,2020-04-30,
CU000302,CL004353,Titular principal,1,2025-08-28,
CU000303,CL004241,Titular principal,1,2022-03-05,
CU000304,CL000012,Titular principal,1,2025-04-03,
CU000305,CL002708,Titular principal,1,2024-03-20,
CU000306,CL002256,Titular principal,1,2024-12-16,
CU000307,CL001155,Titular principal,1,2021-05-04,
CU000308,CL002376,Titular principal,1,2020-11-10,
CU000309,CL003341,Titular principal,1,2021-06-03,
CU000310,CL000220,Titular principal,1,2024-02-10,
CU000311,CL003063,Titular principal,1,2022-01-05,
CU000312,CL001906,Titular principal,1,2024-08-11,
CU000313,CL002223,Titular principal,1,2023-07-09,
CU000314,CL004324,Titular principal,1,2025-03-23,
CU000315,CL003278,Titular principal,1,2025-04-11,
CU000316,CL002881,Titular principal,1,2020-07-01,
CU000317,CL003970,Titular principal,1,2023-03-07,
CU000318,CL001199,Titular principal,1,2020-09-14,
CU000319,CL000657,Titular principal,0.6,2021-06-29,
CU000319,CL000492,Cotitular,0.4,2021-06-29,
CU000320,CL003534,Titular principal,1,2024-12-24,
CU000321,CL000634,Titular principal,1,2023-07-22,
CU000322,CL000515,Titular principal,1,2023-06-19,
CU000323,CL000515,Titular principal,0.6,2024-05-09,
CU000323,CL000721,Cotitular,0.4,2024-05-09,
CU000324,CL002983,Titular principal,1,2023-04-19,
CU000325,CL003543,Titular principal,0.6,2023-07-03,
CU000325,CL002876,Cotitular,0.4,2023-07-03,
CU000326,CL003411,Titular principal,1,2021-11-12,
CU000327,CL001096,Titular principal,1,2021-11-28,
CU000328,CL003850,Titular principal,1,2021-06-30,
CU000329,CL001214,Titular principal,1,2021-04-04,
CU000330,CL000273,Titular principal,1,2019-11-25,
CU000331,CL001829,Titular principal,1,2023-03-22,
CU000332,CL002753,Titular principal,1,2025-07-07,
CU000333,CL001699,Titular principal,1,2024-09-16,
CU000334,CL001547,Titular principal,1,2024-06-08,
CU000335,CL000378,Titular principal,1,2023-07-08,
CU000336,CL002057,Titular principal,1,2021-06-14,
CU000337,CL004049,Titular principal,1,2020-11-29,
CU000338,CL004324,Titular principal,1,2025-11-04,
CU000339,CL003017,Titular principal,1,2024-05-22,
CU000340,CL002207,Titular principal,1,2023-08-05,
CU000341,CL001988,Titular principal,1,2023-10-28,
CU000342,CL001382,Titular principal,1,2025-02-09,
CU000343,CL000325,Titular principal,1,2022-03-29,
CU000344,CL004021,Titular principal,1,2019-10-14,
CU000345,CL001922,Titular principal,0.6,2020-05-18,
CU000345,CL003510,Cotitular,0.4,2020-05-18,
CU000346,CL004162,Titular principal,0.6,2025-06-26,
CU000346,CL002087,Cotitular,0.4,2025-06-26,
CU000347,CL001303,Titular principal,1,2021-04-09,
CU000348,CL001836,Titular principal,1,2021-07-23,
CU000349,CL001080,Titular principal,1,2022-02-21,
CU000350,CL002983,Titular principal,1,2025-01-06,
CU000351,CL002380,Titular principal,1,2022-08-22,
CU000352,CL002507,Titular principal,1,2022-01-28,
CU000353,CL004064,Titular principal,1,2025-10-21,
CU000354,CL000344,Titular principal,1,2020-10-01,
CU000355,CL000372,Titular principal,1,2023-05-06,
CU000356,CL002007,Titular principal,1,2022-08-24,
CU000357,CL002866,Titular principal,1,2022-12-11,
CU000358,CL003467,Titular principal,1,2019-04-02,
CU000359,CL001285,Titular principal,1,2023-01-04,
CU000360,CL003165,Titular principal,1,2020-08-29,
CU000361,CL000229,Titular principal,1,2023-01-31,
CU000362,CL000523,Titular principal,1,2024-06-14,
CU000363,CL003713,Titular principal,1,2025-04-18,
CU000364,CL002722,Titular principal,1,2025-09-11,
CU000365,CL002963,Titular principal,1,2020-07-29,
CU000366,CL001239,Titular principal,1,2024-10-02,
CU000367,CL001643,Titular principal,1,2022-02-04,
CU000368,CL002546,Titular principal,1,2024-01-25,
CU000369,CL000479,Titular principal,1,2022-05-17,
CU000370,CL004103,Titular principal,1,2019-09-26,
CU000371,CL000844,Titular principal,1,2021-03-25,
CU000372,CL000461,Titular principal,1,2023-09-22,
CU000373,CL001723,Titular principal,1,2020-03-22,
CU000374,CL003826,Titular principal,1,2019-03-14,
CU000375,CL002730,Titular principal,1,2023-05-11,
CU000376,CL001880,Titular principal,1,2024-08-09,
CU000377,CL003856,Titular principal,1,2020-07-02,
CU000378,CL002857,Titular principal,1,2019-03-26,
CU000379,CL000588,Titular principal,1,2024-03-23,
CU000380,CL004005,Titular principal,1,2025-06-15,
CU000381,CL004126,Titular principal,1,2022-06-09,
CU000382,CL002398,Titular principal,1,2023-06-16,
CU000383,CL003854,Titular principal,1,2022-07-08,
CU000384,CL003725,Titular principal,1,2024-08-27,
CU000385,CL003742,Titular principal,1,2023-06-01,
CU000386,CL001207,Titular principal,1,2025-11-03,
CU000387,CL000337,Titular principal,1,2022-05-18,
CU000388,CL004275,Titular principal,1,2023-07-03,
CU000389,CL002283,Titular principal,1,2021-04-05,
CU000390,CL004344,Titular principal,1,2021-05-11,
CU000391,CL000111,Titular principal,1,2021-04-14,
CU000392,CL002681,Titular principal,1,2025-03-14,
CU000393,CL003031,Titular principal,1,2020-08-04,
CU000394,CL002368,Titular principal,1,2021-03-27,
CU000395,CL002166,Titular principal,1,2025-05-03,
CU000396,CL001191,Titular principal,1,2022-09-25,
CU000397,CL002880,Titular principal,1,2019-07-04,
CU000398,CL001315,Titular principal,1,2024-02-05,
CU000399,CL000725,Titular principal,1,2020-09-28,
CU000400,CL002573,Titular principal,1,2022-01-29,
CU000401,CL001968,Titular principal,1,2020-07-20,
CU000402,CL002343,Titular principal,0.6,2023-06-01,
CU000402,CL002465,Cotitular,0.4,2023-06-01,
CU000403,CL000099,Titular principal,1,2025-09-17,
CU000404,CL002278,Titular principal,1,2020-10-11,
CU000405,CL002595,Titular principal,1,2024-09-16,
CU000406,CL004406,Titular principal,1,2023-08-14,
CU000407,CL004154,Titular principal,1,2024-05-17,
CU000408,CL004021,Titular principal,1,2020-02-27,
CU000409,CL002771,Titular principal,1,2024-11-03,
CU000410,CL001137,Titular principal,1,2024-05-04,
CU000411,CL002488,Titular principal,1,2024-05-31,
CU000412,CL004014,Titular principal,1,2024-12-21,
CU000413,CL001067,Titular principal,1,2018-12-03,
CU000414,CL000574,Titular principal,1,2025-11-06,
CU000415,CL002311,Titular principal,1,2020-06-09,
CU000416,CL004255,Titular principal,1,2021-03-03,
CU000417,CL004443,Titular principal,1,2021-12-15,
CU000418,CL000198,Titular principal,1,2022-10-11,
CU000419,CL003570,Titular principal,1,2025-10-15,
CU000420,CL004240,Titular principal,1,2025-06-08,
CU000421,CL004380,Titular principal,1,2023-06-18,
CU000422,CL003468,Titular principal,1,2025-05-28,
CU000423,CL004404,Titular principal,1,2022-09-04,
CU000424,CL000443,Titular principal,1,2021-08-26,
CU000425,CL002448,Titular principal,1,2019-08-13,
CU000426,CL000117,Titular principal,1,2025-03-14,
CU000427,CL000575,Titular principal,1,2022-01-16,
CU000428,CL003088,Titular principal,1,2025-07-18,
CU000429,CL000122,Titular principal,1,2021-01-18,
CU000430,CL000014,Titular principal,1,2025-03-21,
CU000431,CL003970,Titular principal,1,2024-06-18,
CU000432,CL002928,Titular principal,1,2022-04-24,
CU000433,CL001531,Titular principal,0.6,2018-12-31,
CU000433,CL002081,Cotitular,0.4,2018-12-31,
CU000434,CL002281,Titular principal,1,2019-03-08,
CU000435,CL003565,Titular principal,1,2022-02-14,
CU000436,CL000677,Titular principal,1,2022-10-12,
CU000437,CL004028,Titular principal,1,2025-08-18,
CU000438,CL000145,Titular principal,1,2022-10-11,
CU000439,CL003237,Titular principal,1,2020-11-22,
CU000440,CL002373,Titular principal,1,2020-08-01,
CU000441,CL003200,Titular principal,1,2020-05-07,
CU000442,CL001292,Titular principal,1,2022-11-14,
CU000443,CL002816,Titular principal,1,2024-02-25,
CU000444,CL000788,Titular principal,0.6,2020-10-04,
CU000444,CL002173,Cotitular,0.4,2020-10-04,
CU000445,CL001591,Titular principal,1,2020-08-28,
CU000446,CL000517,Titular principal,1,2024-08-27,
CU000447,CL001577,Titular principal,0.6,2025-03-28,
CU000447,CL003695,Cotitular,0.4,2025-03-28,
CU000448,CL000982,Titular principal,1,2025-06-02,
CU000449,CL003835,Titular principal,1,2025-10-29,
CU000450,CL003705,Titular principal,1,2023-11-07,
CU000451,CL000680,Titular principal,1,2024-07-05,
CU000452,CL004412,Titular principal,1,2022-02-21,
CU000453,CL003521,Titular principal,1,2018-12-04,
CU000454,CL000512,Titular principal,1,2021-07-13,
CU000455,CL001105,Titular principal,1,2021-09-29,
CU000456,CL002601,Titular principal,1,2024-02-21,
CU000457,CL003560,Titular principal,1,2019-08-30,
CU000458,CL003600,Titular principal,1,2024-05-09,
CU000459,CL000641,Titular principal,1,2023-01-16,
CU000460,CL002152,Titular principal,1,2025-01-17,
CU000461,CL001574,Titular principal,1,2024-03-28,
CU000462,CL002954,Titular principal,1,2024-03-12,
CU000463,CL003679,Titular principal,1,2025-11-10,
CU000464,CL003998,Titular principal,1,2021-10-21,
CU000465,CL001674,Titular principal,1,2024-02-27,
CU000466,CL002880,Titular principal,1,2022-12-03,
CU000467,CL002753,Titular principal,1,2022-03-22,
CU000468,CL002876,Titular principal,1,2024-11-18,
CU000469,CL003243,Titular principal,1,2024-05-16,
CU000470,CL003054,Titular principal,0.6,2019-12-22,
CU000470,CL000689,Cotitular,0.4,2019-12-22,
CU000471,CL002524,Titular principal,1,2023-07-14,
CU000472,CL002572,Titular principal,1,2024-12-09,
CU000473,CL002778,Titular principal,1,2022-12-22,
CU000474,CL003572,Titular principal,1,2024-03-03,
CU000475,CL004401,Titular principal,1,2025-02-15,
CU000476,CL004415,Titular principal,1,2019-08-23,
CU000477,CL004058,Titular principal,1,2023-05-17,
CU000478,CL001349,Titular principal,1,2023-10-24,
CU000479,CL004381,Titular principal,1,2019-06-06,
CU000480,CL002457,Titular principal,1,2023-03-03,
CU000481,CL003011,Titular principal,1,2024-03-26,
CU000482,CL003443,Titular principal,1,2019-05-25,
CU000483,CL003693,Titular principal,1,2023-09-27,
CU000484,CL003607,Titular principal,1,2025-02-09,
CU000485,CL003971,Titular principal,1,2025-04-22,
CU000486,CL001974,Titular principal,1,2022-10-26,
CU000487,CL002580,Titular principal,1,2021-05-16,
CU000488,CL000374,Titular principal,1,2025-10-14,
CU000489,CL004022,Titular principal,1,2025-04-18,
CU000490,CL004273,Titular principal,1,2019-02-02,
CU000491,CL004012,Titular principal,1,2022-08-18,
CU000492,CL002253,Titular principal,1,2025-08-26,
CU000493,CL002843,Titular principal,1,2024-03-17,
CU000494,CL002858,Titular principal,1,2023-11-03,
CU000495,CL001844,Titular principal,1,2022-03-06,
CU000496,CL000146,Titular principal,1,2022-03-23,
CU000497,CL002312,Titular principal,0.6,2023-04-23,
CU000497,CL001967,Cotitular,0.4,2023-04-23,
CU000498,CL003012,Titular principal,1,2019-12-05,
CU000499,CL003934,Titular principal,1,2025-06-28,
CU000500,CL004028,Titular principal,1,2020-10-31,
CU000501,CL000643,Titular principal,1,2024-09-17,
CU000502,CL004355,Titular principal,1,2020-12-24,
CU000503,CL003795,Titular principal,1,2019-04-14,
CU000504,CL004020,Titular principal,1,2023-05-24,
CU000505,CL002857,Titular principal,1,2025-02-02,
CU000506,CL004227,Titular principal,1,2021-10-22,
CU000507,CL001478,Titular principal,1,2019-08-07,
CU000508,CL003703,Titular principal,1,2024-10-16,
CU000509,CL003220,Titular principal,1,2019-10-24,
CU000510,CL003097,Titular principal,1,2022-12-06,
CU000511,CL000846,Titular principal,1,2020-08-13,
CU000512,CL000686,Titular principal,1,2020-06-15,
CU000513,CL001989,Titular principal,1,2020-03-21,
CU000514,CL000123,Titular principal,1,2022-03-30,
CU000515,CL000960,Titular principal,1,2020-11-23,
CU000516,CL001195,Titular principal,1,2023-12-17,
CU000517,CL003465,Titular principal,1,2021-12-13,
CU000518,CL003435,Titular principal,1,2021-05-09,
CU000519,CL001890,Titular principal,0.6,2023-10-10,
CU000519,CL001902,Cotitular,0.4,2023-10-10,
CU000520,CL003855,Titular principal,1,2025-03-22,
CU000521,CL003002,Titular principal,0.6,2024-06-16,
CU000521,CL002609,Cotitular,0.4,2024-06-16,
CU000522,CL000997,Titular principal,1,2023-11-02,
CU000523,CL003673,Titular principal,1,2021-08-03,
CU000524,CL002927,Titular principal,1,2023-06-11,
CU000525,CL001503,Titular principal,1,2024-05-13,
CU000526,CL004336,Titular principal,1,2019-07-02,
CU000527,CL002445,Titular principal,1,2023-11-14,
CU000528,CL000180,Titular principal,1,2025-01-04,
CU000529,CL002603,Titular principal,1,2023-08-27,
CU000530,CL002730,Titular principal,1,2024-09-11,
CU000531,CL002177,Titular principal,1,2021-04-20,
CU000532,CL003733,Titular principal,1,2022-09-26,
CU000533,CL002358,Titular principal,1,2020-06-09,
CU000534,CL003206,Titular principal,1,2024-11-20,
CU000535,CL002738,Titular principal,1,2020-04-08,
CU000536,CL000701,Titular principal,1,2025-10-11,
CU000537,CL000711,Titular principal,1,2024-10-16,
CU000538,CL001211,Titular principal,1,2020-08-11,
CU000539,CL003718,Titular principal,1,2024-05-30,
CU000540,CL002872,Titular principal,1,2021-11-17,
CU000541,CL003487,Titular principal,1,2023-12-25,
CU000542,CL002229,Titular principal,0.6,2024-05-01,
CU000542,CL003066,Cotitular,0.4,2024-05-01,
CU000543,CL000115,Titular principal,1,2021-01-16,
CU000544,CL003261,Titular principal,1,2023-06-29,
CU000545,CL000103,Titular principal,1,2023-12-14,
CU000546,CL002995,Titular principal,1,2021-04-19,
CU000547,CL004447,Titular principal,1,2022-12-05,
CU000548,CL003322,Titular principal,1,2025-05-20,
CU000549,CL000005,Titular principal,1,2023-07-18,
CU000550,CL004227,Titular principal,1,2021-04-01,
CU000551,CL000672,Titular principal,1,2023-08-01,
CU000552,CL000807,Titular principal,1,2024-07-11,
CU000553,CL001380,Titular principal,1,2021-08-09,
CU000554,CL003421,Titular principal,1,2022-11-14,
CU000555,CL002199,Titular principal,1,2022-12-06,
CU000556,CL004337,Titular principal,1,2019-11-10,
CU000557,CL000037,Titular principal,1,2020-03-13,
CU000558,CL000178,Titular principal,1,2025-03-24,
CU000559,CL000785,Titular principal,1,2019-03-23,
CU000560,CL003828,Titular principal,1,2021-02-04,
CU000561,CL003862,Titular principal,1,2019-04-15,
CU000562,CL002914,Titular principal,1,2022-12-06,
CU000563,CL000557,Titular principal,1,2022-10-09,
CU000564,CL000902,Titular principal,1,2019-08-14,
CU000565,CL001434,Titular principal,1,2022-07-21,
CU000566,CL002475,Titular principal,1,2022-06-22,
CU000567,CL002464,Titular principal,1,2025-10-25,
CU000568,CL002907,Titular principal,1,2021-07-29,
CU000569,CL000780,Titular principal,1,2020-05-12,
CU000570,CL004246,Titular principal,1,2021-12-19,
CU000571,CL000727,Titular principal,1,2024-08-20,
CU000572,CL004458,Titular principal,1,2024-07-29,
CU000573,CL002408,Titular principal,1,2024-12-18,
CU000574,CL002637,Titular principal,1,2022-01-05,
CU000575,CL000159,Titular principal,0.6,2025-04-02,
CU000575,CL004267,Cotitular,0.4,2025-04-02,
CU000576,CL003988,Titular principal,1,2024-01-13,
CU000577,CL001462,Titular principal,1,2023-11-10,
CU000578,CL002941,Titular principal,1,2025-03-13,
CU000579,CL002554,Titular principal,0.6,2024-01-20,
CU000579,CL001029,Cotitular,0.4,2024-01-20,
CU000580,CL002954,Titular principal,1,2024-12-28,
CU000581,CL004273,Titular principal,1,2021-01-13,
CU000582,CL003100,Titular principal,1,2021-11-29,
CU000583,CL003983,Titular principal,1,2021-06-19,
CU000584,CL003843,Titular principal,1,2023-12-30,
CU000585,CL000195,Titular principal,1,2024-04-10,
CU000586,CL003596,Titular principal,1,2022-10-01,
CU000587,CL000192,Titular principal,1,2019-01-03,
CU000588,CL000548,Titular principal,1,2025-10-30,
CU000589,CL000584,Titular principal,1,2023-06-15,
CU000590,CL001575,Titular principal,1,2025-10-18,
CU000591,CL004473,Titular principal,1,2024-10-10,
CU000592,CL001683,Titular principal,0.6,2024-09-27,
CU000592,CL002933,Cotitular,0.4,2024-09-27,
CU000593,CL001207,Titular principal,1,2021-09-15,
CU000594,CL003420,Titular principal,1,2021-05-10,
CU000595,CL000569,Titular principal,1,2022-02-05,
CU000596,CL004241,Titular principal,1,2019-04-09,
CU000597,CL000918,Titular principal,1,2023-01-07,
CU000598,CL000783,Titular principal,1,2023-04-11,
CU000599,CL003164,Titular principal,1,2020-02-12,
CU000600,CL003082,Titular principal,1,2024-03-01,
CU000601,CL002686,Titular principal,1,2023-05-12,
CU000602,CL000143,Titular principal,1,2019-10-12,
CU000603,CL001382,Titular principal,1,2021-08-31,
CU000604,CL003322,Titular principal,1,2019-04-10,
CU000605,CL001731,Titular principal,1,2023-10-23,
CU000606,CL002296,Titular principal,0.6,2019-11-13,
CU000606,CL003286,Cotitular,0.4,2019-11-13,
CU000607,CL002947,Titular principal,0.6,2020-08-03,
CU000607,CL000941,Cotitular,0.4,2020-08-03,
CU000608,CL002824,Titular principal,1,2025-07-23,
CU000609,CL001872,Titular principal,1,2025-02-22,
CU000610,CL000880,Titular principal,1,2021-08-23,
CU000611,CL002955,Titular principal,1,2022-12-25,
CU000612,CL003625,Titular principal,1,2024-03-30,
CU000613,CL000299,Titular principal,1,2020-03-10,
CU000614,CL000505,Titular principal,1,2023-04-03,
CU000615,CL003479,Titular principal,1,2024-01-21,
CU000616,CL003616,Titular principal,1,2019-10-17,
CU000617,CL002267,Titular principal,0.6,2025-09-25,
CU000617,CL000038,Cotitular,0.4,2025-09-25,
CU000618,CL000840,Titular principal,1,2022-08-17,
CU000619,CL001855,Titular principal,1,2021-07-30,
CU000620,CL000258,Titular principal,1,2025-06-13,
CU000621,CL000319,Titular principal,0.6,2024-10-27,
CU000621,CL003433,Cotitular,0.4,2024-10-27,
CU000622,CL001223,Titular principal,1,2023-08-09,
CU000623,CL001331,Titular principal,1,2025-08-27,
CU000624,CL001542,Titular principal,1,2020-05-23,
CU000625,CL004032,Titular principal,0.6,2024-08-01,
CU000625,CL003195,Cotitular,0.4,2024-08-01,
CU000626,CL002681,Titular principal,1,2022-10-04,
CU000627,CL000631,Titular principal,1,2024-10-28,
CU000628,CL003919,Titular principal,0.6,2023-03-28,
CU000628,CL004270,Cotitular,0.4,2023-03-28,
CU000629,CL004348,Titular principal,0.6,2023-02-12,
CU000629,CL003095,Cotitular,0.4,2023-02-12,
CU000630,CL000898,Titular principal,1,2020-02-21,
CU000631,CL003319,Titular principal,1,2024-11-09,
CU000632,CL002624,Titular principal,1,2020-12-06,
CU000633,CL001554,Titular principal,1,2021-04-26,
CU000634,CL003684,Titular principal,1,2025-11-25,
CU000635,CL004062,Titular principal,1,2024-10-08,
CU000636,CL003219,Titular principal,1,2025-11-15,
CU000637,CL001553,Titular principal,1,2024-05-19,
CU000638,CL002567,Titular principal,1,2022-12-02,
CU000639,CL000348,Titular principal,1,2025-09-15,
CU000640,CL003273,Titular principal,1,2022-10-01,
CU000641,CL000034,Titular principal,1,2023-09-02,
CU000642,CL001310,Titular principal,1,2022-09-27,
CU000643,CL003421,Titular principal,1,2018-12-16,
CU000644,CL001341,Titular principal,1,2025-02-08,
CU000645,CL001733,Titular principal,1,2022-12-07,
CU000646,CL001404,Titular principal,1,2025-03-21,
CU000647,CL000284,Titular principal,1,2021-04-19,
CU000648,CL000868,Titular principal,1,2024-04-28,
CU000649,CL002492,Titular principal,1,2021-06-04,
CU000650,CL003345,Titular principal,1,2025-04-28,
CU000651,CL002731,Titular principal,1,2024-01-21,
CU000652,CL001451,Titular principal,1,2023-05-03,
CU000653,CL002945,Titular principal,1,2021-05-04,
CU000654,CL002089,Titular principal,1,2024-02-22,
CU000655,CL004463,Titular principal,1,2023-11-28,
CU000656,CL000832,Titular principal,1,2024-08-07,
CU000657,CL000048,Titular principal,1,2023-05-13,
CU000658,CL002631,Titular principal,1,2023-09-22,
CU000659,CL000901,Titular principal,1,2024-06-30,
CU000660,CL003942,Titular principal,1,2023-01-02,
CU000661,CL004294,Titular principal,1,2024-05-07,
CU000662,CL001488,Titular principal,1,2020-02-25,
CU000663,CL002008,Titular principal,1,2024-04-24,
CU000664,CL003874,Titular principal,0.6,2025-10-10,
CU000664,CL001833,Cotitular,0.4,2025-10-10,
CU000665,CL003566,Titular principal,1,2019-06-24,
CU000666,CL000471,Titular principal,1,2023-05-21,
CU000667,CL000108,Titular principal,1,2022-01-06,
CU000668,CL000938,Titular principal,1,2019-10-08,
CU000669,CL003445,Titular principal,1,2020-03-02,
CU000670,CL001344,Titular principal,1,2019-11-15,
CU000671,CL000047,Titular principal,1,2022-05-24,
CU000672,CL000984,Titular principal,0.6,2023-08-29,
CU000672,CL003825,Cotitular,0.4,2023-08-29,
CU000673,CL000767,Titular principal,0.6,2023-05-29,
CU000673,CL003281,Cotitular,0.4,2023-05-29,
CU000674,CL001538,Titular principal,1,2024-05-31,
CU000675,CL002078,Titular principal,1,2024-01-22,
CU000676,CL002163,Titular principal,1,2025-03-15,
CU000677,CL001038,Titular principal,1,2023-09-29,
CU000678,CL001913,Titular principal,0.6,2025-02-07,
CU000678,CL002174,Cotitular,0.4,2025-02-07,
CU000679,CL000461,Titular principal,1,2022-09-06,
CU000680,CL000064,Titular principal,1,2021-11-16,
CU000681,CL000077,Titular principal,1,2024-06-26,
CU000682,CL000001,Titular principal,1,2023-01-23,
CU000683,CL000653,Titular principal,1,2021-10-12,
CU000684,CL001354,Titular principal,1,2020-11-23,
CU000685,CL001905,Titular principal,1,2021-09-30,
CU000686,CL002818,Titular principal,1,2019-11-11,
CU000687,CL001719,Titular principal,1,2023-04-30,
CU000688,CL000519,Titular principal,1,2023-07-01,
CU000689,CL003636,Titular principal,1,2022-10-14,
CU000690,CL000589,Titular principal,1,2022-07-13,
CU000691,CL001736,Titular principal,1,2021-07-21,
CU000692,CL004130,Titular principal,0.6,2021-03-08,
CU000692,CL003533,Cotitular,0.4,2021-03-08,
CU000693,CL000090,Titular principal,1,2025-01-18,
CU000694,CL001395,Titular principal,1,2021-04-16,
CU000695,CL002039,Titular principal,1,2021-03-05,
CU000696,CL002463,Titular principal,1,2021-10-14,
CU000697,CL003640,Titular principal,1,2025-09-01,
CU000698,CL000177,Titular principal,1,2023-01-08,
CU000699,CL002060,Titular principal,1,2019-10-26,
CU000700,CL004426,Titular principal,1,2025-02-20,
CU000701,CL004322,Titular principal,1,2023-07-02,
CU000702,CL000028,Titular principal,1,2023-11-19,
CU000703,CL002346,Titular principal,1,2023-03-28,
CU000704,CL001109,Titular principal,1,2022-04-02,
CU000705,CL003151,Titular principal,1,2022-10-01,
CU000706,CL003576,Titular principal,1,2021-07-26,
CU000707,CL001961,Titular principal,1,2025-03-12,
CU000708,CL003284,Titular principal,1,2022-10-31,
CU000709,CL003334,Titular principal,1,2019-03-24,
CU000710,CL001166,Titular principal,1,2019-11-01,
CU000711,CL003658,Titular principal,1,2021-12-18,
CU000712,CL001293,Titular principal,1,2023-05-30,
CU000713,CL004193,Titular principal,1,2023-10-28,
CU000714,CL002210,Titular principal,1,2022-09-25,
CU000715,CL004485,Titular principal,1,2021-03-13,
CU000716,CL001021,Titular principal,1,2023-03-17,
CU000717,CL002082,Titular principal,1,2024-02-28,
CU000718,CL001295,Titular principal,1,2024-12-08,
CU000719,CL004300,Titular principal,1,2020-04-02,
CU000720,CL004379,Titular principal,1,2025-03-26,
CU000721,CL000038,Titular principal,1,2022-12-28,
CU000722,CL002251,Titular principal,1,2022-09-11,
CU000723,CL002997,Titular principal,1,2020-06-01,
CU000724,CL001717,Titular principal,1,2019-03-10,
CU000725,CL003746,Titular principal,1,2025-10-17,
CU000726,CL000834,Titular principal,1,2020-07-28,
CU000727,CL000264,Titular principal,1,2019-07-18,
CU000728,CL001756,Titular principal,1,2021-03-30,
CU000729,CL001478,Titular principal,1,2020-02-26,
CU000730,CL001185,Titular principal,0.6,2023-01-13,
CU000730,CL003012,Cotitular,0.4,2023-01-13,
CU000731,CL002061,Titular principal,1,2023-02-13,
CU000732,CL000461,Titular principal,1,2023-07-28,
CU000733,CL001994,Titular principal,1,2021-10-10,
CU000734,CL001779,Titular principal,1,2022-08-27,
CU000735,CL000154,Titular principal,1,2023-08-07,
CU000736,CL003179,Titular principal,1,2024-02-01,
CU000737,CL000611,Titular principal,1,2025-08-16,
CU000738,CL004252,Titular principal,1,2023-01-05,
CU000739,CL000118,Titular principal,1,2021-07-25,
CU000740,CL001117,Titular principal,1,2021-01-25,
CU000741,CL001938,Titular principal,1,2025-01-21,
CU000742,CL004413,Titular principal,1,2023-09-05,
CU000743,CL002805,Titular principal,1,2023-01-17,
CU000744,CL000881,Titular principal,1,2024-07-06,
CU000745,CL000302,Titular principal,1,2023-02-12,
CU000746,CL001567,Titular principal,1,2019-07-14,
CU000747,CL003074,Titular principal,1,2024-01-14,
CU000748,CL004071,Titular principal,1,2022-08-01,
CU000749,CL000177,Titular principal,1,2023-01-20,
CU000750,CL002810,Titular principal,1,2025-10-15,
CU000751,CL000693,Titular principal,1,2021-05-07,
CU000752,CL004452,Titular principal,0.6,2023-03-09,
CU000752,CL000885,Cotitular,0.4,2023-03-09,
CU000753,CL000010,Titular principal,1,2023-12-25,
CU000754,CL000745,Titular principal,1,2021-02-10,
CU000755,CL003223,Titular principal,1,2022-06-30,
CU000756,CL000163,Titular principal,1,2021-11-03,
CU000757,CL001885,Titular principal,1,2025-03-10,
CU000758,CL000052,Titular principal,1,2020-03-28,
CU000759,CL002059,Titular principal,1,2019-06-14,
CU000760,CL002325,Titular principal,1,2023-09-03,
CU000761,CL001596,Titular principal,1,2023-01-25,
CU000762,CL000027,Titular principal,1,2023-12-30,
CU000763,CL000808,Titular principal,0.6,2025-09-04,
CU000763,CL000762,Cotitular,0.4,2025-09-04,
CU000764,CL003521,Titular principal,1,2024-10-20,
CU000765,CL002471,Titular principal,0.6,2021-07-24,
CU000765,CL002658,Cotitular,0.4,2021-07-24,
CU000766,CL003924,Titular principal,1,2023-01-01,
CU000767,CL001567,Titular principal,1,2022-02-20,
CU000768,CL000775,Titular principal,1,2019-09-01,
CU000769,CL004457,Titular principal,1,2025-03-24,
CU000770,CL003855,Titular principal,1,2020-02-28,
CU000771,CL000435,Titular principal,1,2023-10-24,
CU000772,CL002306,Titular principal,1,2019-04-23,
CU000773,CL000841,Titular principal,1,2022-09-28,
CU000774,CL003103,Titular principal,1,2022-01-20,
CU000775,CL001716,Titular principal,1,2022-08-23,
CU000776,CL003367,Titular principal,1,2024-06-10,
CU000777,CL002044,Titular principal,1,2024-12-13,
CU000778,CL002075,Titular principal,1,2022-12-29,
CU000779,CL000621,Titular principal,1,2022-10-03,
CU000780,CL001780,Titular principal,1,2021-05-02,
CU000781,CL004171,Titular principal,1,2020-07-20,
CU000782,CL003822,Titular principal,1,2025-03-07,
CU000783,CL003010,Titular principal,1,2023-01-30,
CU000784,CL000069,Titular principal,0.6,2021-04-01,
CU000784,CL003702,Cotitular,0.4,2021-04-01,
CU000785,CL001917,Titular principal,1,2021-12-03,
CU000786,CL001426,Titular principal,1,2025-08-10,
CU000787,CL003692,Titular principal,1,2021-10-22,
CU000788,CL000084,Titular principal,1,2022-09-17,
CU000789,CL002756,Titular principal,1,2025-10-29,
CU000790,CL000428,Titular principal,1,2021-01-02,
CU000791,CL000058,Titular principal,1,2019-05-17,
CU000792,CL003806,Titular principal,1,2019-06-14,
CU000793,CL000227,Titular principal,1,2020-03-19,
CU000794,CL004059,Titular principal,1,2023-07-23,
CU000795,CL001360,Titular principal,1,2025-04-03,
CU000796,CL001788,Titular principal,1,2024-10-02,
CU000797,CL003099,Titular principal,1,2025-11-06,
CU000798,CL001075,Titular principal,1,2023-10-13,
CU000799,CL001869,Titular principal,1,2021-08-02,
CU000800,CL002372,Titular principal,1,2024-12-01,
CU000801,CL003184,Titular principal,1,2021-07-17,
CU000802,CL003369,Titular principal,1,2021-09-25,
CU000803,CL003488,Titular principal,1,2019-09-26,
CU000804,CL003042,Titular principal,1,2024-02-20,
CU000805,CL002977,Titular principal,1,2024-04-30,
CU000806,CL001474,Titular principal,1,2023-01-05,
CU000807,CL004260,Titular principal,1,2025-04-13,
CU000808,CL002896,Titular principal,1,2024-06-01,
CU000809,CL003807,Titular principal,1,2022-10-24,
CU000810,CL000196,Titular principal,1,2024-07-25,
CU000811,CL000249,Titular principal,1,2023-12-26,
CU000812,CL004253,Titular principal,1,2025-10-13,
CU000813,CL000897,Titular principal,1,2024-05-22,
CU000814,CL001041,Titular principal,1,2022-10-26,
CU000815,CL001569,Titular principal,1,2025-06-07,
CU000816,CL001545,Titular principal,1,2023-04-07,
CU000817,CL003191,Titular principal,1,2019-12-27,
CU000818,CL000109,Titular principal,1,2024-06-10,
CU000819,CL003191,Titular principal,1,2021-02-08,
CU000820,CL002862,Titular principal,1,2024-08-25,
CU000821,CL001621,Titular principal,1,2021-04-03,
CU000822,CL002372,Titular principal,1,2023-07-21,
CU000823,CL001869,Titular principal,1,2024-09-25,
CU000824,CL001547,Titular principal,1,2023-09-09,
CU000825,CL000873,Titular principal,1,2023-03-30,
CU000826,CL004258,Titular principal,0.6,2021-10-29,
CU000826,CL003644,Cotitular,0.4,2021-10-29,
CU000827,CL001719,Titular principal,1,2024-05-03,
CU000828,CL001202,Titular principal,1,2025-08-11,
CU000829,CL004086,Titular principal,1,2025-01-07,
CU000830,CL001525,Titular principal,1,2022-01-19,
CU000831,CL001977,Titular principal,1,2022-11-05,
CU000832,CL003255,Titular principal,0.6,2019-07-15,
CU000832,CL003046,Cotitular,0.4,2019-07-15,
CU000833,CL000564,Titular principal,1,2019-09-17,
CU000834,CL000727,Titular principal,1,2023-08-01,
CU000835,CL003157,Titular principal,1,2023-10-28,
CU000836,CL001407,Titular principal,1,2022-10-03,
CU000837,CL002755,Titular principal,1,2023-08-13,
CU000838,CL003154,Titular principal,1,2020-01-26,
CU000839,CL003838,Titular principal,0.6,2018-12-01,
CU000839,CL003681,Cotitular,0.4,2018-12-01,
CU000840,CL003541,Titular principal,1,2023-02-08,
CU000841,CL000295,Titular principal,1,2021-04-15,
CU000842,CL002679,Titular principal,1,2024-07-15,
CU000843,CL000709,Titular principal,1,2021-01-11,
CU000844,CL001815,Titular principal,1,2021-08-08,
CU000845,CL002397,Titular principal,0.6,2025-11-26,
CU000845,CL000573,Cotitular,0.4,2025-11-26,
CU000846,CL004483,Titular principal,1,2023-07-25,
CU000847,CL002755,Titular principal,1,2022-03-12,
CU000848,CL003840,Titular principal,1,2020-06-21,
CU000849,CL003345,Titular principal,1,2020-03-12,
CU000850,CL004354,Titular principal,1,2020-11-04,
CU000851,CL001941,Titular principal,1,2025-11-26,
CU000852,CL001201,Titular principal,1,2024-12-23,
CU000853,CL001036,Titular principal,1,2024-03-16,
CU000854,CL004327,Titular principal,1,2024-04-07,
CU000855,CL001193,Titular principal,1,2023-07-25,
CU000856,CL001724,Titular principal,1,2024-03-13,
CU000857,CL002711,Titular principal,1,2019-07-15,
CU000858,CL002763,Titular principal,1,2023-03-14,
CU000859,CL000052,Titular principal,1,2020-02-22,
CU000860,CL000005,Titular principal,1,2019-08-15,
CU000861,CL003312,Titular principal,1,2022-09-22,
CU000862,CL002220,Titular principal,1,2022-11-23,
CU000863,CL004461,Titular principal,1,2024-08-28,
CU000864,CL000897,Titular principal,0.6,2021-10-31,
CU000864,CL001286,Cotitular,0.4,2021-10-31,
CU000865,CL003398,Titular principal,1,2023-06-23,
CU000866,CL003902,Titular principal,1,2020-02-15,
CU000867,CL000793,Titular principal,0.6,2024-09-25,
CU000867,CL001125,Cotitular,0.4,2024-09-25,
CU000868,CL001478,Titular principal,1,2020-10-11,
CU000869,CL001951,Titular principal,1,2019-12-28,
CU000870,CL004155,Titular principal,1,2021-03-05,
CU000871,CL003310,Titular principal,1,2019-05-09,
CU000872,CL004261,Titular principal,1,2020-09-18,
CU000873,CL004301,Titular principal,1,2022-04-11,
CU000874,CL003823,Titular principal,1,2021-07-30,
CU000875,CL001054,Titular principal,1,2023-01-24,
CU000876,CL001906,Titular principal,0.6,2022-03-26,
CU000876,CL004158,Cotitular,0.4,2022-03-26,
CU000877,CL002326,Titular principal,1,2024-01-31,
CU000878,CL002237,Titular principal,1,2024-07-23,
CU000879,CL001846,Titular principal,1,2019-12-30,
CU000880,CL000443,Titular principal,0.6,2022-03-14,
CU000880,CL000472,Cotitular,0.4,2022-03-14,
CU000881,CL004475,Titular principal,1,2021-05-23,
CU000882,CL001808,Titular principal,1,2023-10-02,
CU000883,CL002299,Titular principal,1,2025-05-24,
CU000884,CL001861,Titular principal,1,2024-07-20,
CU000885,CL004482,Titular principal,0.6,2022-12-07,
CU000885,CL000452,Cotitular,0.4,2022-12-07,
CU000886,CL002982,Titular principal,1,2024-04-09,
CU000887,CL001452,Titular principal,1,2023-10-27,
CU000888,CL003853,Titular principal,1,2025-10-27,
CU000889,CL000241,Titular principal,1,2024-06-02,
CU000890,CL000350,Titular principal,1,2021-09-22,
CU000891,CL002837,Titular principal,1,2023-07-18,
CU000892,CL003972,Titular principal,1,2021-09-22,
CU000893,CL004296,Titular principal,1,2021-01-08,
CU000894,CL001155,Titular principal,1,2024-07-23,
CU000895,CL000432,Titular principal,1,2024-04-21,
CU000896,CL001408,Titular principal,1,2022-06-05,
CU000897,CL001170,Titular principal,1,2019-11-10,
CU000898,CL004081,Titular principal,1,2023-05-21,
CU000899,CL000233,Titular principal,1,2021-10-06,
CU000900,CL001983,Titular principal,1,2020-06-29,
CU000901,CL001077,Titular principal,1,2025-01-26,
CU000902,CL002482,Titular principal,1,2025-08-31,
CU000903,CL002386,Titular principal,1,2025-05-09,
CU000904,CL002810,Titular principal,1,2022-01-07,
CU000905,CL001589,Titular principal,1,2023-12-24,
CU000906,CL000187,Titular principal,1,2022-06-20,
CU000907,CL003710,Titular principal,1,2020-11-28,
CU000908,CL004432,Titular principal,1,2020-03-05,
CU000909,CL001834,Titular principal,0.6,2020-06-05,
CU000909,CL000735,Cotitular,0.4,2020-06-05,
CU000910,CL002285,Titular principal,1,2023-09-03,
CU000911,CL000580,Titular principal,1,2023-08-05,
CU000912,CL001683,Titular principal,1,2020-04-30,
CU000913,CL000868,Titular principal,1,2022-02-01,
CU000914,CL002571,Titular principal,1,2023-04-14,
CU000915,CL002573,Titular principal,1,2021-01-31,
CU000916,CL000714,Titular principal,1,2023-05-03,
CU000917,CL003088,Titular principal,1,2021-02-17,
CU000918,CL002611,Titular principal,1,2025-06-12,
CU000919,CL002575,Titular principal,1,2019-12-24,
CU000920,CL000800,Titular principal,1,2024-02-07,
CU000921,CL001054,Titular principal,1,2023-06-14,
CU000922,CL000543,Titular principal,1,2023-05-21,
CU000923,CL001646,Titular principal,1,2022-08-05,
CU000924,CL003137,Titular principal,1,2024-09-21,
CU000925,CL002566,Titular principal,1,2024-01-22,
CU000926,CL000696,Titular principal,1,2020-04-15,
CU000927,CL002482,Titular principal,1,2019-12-24,
CU000928,CL002129,Titular principal,1,2021-05-10,
CU000929,CL003962,Titular principal,1,2025-11-08,
CU000930,CL001888,Titular principal,1,2024-09-27,
CU000931,CL003020,Titular principal,1,2020-06-20,
CU000932,CL004188,Titular principal,1,2020-12-30,
CU000933,CL000090,Titular principal,1,2020-11-02,
CU000934,CL004025,Titular principal,1,2025-05-05,
CU000935,CL002256,Titular principal,1,2022-11-10,
CU000936,CL001387,Titular principal,1,2020-02-01,
CU000937,CL001420,Titular principal,1,2023-03-01,
CU000938,CL004184,Titular principal,1,2024-03-06,
CU000939,CL002442,Titular principal,1,2024-03-25,
CU000940,CL003564,Titular principal,1,2019-04-22,
CU000941,CL003220,Titular principal,1,2021-12-30,
CU000942,CL000852,Titular principal,1,2021-08-14,
CU000943,CL004094,Titular principal,1,2020-12-09,
CU000944,CL003012,Titular principal,1,2022-11-30,
CU000945,CL003662,Titular principal,1,2025-01-26,
CU000946,CL002803,Titular principal,1,2023-07-12,
CU000947,CL002788,Titular principal,0.6,2021-02-14,
CU000947,CL001045,Cotitular,0.4,2021-02-14,
CU000948,CL001254,Titular principal,1,2021-04-11,
CU000949,CL002002,Titular principal,1,2023-02-20,
CU000950,CL002223,Titular principal,1,2020-07-12,
CU000951,CL000780,Titular principal,1,2025-08-14,
CU000952,CL003261,Titular principal,1,2023-12-11,
CU000953,CL000873,Titular principal,1,2025-04-18,
CU000954,CL000348,Titular principal,1,2021-09-02,
CU000955,CL002252,Titular principal,1,2025-07-29,
CU000956,CL001002,Titular principal,1,2023-10-20,
CU000957,CL003465,Titular principal,1,2022-03-28,
CU000958,CL002710,Titular principal,1,2025-11-10,
CU000959,CL003947,Titular principal,1,2025-09-17,
CU000960,CL000407,Titular principal,0.6,2024-05-11,
CU000960,CL002240,Cotitular,0.4,2024-05-11,
CU000961,CL002298,Titular principal,1,2024-03-03,
CU000962,CL001830,Titular principal,1,2021-06-17,
CU000963,CL001766,Titular principal,1,2025-03-30,
CU000964,CL002720,Titular principal,0.6,2025-09-26,
CU000964,CL002337,Cotitular,0.4,2025-09-26,
CU000965,CL000340,Titular principal,0.6,2025-08-31,
CU000965,CL003193,Cotitular,0.4,2025-08-31,
CU000966,CL001460,Titular principal,0.6,2022-08-23,
CU000966,CL004180,Cotitular,0.4,2022-08-23,
CU000967,CL000848,Titular principal,1,2021-06-30,
CU000968,CL000236,Titular principal,1,2020-12-02,
CU000969,CL001642,Titular principal,1,2020-07-01,
CU000970,CL000469,Titular principal,0.6,2025-05-05,
CU000970,CL001024,Cotitular,0.4,2025-05-05,
CU000971,CL001091,Titular principal,1,2024-10-02,
CU000972,CL003179,Titular principal,1,2023-10-30,
CU000973,CL001805,Titular principal,1,2018-12-19,
CU000974,CL001943,Titular principal,1,2025-05-07,
CU000975,CL003753,Titular principal,1,2024-11-29,
CU000976,CL001069,Titular principal,1,2022-07-30,
CU000977,CL003712,Titular principal,1,2021-02-12,
CU000978,CL000855,Titular principal,1,2024-02-27,
CU000979,CL002379,Titular principal,1,2019-09-02,
CU000980,CL000321,Titular principal,1,2022-01-02,
CU000981,CL001581,Titular principal,0.6,2022-07-08,
CU000981,CL003225,Cotitular,0.4,2022-07-08,
CU000982,CL001030,Titular principal,1,2020-11-09,
CU000983,CL000026,Titular principal,1,2025-04-24,
CU000984,CL001668,Titular principal,1,2019-08-26,
CU000985,CL000403,Titular principal,1,2024-07-12,
CU000986,CL002809,Titular principal,1,2025-05-20,
CU000987,CL002685,Titular principal,1,2025-07-26,
CU000988,CL000598,Titular principal,1,2025-02-19,
CU000989,CL003303,Titular principal,1,2019-12-08,
CU000990,CL002515,Titular principal,1,2021-05-08,
CU000991,CL000583,Titular principal,1,2023-08-06,
CU000992,CL003673,Titular principal,1,2023-05-17,
CU000993,CL001554,Titular principal,0.6,2025-02-07,
CU000993,CL000890,Cotitular,0.4,2025-02-07,
CU000994,CL001351,Titular principal,1,2020-10-20,
CU000995,CL001920,Titular principal,1,2023-05-24,
CU000996,CL001502,Titular principal,1,2025-06-18,
CU000997,CL003436,Titular principal,1,2022-09-04,
CU000998,CL000086,Titular principal,1,2020-03-09,
CU000999,CL002451,Titular principal,1,2024-07-30,
CU001000,CL002873,Titular principal,1,2020-01-29,
CU001001,CL002630,Titular principal,1,2021-11-02,
CU001002,CL001717,Titular principal,1,2020-12-23,
CU001003,CL001028,Titular principal,1,2024-01-06,
CU001004,CL004422,Titular principal,0.6,2021-02-02,
CU001004,CL003306,Cotitular,0.4,2021-02-02,
CU001005,CL001304,Titular principal,1,2025-10-24,
CU001006,CL002602,Titular principal,0.6,2022-03-25,
CU001006,CL002858,Cotitular,0.4,2022-03-25,
CU001007,CL004221,Titular principal,1,2023-04-12,
CU001008,CL000920,Titular principal,1,2023-12-24,
CU001009,CL000107,Titular principal,1,2021-05-23,
CU001010,CL003204,Titular principal,1,2019-04-02,
CU001011,CL003748,Titular principal,1,2024-07-15,
CU001012,CL001592,Titular principal,1,2022-12-25,
CU001013,CL000980,Titular principal,1,2023-12-21,
CU001014,CL001963,Titular principal,1,2023-10-10,
CU001015,CL000066,Titular principal,1,2020-08-12,
CU001016,CL000380,Titular principal,1,2024-02-07,
CU001017,CL001045,Titular principal,1,2024-04-26,
CU001018,CL000194,Titular principal,1,2023-05-02,
CU001019,CL003424,Titular principal,1,2025-04-13,
CU001020,CL002980,Titular principal,1,2022-09-26,
CU001021,CL002158,Titular principal,1,2025-03-03,
CU001022,CL000460,Titular principal,1,2024-09-05,
CU001023,CL004263,Titular principal,1,2023-12-30,
CU001024,CL003375,Titular principal,1,2023-05-18,
CU001025,CL000985,Titular principal,1,2023-01-20,
CU001026,CL002142,Titular principal,1,2022-04-17,
CU001027,CL003193,Titular principal,1,2023-07-15,
CU001028,CL002237,Titular principal,1,2025-05-24,
CU001029,CL000659,Titular principal,1,2024-03-15,
CU001030,CL001671,Titular principal,1,2019-08-06,
CU001031,CL002140,Titular principal,1,2021-11-11,
CU001032,CL002688,Titular principal,1,2022-06-17,
CU001033,CL001548,Titular principal,1,2021-03-04,
CU001034,CL002192,Titular principal,1,2022-08-25,
CU001035,CL004209,Titular principal,1,2021-10-07,
CU001036,CL003326,Titular principal,1,2021-01-11,
CU001037,CL001763,Titular principal,1,2022-02-18,
CU001038,CL003674,Titular principal,1,2023-05-25,
CU001039,CL002913,Titular principal,1,2021-02-05,
CU001040,CL001240,Titular principal,1,2021-01-18,
CU001041,CL002066,Titular principal,1,2025-04-21,
CU001042,CL003258,Titular principal,1,2021-08-05,
CU001043,CL001836,Titular principal,1,2025-03-02,
CU001044,CL003318,Titular principal,1,2023-03-29,
CU001045,CL002432,Titular principal,0.6,2022-07-30,
CU001045,CL001800,Cotitular,0.4,2022-07-30,
CU001046,CL003679,Titular principal,1,2025-07-13,
CU001047,CL004209,Titular principal,1,2019-11-10,
CU001048,CL002767,Titular principal,1,2023-12-05,
CU001049,CL001788,Titular principal,1,2025-08-12,
CU001050,CL001859,Titular principal,1,2023-10-09,
CU001051,CL003097,Titular principal,1,2023-02-26,
CU001052,CL001651,Titular principal,1,2021-02-22,
CU001053,CL002144,Titular principal,1,2025-01-03,
CU001054,CL002716,Titular principal,1,2024-01-21,
CU001055,CL004477,Titular principal,1,2023-02-20,
CU001056,CL002150,Titular principal,1,2022-10-26,
CU001057,CL003408,Titular principal,1,2022-07-23,
CU001058,CL004049,Titular principal,1,2019-04-11,
CU001059,CL003484,Titular principal,0.6,2020-11-30,
CU001059,CL003838,Cotitular,0.4,2020-11-30,
CU001060,CL002201,Titular principal,1,2021-09-28,
CU001061,CL002372,Titular principal,1,2023-05-31,
CU001062,CL000323,Titular principal,1,2023-02-16,
CU001063,CL001700,Titular principal,1,2025-11-20,
CU001064,CL000488,Titular principal,1,2020-04-13,
CU001065,CL002361,Titular principal,1,2025-07-02,
CU001066,CL001312,Titular principal,1,2023-05-20,
CU001067,CL001292,Titular principal,1,2023-02-23,
CU001068,CL002918,Titular principal,1,2021-11-17,
CU001069,CL003231,Titular principal,1,2020-04-14,
CU001070,CL002050,Titular principal,1,2025-11-26,
CU001071,CL001854,Titular principal,1,2022-09-23,
CU001072,CL004187,Titular principal,1,2020-02-29,
CU001073,CL004267,Titular principal,1,2019-03-20,
CU001074,CL003538,Titular principal,1,2022-06-04,
CU001075,CL000365,Titular principal,1,2024-01-08,
CU001076,CL000706,Titular principal,1,2019-11-10,
CU001077,CL000638,Titular principal,0.6,2020-10-03,
CU001077,CL000118,Cotitular,0.4,2020-10-03,
CU001078,CL000559,Titular principal,1,2021-08-03,
CU001079,CL000421,Titular principal,1,2023-07-24,
CU001080,CL001630,Titular principal,1,2024-09-10,
CU001081,CL003105,Titular principal,1,2019-08-04,
CU001082,CL003910,Titular principal,1,2022-04-21,
CU001083,CL000957,Titular principal,1,2024-10-24,
CU001084,CL002938,Titular principal,1,2025-05-15,
CU001085,CL004162,Titular principal,1,2025-02-12,
CU001086,CL003724,Titular principal,1,2023-01-20,
CU001087,CL003459,Titular principal,1,2024-05-21,
CU001088,CL003583,Titular principal,1,2020-04-15,
CU001089,CL002614,Titular principal,1,2023-09-27,
CU001090,CL003513,Titular principal,1,2023-12-13,
CU001091,CL001636,Titular principal,1,2020-10-24,
CU001092,CL004059,Titular principal,1,2024-02-19,
CU001093,CL000059,Titular principal,1,2023-04-10,
CU001094,CL001810,Titular principal,1,2023-09-20,
CU001095,CL002220,Titular principal,1,2021-03-14,
CU001096,CL001901,Titular principal,1,2022-02-11,
CU001097,CL001474,Titular principal,1,2019-08-05,
CU001098,CL004255,Titular principal,1,2019-11-06,
CU001099,CL004308,Titular principal,1,2020-06-10,
CU001100,CL000913,Titular principal,1,2020-04-26,
CU001101,CL000043,Titular principal,1,2021-10-04,
CU001102,CL002631,Titular principal,1,2024-11-09,
CU001103,CL000225,Titular principal,0.6,2025-10-06,
CU001103,CL002907,Cotitular,0.4,2025-10-06,
CU001104,CL002838,Titular principal,0.6,2022-05-08,
CU001104,CL001688,Cotitular,0.4,2022-05-08,
CU001105,CL003491,Titular principal,1,2023-09-15,
CU001106,CL002858,Titular principal,1,2025-06-22,
CU001107,CL003939,Titular principal,1,2020-09-17,
CU001108,CL002420,Titular principal,1,2025-06-23,
CU001109,CL003470,Titular principal,1,2019-01-25,
CU001110,CL001585,Titular principal,1,2024-06-01,
CU001111,CL002275,Titular principal,1,2020-02-18,
CU001112,CL004449,Titular principal,1,2020-10-03,
CU001113,CL002444,Titular principal,1,2024-09-05,
CU001114,CL001135,Titular principal,1,2021-08-04,
CU001115,CL002252,Titular principal,1,2023-09-14,
CU001116,CL002199,Titular principal,1,2024-06-16,
CU001117,CL003555,Titular principal,1,2023-11-03,
CU001118,CL001091,Titular principal,0.6,2022-12-20,
CU001118,CL001099,Cotitular,0.4,2022-12-20,
CU001119,CL004018,Titular principal,1,2021-05-18,
CU001120,CL002590,Titular principal,1,2021-07-23,
CU001121,CL003096,Titular principal,1,2021-10-16,
CU001122,CL000405,Titular principal,1,2022-09-30,
CU001123,CL001236,Titular principal,1,2025-01-29,
CU001124,CL004456,Titular principal,1,2023-08-10,
CU001125,CL000794,Titular principal,1,2019-07-31,
CU001126,CL000442,Titular principal,1,2023-12-31,
CU001127,CL000907,Titular principal,1,2025-11-01,
CU001128,CL003426,Titular principal,1,2020-03-22,
CU001129,CL003626,Titular principal,1,2021-04-25,
CU001130,CL002131,Titular principal,1,2024-08-22,
CU001131,CL003698,Titular principal,1,2023-04-09,
CU001132,CL000738,Titular principal,1,2025-05-21,
CU001133,CL004207,Titular principal,1,2020-08-03,
CU001134,CL000090,Titular principal,1,2023-04-30,
CU001135,CL000554,Titular principal,1,2021-03-21,
CU001136,CL001026,Titular principal,1,2022-07-21,
CU001137,CL004228,Titular principal,1,2022-08-22,
CU001138,CL001049,Titular principal,1,2024-03-26,
CU001139,CL000384,Titular principal,1,2024-07-23,
CU001140,CL000561,Titular principal,1,2021-02-23,
CU001141,CL001914,Titular principal,1,2022-09-04,
CU001142,CL001159,Titular principal,1,2020-09-08,
CU001143,CL000756,Titular principal,1,2020-11-13,
CU001144,CL003486,Titular principal,0.6,2023-04-11,
CU001144,CL000154,Cotitular,0.4,2023-04-11,
CU001145,CL001952,Titular principal,1,2022-07-06,
CU001146,CL001188,Titular principal,1,2022-01-02,
CU001147,CL002181,Titular principal,1,2020-03-18,
CU001148,CL000956,Titular principal,1,2023-12-16,
CU001149,CL002031,Titular principal,1,2024-06-23,
CU001150,CL003538,Titular principal,1,2024-10-23,
CU001151,CL002936,Titular principal,1,2022-09-21,
CU001152,CL001445,Titular principal,1,2023-05-01,
CU001153,CL000362,Titular principal,1,2024-03-30,
CU001154,CL002876,Titular principal,1,2023-07-30,
CU001155,CL002511,Titular principal,1,2025-01-10,
CU001156,CL002682,Titular principal,1,2023-12-24,
CU001157,CL000943,Titular principal,1,2024-10-04,
CU001158,CL002729,Titular principal,1,2025-06-06,
CU001159,CL003217,Titular principal,1,2023-07-07,
CU001160,CL002143,Titular principal,1,2020-05-12,
CU001161,CL000821,Titular principal,1,2024-08-13,
CU001162,CL004374,Titular principal,1,2023-09-08,
CU001163,CL003440,Titular principal,1,2024-11-05,
CU001164,CL001780,Titular principal,1,2023-01-03,
CU001165,CL000071,Titular principal,1,2022-10-24,
CU001166,CL000563,Titular principal,1,2023-04-17,
CU001167,CL004359,Titular principal,1,2025-10-01,
CU001168,CL003231,Titular principal,1,2019-05-30,
CU001169,CL002617,Titular principal,1,2023-03-30,
CU001170,CL001369,Titular principal,1,2020-06-23,
CU001171,CL000593,Titular principal,1,2022-06-15,
CU001172,CL001240,Titular principal,1,2023-12-01,
CU001173,CL002026,Titular principal,1,2022-09-04,
CU001174,CL002925,Titular principal,1,2021-07-23,
CU001175,CL003985,Titular principal,1,2024-08-15,
CU001176,CL000714,Titular principal,1,2021-04-24,
CU001177,CL003298,Titular principal,1,2022-12-06,
CU001178,CL004406,Titular principal,1,2024-05-12,
CU001179,CL002457,Titular principal,1,2025-08-12,
CU001180,CL003170,Titular principal,1,2022-05-11,
CU001181,CL002230,Titular principal,1,2024-12-13,
CU001182,CL000664,Titular principal,1,2019-03-17,
CU001183,CL003694,Titular principal,1,2019-04-07,
CU001184,CL004327,Titular principal,1,2022-11-19,
CU001185,CL003775,Titular principal,1,2022-11-04,
CU001186,CL002934,Titular principal,1,2025-11-22,
CU001187,CL003561,Titular principal,1,2019-02-04,
CU001188,CL002466,Titular principal,1,2024-07-18,
CU001189,CL000521,Titular principal,1,2021-09-12,
CU001190,CL001580,Titular principal,1,2021-10-09,
CU001191,CL002980,Titular principal,1,2020-02-25,
CU001192,CL000475,Titular principal,1,2023-10-16,
CU001193,CL002590,Titular principal,1,2021-05-13,
CU001194,CL002035,Titular principal,1,2024-01-27,
CU001195,CL003103,Titular principal,1,2025-11-08,
CU001196,CL000036,Titular principal,1,2020-08-10,
CU001197,CL001883,Titular principal,1,2024-01-15,
CU001198,CL003828,Titular principal,1,2024-01-12,
CU001199,CL003506,Titular principal,1,2024-08-15,
CU001200,CL002857,Titular principal,1,2025-01-16,
CU001201,CL002384,Titular principal,1,2022-11-06,
CU001202,CL000161,Titular principal,1,2023-12-23,
CU001203,CL001267,Titular principal,1,2022-04-14,
CU001204,CL000958,Titular principal,1,2022-07-11,
CU001205,CL003302,Titular principal,1,2021-06-14,
CU001206,CL003847,Titular principal,1,2025-09-30,
CU001207,CL003705,Titular principal,1,2023-07-18,
CU001208,CL001576,Titular principal,1,2021-12-26,
CU001209,CL000178,Titular principal,0.6,2024-07-14,
CU001209,CL001274,Cotitular,0.4,2024-07-14,
CU001210,CL000112,Titular principal,1,2025-05-05,
CU001211,CL000368,Titular principal,1,2022-02-02,
CU001212,CL001144,Titular principal,1,2023-07-11,
CU001213,CL000457,Titular principal,1,2020-12-07,
CU001214,CL000212,Titular principal,1,2020-01-09,
CU001215,CL004081,Titular principal,1,2024-07-27,
CU001216,CL000170,Titular principal,1,2024-05-30,
CU001217,CL003497,Titular principal,1,2024-06-03,
CU001218,CL004347,Titular principal,1,2024-08-26,
CU001219,CL000839,Titular principal,1,2022-06-22,
CU001220,CL002373,Titular principal,1,2023-07-03,
CU001221,CL000099,Titular principal,0.6,2021-01-10,
CU001221,CL000484,Cotitular,0.4,2021-01-10,
CU001222,CL001710,Titular principal,1,2022-02-25,
CU001223,CL002817,Titular principal,1,2019-06-17,
CU001224,CL002041,Titular principal,1,2019-04-07,
CU001225,CL000681,Titular principal,1,2024-04-23,
CU001226,CL003645,Titular principal,1,2019-03-28,
CU001227,CL001089,Titular principal,1,2025-04-12,
CU001228,CL001039,Titular principal,1,2023-01-01,
CU001229,CL003657,Titular principal,1,2024-02-13,
CU001230,CL001342,Titular principal,1,2022-05-29,
CU001231,CL004073,Titular principal,1,2024-10-11,
CU001232,CL003791,Titular principal,1,2025-05-25,
CU001233,CL002534,Titular principal,1,2024-03-02,
CU001234,CL000216,Titular principal,1,2025-04-06,
CU001235,CL004035,Titular principal,1,2022-11-24,
CU001236,CL000517,Titular principal,1,2022-09-12,
CU001237,CL003057,Titular principal,1,2022-10-13,
CU001238,CL002486,Titular principal,1,2019-01-27,
CU001239,CL001301,Titular principal,1,2022-01-26,
CU001240,CL000251,Titular principal,1,2020-10-24,
CU001241,CL003900,Titular principal,1,2022-06-02,
CU001242,CL001202,Titular principal,1,2019-11-30,
CU001243,CL002032,Titular principal,1,2021-09-22,
CU001244,CL004068,Titular principal,1,2021-06-01,
CU001245,CL001982,Titular principal,1,2025-04-14,
CU001246,CL000027,Titular principal,1,2024-02-04,
CU001247,CL003962,Titular principal,1,2023-05-13,
CU001248,CL004222,Titular principal,1,2020-01-22,
CU001249,CL003472,Titular principal,1,2019-02-18,
CU001250,CL003735,Titular principal,1,2022-04-08,
CU001251,CL001297,Titular principal,1,2024-03-22,
CU001252,CL003380,Titular principal,1,2021-08-22,
CU001253,CL002751,Titular principal,1,2025-02-25,
CU001254,CL004109,Titular principal,1,2023-02-27,
CU001255,CL003284,Titular principal,1,2021-09-02,
CU001256,CL002380,Titular principal,0.6,2024-08-06,
CU001256,CL001161,Cotitular,0.4,2024-08-06,
CU001257,CL000678,Titular principal,1,2023-06-26,
CU001258,CL001887,Titular principal,1,2021-05-20,
CU001259,CL001688,Titular principal,1,2022-01-25,
CU001260,CL000763,Titular principal,1,2025-09-06,
CU001261,CL004374,Titular principal,1,2024-11-02,
CU001262,CL002560,Titular principal,1,2025-05-22,
CU001263,CL003564,Titular principal,1,2021-09-29,
CU001264,CL000340,Titular principal,1,2025-03-22,
CU001265,CL003537,Titular principal,1,2024-12-08,
CU001266,CL000419,Titular principal,1,2021-10-13,
CU001267,CL003173,Titular principal,1,2024-05-26,
CU001268,CL001913,Titular principal,1,2025-08-05,
CU001269,CL001948,Titular principal,1,2022-01-09,
CU001270,CL001389,Titular principal,1,2023-11-08,
CU001271,CL003091,Titular principal,0.6,2024-02-05,
CU001271,CL002904,Cotitular,0.4,2024-02-05,
CU001272,CL002020,Titular principal,1,2019-03-30,
CU001273,CL003154,Titular principal,1,2025-05-27,
CU001274,CL004393,Titular principal,0.6,2024-10-21,
CU001274,CL000025,Cotitular,0.4,2024-10-21,
CU001275,CL002432,Titular principal,1,2022-11-12,
CU001276,CL004096,Titular principal,1,2019-11-10,
CU001277,CL001947,Titular principal,1,2019-06-29,
CU001278,CL000463,Titular principal,1,2024-04-13,
CU001279,CL004490,Titular principal,1,2024-04-01,
CU001280,CL002754,Titular principal,1,2022-12-18,
CU001281,CL002330,Titular principal,1,2020-10-12,
CU001282,CL003642,Titular principal,1,2021-09-23,
CU001283,CL003110,Titular principal,1,2022-01-24,
CU001284,CL003358,Titular principal,1,2020-09-23,
CU001285,CL004115,Titular principal,1,2024-11-06,
CU001286,CL000017,Titular principal,1,2023-10-19,
CU001287,CL002790,Titular principal,1,2018-12-24,
CU001288,CL000815,Titular principal,1,2020-07-26,
CU001289,CL002534,Titular principal,1,2022-08-13,
CU001290,CL001339,Titular principal,1,2023-03-14,
CU001291,CL001677,Titular principal,1,2020-12-01,
CU001292,CL001255,Titular principal,1,2021-03-31,
CU001293,CL002560,Titular principal,1,2024-07-06,
CU001294,CL002299,Titular principal,1,2025-03-08,
CU001295,CL000859,Titular principal,1,2024-03-10,
CU001296,CL003583,Titular principal,1,2025-02-08,
CU001297,CL001035,Titular principal,1,2020-11-21,
CU001298,CL000464,Titular principal,1,2023-01-04,
CU001299,CL004280,Titular principal,1,2022-07-27,
CU001300,CL000849,Titular principal,1,2025-01-22,
CU001301,CL003521,Titular principal,1,2019-11-03,
CU001302,CL000114,Titular principal,1,2020-05-17,
CU001303,CL001961,Titular principal,0.6,2025-07-13,
CU001303,CL001600,Cotitular,0.4,2025-07-13,
CU001304,CL001551,Titular principal,1,2022-11-23,
CU001305,CL001932,Titular principal,0.6,2022-04-12,
CU001305,CL003315,Cotitular,0.4,2022-04-12,
CU001306,CL001852,Titular principal,1,2025-09-15,
CU001307,CL000981,Titular principal,0.6,2025-08-05,
CU001307,CL002865,Cotitular,0.4,2025-08-05,
CU001308,CL001467,Titular principal,1,2024-01-07,
CU001309,CL001618,Titular principal,1,2021-07-21,
CU001310,CL003754,Titular principal,1,2025-10-23,
CU001311,CL000594,Titular principal,1,2024-11-20,
CU001312,CL000757,Titular principal,1,2025-06-05,
CU001313,CL001397,Titular principal,1,2025-03-01,
CU001314,CL002529,Titular principal,1,2022-11-30,
CU001315,CL001923,Titular principal,1,2020-03-13,
CU001316,CL001570,Titular principal,1,2024-04-16,
CU001317,CL001727,Titular principal,1,2025-02-02,
CU001318,CL003502,Titular principal,0.6,2025-02-23,
CU001318,CL003303,Cotitular,0.4,2025-02-23,
CU001319,CL001482,Titular principal,1,2022-05-19,
CU001320,CL003047,Titular principal,1,2024-03-27,
CU001321,CL003330,Titular principal,1,2020-04-16,
CU001322,CL004041,Titular principal,1,2023-06-02,
CU001323,CL000561,Titular principal,1,2023-10-25,
CU001324,CL003578,Titular principal,1,2022-03-16,
CU001325,CL000310,Titular principal,1,2025-02-06,
CU001326,CL000321,Titular principal,1,2019-05-28,
CU001327,CL003790,Titular principal,1,2025-06-20,
CU001328,CL003257,Titular principal,1,2025-04-17,
CU001329,CL000055,Titular principal,1,2019-11-29,
CU001330,CL004280,Titular principal,1,2021-09-12,
CU001331,CL003434,Titular principal,1,2025-07-21,
CU001332,CL002875,Titular principal,1,2025-05-05,
CU001333,CL002230,Titular principal,1,2023-07-14,
CU001334,CL002206,Titular principal,1,2025-05-30,
CU001335,CL000003,Titular principal,1,2024-11-15,
CU001336,CL002849,Titular principal,1,2023-06-11,
CU001337,CL002361,Titular principal,0.6,2022-03-28,
CU001337,CL001984,Cotitular,0.4,2022-03-28,
CU001338,CL001119,Titular principal,1,2023-08-28,
CU001339,CL003082,Titular principal,1,2018-12-29,
CU001340,CL001374,Titular principal,1,2022-12-12,
CU001341,CL000690,Titular principal,0.6,2019-10-23,
CU001341,CL003990,Cotitular,0.4,2019-10-23,
CU001342,CL001567,Titular principal,1,2025-10-23,
CU001343,CL003913,Titular principal,1,2025-07-20,
CU001344,CL001394,Titular principal,1,2024-08-07,
CU001345,CL003997,Titular principal,1,2022-05-20,
CU001346,CL004104,Titular principal,1,2022-04-26,
CU001347,CL002389,Titular principal,1,2025-10-07,
CU001348,CL000700,Titular principal,1,2023-11-11,
CU001349,CL003817,Titular principal,1,2024-06-23,
CU001350,CL002839,Titular principal,1,2023-07-17,
CU001351,CL004336,Titular principal,1,2025-05-20,
CU001352,CL002877,Titular principal,1,2025-08-14,
CU001353,CL000083,Titular principal,1,2022-02-18,
CU001354,CL004391,Titular principal,1,2023-07-25,
CU001355,CL000892,Titular principal,1,2021-03-18,
CU001356,CL003933,Titular principal,1,2024-05-06,
CU001357,CL004454,Titular principal,1,2021-09-30,
CU001358,CL004007,Titular principal,1,2020-07-06,
CU001359,CL000034,Titular principal,1,2025-05-12,
CU001360,CL000384,Titular principal,1,2019-01-23,
CU001361,CL002736,Titular principal,1,2025-02-14,
CU001362,CL000907,Titular principal,0.6,2025-03-08,
CU001362,CL000985,Cotitular,0.4,2025-03-08,
CU001363,CL003833,Titular principal,0.6,2021-10-12,
CU001363,CL001607,Cotitular,0.4,2021-10-12,
CU001364,CL002507,Titular principal,1,2021-09-28,
CU001365,CL001053,Titular principal,1,2025-02-10,
CU001366,CL002286,Titular principal,1,2024-10-08,
CU001367,CL000291,Titular principal,1,2023-10-29,
CU001368,CL004089,Titular principal,1,2023-09-25,
CU001369,CL001662,Titular principal,1,2022-03-28,
CU001370,CL003114,Titular principal,1,2024-01-25,
CU001371,CL001973,Titular principal,1,2023-08-17,
CU001372,CL002227,Titular principal,1,2023-01-07,
CU001373,CL001398,Titular principal,1,2023-03-08,
CU001374,CL003085,Titular principal,1,2021-08-29,
CU001375,CL001552,Titular principal,1,2023-07-03,
CU001376,CL003711,Titular principal,1,2025-07-28,
CU001377,CL003655,Titular principal,1,2023-06-23,
CU001378,CL003190,Titular principal,1,2025-06-26,
CU001379,CL001166,Titular principal,1,2020-04-25,
CU001380,CL003597,Titular principal,1,2022-05-04,
CU001381,CL004053,Titular principal,1,2020-07-27,
CU001382,CL001348,Titular principal,1,2022-12-24,
CU001383,CL001390,Titular principal,1,2021-03-04,
CU001384,CL002946,Titular principal,1,2025-04-07,
CU001385,CL003646,Titular principal,0.6,2019-04-15,
CU001385,CL003969,Cotitular,0.4,2019-04-15,
CU001386,CL003563,Titular principal,1,2022-07-15,
CU001387,CL001418,Titular principal,1,2022-10-11,
CU001388,CL002454,Titular principal,1,2025-09-15,
CU001389,CL002546,Titular principal,1,2022-12-11,
CU001390,CL001974,Titular principal,1,2025-10-19,
CU001391,CL002005,Titular principal,1,2024-02-04,
CU001392,CL001360,Titular principal,1,2024-03-21,
CU001393,CL003868,Titular principal,1,2020-06-23,
CU001394,CL001841,Titular principal,1,2020-05-06,
CU001395,CL001070,Titular principal,1,2019-07-18,
CU001396,CL000333,Titular principal,1,2024-07-15,
CU001397,CL000135,Titular principal,1,2020-05-07,
CU001398,CL004161,Titular principal,1,2020-03-06,
CU001399,CL003605,Titular principal,1,2023-10-03,
CU001400,CL002421,Titular principal,1,2023-09-29,
CU001401,CL001267,Titular principal,1,2022-02-12,
CU001402,CL001709,Titular principal,1,2024-05-22,
CU001403,CL002615,Titular principal,1,2024-08-26,
CU001404,CL002424,Titular principal,1,2025-02-03,
CU001405,CL000582,Titular principal,1,2025-02-26,
CU001406,CL000547,Titular principal,1,2019-11-02,
CU001407,CL003714,Titular principal,1,2024-06-12,
CU001408,CL000381,Titular principal,1,2023-08-25,
CU001409,CL000686,Titular principal,1,2023-02-10,
CU001410,CL002353,Titular principal,1,2021-11-23,
CU001411,CL001050,Titular principal,1,2024-10-14,
CU001412,CL002842,Titular principal,1,2021-12-02,
CU001413,CL003743,Titular principal,1,2020-11-23,
CU001414,CL000321,Titular principal,1,2019-07-04,
CU001415,CL003840,Titular principal,1,2025-05-19,
CU001416,CL000543,Titular principal,1,2023-06-06,
CU001417,CL002959,Titular principal,1,2024-06-14,
CU001418,CL002154,Titular principal,1,2021-02-25,
CU001419,CL004174,Titular principal,0.6,2025-10-29,
CU001419,CL003591,Cotitular,0.4,2025-10-29,
CU001420,CL002333,Titular principal,1,2023-02-23,
CU001421,CL000494,Titular principal,1,2020-04-22,
CU001422,CL002338,Titular principal,1,2020-03-28,
CU001423,CL000223,Titular principal,1,2019-08-06,
CU001424,CL002268,Titular principal,1,2021-02-06,
CU001425,CL000888,Titular principal,1,2021-10-08,
CU001426,CL002374,Titular principal,1,2022-07-03,
CU001427,CL000046,Titular principal,1,2021-06-21,
CU001428,CL003340,Titular principal,1,2020-12-11,
CU001429,CL002623,Titular principal,1,2022-06-20,
CU001430,CL002302,Titular principal,1,2025-06-19,
CU001431,CL000607,Titular principal,1,2024-11-18,
CU001432,CL002268,Titular principal,1,2022-10-25,
CU001433,CL004038,Titular principal,1,2023-05-24,
CU001434,CL001334,Titular principal,1,2021-02-10,
CU001435,CL000287,Titular principal,1,2025-09-29,
CU001436,CL002162,Titular principal,1,2022-10-11,
CU001437,CL003624,Titular principal,1,2024-08-07,
CU001438,CL002836,Titular principal,1,2025-08-25,
CU001439,CL001860,Titular principal,1,2023-08-24,
CU001440,CL002420,Titular principal,1,2025-04-14,
CU001441,CL004247,Titular principal,1,2023-06-10,
CU001442,CL003111,Titular principal,1,2020-09-30,
CU001443,CL001141,Titular principal,1,2019-06-26,
CU001444,CL001497,Titular principal,1,2023-09-12,
CU001445,CL001712,Titular principal,1,2022-07-04,
CU001446,CL003638,Titular principal,1,2023-01-31,
CU001447,CL000818,Titular principal,1,2022-09-04,
CU001448,CL001596,Titular principal,1,2025-08-12,
CU001449,CL002118,Titular principal,1,2023-10-16,
CU001450,CL000327,Titular principal,1,2022-01-31,
CU001451,CL001485,Titular principal,1,2020-10-05,
CU001452,CL003728,Titular principal,1,2020-12-12,
CU001453,CL000963,Titular principal,1,2022-08-31,
CU001454,CL001131,Titular principal,1,2024-07-25,
CU001455,CL003380,Titular principal,1,2024-08-30,
CU001456,CL003078,Titular principal,1,2025-02-09,
CU001457,CL003952,Titular principal,1,2020-04-20,
CU001458,CL003157,Titular principal,1,2025-11-25,
CU001459,CL002130,Titular principal,1,2024-02-23,
CU001460,CL000369,Titular principal,1,2025-07-30,
CU001461,CL001769,Titular principal,1,2022-01-05,
CU001462,CL000189,Titular principal,1,2021-12-01,
CU001463,CL000030,Titular principal,1,2022-02-13,
CU001464,CL001855,Titular principal,1,2021-04-30,
CU001465,CL003265,Titular principal,1,2019-10-22,
CU001466,CL002264,Titular principal,1,2023-02-04,
CU001467,CL000164,Titular principal,1,2022-10-27,
CU001468,CL004364,Titular principal,1,2025-04-27,
CU001469,CL001465,Titular principal,1,2023-08-04,
CU001470,CL000510,Titular principal,1,2023-07-07,
CU001471,CL000045,Titular principal,0.6,2022-03-21,
CU001471,CL000043,Cotitular,0.4,2022-03-21,
CU001472,CL002170,Titular principal,1,2022-10-10,
CU001473,CL002388,Titular principal,1,2020-04-12,
CU001474,CL002158,Titular principal,1,2025-02-04,
CU001475,CL003155,Titular principal,1,2025-02-21,
CU001476,CL001022,Titular principal,1,2021-12-25,
CU001477,CL002811,Titular principal,1,2023-04-20,
CU001478,CL000577,Titular principal,1,2025-05-31,
CU001479,CL002453,Titular principal,1,2018-12-16,
CU001480,CL001721,Titular principal,1,2025-07-03,
CU001481,CL000562,Titular principal,1,2022-04-02,
CU001482,CL002558,Titular principal,1,2020-06-08,
CU001483,CL004410,Titular principal,1,2022-08-16,
CU001484,CL000658,Titular principal,1,2022-05-13,
CU001485,CL001559,Titular principal,1,2025-05-20,
CU001486,CL001292,Titular principal,1,2025-06-13,
CU001487,CL003460,Titular principal,1,2023-11-23,
CU001488,CL001302,Titular principal,1,2024-06-02,
CU001489,CL000394,Titular principal,1,2022-08-09,
CU001490,CL003506,Titular principal,1,2024-04-29,
CU001491,CL003653,Titular principal,1,2024-11-23,
CU001492,CL004384,Titular principal,1,2022-06-02,
CU001493,CL000356,Titular principal,1,2024-05-24,
CU001494,CL003218,Titular principal,1,2019-07-30,
CU001495,CL001850,Titular principal,1,2025-11-06,
CU001496,CL004203,Titular principal,1,2022-03-02,
CU001497,CL000870,Titular principal,1,2020-11-10,
CU001498,CL003135,Titular principal,1,2020-01-15,
CU001499,CL000141,Titular principal,1,2019-09-23,
CU001500,CL001159,Titular principal,1,2024-08-13,
CU001501,CL004372,Titular principal,1,2022-07-17,
CU001502,CL002395,Titular principal,1,2025-07-09,
CU001503,CL004343,Titular principal,1,2020-05-19,
CU001504,CL002230,Titular principal,1,2019-12-01,
CU001505,CL003812,Titular principal,1,2020-12-14,
CU001506,CL003565,Titular principal,1,2020-07-08,
CU001507,CL004012,Titular principal,1,2021-04-15,
CU001508,CL001864,Titular principal,1,2021-11-23,
CU001509,CL001781,Titular principal,1,2024-02-06,
CU001510,CL003559,Titular principal,1,2022-03-28,
CU001511,CL000137,Titular principal,1,2024-06-12,
CU001512,CL000907,Titular principal,1,2022-06-04,
CU001513,CL002273,Titular principal,1,2024-05-24,
CU001514,CL001808,Titular principal,1,2021-08-09,
CU001515,CL004110,Titular principal,1,2021-01-28,
CU001516,CL004473,Titular principal,1,2024-11-26,
CU001517,CL004228,Titular principal,1,2022-11-09,
CU001518,CL002287,Titular principal,1,2025-02-04,
CU001519,CL002463,Titular principal,1,2021-01-05,
CU001520,CL001080,Titular principal,1,2021-07-29,
CU001521,CL000306,Titular principal,1,2020-07-10,
CU001522,CL001365,Titular principal,1,2019-10-29,
CU001523,CL000127,Titular principal,1,2023-09-08,
CU001524,CL000033,Titular principal,1,2021-10-27,
CU001525,CL003797,Titular principal,0.6,2024-09-17,
CU001525,CL003691,Cotitular,0.4,2024-09-17,
CU001526,CL003106,Titular principal,1,2023-09-05,
CU001527,CL001546,Titular principal,1,2022-03-02,
CU001528,CL000533,Titular principal,1,2025-08-23,
CU001529,CL000122,Titular principal,1,2023-10-27,
CU001530,CL001192,Titular principal,1,2022-06-23,
CU001531,CL000035,Titular principal,1,2024-05-16,
CU001532,CL003441,Titular principal,1,2023-08-02,
CU001533,CL004394,Titular principal,1,2023-04-30,
CU001534,CL000505,Titular principal,1,2023-12-23,
CU001535,CL004054,Titular principal,1,2022-06-26,
CU001536,CL002701,Titular principal,1,2021-05-01,
CU001537,CL003069,Titular principal,1,2025-08-27,
CU001538,CL001403,Titular principal,1,2023-12-07,
CU001539,CL000227,Titular principal,1,2022-01-22,
CU001540,CL001393,Titular principal,1,2023-10-01,
CU001541,CL002071,Titular principal,1,2022-11-16,
CU001542,CL001366,Titular principal,1,2023-04-25,
CU001543,CL003605,Titular principal,1,2025-08-26,
CU001544,CL001256,Titular principal,1,2024-11-20,
CU001545,CL003917,Titular principal,1,2024-02-23,
CU001546,CL001588,Titular principal,1,2023-09-25,
CU001547,CL003803,Titular principal,1,2020-09-27,
CU001548,CL001687,Titular principal,1,2019-05-29,
CU001549,CL000265,Titular principal,1,2025-09-19,
CU001550,CL000377,Titular principal,1,2025-01-12,
CU001551,CL002441,Titular principal,1,2024-10-12,
CU001552,CL003865,Titular principal,1,2019-05-30,
CU001553,CL001476,Titular principal,1,2025-09-20,
CU001554,CL000922,Titular principal,1,2023-06-21,
CU001555,CL001474,Titular principal,0.6,2022-11-10,
CU001555,CL003074,Cotitular,0.4,2022-11-10,
CU001556,CL002115,Titular principal,1,2020-08-19,
CU001557,CL003999,Titular principal,1,2020-02-22,
CU001558,CL004160,Titular principal,1,2024-05-11,
CU001559,CL002472,Titular principal,0.6,2019-11-22,
CU001559,CL002073,Cotitular,0.4,2019-11-22,
CU001560,CL001062,Titular principal,1,2021-08-04,
CU001561,CL003061,Titular principal,1,2025-10-27,
CU001562,CL001976,Titular principal,1,2022-01-08,
CU001563,CL000886,Titular principal,1,2023-02-20,
CU001564,CL004037,Titular principal,1,2024-11-18,
CU001565,CL001635,Titular principal,1,2023-10-05,
CU001566,CL001014,Titular principal,1,2025-05-19,
CU001567,CL004101,Titular principal,1,2022-07-28,
CU001568,CL004388,Titular principal,1,2025-05-23,
CU001569,CL001524,Titular principal,1,2019-10-27,
CU001570,CL001928,Titular principal,1,2023-11-24,
CU001571,CL003239,Titular principal,1,2019-03-29,
CU001572,CL000332,Titular principal,1,2019-11-29,
CU001573,CL003429,Titular principal,1,2023-08-14,
CU001574,CL004113,Titular principal,1,2024-11-28,
CU001575,CL001858,Titular principal,1,2023-12-28,
CU001576,CL000886,Titular principal,1,2021-07-07,
CU001577,CL000472,Titular principal,1,2022-11-06,
CU001578,CL000718,Titular principal,1,2024-11-02,
CU001579,CL001402,Titular principal,1,2019-09-09,
CU001580,CL001994,Titular principal,1,2020-02-27,
CU001581,CL002754,Titular principal,1,2023-02-18,
CU001582,CL003240,Titular principal,1,2023-10-23,
CU001583,CL001323,Titular principal,1,2020-11-30,
CU001584,CL000335,Titular principal,1,2024-08-18,
CU001585,CL000489,Titular principal,0.6,2024-01-05,
CU001585,CL002588,Cotitular,0.4,2024-01-05,
CU001586,CL003908,Titular principal,1,2023-08-29,
CU001587,CL003677,Titular principal,1,2023-11-06,
CU001588,CL000232,Titular principal,1,2022-05-03,
CU001589,CL004046,Titular principal,1,2023-03-25,
CU001590,CL003783,Titular principal,1,2024-05-25,
CU001591,CL004488,Titular principal,1,2019-12-24,
CU001592,CL004316,Titular principal,1,2022-07-12,
CU001593,CL002866,Titular principal,1,2019-03-12,
CU001594,CL001272,Titular principal,1,2023-05-03,
CU001595,CL001618,Titular principal,1,2022-12-10,
CU001596,CL003230,Titular principal,1,2019-10-30,
CU001597,CL001872,Titular principal,1,2021-03-23,
CU001598,CL001357,Titular principal,1,2023-04-27,
CU001599,CL003091,Titular principal,1,2021-09-02,
CU001600,CL004312,Titular principal,1,2025-08-22,
CU001601,CL000467,Titular principal,1,2025-08-22,
CU001602,CL001039,Titular principal,1,2024-10-04,
CU001603,CL001919,Titular principal,1,2025-11-01,
CU001604,CL004146,Titular principal,1,2024-10-31,
CU001605,CL003646,Titular principal,1,2019-07-18,
CU001606,CL003984,Titular principal,1,2024-01-29,
CU001607,CL001409,Titular principal,1,2021-12-19,
CU001608,CL003746,Titular principal,1,2023-12-17,
CU001609,CL000688,Titular principal,1,2022-12-19,
CU001610,CL003381,Titular principal,1,2020-05-07,
CU001611,CL002356,Titular principal,1,2021-05-09,
CU001612,CL004160,Titular principal,1,2024-10-10,
CU001613,CL003197,Titular principal,1,2025-09-18,
CU001614,CL003187,Titular principal,1,2023-03-23,
CU001615,CL004398,Titular principal,1,2022-12-04,
CU001616,CL003164,Titular principal,0.6,2019-09-15,
CU001616,CL003493,Cotitular,0.4,2019-09-15,
CU001617,CL000055,Titular principal,1,2024-12-23,
CU001618,CL004261,Titular principal,1,2023-09-20,
CU001619,CL003810,Titular principal,1,2022-03-13,
CU001620,CL000526,Titular principal,1,2023-05-14,
CU001621,CL001716,Titular principal,1,2024-09-19,
CU001622,CL001961,Titular principal,1,2020-05-14,
CU001623,CL003023,Titular principal,1,2022-08-09,
CU001624,CL003874,Titular principal,1,2020-07-02,
CU001625,CL001887,Titular principal,1,2021-06-13,
CU001626,CL001135,Titular principal,1,2024-09-01,
CU001627,CL004101,Titular principal,0.6,2022-08-07,
CU001627,CL002753,Cotitular,0.4,2022-08-07,
CU001628,CL000241,Titular principal,1,2021-08-01,
CU001629,CL002093,Titular principal,1,2024-12-27,
CU001630,CL002877,Titular principal,1,2020-04-20,
CU001631,CL000362,Titular principal,1,2022-07-13,
CU001632,CL002481,Titular principal,1,2023-01-06,
CU001633,CL003849,Titular principal,1,2023-01-14,
CU001634,CL001309,Titular principal,1,2023-02-27,
CU001635,CL002675,Titular principal,1,2021-07-21,
CU001636,CL001348,Titular principal,0.6,2020-07-26,
CU001636,CL003174,Cotitular,0.4,2020-07-26,
CU001637,CL003883,Titular principal,1,2024-04-19,
CU001638,CL004010,Titular principal,1,2023-03-17,
CU001639,CL003171,Titular principal,1,2024-08-17,
CU001640,CL002738,Titular principal,0.6,2020-02-03,
CU001640,CL000187,Cotitular,0.4,2020-02-03,
CU001641,CL000774,Titular principal,1,2021-02-11,
CU001642,CL000582,Titular principal,1,2023-03-14,
CU001643,CL001763,Titular principal,1,2023-02-23,
CU001644,CL002445,Titular principal,1,2025-02-24,
CU001645,CL001578,Titular principal,1,2022-08-01,
CU001646,CL002904,Titular principal,1,2022-04-02,
CU001647,CL002487,Titular principal,1,2023-10-30,
CU001648,CL001879,Titular principal,1,2023-09-30,
CU001649,CL000731,Titular principal,0.6,2024-08-14,
CU001649,CL002527,Cotitular,0.4,2024-08-14,
CU001650,CL003626,Titular principal,1,2023-04-12,
CU001651,CL004371,Titular principal,1,2021-10-20,
CU001652,CL003747,Titular principal,1,2025-02-04,
CU001653,CL000772,Titular principal,1,2023-12-15,
CU001654,CL003352,Titular principal,1,2024-02-20,
CU001655,CL002034,Titular principal,1,2021-12-05,
CU001656,CL004061,Titular principal,1,2023-08-20,
CU001657,CL000611,Titular principal,1,2025-02-09,
CU001658,CL003796,Titular principal,1,2022-08-26,
CU001659,CL000144,Titular principal,1,2023-10-08,
CU001660,CL001169,Titular principal,1,2023-03-10,
CU001661,CL002332,Titular principal,1,2025-02-15,
CU001662,CL001196,Titular principal,1,2023-06-26,
CU001663,CL002654,Titular principal,1,2023-07-22,
CU001664,CL003555,Titular principal,1,2025-04-17,
CU001665,CL003684,Titular principal,0.6,2025-07-22,
CU001665,CL003585,Cotitular,0.4,2025-07-22,
CU001666,CL000716,Titular principal,1,2024-02-05,
CU001667,CL003634,Titular principal,1,2021-06-14,
CU001668,CL001576,Titular principal,1,2024-10-29,
CU001669,CL003989,Titular principal,1,2022-02-04,
CU001670,CL002495,Titular principal,1,2019-10-14,
CU001671,CL000892,Titular principal,0.6,2025-01-02,
CU001671,CL003693,Cotitular,0.4,2025-01-02,
CU001672,CL000712,Titular principal,1,2024-06-27,
CU001673,CL004242,Titular principal,1,2019-10-25,
CU001674,CL003802,Titular principal,1,2021-05-22,
CU001675,CL003337,Titular principal,1,2022-06-02,
CU001676,CL004316,Titular principal,1,2021-03-31,
CU001677,CL004301,Titular principal,1,2025-09-16,
CU001678,CL001974,Titular principal,1,2025-04-21,
CU001679,CL004447,Titular principal,1,2020-05-06,
CU001680,CL002216,Titular principal,1,2023-08-16,
CU001681,CL000421,Titular principal,1,2025-11-02,
CU001682,CL002474,Titular principal,1,2020-05-28,
CU001683,CL004440,Titular principal,1,2023-01-19,
CU001684,CL004500,Titular principal,0.6,2022-03-01,
CU001684,CL003322,Cotitular,0.4,2022-03-01,
CU001685,CL001232,Titular principal,1,2025-05-15,
CU001686,CL003195,Titular principal,1,2023-04-09,
CU001687,CL003572,Titular principal,1,2019-04-30,
CU001688,CL003293,Titular principal,1,2023-10-07,
CU001689,CL002588,Titular principal,1,2022-09-23,
CU001690,CL002724,Titular principal,1,2022-05-05,
CU001691,CL002526,Titular principal,1,2022-10-05,
CU001692,CL003623,Titular principal,1,2019-05-05,
CU001693,CL001083,Titular principal,1,2025-04-10,
CU001694,CL001258,Titular principal,1,2021-02-22,
CU001695,CL003800,Titular principal,1,2019-06-28,
CU001696,CL001313,Titular principal,1,2022-10-28,
CU001697,CL001932,Titular principal,1,2019-10-16,
CU001698,CL003052,Titular principal,1,2022-08-13,
CU001699,CL004354,Titular principal,1,2023-08-11,
CU001700,CL000015,Titular principal,0.6,2022-04-27,
CU001700,CL004306,Cotitular,0.4,2022-04-27,
CU001701,CL001572,Titular principal,1,2021-08-22,
CU001702,CL000767,Titular principal,1,2024-09-15,
CU001703,CL004348,Titular principal,1,2023-01-13,
CU001704,CL003686,Titular principal,1,2021-08-16,
CU001705,CL001145,Titular principal,1,2024-02-07,
CU001706,CL000149,Titular principal,1,2024-03-23,
CU001707,CL004024,Titular principal,1,2023-10-16,
CU001708,CL002909,Titular principal,1,2022-02-11,
CU001709,CL000897,Titular principal,1,2022-02-22,
CU001710,CL004455,Titular principal,1,2024-04-21,
CU001711,CL000997,Titular principal,0.6,2025-08-31,
CU001711,CL001496,Cotitular,0.4,2025-08-31,
CU001712,CL001169,Titular principal,1,2021-04-08,
CU001713,CL001817,Titular principal,1,2023-01-23,
CU001714,CL002138,Titular principal,1,2019-11-13,
CU001715,CL000708,Titular principal,1,2025-08-12,
CU001716,CL003747,Titular principal,1,2023-01-30,
CU001717,CL002660,Titular principal,1,2019-11-27,
CU001718,CL004046,Titular principal,1,2022-01-05,
CU001719,CL003394,Titular principal,1,2023-09-09,
CU001720,CL003250,Titular principal,1,2021-01-31,
CU001721,CL001830,Titular principal,1,2025-01-11,
CU001722,CL000193,Titular principal,1,2023-03-29,
CU001723,CL001620,Titular principal,0.6,2024-09-22,
CU001723,CL002544,Cotitular,0.4,2024-09-22,
CU001724,CL002467,Titular principal,1,2023-01-06,
CU001725,CL003696,Titular principal,1,2022-05-09,
CU001726,CL001761,Titular principal,1,2024-02-11,
CU001727,CL001188,Titular principal,1,2024-05-09,
CU001728,CL003459,Titular principal,1,2024-05-11,
CU001729,CL002834,Titular principal,1,2021-09-19,
CU001730,CL000444,Titular principal,1,2020-07-06,
CU001731,CL002844,Titular principal,1,2020-12-30,
CU001732,CL001560,Titular principal,1,2020-10-21,
CU001733,CL004111,Titular principal,1,2024-08-18,
CU001734,CL000488,Titular principal,1,2025-11-21,
CU001735,CL002787,Titular principal,1,2022-04-22,
CU001736,CL001606,Titular principal,1,2025-08-18,
CU001737,CL001642,Titular principal,1,2022-10-15,
CU001738,CL001713,Titular principal,0.6,2021-08-29,
CU001738,CL001028,Cotitular,0.4,2021-08-29,
CU001739,CL003845,Titular principal,1,2025-11-01,
CU001740,CL001485,Titular principal,1,2019-10-01,
CU001741,CL002167,Titular principal,1,2022-01-15,
CU001742,CL003609,Titular principal,1,2025-11-24,
CU001743,CL002697,Titular principal,1,2023-12-05,
CU001744,CL002275,Titular principal,1,2023-09-19,
CU001745,CL003817,Titular principal,0.6,2021-07-08,
CU001745,CL000650,Cotitular,0.4,2021-07-08,
CU001746,CL002067,Titular principal,1,2022-03-11,
CU001747,CL002706,Titular principal,1,2024-02-22,
CU001748,CL002962,Titular principal,1,2025-08-07,
CU001749,CL000651,Titular principal,1,2021-01-04,
CU001750,CL001372,Titular principal,1,2021-12-23,
CU001751,CL001316,Titular principal,0.6,2025-10-07,
CU001751,CL002514,Cotitular,0.4,2025-10-07,
CU001752,CL000468,Titular principal,1,2022-07-08,
CU001753,CL002190,Titular principal,1,2022-06-16,
CU001754,CL002657,Titular principal,1,2020-09-14,
CU001755,CL003686,Titular principal,1,2022-03-19,
CU001756,CL002223,Titular principal,0.6,2023-07-15,
CU001756,CL000867,Cotitular,0.4,2023-07-15,
CU001757,CL000593,Titular principal,0.6,2025-03-21,
CU001757,CL000654,Cotitular,0.4,2025-03-21,
CU001758,CL000113,Titular principal,1,2020-07-24,
CU001759,CL001555,Titular principal,1,2023-05-01,
CU001760,CL001026,Titular principal,1,2021-10-03,
CU001761,CL002412,Titular principal,1,2025-01-05,
CU001762,CL000995,Titular principal,1,2023-07-25,
CU001763,CL004077,Titular principal,1,2024-09-27,
CU001764,CL001074,Titular principal,1,2021-08-15,
CU001765,CL001795,Titular principal,0.6,2024-06-06,
CU001765,CL001540,Cotitular,0.4,2024-06-06,
CU001766,CL004365,Titular principal,1,2021-06-18,
CU001767,CL003671,Titular principal,1,2025-02-26,
CU001768,CL004232,Titular principal,1,2021-09-06,
CU001769,CL001497,Titular principal,1,2023-03-16,
CU001770,CL002454,Titular principal,1,2022-04-24,
CU001771,CL003539,Titular principal,1,2024-02-24,
CU001772,CL001777,Titular principal,1,2023-01-07,
CU001773,CL001246,Titular principal,1,2025-04-30,
CU001774,CL000302,Titular principal,1,2021-06-22,
CU001775,CL003780,Titular principal,0.6,2019-02-12,
CU001775,CL001934,Cotitular,0.4,2019-02-12,
CU001776,CL001564,Titular principal,1,2022-06-19,
CU001777,CL000727,Titular principal,1,2022-06-09,
CU001778,CL001837,Titular principal,1,2021-10-31,
CU001779,CL001810,Titular principal,1,2020-05-22,
CU001780,CL004181,Titular principal,1,2021-12-21,
CU001781,CL000025,Titular principal,1,2025-06-27,
CU001782,CL003423,Titular principal,1,2023-12-23,
CU001783,CL001753,Titular principal,1,2021-09-27,
CU001784,CL003449,Titular principal,1,2025-05-25,
CU001785,CL004227,Titular principal,1,2019-01-06,
CU001786,CL002296,Titular principal,1,2020-08-01,
CU001787,CL002535,Titular principal,1,2024-04-16,
CU001788,CL004105,Titular principal,1,2019-07-10,
CU001789,CL000873,Titular principal,1,2022-03-17,
CU001790,CL003711,Titular principal,1,2023-07-11,
CU001791,CL000069,Titular principal,1,2021-02-02,
CU001792,CL003725,Titular principal,1,2024-07-10,
CU001793,CL004030,Titular principal,1,2024-12-30,
CU001794,CL000344,Titular principal,1,2023-07-11,
CU001795,CL001241,Titular principal,1,2025-03-11,
CU001796,CL002285,Titular principal,1,2023-11-08,
CU001797,CL001778,Titular principal,1,2024-12-14,
CU001798,CL000208,Titular principal,1,2022-01-26,
CU001799,CL002631,Titular principal,1,2023-08-22,
CU001800,CL004305,Titular principal,1,2024-10-10,
CU001801,CL003360,Titular principal,1,2023-09-02,
CU001802,CL003102,Titular principal,1,2024-06-06,
CU001803,CL002790,Titular principal,1,2019-12-26,
CU001804,CL002072,Titular principal,1,2022-12-26,
CU001805,CL003658,Titular principal,1,2024-03-16,
CU001806,CL003339,Titular principal,0.6,2025-11-23,
CU001806,CL000151,Cotitular,0.4,2025-11-23,
CU001807,CL000922,Titular principal,1,2024-01-25,
CU001808,CL000070,Titular principal,1,2021-11-14,
CU001809,CL003696,Titular principal,0.6,2024-02-12,
CU001809,CL001136,Cotitular,0.4,2024-02-12,
CU001810,CL000273,Titular principal,0.6,2025-06-09,
CU001810,CL003483,Cotitular,0.4,2025-06-09,
CU001811,CL003058,Titular principal,1,2021-11-28,
CU001812,CL000490,Titular principal,1,2025-05-05,
CU001813,CL000743,Titular principal,1,2021-07-06,
CU001814,CL001908,Titular principal,1,2019-02-26,
CU001815,CL002435,Titular principal,1,2021-04-02,
CU001816,CL003904,Titular principal,1,2022-07-13,
CU001817,CL004215,Titular principal,1,2025-07-06,
CU001818,CL003081,Titular principal,1,2020-10-06,
CU001819,CL000504,Titular principal,1,2024-02-07,
CU001820,CL002943,Titular principal,1,2024-04-11,
CU001821,CL000459,Titular principal,1,2023-05-31,
CU001822,CL002019,Titular principal,1,2023-04-30,
CU001823,CL000534,Titular principal,1,2025-10-30,
CU001824,CL001494,Titular principal,1,2023-05-01,
CU001825,CL000793,Titular principal,1,2022-10-18,
CU001826,CL004046,Titular principal,1,2020-03-02,
CU001827,CL000091,Titular principal,1,2024-11-02,
CU001828,CL001523,Titular principal,0.6,2025-10-23,
CU001828,CL001396,Cotitular,0.4,2025-10-23,
CU001829,CL003814,Titular principal,1,2023-10-26,
CU001830,CL001931,Titular principal,1,2023-08-16,
CU001831,CL000235,Titular principal,1,2025-08-31,
CU001832,CL001121,Titular principal,1,2021-08-16,
CU001833,CL003406,Titular principal,1,2025-09-19,
CU001834,CL003118,Titular principal,0.6,2024-11-29,
CU001834,CL003332,Cotitular,0.4,2024-11-29,
CU001835,CL000652,Titular principal,1,2022-05-02,
CU001836,CL001825,Titular principal,1,2025-01-16,
CU001837,CL003646,Titular principal,1,2023-05-08,
CU001838,CL003844,Titular principal,1,2021-03-30,
CU001839,CL003447,Titular principal,1,2025-03-07,
CU001840,CL003962,Titular principal,1,2023-09-13,
CU001841,CL000043,Titular principal,1,2022-11-30,
CU001842,CL003690,Titular principal,1,2022-08-04,
CU001843,CL001930,Titular principal,1,2025-07-21,
CU001844,CL002241,Titular principal,1,2024-03-28,
CU001845,CL002726,Titular principal,1,2023-09-15,
CU001846,CL003447,Titular principal,1,2022-09-18,
CU001847,CL002931,Titular principal,1,2019-07-30,
CU001848,CL001542,Titular principal,1,2022-06-28,
CU001849,CL002670,Titular principal,1,2020-11-19,
CU001850,CL001788,Titular principal,1,2023-03-02,
CU001851,CL001073,Titular principal,1,2020-08-12,
CU001852,CL001435,Titular principal,1,2021-10-07,
CU001853,CL001580,Titular principal,1,2023-09-04,
CU001854,CL003596,Titular principal,1,2023-11-09,
CU001855,CL001639,Titular principal,1,2022-01-07,
CU001856,CL001909,Titular principal,1,2021-12-16,
CU001857,CL002075,Titular principal,0.6,2023-08-18,
CU001857,CL000442,Cotitular,0.4,2023-08-18,
CU001858,CL002741,Titular principal,1,2020-10-18,
CU001859,CL003090,Titular principal,1,2022-04-21,
CU001860,CL001882,Titular principal,1,2022-01-07,
CU001861,CL003913,Titular principal,1,2025-08-05,
CU001862,CL002246,Titular principal,1,2023-01-06,
CU001863,CL002816,Titular principal,1,2023-02-28,
CU001864,CL003963,Titular principal,1,2025-07-10,
CU001865,CL004329,Titular principal,1,2023-04-27,
CU001866,CL000045,Titular principal,1,2024-01-14,
CU001867,CL001053,Titular principal,1,2023-12-08,
CU001868,CL001628,Titular principal,1,2023-04-07,
CU001869,CL003985,Titular principal,1,2021-05-01,
CU001870,CL002616,Titular principal,1,2020-03-11,
CU001871,CL000746,Titular principal,1,2024-04-01,
CU001872,CL001465,Titular principal,1,2020-04-30,
CU001873,CL002560,Titular principal,1,2021-06-01,
CU001874,CL002153,Titular principal,0.6,2024-12-26,
CU001874,CL000325,Cotitular,0.4,2024-12-26,
CU001875,CL001488,Titular principal,1,2021-06-21,
CU001876,CL001189,Titular principal,1,2020-10-14,
CU001877,CL004160,Titular principal,1,2020-12-30,
CU001878,CL002525,Titular principal,1,2024-05-03,
CU001879,CL000360,Titular principal,1,2024-10-05,
CU001880,CL003918,Titular principal,1,2019-06-12,
CU001881,CL002794,Titular principal,1,2022-09-12,
CU001882,CL000884,Titular principal,1,2025-03-06,
CU001883,CL002466,Titular principal,1,2023-06-08,
CU001884,CL003817,Titular principal,1,2019-01-26,
CU001885,CL004221,Titular principal,1,2024-06-26,
CU001886,CL002513,Titular principal,0.6,2021-05-02,
CU001886,CL002826,Cotitular,0.4,2021-05-02,
CU001887,CL001195,Titular principal,1,2024-10-09,
CU001888,CL002737,Titular principal,1,2020-10-12,
CU001889,CL003302,Titular principal,1,2021-04-08,
CU001890,CL000355,Titular principal,1,2023-09-19,
CU001891,CL004293,Titular principal,1,2023-09-17,
CU001892,CL002098,Titular principal,1,2020-06-21,
CU001893,CL001466,Titular principal,1,2025-11-27,
CU001894,CL003662,Titular principal,0.6,2022-12-10,
CU001894,CL001702,Cotitular,0.4,2022-12-10,
CU001895,CL002338,Titular principal,1,2019-08-24,
CU001896,CL000396,Titular principal,1,2020-11-21,
CU001897,CL002285,Titular principal,1,2024-01-23,
CU001898,CL002547,Titular principal,1,2023-04-18,
CU001899,CL000758,Titular principal,1,2022-04-15,
CU001900,CL003998,Titular principal,1,2021-07-13,
CU001901,CL002696,Titular principal,1,2024-11-17,
CU001902,CL004178,Titular principal,1,2024-06-04,
CU001903,CL002988,Titular principal,0.6,2020-09-11,
CU001903,CL003026,Cotitular,0.4,2020-09-11,
CU001904,CL003984,Titular principal,1,2024-08-15,
CU001905,CL001029,Titular principal,1,2023-10-04,
CU001906,CL004285,Titular principal,1,2021-04-04,
CU001907,CL000900,Titular principal,1,2024-01-27,
CU001908,CL001985,Titular principal,0.6,2024-08-23,
CU001908,CL001351,Cotitular,0.4,2024-08-23,
CU001909,CL001354,Titular principal,1,2021-04-01,
CU001910,CL003622,Titular principal,1,2020-07-25,
CU001911,CL004438,Titular principal,1,2023-01-10,
CU001912,CL001306,Titular principal,1,2020-03-07,
CU001913,CL001830,Titular principal,1,2019-11-30,
CU001914,CL002187,Titular principal,1,2021-08-26,
CU001915,CL001200,Titular principal,1,2025-07-03,
CU001916,CL003934,Titular principal,1,2023-04-17,
CU001917,CL001336,Titular principal,1,2023-04-16,
CU001918,CL002259,Titular principal,1,2025-04-26,
CU001919,CL001866,Titular principal,1,2023-10-12,
CU001920,CL004230,Titular principal,1,2022-12-28,
CU001921,CL002269,Titular principal,1,2019-11-06,
CU001922,CL000509,Titular principal,1,2020-02-07,
CU001923,CL002576,Titular principal,1,2022-05-28,
CU001924,CL002037,Titular principal,1,2021-04-08,
CU001925,CL001113,Titular principal,1,2022-08-18,
CU001926,CL002891,Titular principal,1,2020-09-10,
CU001927,CL003526,Titular principal,1,2025-10-21,
CU001928,CL000615,Titular principal,1,2024-05-28,
CU001929,CL003000,Titular principal,1,2025-11-19,
CU001930,CL001175,Titular principal,1,2023-02-12,
CU001931,CL001309,Titular principal,1,2020-03-24,
CU001932,CL001643,Titular principal,1,2023-08-01,
CU001933,CL000444,Titular principal,1,2021-02-01,
CU001934,CL001401,Titular principal,1,2020-10-09,
CU001935,CL001150,Titular principal,0.6,2021-06-14,
CU001935,CL004085,Cotitular,0.4,2021-06-14,
CU001936,CL000724,Titular principal,1,2020-06-21,
CU001937,CL002543,Titular principal,1,2025-08-28,
CU001938,CL002315,Titular principal,1,2023-02-03,
CU001939,CL002910,Titular principal,1,2024-08-23,
CU001940,CL000928,Titular principal,1,2025-10-03,
CU001941,CL001099,Titular principal,1,2021-11-28,
CU001942,CL002607,Titular principal,1,2020-03-23,
CU001943,CL000816,Titular principal,1,2019-10-26,
CU001944,CL001545,Titular principal,1,2024-11-26,
CU001945,CL003143,Titular principal,1,2019-07-25,
CU001946,CL003809,Titular principal,0.6,2022-04-30,
CU001946,CL004096,Cotitular,0.4,2022-04-30,
CU001947,CL002333,Titular principal,1,2023-04-29,
CU001948,CL000972,Titular principal,1,2020-08-12,
CU001949,CL000660,Titular principal,1,2024-09-11,
CU001950,CL002377,Titular principal,1,2021-02-10,
CU001951,CL001814,Titular principal,0.6,2021-01-24,
CU001951,CL002101,Cotitular,0.4,2021-01-24,
CU001952,CL002396,Titular principal,1,2020-11-06,
CU001953,CL000386,Titular principal,1,2024-10-17,
CU001954,CL002705,Titular principal,1,2025-10-19,
CU001955,CL000679,Titular principal,1,2024-10-29,
CU001956,CL003598,Titular principal,1,2021-03-17,
CU001957,CL004462,Titular principal,1,2019-05-16,
CU001958,CL001528,Titular principal,1,2021-08-04,
CU001959,CL002460,Titular principal,1,2019-10-06,
CU001960,CL004087,Titular principal,1,2023-10-19,
CU001961,CL002470,Titular principal,1,2024-02-10,
CU001962,CL001782,Titular principal,1,2020-03-27,
CU001963,CL001983,Titular principal,1,2025-04-15,
CU001964,CL000813,Titular principal,1,2022-10-03,
CU001965,CL000456,Titular principal,1,2020-03-20,
CU001966,CL001165,Titular principal,1,2021-11-09,
CU001967,CL003382,Titular principal,1,2021-07-22,
CU001968,CL003953,Titular principal,1,2021-03-08,
CU001969,CL000775,Titular principal,1,2023-09-12,
CU001970,CL004322,Titular principal,1,2025-09-17,
CU001971,CL000060,Titular principal,1,2020-04-20,
CU001972,CL001636,Titular principal,1,2023-10-24,
CU001973,CL001512,Titular principal,1,2025-07-05,
CU001974,CL000422,Titular principal,1,2024-06-29,
CU001975,CL003926,Titular principal,1,2021-06-23,
CU001976,CL003986,Titular principal,1,2024-04-06,
CU001977,CL003638,Titular principal,1,2020-08-29,
CU001978,CL003594,Titular principal,1,2023-10-29,
CU001979,CL003225,Titular principal,1,2021-06-22,
CU001980,CL003423,Titular principal,1,2023-01-19,
CU001981,CL000913,Titular principal,1,2020-11-26,
CU001982,CL003548,Titular principal,1,2024-02-27,
CU001983,CL003299,Titular principal,1,2023-02-19,
CU001984,CL000374,Titular principal,1,2021-05-20,
CU001985,CL000950,Titular principal,1,2023-01-02,
CU001986,CL004454,Titular principal,1,2023-05-11,
CU001987,CL003719,Titular principal,1,2022-09-03,
CU001988,CL001413,Titular principal,1,2021-12-07,
CU001989,CL002163,Titular principal,1,2025-01-14,
CU001990,CL003209,Titular principal,1,2023-12-17,
CU001991,CL003550,Titular principal,1,2019-09-22,
CU001992,CL004400,Titular principal,1,2024-07-22,
CU001993,CL002712,Titular principal,1,2022-12-28,
CU001994,CL004380,Titular principal,1,2020-02-19,
CU001995,CL002625,Titular principal,1,2025-01-14,
CU001996,CL004311,Titular principal,1,2025-10-23,
CU001997,CL001458,Titular principal,1,2022-09-04,
CU001998,CL003826,Titular principal,1,2022-10-14,
CU001999,CL003761,Titular principal,1,2025-07-16,
CU002000,CL002560,Titular principal,1,2023-04-24,
CU002001,CL000506,Titular principal,0.6,2024-08-06,
CU002001,CL002856,Cotitular,0.4,2024-08-06,
CU002002,CL001827,Titular principal,1,2022-05-16,
CU002003,CL003023,Titular principal,1,2023-11-28,
CU002004,CL004398,Titular principal,1,2022-11-18,
CU002005,CL003462,Titular principal,1,2024-03-29,
CU002006,CL001498,Titular principal,1,2019-12-10,
CU002007,CL004459,Titular principal,1,2024-01-30,
CU002008,CL003437,Titular principal,1,2021-12-04,
CU002009,CL000144,Titular principal,1,2024-12-01,
CU002010,CL001053,Titular principal,1,2024-04-11,
CU002011,CL001578,Titular principal,1,2023-02-06,
CU002012,CL001659,Titular principal,1,2023-12-15,
CU002013,CL003559,Titular principal,1,2024-04-19,
CU002014,CL003570,Titular principal,1,2022-04-30,
CU002015,CL001926,Titular principal,1,2025-06-10,
CU002016,CL002594,Titular principal,1,2021-10-09,
CU002017,CL002107,Titular principal,1,2025-06-24,
CU002018,CL000313,Titular principal,0.6,2021-06-25,
CU002018,CL000285,Cotitular,0.4,2021-06-25,
CU002019,CL001190,Titular principal,1,2021-05-10,
CU002020,CL003574,Titular principal,1,2020-06-28,
CU002021,CL004160,Titular principal,1,2021-01-18,
CU002022,CL004463,Titular principal,1,2021-09-22,
CU002023,CL004336,Titular principal,1,2021-12-11,
CU002024,CL000086,Titular principal,0.6,2025-02-20,
CU002024,CL003729,Cotitular,0.4,2025-02-20,
CU002025,CL000076,Titular principal,1,2024-03-30,
CU002026,CL003506,Titular principal,1,2023-09-05,
CU002027,CL002530,Titular principal,1,2025-08-04,
CU002028,CL001201,Titular principal,1,2020-06-20,
CU002029,CL002402,Titular principal,1,2023-01-21,
CU002030,CL003895,Titular principal,1,2019-04-11,
CU002031,CL004486,Titular principal,1,2023-11-01,
CU002032,CL002343,Titular principal,1,2022-03-16,
CU002033,CL004463,Titular principal,1,2023-03-11,
CU002034,CL000670,Titular principal,1,2021-10-18,
CU002035,CL002819,Titular principal,1,2024-05-03,
CU002036,CL001969,Titular principal,1,2022-10-01,
CU002037,CL001730,Titular principal,1,2024-04-18,
CU002038,CL001876,Titular principal,1,2023-10-15,
CU002039,CL003962,Titular principal,1,2022-07-29,
CU002040,CL002147,Titular principal,1,2023-10-22,
CU002041,CL003208,Titular principal,0.6,2024-10-01,
CU002041,CL002379,Cotitular,0.4,2024-10-01,
CU002042,CL002776,Titular principal,1,2025-05-04,
CU002043,CL002370,Titular principal,1,2023-02-22,
CU002044,CL000866,Titular principal,1,2020-08-14,
CU002045,CL003406,Titular principal,1,2021-08-08,
CU002046,CL003520,Titular principal,1,2022-11-30,
CU002047,CL000751,Titular principal,1,2025-07-20,
CU002048,CL003736,Titular principal,1,2024-05-07,
CU002049,CL003090,Titular principal,1,2025-10-16,
CU002050,CL003397,Titular principal,1,2024-03-19,
CU002051,CL000559,Titular principal,1,2020-08-05,
CU002052,CL001311,Titular principal,1,2019-11-13,
CU002053,CL000666,Titular principal,1,2023-12-24,
CU002054,CL001808,Titular principal,1,2022-12-28,
CU002055,CL003745,Titular principal,1,2024-07-03,
CU002056,CL002778,Titular principal,1,2023-08-11,
CU002057,CL002016,Titular principal,1,2019-07-18,
CU002058,CL000741,Titular principal,1,2022-07-27,
CU002059,CL000551,Titular principal,1,2025-10-06,
CU002060,CL003341,Titular principal,1,2022-08-01,
CU002061,CL002399,Titular principal,1,2023-01-16,
CU002062,CL004264,Titular principal,1,2019-11-15,
CU002063,CL003421,Titular principal,1,2023-05-06,
CU002064,CL001968,Titular principal,1,2025-05-15,
CU002065,CL001095,Titular principal,1,2018-12-13,
CU002066,CL000546,Titular principal,1,2025-06-26,
CU002067,CL000791,Titular principal,1,2021-12-14,
CU002068,CL001439,Titular principal,1,2025-11-21,
CU002069,CL001043,Titular principal,1,2023-01-15,
CU002070,CL004073,Titular principal,1,2020-09-18,
CU002071,CL003266,Titular principal,1,2025-05-23,
CU002072,CL002196,Titular principal,1,2024-10-15,
CU002073,CL002304,Titular principal,1,2024-05-20,
CU002074,CL003430,Titular principal,1,2024-03-29,
CU002075,CL001563,Titular principal,1,2025-04-10,
CU002076,CL000916,Titular principal,1,2021-09-27,
CU002077,CL003379,Titular principal,1,2025-10-28,
CU002078,CL000212,Titular principal,1,2020-07-02,
CU002079,CL002703,Titular principal,1,2023-01-02,
CU002080,CL003352,Titular principal,1,2024-10-11,
CU002081,CL002772,Titular principal,1,2022-06-30,
CU002082,CL000465,Titular principal,1,2023-09-24,
CU002083,CL003834,Titular principal,1,2021-01-24,
CU002084,CL003601,Titular principal,1,2021-06-19,
CU002085,CL000723,Titular principal,1,2022-07-27,
CU002086,CL000623,Titular principal,1,2023-12-30,
CU002087,CL001814,Titular principal,1,2024-02-08,
CU002088,CL001127,Titular principal,1,2022-04-15,
CU002089,CL002073,Titular principal,1,2023-10-08,
CU002090,CL000784,Titular principal,1,2023-08-10,
CU002091,CL003698,Titular principal,1,2025-01-11,
CU002092,CL003495,Titular principal,1,2024-08-14,
CU002093,CL001116,Titular principal,1,2022-11-30,
CU002094,CL001129,Titular principal,1,2019-11-17,
CU002095,CL004183,Titular principal,1,2023-11-27,
CU002096,CL002437,Titular principal,1,2025-09-01,
CU002097,CL001385,Titular principal,1,2021-05-31,
CU002098,CL002597,Titular principal,1,2020-08-18,
CU002099,CL003299,Titular principal,1,2024-09-14,
CU002100,CL003811,Titular principal,1,2022-02-16,
CU002101,CL000942,Titular principal,1,2022-07-04,
CU002102,CL000738,Titular principal,0.6,2023-02-14,
CU002102,CL003054,Cotitular,0.4,2023-02-14,
CU002103,CL003703,Titular principal,1,2024-10-16,
CU002104,CL003669,Titular principal,1,2023-10-19,
CU002105,CL003084,Titular principal,0.6,2024-03-25,
CU002105,CL002865,Cotitular,0.4,2024-03-25,
CU002106,CL002122,Titular principal,1,2023-11-27,
CU002107,CL000775,Titular principal,1,2021-02-28,
CU002108,CL000323,Titular principal,1,2025-06-05,
CU002109,CL003902,Titular principal,1,2024-08-24,
CU002110,CL003025,Titular principal,1,2025-10-07,
CU002111,CL003092,Titular principal,1,2023-05-11,
CU002112,CL001530,Titular principal,1,2022-05-15,
CU002113,CL002075,Titular principal,1,2022-09-22,
CU002114,CL003315,Titular principal,1,2021-09-01,
CU002115,CL004038,Titular principal,1,2024-01-16,
CU002116,CL001050,Titular principal,1,2025-10-22,
CU002117,CL001823,Titular principal,1,2019-12-30,
CU002118,CL002672,Titular principal,1,2020-10-05,
CU002119,CL004205,Titular principal,1,2020-10-23,
CU002120,CL003472,Titular principal,1,2021-11-13,
CU002121,CL001358,Titular principal,1,2025-11-04,
CU002122,CL004286,Titular principal,1,2020-10-01,
CU002123,CL002170,Titular principal,1,2025-09-25,
CU002124,CL002758,Titular principal,1,2023-05-03,
CU002125,CL001359,Titular principal,1,2025-03-23,
CU002126,CL001964,Titular principal,0.6,2024-05-17,
CU002126,CL004233,Cotitular,0.4,2024-05-17,
CU002127,CL000633,Titular principal,1,2025-03-13,
CU002128,CL003458,Titular principal,1,2024-02-27,
CU002129,CL001078,Titular principal,1,2020-04-17,
CU002130,CL002609,Titular principal,1,2022-05-07,
CU002131,CL002586,Titular principal,0.6,2023-08-05,
CU002131,CL003413,Cotitular,0.4,2023-08-05,
CU002132,CL002459,Titular principal,1,2020-09-23,
CU002133,CL001099,Titular principal,1,2025-03-04,
CU002134,CL001373,Titular principal,1,2023-04-12,
CU002135,CL003577,Titular principal,1,2023-12-09,
CU002136,CL004005,Titular principal,1,2019-11-28,
CU002137,CL001387,Titular principal,1,2025-02-17,
CU002138,CL000383,Titular principal,1,2019-12-09,
CU002139,CL001419,Titular principal,1,2022-07-11,
CU002140,CL001110,Titular principal,1,2023-05-13,
CU002141,CL001395,Titular principal,1,2021-10-26,
CU002142,CL001256,Titular principal,1,2023-11-30,
CU002143,CL003233,Titular principal,1,2021-10-22,
CU002144,CL001953,Titular principal,1,2023-03-17,
CU002145,CL002175,Titular principal,1,2025-03-08,
CU002146,CL000947,Titular principal,1,2025-07-13,
CU002147,CL002767,Titular principal,1,2025-01-16,
CU002148,CL001381,Titular principal,1,2022-03-01,
CU002149,CL003022,Titular principal,1,2022-06-14,
CU002150,CL003441,Titular principal,1,2023-02-22,
CU002151,CL001947,Titular principal,1,2025-03-30,
CU002152,CL001128,Titular principal,1,2025-06-24,
CU002153,CL004001,Titular principal,1,2021-10-16,
CU002154,CL002035,Titular principal,1,2023-07-02,
CU002155,CL000853,Titular principal,1,2025-11-03,
CU002156,CL002551,Titular principal,1,2022-11-19,
CU002157,CL004399,Titular principal,1,2020-08-31,
CU002158,CL000394,Titular principal,0.6,2020-06-28,
CU002158,CL003996,Cotitular,0.4,2020-06-28,
CU002159,CL002722,Titular principal,0.6,2020-08-12,
CU002159,CL000003,Cotitular,0.4,2020-08-12,
CU002160,CL003499,Titular principal,1,2025-04-26,
CU002161,CL003077,Titular principal,1,2024-05-12,
CU002162,CL002103,Titular principal,0.6,2024-05-01,
CU002162,CL001620,Cotitular,0.4,2024-05-01,
CU002163,CL003293,Titular principal,1,2023-10-12,
CU002164,CL004372,Titular principal,1,2023-04-11,
CU002165,CL001475,Titular principal,1,2019-10-20,
CU002166,CL004302,Titular principal,1,2021-12-12,
CU002167,CL000359,Titular principal,1,2019-11-08,
CU002168,CL001205,Titular principal,1,2021-04-10,
CU002169,CL002790,Titular principal,1,2025-07-18,
CU002170,CL002136,Titular principal,1,2022-05-30,
CU002171,CL001004,Titular principal,1,2023-10-04,
CU002172,CL000612,Titular principal,1,2019-07-06,
CU002173,CL002463,Titular principal,1,2022-04-02,
CU002174,CL001945,Titular principal,1,2022-10-01,
CU002175,CL003736,Titular principal,1,2020-02-19,
CU002176,CL001173,Titular principal,1,2023-04-26,
CU002177,CL004326,Titular principal,1,2023-07-28,
CU002178,CL004103,Titular principal,1,2024-05-14,
CU002179,CL001258,Titular principal,1,2019-09-20,
CU002180,CL000063,Titular principal,1,2019-09-27,
CU002181,CL002249,Titular principal,1,2024-04-18,
CU002182,CL002540,Titular principal,1,2024-03-07,
CU002183,CL001809,Titular principal,1,2022-07-28,
CU002184,CL001189,Titular principal,0.6,2023-07-31,
CU002184,CL000656,Cotitular,0.4,2023-07-31,
CU002185,CL001199,Titular principal,1,2023-10-23,
CU002186,CL000335,Titular principal,1,2025-03-15,
CU002187,CL003547,Titular principal,1,2021-09-30,
CU002188,CL003316,Titular principal,1,2020-04-17,
CU002189,CL001550,Titular principal,1,2022-07-06,
CU002190,CL003977,Titular principal,1,2025-11-23,
CU002191,CL002585,Titular principal,0.6,2022-01-21,
CU002191,CL003986,Cotitular,0.4,2022-01-21,
CU002192,CL001966,Titular principal,1,2021-05-18,
CU002193,CL003601,Titular principal,1,2025-11-09,
CU002194,CL004256,Titular principal,1,2023-05-16,
CU002195,CL002454,Titular principal,1,2025-04-28,
CU002196,CL000104,Titular principal,1,2024-10-26,
CU002197,CL003812,Titular principal,1,2021-11-15,
CU002198,CL003088,Titular principal,1,2024-08-12,
CU002199,CL000547,Titular principal,1,2024-08-16,
CU002200,CL001839,Titular principal,0.6,2023-01-23,
CU002200,CL002337,Cotitular,0.4,2023-01-23,
CU002201,CL001450,Titular principal,1,2020-08-29,
CU002202,CL000738,Titular principal,1,2023-05-19,
CU002203,CL001656,Titular principal,1,2022-02-18,
CU002204,CL004387,Titular principal,1,2025-05-07,
CU002205,CL000347,Titular principal,1,2023-01-04,
CU002206,CL001075,Titular principal,1,2022-04-08,
CU002207,CL003265,Titular principal,1,2025-01-21,
CU002208,CL001515,Titular principal,1,2022-09-16,
CU002209,CL000946,Titular principal,1,2023-11-28,
CU002210,CL001821,Titular principal,1,2024-12-17,
CU002211,CL001625,Titular principal,1,2025-03-14,
CU002212,CL002371,Titular principal,1,2024-01-13,
CU002213,CL001438,Titular principal,1,2019-09-10,
CU002214,CL003550,Titular principal,0.6,2022-02-13,
CU002214,CL004056,Cotitular,0.4,2022-02-13,
CU002215,CL003840,Titular principal,0.6,2024-04-20,
CU002215,CL004195,Cotitular,0.4,2024-04-20,
CU002216,CL000784,Titular principal,1,2023-08-01,
CU002217,CL003099,Titular principal,1,2025-05-27,
CU002218,CL003994,Titular principal,1,2021-11-19,
CU002219,CL001406,Titular principal,1,2025-05-26,
CU002220,CL002605,Titular principal,1,2022-06-24,
CU002221,CL002363,Titular principal,1,2025-05-05,
CU002222,CL001416,Titular principal,1,2025-11-04,
CU002223,CL002032,Titular principal,1,2024-07-18,
CU002224,CL002624,Titular principal,1,2022-12-24,
CU002225,CL003786,Titular principal,1,2025-05-11,
CU002226,CL003622,Titular principal,1,2021-03-31,
CU002227,CL003177,Titular principal,1,2025-05-10,
CU002228,CL002777,Titular principal,1,2020-01-31,
CU002229,CL002648,Titular principal,1,2019-03-02,
CU002230,CL000045,Titular principal,0.6,2024-06-10,
CU002230,CL003766,Cotitular,0.4,2024-06-10,
CU002231,CL003790,Titular principal,1,2020-01-24,
CU002232,CL000220,Titular principal,1,2023-01-06,
CU002233,CL003402,Titular principal,1,2022-11-05,
CU002234,CL002998,Titular principal,1,2022-04-29,
CU002235,CL001114,Titular principal,1,2019-07-03,
CU002236,CL002851,Titular principal,1,2022-10-09,
CU002237,CL000664,Titular principal,1,2019-06-25,
CU002238,CL002461,Titular principal,1,2021-12-31,
CU002239,CL003849,Titular principal,1,2023-05-09,
CU002240,CL003085,Titular principal,1,2020-07-19,
CU002241,CL003723,Titular principal,1,2023-03-18,
CU002242,CL004130,Titular principal,1,2025-03-09,
CU002243,CL002448,Titular principal,1,2021-05-09,
CU002244,CL002404,Titular principal,1,2022-10-23,
CU002245,CL003936,Titular principal,1,2025-02-15,
CU002246,CL001141,Titular principal,1,2024-02-12,
CU002247,CL000756,Titular principal,0.6,2021-11-14,
CU002247,CL002775,Cotitular,0.4,2021-11-14,
CU002248,CL003388,Titular principal,1,2022-03-25,
CU002249,CL001353,Titular principal,1,2023-02-14,
CU002250,CL002295,Titular principal,1,2024-01-10,
CU002251,CL001752,Titular principal,1,2020-11-11,
CU002252,CL002558,Titular principal,1,2021-09-19,
CU002253,CL003081,Titular principal,1,2023-01-12,
CU002254,CL003359,Titular principal,1,2022-09-23,
CU002255,CL004490,Titular principal,1,2022-03-19,
CU002256,CL003673,Titular principal,1,2020-08-26,
CU002257,CL001924,Titular principal,1,2025-08-27,
CU002258,CL000529,Titular principal,1,2024-08-07,
CU002259,CL001330,Titular principal,1,2022-11-02,
CU002260,CL004331,Titular principal,1,2024-12-27,
CU002261,CL004283,Titular principal,1,2024-12-14,
CU002262,CL003967,Titular principal,1,2020-09-08,
CU002263,CL000123,Titular principal,1,2024-03-16,
CU002264,CL002486,Titular principal,1,2019-09-11,
CU002265,CL002804,Titular principal,1,2020-04-13,
CU002266,CL004096,Titular principal,1,2021-02-20,
CU002267,CL002432,Titular principal,1,2021-10-16,
CU002268,CL004297,Titular principal,1,2023-04-24,
CU002269,CL001109,Titular principal,1,2024-06-22,
CU002270,CL001513,Titular principal,1,2025-07-18,
CU002271,CL003053,Titular principal,1,2024-12-29,
CU002272,CL000106,Titular principal,1,2019-09-22,
CU002273,CL003487,Titular principal,1,2023-03-16,
CU002274,CL000181,Titular principal,1,2019-07-17,
CU002275,CL004220,Titular principal,1,2022-05-18,
CU002276,CL000035,Titular principal,1,2025-06-13,
CU002277,CL002329,Titular principal,1,2025-08-05,
CU002278,CL003156,Titular principal,1,2024-06-23,
CU002279,CL003797,Titular principal,1,2019-12-12,
CU002280,CL004207,Titular principal,1,2025-11-16,
CU002281,CL000443,Titular principal,1,2019-07-05,
CU002282,CL001962,Titular principal,1,2021-12-29,
CU002283,CL003181,Titular principal,1,2020-12-01,
CU002284,CL004128,Titular principal,1,2023-08-03,
CU002285,CL002089,Titular principal,1,2024-10-09,
CU002286,CL003096,Titular principal,1,2025-10-16,
CU002287,CL003269,Titular principal,1,2024-10-29,
CU002288,CL000428,Titular principal,1,2025-02-21,
CU002289,CL003447,Titular principal,1,2020-09-27,
CU002290,CL001673,Titular principal,1,2025-01-29,
CU002291,CL000229,Titular principal,1,2024-09-28,
CU002292,CL004164,Titular principal,1,2025-04-26,
CU002293,CL000187,Titular principal,1,2018-12-07,
CU002294,CL000679,Titular principal,1,2025-07-11,
CU002295,CL001933,Titular principal,1,2024-01-05,
CU002296,CL001231,Titular principal,1,2023-08-12,
CU002297,CL001507,Titular principal,1,2021-10-16,
CU002298,CL000571,Titular principal,1,2024-10-29,
CU002299,CL002199,Titular principal,1,2021-12-02,
CU002300,CL002849,Titular principal,1,2022-10-03,
CU002301,CL000800,Titular principal,1,2022-07-28,
CU002302,CL002470,Titular principal,1,2024-11-26,
CU002303,CL001291,Titular principal,1,2023-03-16,
CU002304,CL001152,Titular principal,1,2025-04-18,
CU002305,CL002345,Titular principal,1,2023-06-09,
CU002306,CL001447,Titular principal,1,2025-05-23,
CU002307,CL001421,Titular principal,1,2023-04-26,
CU002308,CL003479,Titular principal,1,2022-01-22,
CU002309,CL001407,Titular principal,1,2025-11-09,
CU002310,CL004197,Titular principal,1,2025-07-25,
CU002311,CL003679,Titular principal,1,2024-01-14,
CU002312,CL001380,Titular principal,1,2020-05-27,
CU002313,CL002505,Titular principal,1,2023-08-04,
CU002314,CL003533,Titular principal,1,2025-10-17,
CU002315,CL000485,Titular principal,1,2022-07-13,
CU002316,CL002478,Titular principal,1,2024-07-10,
CU002317,CL001568,Titular principal,1,2025-06-07,
CU002318,CL002551,Titular principal,1,2022-12-04,
CU002319,CL001402,Titular principal,1,2023-05-27,
CU002320,CL000915,Titular principal,1,2021-03-02,
CU002321,CL001367,Titular principal,0.6,2022-10-13,
CU002321,CL003866,Cotitular,0.4,2022-10-13,
CU002322,CL000717,Titular principal,1,2021-08-05,
CU002323,CL003299,Titular principal,1,2023-06-19,
CU002324,CL002830,Titular principal,1,2024-07-08,
CU002325,CL001774,Titular principal,1,2019-08-30,
CU002326,CL003563,Titular principal,1,2022-05-23,
CU002327,CL003094,Titular principal,1,2023-10-29,
CU002328,CL001083,Titular principal,1,2024-10-19,
CU002329,CL002578,Titular principal,1,2025-11-03,
CU002330,CL004110,Titular principal,1,2023-01-05,
CU002331,CL002568,Titular principal,1,2021-07-03,
CU002332,CL004339,Titular principal,1,2022-12-03,
CU002333,CL002190,Titular principal,0.6,2023-11-13,
CU002333,CL000340,Cotitular,0.4,2023-11-13,
CU002334,CL002059,Titular principal,1,2022-12-26,
CU002335,CL000032,Titular principal,1,2021-02-20,
CU002336,CL001824,Titular principal,1,2021-07-21,
CU002337,CL004107,Titular principal,1,2024-02-18,
CU002338,CL002668,Titular principal,1,2022-03-31,
CU002339,CL001311,Titular principal,1,2022-07-02,
CU002340,CL003790,Titular principal,1,2020-12-12,
CU002341,CL001560,Titular principal,1,2018-12-21,
CU002342,CL000199,Titular principal,1,2024-11-12,
CU002343,CL002472,Titular principal,1,2019-07-10,
CU002344,CL000564,Titular principal,1,2025-08-03,
CU002345,CL001633,Titular principal,1,2019-08-04,
CU002346,CL003343,Titular principal,1,2022-11-22,
CU002347,CL004380,Titular principal,1,2024-09-05,
CU002348,CL003844,Titular principal,1,2021-08-01,
CU002349,CL003078,Titular principal,1,2020-07-16,
CU002350,CL001061,Titular principal,1,2022-12-11,
CU002351,CL001071,Titular principal,1,2023-04-22,
CU002352,CL001096,Titular principal,1,2025-11-07,
CU002353,CL003363,Titular principal,1,2019-05-12,
CU002354,CL002579,Titular principal,0.6,2024-12-07,
CU002354,CL002722,Cotitular,0.4,2024-12-07,
CU002355,CL003440,Titular principal,1,2021-01-08,
CU002356,CL003995,Titular principal,1,2021-03-22,
CU002357,CL000610,Titular principal,1,2023-05-26,
CU002358,CL001169,Titular principal,1,2020-04-05,
CU002359,CL002826,Titular principal,1,2023-09-10,
CU002360,CL003317,Titular principal,1,2025-08-01,
CU002361,CL002631,Titular principal,1,2019-08-23,
CU002362,CL003898,Titular principal,1,2025-09-13,
CU002363,CL001282,Titular principal,1,2024-07-27,
CU002364,CL000360,Titular principal,1,2024-08-31,
CU002365,CL001948,Titular principal,1,2020-03-30,
CU002366,CL004028,Titular principal,1,2024-01-19,
CU002367,CL004171,Titular principal,1,2024-09-06,
CU002368,CL002881,Titular principal,1,2019-04-03,
CU002369,CL002478,Titular principal,1,2022-10-23,
CU002370,CL002449,Titular principal,1,2025-09-08,
CU002371,CL001738,Titular principal,0.6,2024-12-16,
CU002371,CL004358,Cotitular,0.4,2024-12-16,
CU002372,CL001772,Titular principal,1,2021-03-21,
CU002373,CL002672,Titular principal,1,2023-07-02,
CU002374,CL000284,Titular principal,1,2019-05-17,
CU002375,CL000398,Titular principal,1,2024-04-11,
CU002376,CL003508,Titular principal,1,2023-07-25,
CU002377,CL000240,Titular principal,1,2024-09-15,
CU002378,CL002663,Titular principal,1,2022-09-07,
CU002379,CL003830,Titular principal,1,2019-09-16,
CU002380,CL000990,Titular principal,1,2025-07-29,
CU002381,CL000742,Titular principal,1,2022-08-22,
CU002382,CL000781,Titular principal,1,2025-09-29,
CU002383,CL001348,Titular principal,1,2023-04-27,
CU002384,CL000957,Titular principal,1,2025-08-25,
CU002385,CL003694,Titular principal,1,2021-07-30,
CU002386,CL002799,Titular principal,1,2020-05-26,
CU002387,CL001276,Titular principal,1,2025-03-09,
CU002388,CL004051,Titular principal,1,2024-03-08,
CU002389,CL001566,Titular principal,1,2018-12-16,
CU002390,CL002328,Titular principal,1,2021-08-09,
CU002391,CL001992,Titular principal,1,2022-06-28,
CU002392,CL003109,Titular principal,1,2021-10-06,
CU002393,CL004359,Titular principal,1,2021-05-09,
CU002394,CL002095,Titular principal,1,2023-01-21,
CU002395,CL000564,Titular principal,1,2019-02-16,
CU002396,CL000211,Titular principal,1,2023-08-21,
CU002397,CL002493,Titular principal,1,2024-05-22,
CU002398,CL000906,Titular principal,1,2024-01-17,
CU002399,CL002204,Titular principal,1,2023-02-19,
CU002400,CL003727,Titular principal,1,2024-06-12,
CU002401,CL002355,Titular principal,1,2021-08-12,
CU002402,CL001323,Titular principal,1,2022-12-17,
CU002403,CL004365,Titular principal,1,2022-08-31,
CU002404,CL001351,Titular principal,1,2024-05-10,
CU002405,CL003558,Titular principal,1,2020-10-23,
CU002406,CL004203,Titular principal,1,2023-01-23,
CU002407,CL003896,Titular principal,1,2022-07-01,
CU002408,CL001818,Titular principal,1,2022-07-31,
CU002409,CL004374,Titular principal,1,2025-10-19,
CU002410,CL004110,Titular principal,1,2021-06-29,
CU002411,CL003487,Titular principal,1,2023-06-03,
CU002412,CL004028,Titular principal,1,2025-04-20,
CU002413,CL004199,Titular principal,1,2020-12-17,
CU002414,CL003396,Titular principal,1,2024-08-06,
CU002415,CL004419,Titular principal,1,2023-07-13,
CU002416,CL003367,Titular principal,1,2023-08-29,
CU002417,CL002211,Titular principal,1,2023-09-06,
CU002418,CL003296,Titular principal,1,2022-04-20,
CU002419,CL003696,Titular principal,1,2023-10-16,
CU002420,CL004461,Titular principal,1,2023-11-03,
CU002421,CL000035,Titular principal,1,2021-09-03,
CU002422,CL000852,Titular principal,1,2023-08-03,
CU002423,CL001206,Titular principal,1,2025-09-02,
CU002424,CL001822,Titular principal,1,2024-04-16,
CU002425,CL003242,Titular principal,1,2021-01-14,
CU002426,CL001698,Titular principal,1,2022-09-11,
CU002427,CL002995,Titular principal,1,2023-08-14,
CU002428,CL002954,Titular principal,1,2024-09-23,
CU002429,CL002872,Titular principal,1,2020-09-23,
CU002430,CL000956,Titular principal,1,2021-05-25,
CU002431,CL003277,Titular principal,0.6,2023-07-30,
CU002431,CL003086,Cotitular,0.4,2023-07-30,
CU002432,CL001651,Titular principal,1,2021-07-17,
CU002433,CL002081,Titular principal,1,2023-04-01,
CU002434,CL003505,Titular principal,1,2022-12-07,
CU002435,CL003430,Titular principal,1,2024-02-07,
CU002436,CL001036,Titular principal,1,2023-01-12,
CU002437,CL001987,Titular principal,1,2022-03-02,
CU002438,CL000926,Titular principal,1,2025-07-12,
CU002439,CL002349,Titular principal,1,2025-01-14,
CU002440,CL001692,Titular principal,1,2019-05-20,
CU002441,CL004404,Titular principal,1,2024-11-29,
CU002442,CL000469,Titular principal,1,2023-09-14,
CU002443,CL001897,Titular principal,1,2025-07-18,
CU002444,CL003992,Titular principal,1,2022-05-14,
CU002445,CL000391,Titular principal,1,2025-07-11,
CU002446,CL001555,Titular principal,1,2024-02-09,
CU002447,CL001455,Titular principal,1,2025-02-07,
CU002448,CL000366,Titular principal,1,2025-07-20,
CU002449,CL001599,Titular principal,1,2022-07-26,
CU002450,CL001383,Titular principal,1,2022-07-08,
CU002451,CL000024,Titular principal,1,2022-10-24,
CU002452,CL001873,Titular principal,1,2021-11-26,
CU002453,CL001419,Titular principal,0.6,2024-01-14,
CU002453,CL001960,Cotitular,0.4,2024-01-14,
CU002454,CL003086,Titular principal,0.6,2025-08-18,
CU002454,CL001150,Cotitular,0.4,2025-08-18,
CU002455,CL002618,Titular principal,1,2020-11-20,
CU002456,CL003973,Titular principal,1,2022-11-02,
CU002457,CL003158,Titular principal,0.6,2025-08-18,
CU002457,CL001933,Cotitular,0.4,2025-08-18,
CU002458,CL000293,Titular principal,1,2025-03-06,
CU002459,CL001295,Titular principal,1,2025-03-03,
CU002460,CL000570,Titular principal,1,2020-06-17,
CU002461,CL000307,Titular principal,1,2024-10-09,
CU002462,CL000348,Titular principal,0.6,2023-05-08,
CU002462,CL000804,Cotitular,0.4,2023-05-08,
CU002463,CL001054,Titular principal,1,2024-06-15,
CU002464,CL004110,Titular principal,1,2023-03-12,
CU002465,CL004296,Titular principal,1,2025-06-03,
CU002466,CL001142,Titular principal,1,2025-02-04,
CU002467,CL000831,Titular principal,1,2020-12-19,
CU002468,CL003014,Titular principal,1,2021-12-25,
CU002469,CL002113,Titular principal,1,2024-03-16,
CU002470,CL001431,Titular principal,1,2025-03-11,
CU002471,CL001912,Titular principal,1,2025-08-07,
CU002472,CL002579,Titular principal,1,2023-06-12,
CU002473,CL000965,Titular principal,0.6,2021-05-11,
CU002473,CL004282,Cotitular,0.4,2021-05-11,
CU002474,CL001384,Titular principal,1,2024-03-18,
CU002475,CL002240,Titular principal,0.6,2022-07-29,
CU002475,CL001998,Cotitular,0.4,2022-07-29,
CU002476,CL002743,Titular principal,1,2020-11-22,
CU002477,CL002168,Titular principal,1,2022-11-01,
CU002478,CL002249,Titular principal,1,2022-10-07,
CU002479,CL002712,Titular principal,1,2023-02-20,
CU002480,CL003886,Titular principal,1,2025-07-05,
CU002481,CL000149,Titular principal,1,2025-07-12,
CU002482,CL000114,Titular principal,1,2019-03-23,
CU002483,CL003242,Titular principal,1,2020-12-06,
CU002484,CL003454,Titular principal,0.6,2022-02-28,
CU002484,CL003969,Cotitular,0.4,2022-02-28,
CU002485,CL002261,Titular principal,1,2021-12-27,
CU002486,CL003459,Titular principal,1,2020-12-31,
CU002487,CL001615,Titular principal,0.6,2024-11-08,
CU002487,CL004158,Cotitular,0.4,2024-11-08,
CU002488,CL002634,Titular principal,1,2024-05-01,
CU002489,CL002541,Titular principal,1,2023-03-07,
CU002490,CL001510,Titular principal,0.6,2025-02-04,
CU002490,CL003122,Cotitular,0.4,2025-02-04,
CU002491,CL002672,Titular principal,1,2019-04-29,
CU002492,CL002264,Titular principal,1,2025-08-15,
CU002493,CL002712,Titular principal,1,2021-07-19,
CU002494,CL001260,Titular principal,1,2022-07-17,
CU002495,CL004198,Titular principal,1,2024-08-29,
CU002496,CL003416,Titular principal,1,2024-07-30,
CU002497,CL003307,Titular principal,1,2023-07-02,
CU002498,CL000351,Titular principal,1,2025-09-03,
CU002499,CL000547,Titular principal,1,2022-04-26,
CU002500,CL004045,Titular principal,1,2019-10-12,
CU002501,CL000094,Titular principal,1,2025-11-11,
CU002502,CL000635,Titular principal,1,2024-04-29,
CU002503,CL001030,Titular principal,1,2024-11-14,
CU002504,CL004036,Titular principal,1,2023-03-13,
CU002505,CL002964,Titular principal,1,2020-06-07,
CU002506,CL004256,Titular principal,1,2022-07-27,
CU002507,CL003925,Titular principal,1,2019-09-20,
CU002508,CL000108,Titular principal,1,2025-03-03,
CU002509,CL002415,Titular principal,1,2022-08-25,
CU002510,CL001360,Titular principal,1,2023-11-18,
CU002511,CL002309,Titular principal,1,2025-04-13,
CU002512,CL002312,Titular principal,1,2023-04-19,
CU002513,CL001358,Titular principal,1,2025-07-02,
CU002514,CL001568,Titular principal,1,2023-10-08,
CU002515,CL001744,Titular principal,1,2024-02-26,
CU002516,CL004044,Titular principal,1,2020-04-23,
CU002517,CL000331,Titular principal,1,2020-05-30,
CU002518,CL001382,Titular principal,1,2024-12-13,
CU002519,CL002964,Titular principal,0.6,2025-05-12,
CU002519,CL003543,Cotitular,0.4,2025-05-12,
CU002520,CL001159,Titular principal,1,2020-02-16,
CU002521,CL003775,Titular principal,1,2025-08-24,
CU002522,CL003495,Titular principal,1,2019-06-12,
CU002523,CL003607,Titular principal,1,2025-08-24,
CU002524,CL001232,Titular principal,1,2024-12-25,
CU002525,CL002947,Titular principal,1,2020-03-10,
CU002526,CL001649,Titular principal,1,2025-09-27,
CU002527,CL004430,Titular principal,0.6,2023-03-13,
CU002527,CL001251,Cotitular,0.4,2023-03-13,
CU002528,CL000092,Titular principal,1,2024-07-06,
CU002529,CL000094,Titular principal,1,2019-11-22,
CU002530,CL004483,Titular principal,1,2023-02-13,
CU002531,CL002845,Titular principal,1,2024-01-02,
CU002532,CL000529,Titular principal,1,2025-10-23,
CU002533,CL003663,Titular principal,1,2021-03-21,
CU002534,CL003853,Titular principal,1,2023-07-06,
CU002535,CL001150,Titular principal,1,2024-03-12,
CU002536,CL002602,Titular principal,1,2019-04-28,
CU002537,CL001366,Titular principal,1,2022-12-24,
CU002538,CL000268,Titular principal,1,2020-05-11,
CU002539,CL003632,Titular principal,1,2019-04-21,
CU002540,CL003731,Titular principal,1,2021-09-25,
CU002541,CL000025,Titular principal,1,2023-06-23,
CU002542,CL004355,Titular principal,1,2023-06-04,
CU002543,CL001292,Titular principal,1,2023-11-01,
CU002544,CL001931,Titular principal,0.6,2023-03-21,
CU002544,CL002782,Cotitular,0.4,2023-03-21,
CU002545,CL002434,Titular principal,1,2024-11-16,
CU002546,CL000280,Titular principal,1,2024-07-30,
CU002547,CL002857,Titular principal,1,2021-07-03,
CU002548,CL001988,Titular principal,1,2025-01-25,
CU002549,CL000110,Titular principal,1,2025-04-07,
CU002550,CL003413,Titular principal,1,2023-12-13,
CU002551,CL002922,Titular principal,1,2024-03-29,
CU002552,CL001750,Titular principal,1,2023-01-30,
CU002553,CL001538,Titular principal,1,2023-09-12,
CU002554,CL002607,Titular principal,1,2019-12-30,
CU002555,CL001438,Titular principal,1,2022-05-02,
CU002556,CL004469,Titular principal,1,2023-10-05,
CU002557,CL002440,Titular principal,1,2023-07-13,
CU002558,CL000082,Titular principal,1,2024-11-29,
CU002559,CL003182,Titular principal,1,2021-05-10,
CU002560,CL001888,Titular principal,0.6,2019-10-21,
CU002560,CL000588,Cotitular,0.4,2019-10-21,
CU002561,CL002841,Titular principal,1,2020-01-06,
CU002562,CL003381,Titular principal,0.6,2025-05-06,
CU002562,CL002782,Cotitular,0.4,2025-05-06,
CU002563,CL003576,Titular principal,1,2025-02-24,
CU002564,CL003617,Titular principal,1,2025-08-06,
CU002565,CL002263,Titular principal,1,2025-08-19,
CU002566,CL003563,Titular principal,1,2020-11-18,
CU002567,CL004312,Titular principal,1,2024-05-28,
CU002568,CL000392,Titular principal,1,2022-02-06,
CU002569,CL001008,Titular principal,1,2024-03-30,
CU002570,CL002290,Titular principal,1,2024-06-06,
CU002571,CL004300,Titular principal,1,2022-03-01,
CU002572,CL000856,Titular principal,1,2024-01-02,
CU002573,CL002800,Titular principal,1,2022-04-01,
CU002574,CL000694,Titular principal,1,2024-08-08,
CU002575,CL003693,Titular principal,1,2024-07-15,
CU002576,CL002152,Titular principal,1,2023-12-30,
CU002577,CL000900,Titular principal,1,2022-01-20,
CU002578,CL004455,Titular principal,1,2023-06-27,
CU002579,CL004059,Titular principal,1,2022-06-13,
CU002580,CL001633,Titular principal,1,2021-10-01,
CU002581,CL000366,Titular principal,1,2025-09-01,
CU002582,CL000226,Titular principal,1,2023-02-27,
CU002583,CL003987,Titular principal,1,2020-02-26,
CU002584,CL002102,Titular principal,1,2025-07-12,
CU002585,CL000698,Titular principal,1,2023-02-17,
CU002586,CL001356,Titular principal,1,2023-06-04,
CU002587,CL003928,Titular principal,1,2024-06-01,
CU002588,CL000438,Titular principal,1,2020-04-12,
CU002589,CL004332,Titular principal,1,2022-05-06,
CU002590,CL002018,Titular principal,1,2020-10-07,
CU002591,CL002268,Titular principal,1,2019-12-30,
CU002592,CL004134,Titular principal,1,2021-08-14,
CU002593,CL000920,Titular principal,1,2023-06-08,
CU002594,CL000331,Titular principal,1,2022-10-23,
CU002595,CL000791,Titular principal,1,2025-08-28,
CU002596,CL000122,Titular principal,1,2022-01-08,
CU002597,CL003619,Titular principal,1,2021-09-22,
CU002598,CL003031,Titular principal,1,2024-07-07,
CU002599,CL000293,Titular principal,1,2025-03-12,
CU002600,CL002323,Titular principal,1,2024-12-06,
CU002601,CL000817,Titular principal,1,2023-01-09,
CU002602,CL001971,Titular principal,1,2020-04-27,
CU002603,CL000311,Titular principal,1,2022-01-14,
CU002604,CL001608,Titular principal,1,2020-02-19,
CU002605,CL003529,Titular principal,1,2022-07-13,
CU002606,CL003738,Titular principal,1,2019-12-24,
CU002607,CL000288,Titular principal,1,2020-04-17,
CU002608,CL002728,Titular principal,1,2025-01-02,
CU002609,CL003130,Titular principal,1,2023-07-29,
CU002610,CL002925,Titular principal,1,2024-11-14,
CU002611,CL000880,Titular principal,1,2023-03-03,
CU002612,CL004049,Titular principal,1,2018-12-07,
CU002613,CL003723,Titular principal,1,2025-01-21,
CU002614,CL002069,Titular principal,1,2024-04-24,
CU002615,CL003935,Titular principal,1,2023-06-03,
CU002616,CL003616,Titular principal,1,2021-04-26,
CU002617,CL002081,Titular principal,1,2023-05-21,
CU002618,CL003907,Titular principal,1,2024-12-17,
CU002619,CL003652,Titular principal,1,2023-11-07,
CU002620,CL002716,Titular principal,1,2022-08-10,
CU002621,CL001888,Titular principal,1,2022-12-25,
CU002622,CL000138,Titular principal,1,2024-10-20,
CU002623,CL000953,Titular principal,1,2024-01-02,
CU002624,CL000359,Titular principal,1,2020-11-07,
CU002625,CL004170,Titular principal,1,2020-04-06,
CU002626,CL001536,Titular principal,1,2021-09-15,
CU002627,CL003326,Titular principal,1,2019-05-02,
CU002628,CL000051,Titular principal,0.6,2021-07-13,
CU002628,CL002048,Cotitular,0.4,2021-07-13,
CU002629,CL002404,Titular principal,1,2025-09-15,
CU002630,CL002757,Titular principal,1,2019-08-27,
CU002631,CL003914,Titular principal,1,2018-12-31,
CU002632,CL002805,Titular principal,1,2022-02-23,
CU002633,CL002551,Titular principal,1,2024-03-03,
CU002634,CL003225,Titular principal,1,2023-07-07,
CU002635,CL003714,Titular principal,1,2024-07-02,
CU002636,CL000812,Titular principal,1,2021-01-25,
CU002637,CL001401,Titular principal,1,2024-04-16,
CU002638,CL001518,Titular principal,1,2022-12-05,
CU002639,CL002236,Titular principal,1,2025-02-15,
CU002640,CL004015,Titular principal,1,2025-09-17,
CU002641,CL002718,Titular principal,1,2021-04-19,
CU002642,CL003757,Titular principal,1,2021-12-24,
CU002643,CL001555,Titular principal,0.6,2022-08-17,
CU002643,CL003219,Cotitular,0.4,2022-08-17,
CU002644,CL000566,Titular principal,1,2023-11-24,
CU002645,CL001915,Titular principal,1,2024-04-28,
CU002646,CL000461,Titular principal,0.6,2020-11-02,
CU002646,CL002046,Cotitular,0.4,2020-11-02,
CU002647,CL001530,Titular principal,1,2023-09-21,
CU002648,CL004251,Titular principal,1,2022-05-07,
CU002649,CL004051,Titular principal,1,2020-01-17,
CU002650,CL000132,Titular principal,1,2021-06-02,
CU002651,CL003412,Titular principal,1,2019-06-18,
CU002652,CL000904,Titular principal,0.6,2020-02-07,
CU002652,CL001362,Cotitular,0.4,2020-02-07,
CU002653,CL002119,Titular principal,1,2022-04-24,
CU002654,CL000826,Titular principal,1,2023-06-07,
CU002655,CL002418,Titular principal,1,2025-03-23,
CU002656,CL001257,Titular principal,0.6,2025-10-13,
CU002656,CL000034,Cotitular,0.4,2025-10-13,
CU002657,CL000238,Titular principal,1,2025-01-28,
CU002658,CL001092,Titular principal,0.6,2024-07-19,
CU002658,CL000638,Cotitular,0.4,2024-07-19,
CU002659,CL001316,Titular principal,1,2020-04-11,
CU002660,CL004459,Titular principal,1,2020-07-16,
CU002661,CL002535,Titular principal,1,2024-03-13,
CU002662,CL002122,Titular principal,1,2021-03-21,
CU002663,CL003882,Titular principal,1,2019-11-25,
CU002664,CL003389,Titular principal,1,2022-03-16,
CU002665,CL001184,Titular principal,1,2019-08-25,
CU002666,CL004426,Titular principal,1,2021-08-22,
CU002667,CL003269,Titular principal,1,2023-04-11,
CU002668,CL001532,Titular principal,1,2022-09-22,
CU002669,CL000041,Titular principal,1,2020-01-27,
CU002670,CL004105,Titular principal,1,2022-06-23,
CU002671,CL002148,Titular principal,1,2024-07-29,
CU002672,CL003988,Titular principal,1,2020-02-22,
CU002673,CL001920,Titular principal,1,2022-10-13,
CU002674,CL004298,Titular principal,1,2020-03-24,
CU002675,CL004408,Titular principal,0.6,2021-12-19,
CU002675,CL001709,Cotitular,0.4,2021-12-19,
CU002676,CL001889,Titular principal,1,2019-12-06,
CU002677,CL002474,Titular principal,1,2019-02-04,
CU002678,CL001587,Titular principal,1,2019-05-13,
CU002679,CL003094,Titular principal,1,2025-03-22,
CU002680,CL000932,Titular principal,1,2019-03-14,
CU002681,CL004385,Titular principal,1,2022-11-26,
CU002682,CL002404,Titular principal,1,2023-10-23,
CU002683,CL002781,Titular principal,1,2021-07-05,
CU002684,CL003333,Titular principal,1,2022-04-18,
CU002685,CL001366,Titular principal,1,2024-05-10,
CU002686,CL001958,Titular principal,1,2024-05-04,
CU002687,CL003093,Titular principal,0.6,2019-11-26,
CU002687,CL000165,Cotitular,0.4,2019-11-26,
CU002688,CL000821,Titular principal,1,2023-07-11,
CU002689,CL003095,Titular principal,1,2021-04-16,
CU002690,CL000995,Titular principal,1,2025-10-03,
CU002691,CL003907,Titular principal,1,2019-06-05,
CU002692,CL004223,Titular principal,1,2021-08-26,
CU002693,CL003113,Titular principal,1,2020-07-13,
CU002694,CL001731,Titular principal,1,2021-03-13,
CU002695,CL004418,Titular principal,1,2020-05-04,
CU002696,CL004216,Titular principal,1,2021-12-11,
CU002697,CL002516,Titular principal,1,2025-01-20,
CU002698,CL002604,Titular principal,1,2023-10-18,
CU002699,CL003095,Titular principal,1,2021-06-16,
CU002700,CL001592,Titular principal,1,2024-06-19,
CU002701,CL002315,Titular principal,0.6,2025-08-12,
CU002701,CL002414,Cotitular,0.4,2025-08-12,
CU002702,CL002170,Titular principal,1,2023-04-14,
CU002703,CL002102,Titular principal,1,2024-11-29,
CU002704,CL003562,Titular principal,1,2021-12-12,
CU002705,CL001973,Titular principal,1,2025-08-05,
CU002706,CL003784,Titular principal,1,2025-06-30,
CU002707,CL003376,Titular principal,1,2022-10-14,
CU002708,CL002796,Titular principal,1,2020-12-27,
CU002709,CL002085,Titular principal,1,2020-09-13,
CU002710,CL003897,Titular principal,1,2022-10-28,
CU002711,CL000670,Titular principal,1,2024-02-07,
CU002712,CL001501,Titular principal,1,2023-07-14,
CU002713,CL002101,Titular principal,1,2020-08-14,
CU002714,CL002208,Titular principal,1,2022-07-07,
CU002715,CL002148,Titular principal,1,2024-06-19,
CU002716,CL001787,Titular principal,1,2022-09-26,
CU002717,CL000932,Titular principal,1,2019-02-16,
CU002718,CL004229,Titular principal,1,2021-08-11,
CU002719,CL003158,Titular principal,1,2019-06-17,
CU002720,CL001755,Titular principal,1,2022-09-17,
CU002721,CL000657,Titular principal,1,2023-07-19,
CU002722,CL002019,Titular principal,1,2020-12-23,
CU002723,CL000573,Titular principal,1,2023-11-26,
CU002724,CL002174,Titular principal,1,2023-11-03,
CU002725,CL001242,Titular principal,1,2022-10-31,
CU002726,CL000818,Titular principal,1,2025-02-16,
CU002727,CL003033,Titular principal,0.6,2022-03-13,
CU002727,CL004423,Cotitular,0.4,2022-03-13,
CU002728,CL001181,Titular principal,1,2024-03-02,
CU002729,CL000314,Titular principal,1,2024-01-08,
CU002730,CL004468,Titular principal,1,2024-12-11,
CU002731,CL004186,Titular principal,1,2022-10-07,
CU002732,CL002928,Titular principal,1,2022-08-06,
CU002733,CL002448,Titular principal,1,2025-07-08,
CU002734,CL000261,Titular principal,1,2023-07-30,
CU002735,CL004387,Titular principal,1,2022-10-19,
CU002736,CL004116,Titular principal,1,2025-09-10,
CU002737,CL000713,Titular principal,1,2023-10-11,
CU002738,CL004098,Titular principal,0.6,2020-05-13,
CU002738,CL003863,Cotitular,0.4,2020-05-13,
CU002739,CL001654,Titular principal,1,2021-12-31,
CU002740,CL000326,Titular principal,1,2023-02-11,
CU002741,CL000676,Titular principal,1,2023-06-24,
CU002742,CL003636,Titular principal,1,2024-02-06,
CU002743,CL002121,Titular principal,1,2023-11-02,
CU002744,CL003101,Titular principal,1,2024-06-24,
CU002745,CL004011,Titular principal,1,2024-10-31,
CU002746,CL002329,Titular principal,1,2019-11-10,
CU002747,CL002325,Titular principal,1,2019-10-19,
CU002748,CL001721,Titular principal,1,2025-03-05,
CU002749,CL000380,Titular principal,1,2019-07-12,
CU002750,CL002625,Titular principal,1,2021-09-26,
CU002751,CL001644,Titular principal,1,2019-01-18,
CU002752,CL003163,Titular principal,1,2023-02-16,
CU002753,CL003408,Titular principal,0.6,2025-05-15,
CU002753,CL000980,Cotitular,0.4,2025-05-15,
CU002754,CL004019,Titular principal,1,2021-04-25,
CU002755,CL000465,Titular principal,1,2021-03-21,
CU002756,CL000315,Titular principal,1,2024-07-05,
CU002757,CL004111,Titular principal,1,2025-07-31,
CU002758,CL001987,Titular principal,1,2024-09-22,
CU002759,CL001574,Titular principal,1,2023-11-15,
CU002760,CL000262,Titular principal,1,2022-08-17,
CU002761,CL002525,Titular principal,1,2024-07-17,
CU002762,CL004389,Titular principal,1,2020-07-16,
CU002763,CL002356,Titular principal,1,2022-02-22,
CU002764,CL000798,Titular principal,1,2025-03-26,
CU002765,CL003110,Titular principal,1,2022-09-28,
CU002766,CL003072,Titular principal,1,2021-05-21,
CU002767,CL002783,Titular principal,1,2022-12-03,
CU002768,CL000282,Titular principal,1,2025-09-30,
CU002769,CL000008,Titular principal,1,2024-05-05,
CU002770,CL003500,Titular principal,1,2019-08-28,
CU002771,CL000277,Titular principal,1,2019-05-28,
CU002772,CL000961,Titular principal,1,2023-10-26,
CU002773,CL003397,Titular principal,1,2025-05-03,
CU002774,CL002490,Titular principal,1,2021-01-25,
CU002775,CL000251,Titular principal,1,2019-06-16,
CU002776,CL002670,Titular principal,1,2022-05-11,
CU002777,CL002680,Titular principal,1,2023-12-18,
CU002778,CL000857,Titular principal,0.6,2023-01-15,
CU002778,CL003847,Cotitular,0.4,2023-01-15,
CU002779,CL004337,Titular principal,1,2023-12-08,
CU002780,CL001179,Titular principal,1,2021-10-30,
CU002781,CL000036,Titular principal,1,2021-03-26,
CU002782,CL003885,Titular principal,1,2023-05-15,
CU002783,CL004055,Titular principal,1,2023-07-26,
CU002784,CL001342,Titular principal,1,2022-10-25,
CU002785,CL004375,Titular principal,1,2021-04-15,
CU002786,CL002016,Titular principal,1,2023-12-06,
CU002787,CL000092,Titular principal,1,2022-08-19,
CU002788,CL001147,Titular principal,1,2025-08-08,
CU002789,CL001423,Titular principal,1,2024-07-26,
CU002790,CL003637,Titular principal,1,2024-07-15,
CU002791,CL000027,Titular principal,0.6,2020-02-03,
CU002791,CL003126,Cotitular,0.4,2020-02-03,
CU002792,CL003124,Titular principal,1,2022-07-25,
CU002793,CL004018,Titular principal,1,2021-01-30,
CU002794,CL000450,Titular principal,1,2022-09-01,
CU002795,CL004238,Titular principal,1,2022-10-12,
CU002796,CL000904,Titular principal,1,2022-06-04,
CU002797,CL000875,Titular principal,1,2023-08-14,
CU002798,CL004467,Titular principal,1,2021-05-19,
CU002799,CL003516,Titular principal,1,2022-06-14,
CU002800,CL004249,Titular principal,1,2022-07-15,
CU002801,CL002798,Titular principal,1,2020-09-17,
CU002802,CL004444,Titular principal,1,2024-06-18,
CU002803,CL001292,Titular principal,1,2023-01-10,
CU002804,CL002665,Titular principal,1,2025-11-10,
CU002805,CL004440,Titular principal,1,2022-04-12,
CU002806,CL001322,Titular principal,1,2019-08-29,
CU002807,CL001869,Titular principal,1,2025-01-12,
CU002808,CL000735,Titular principal,1,2024-05-31,
CU002809,CL002280,Titular principal,1,2021-09-24,
CU002810,CL003012,Titular principal,1,2022-07-14,
CU002811,CL004062,Titular principal,1,2025-04-16,
CU002812,CL000177,Titular principal,1,2024-03-21,
CU002813,CL001619,Titular principal,1,2023-07-06,
CU002814,CL000950,Titular principal,1,2019-06-01,
CU002815,CL000507,Titular principal,1,2022-04-15,
CU002816,CL004091,Titular principal,1,2025-04-05,
CU002817,CL000465,Titular principal,1,2024-10-12,
CU002818,CL000472,Titular principal,1,2024-03-12,
CU002819,CL002788,Titular principal,0.6,2020-02-28,
CU002819,CL004020,Cotitular,0.4,2020-02-28,
CU002820,CL002105,Titular principal,1,2022-05-18,
CU002821,CL004428,Titular principal,1,2024-06-17,
CU002822,CL004151,Titular principal,1,2021-11-29,
CU002823,CL002220,Titular principal,1,2020-03-31,
CU002824,CL001594,Titular principal,1,2022-04-17,
CU002825,CL000129,Titular principal,1,2019-07-20,
CU002826,CL003163,Titular principal,1,2019-09-10,
CU002827,CL000916,Titular principal,1,2019-03-10,
CU002828,CL001573,Titular principal,1,2025-09-15,
CU002829,CL003689,Titular principal,1,2019-11-06,
CU002830,CL000786,Titular principal,1,2023-05-15,
CU002831,CL004291,Titular principal,1,2025-06-24,
CU002832,CL003321,Titular principal,1,2024-04-28,
CU002833,CL003747,Titular principal,1,2023-07-29,
CU002834,CL002718,Titular principal,1,2024-01-15,
CU002835,CL002358,Titular principal,1,2025-02-25,
CU002836,CL000606,Titular principal,1,2021-01-14,
CU002837,CL000370,Titular principal,1,2021-12-04,
CU002838,CL002943,Titular principal,0.6,2024-12-02,
CU002838,CL004303,Cotitular,0.4,2024-12-02,
CU002839,CL002948,Titular principal,1,2020-10-30,
CU002840,CL002164,Titular principal,1,2019-07-31,
CU002841,CL003573,Titular principal,1,2019-11-05,
CU002842,CL000749,Titular principal,1,2020-09-18,
CU002843,CL000321,Titular principal,1,2022-09-01,
CU002844,CL001248,Titular principal,1,2023-07-03,
CU002845,CL004097,Titular principal,1,2019-06-23,
CU002846,CL003122,Titular principal,1,2024-01-14,
CU002847,CL001501,Titular principal,1,2025-09-14,
CU002848,CL002903,Titular principal,1,2019-02-05,
CU002849,CL004099,Titular principal,1,2024-12-11,
CU002850,CL000922,Titular principal,1,2025-03-05,
CU002851,CL000460,Titular principal,0.6,2022-08-19,
CU002851,CL000868,Cotitular,0.4,2022-08-19,
CU002852,CL002793,Titular principal,1,2025-03-03,
CU002853,CL002889,Titular principal,1,2025-09-27,
CU002854,CL003397,Titular principal,1,2022-12-13,
CU002855,CL002982,Titular principal,0.6,2025-05-05,
CU002855,CL001186,Cotitular,0.4,2025-05-05,
CU002856,CL000192,Titular principal,1,2020-01-24,
CU002857,CL004351,Titular principal,1,2019-06-27,
CU002858,CL000446,Titular principal,1,2023-01-09,
CU002859,CL003118,Titular principal,1,2019-09-25,
CU002860,CL003104,Titular principal,0.6,2025-05-02,
CU002860,CL000534,Cotitular,0.4,2025-05-02,
CU002861,CL001896,Titular principal,1,2025-03-15,
CU002862,CL003947,Titular principal,1,2024-05-31,
CU002863,CL000930,Titular principal,1,2024-10-01,
CU002864,CL003660,Titular principal,0.6,2024-01-27,
CU002864,CL000050,Cotitular,0.4,2024-01-27,
CU002865,CL003822,Titular principal,1,2025-06-15,
CU002866,CL000216,Titular principal,1,2020-10-24,
CU002867,CL000003,Titular principal,1,2022-11-19,
CU002868,CL002638,Titular principal,1,2019-07-24,
CU002869,CL003544,Titular principal,0.6,2022-09-29,
CU002869,CL004201,Cotitular,0.4,2022-09-29,
CU002870,CL002373,Titular principal,1,2025-11-04,
CU002871,CL001371,Titular principal,0.6,2024-08-12,
CU002871,CL004176,Cotitular,0.4,2024-08-12,
CU002872,CL001535,Titular principal,1,2025-04-04,
CU002873,CL002970,Titular principal,1,2023-05-25,
CU002874,CL002913,Titular principal,1,2025-03-27,
CU002875,CL002534,Titular principal,1,2022-07-24,
CU002876,CL000778,Titular principal,1,2024-08-16,
CU002877,CL000217,Titular principal,1,2023-07-14,
CU002878,CL001845,Titular principal,0.6,2025-10-09,
CU002878,CL002602,Cotitular,0.4,2025-10-09,
CU002879,CL003977,Titular principal,1,2020-02-21,
CU002880,CL002320,Titular principal,0.6,2019-12-13,
CU002880,CL002443,Cotitular,0.4,2019-12-13,
CU002881,CL002640,Titular principal,1,2019-05-02,
CU002882,CL003545,Titular principal,1,2021-06-29,
CU002883,CL001729,Titular principal,1,2022-11-20,
CU002884,CL003122,Titular principal,1,2019-10-13,
CU002885,CL004196,Titular principal,1,2023-07-18,
CU002886,CL001775,Titular principal,1,2022-03-09,
CU002887,CL000692,Titular principal,0.6,2024-06-01,
CU002887,CL000701,Cotitular,0.4,2024-06-01,
CU002888,CL000030,Titular principal,1,2023-01-02,
CU002889,CL001233,Titular principal,1,2025-09-22,
CU002890,CL003120,Titular principal,1,2021-12-05,
CU002891,CL002548,Titular principal,1,2024-09-10,
CU002892,CL002337,Titular principal,1,2025-02-13,
CU002893,CL003724,Titular principal,1,2023-10-15,
CU002894,CL001781,Titular principal,1,2023-08-10,
CU002895,CL003835,Titular principal,1,2024-09-14,
CU002896,CL000667,Titular principal,1,2020-03-31,
CU002897,CL004482,Titular principal,1,2020-11-17,
CU002898,CL003137,Titular principal,0.6,2025-08-20,
CU002898,CL003732,Cotitular,0.4,2025-08-20,
CU002899,CL003595,Titular principal,0.6,2025-06-18,
CU002899,CL000229,Cotitular,0.4,2025-06-18,
CU002900,CL003143,Titular principal,1,2022-11-23,
CU002901,CL001168,Titular principal,1,2019-10-06,
CU002902,CL003865,Titular principal,1,2022-06-21,
CU002903,CL001146,Titular principal,1,2021-07-05,
CU002904,CL000272,Titular principal,1,2025-11-06,
CU002905,CL003730,Titular principal,1,2024-03-31,
CU002906,CL002500,Titular principal,1,2024-10-28,
CU002907,CL003992,Titular principal,1,2020-05-29,
CU002908,CL001340,Titular principal,1,2020-12-19,
CU002909,CL001179,Titular principal,1,2022-01-09,
CU002910,CL000106,Titular principal,1,2021-12-17,
CU002911,CL002504,Titular principal,1,2024-06-03,
CU002912,CL000041,Titular principal,1,2022-10-19,
CU002913,CL001125,Titular principal,1,2025-03-04,
CU002914,CL004082,Titular principal,1,2020-08-27,
CU002915,CL002160,Titular principal,1,2022-04-17,
CU002916,CL003006,Titular principal,0.6,2020-12-09,
CU002916,CL004139,Cotitular,0.4,2020-12-09,
CU002917,CL003350,Titular principal,1,2020-01-14,
CU002918,CL003827,Titular principal,1,2024-07-16,
CU002919,CL001428,Titular principal,1,2019-12-07,
CU002920,CL003091,Titular principal,1,2024-10-12,
CU002921,CL000441,Titular principal,1,2025-02-26,
CU002922,CL004430,Titular principal,1,2022-02-19,
CU002923,CL002045,Titular principal,0.6,2021-09-19,
CU002923,CL003300,Cotitular,0.4,2021-09-19,
CU002924,CL001126,Titular principal,1,2024-04-29,
CU002925,CL000423,Titular principal,1,2023-11-11,
CU002926,CL002795,Titular principal,1,2025-01-13,
CU002927,CL003676,Titular principal,1,2021-06-17,
CU002928,CL000099,Titular principal,1,2025-10-28,
CU002929,CL003724,Titular principal,1,2025-05-01,
CU002930,CL004305,Titular principal,1,2025-05-13,
CU002931,CL001742,Titular principal,1,2019-10-16,
CU002932,CL004163,Titular principal,1,2023-08-24,
CU002933,CL003740,Titular principal,1,2021-07-11,
CU002934,CL003545,Titular principal,1,2022-09-13,
CU002935,CL001793,Titular principal,1,2019-06-10,
CU002936,CL000998,Titular principal,1,2021-10-21,
CU002937,CL000525,Titular principal,1,2021-08-23,
CU002938,CL000207,Titular principal,1,2024-10-20,
CU002939,CL000852,Titular principal,1,2024-08-10,
CU002940,CL003013,Titular principal,1,2020-04-14,
CU002941,CL003083,Titular principal,1,2021-02-12,
CU002942,CL000280,Titular principal,1,2024-05-16,
CU002943,CL001283,Titular principal,1,2020-08-05,
CU002944,CL001440,Titular principal,1,2020-10-17,
CU002945,CL003254,Titular principal,1,2022-01-13,
CU002946,CL000025,Titular principal,1,2021-05-28,
CU002947,CL004133,Titular principal,1,2025-09-18,
CU002948,CL001387,Titular principal,1,2020-02-24,
CU002949,CL002637,Titular principal,1,2020-09-26,
CU002950,CL003553,Titular principal,1,2021-06-01,
CU002951,CL001464,Titular principal,1,2024-11-30,
CU002952,CL000972,Titular principal,1,2024-10-22,
CU002953,CL004293,Titular principal,1,2022-02-12,
CU002954,CL000815,Titular principal,1,2022-08-21,
CU002955,CL002565,Titular principal,0.6,2023-05-29,
CU002955,CL003991,Cotitular,0.4,2023-05-29,
CU002956,CL001375,Titular principal,1,2022-03-01,
CU002957,CL002635,Titular principal,1,2025-09-26,
CU002958,CL000214,Titular principal,1,2023-09-17,
CU002959,CL000537,Titular principal,1,2024-11-14,
CU002960,CL002656,Titular principal,1,2025-11-19,
CU002961,CL000699,Titular principal,1,2020-05-10,
CU002962,CL003364,Titular principal,1,2022-01-10,
CU002963,CL003499,Titular principal,0.6,2021-02-24,
CU002963,CL000227,Cotitular,0.4,2021-02-24,
CU002964,CL002373,Titular principal,1,2022-08-27,
CU002965,CL004101,Titular principal,1,2021-05-13,
CU002966,CL004184,Titular principal,0.6,2023-05-13,
CU002966,CL004317,Cotitular,0.4,2023-05-13,
CU002967,CL001194,Titular principal,1,2021-01-24,
CU002968,CL000684,Titular principal,1,2021-09-14,
CU002969,CL002767,Titular principal,1,2024-01-12,
CU002970,CL001536,Titular principal,1,2025-02-08,
CU002971,CL001243,Titular principal,1,2019-10-20,
CU002972,CL003621,Titular principal,1,2022-05-10,
CU002973,CL003572,Titular principal,1,2021-11-17,
CU002974,CL000445,Titular principal,1,2020-04-15,
CU002975,CL004188,Titular principal,1,2022-03-06,
CU002976,CL002440,Titular principal,1,2021-01-21,
CU002977,CL000630,Titular principal,1,2024-11-12,
CU002978,CL000252,Titular principal,1,2019-08-27,
CU002979,CL002936,Titular principal,1,2021-02-22,
CU002980,CL001636,Titular principal,1,2024-03-21,
CU002981,CL000372,Titular principal,1,2023-06-26,
CU002982,CL002299,Titular principal,1,2021-10-19,
CU002983,CL001423,Titular principal,1,2024-05-24,
CU002984,CL001284,Titular principal,1,2023-09-02,
CU002985,CL002854,Titular principal,1,2024-01-22,
CU002986,CL001655,Titular principal,1,2022-04-17,
CU002987,CL002797,Titular principal,1,2024-05-24,
CU002988,CL002128,Titular principal,1,2022-11-03,
CU002989,CL002390,Titular principal,1,2022-02-26,
CU002990,CL003284,Titular principal,1,2025-05-30,
CU002991,CL004461,Titular principal,1,2023-09-09,
CU002992,CL002612,Titular principal,1,2022-04-20,
CU002993,CL003780,Titular principal,1,2023-01-22,
CU002994,CL001452,Titular principal,1,2023-04-09,
CU002995,CL002325,Titular principal,1,2021-08-07,
CU002996,CL002999,Titular principal,1,2025-06-12,
CU002997,CL002404,Titular principal,1,2021-09-20,
CU002998,CL002114,Titular principal,1,2022-02-23,
CU002999,CL001644,Titular principal,1,2021-04-16,
CU003000,CL003753,Titular principal,1,2020-08-04,
CU003001,CL003437,Titular principal,1,2020-01-30,
CU003002,CL000187,Titular principal,1,2021-05-17,
CU003003,CL002931,Titular principal,1,2024-09-08,
CU003004,CL001748,Titular principal,1,2025-05-10,
CU003005,CL002548,Titular principal,1,2023-12-03,
CU003006,CL002051,Titular principal,1,2023-07-04,
CU003007,CL003671,Titular principal,1,2021-03-13,
CU003008,CL000192,Titular principal,1,2023-10-28,
CU003009,CL002160,Titular principal,1,2025-03-08,
CU003010,CL003913,Titular principal,1,2025-06-11,
CU003011,CL002921,Titular principal,1,2023-08-24,
CU003012,CL000214,Titular principal,0.6,2023-02-10,
CU003012,CL002464,Cotitular,0.4,2023-02-10,
CU003013,CL002426,Titular principal,1,2023-04-22,
CU003014,CL002737,Titular principal,1,2023-02-16,
CU003015,CL004188,Titular principal,1,2025-11-24,
CU003016,CL003678,Titular principal,1,2022-05-12,
CU003017,CL002948,Titular principal,1,2024-07-19,
CU003018,CL001034,Titular principal,0.6,2023-06-16,
CU003018,CL000242,Cotitular,0.4,2023-06-16,
CU003019,CL003978,Titular principal,1,2024-05-25,
CU003020,CL003921,Titular principal,1,2024-04-02,
CU003021,CL003042,Titular principal,1,2025-07-12,
CU003022,CL003004,Titular principal,0.6,2021-10-24,
CU003022,CL000676,Cotitular,0.4,2021-10-24,
CU003023,CL002015,Titular principal,1,2020-05-06,
CU003024,CL001944,Titular principal,1,2025-06-28,
CU003025,CL002801,Titular principal,1,2024-06-17,
CU003026,CL004162,Titular principal,1,2023-07-07,
CU003027,CL004359,Titular principal,1,2022-08-07,
CU003028,CL002298,Titular principal,1,2022-05-28,
CU003029,CL000585,Titular principal,1,2023-09-24,
CU003030,CL000797,Titular principal,1,2023-10-27,
CU003031,CL000076,Titular principal,1,2021-06-26,
CU003032,CL000476,Titular principal,1,2024-03-15,
CU003033,CL000754,Titular principal,1,2021-03-01,
CU003034,CL004450,Titular principal,1,2022-08-05,
CU003035,CL000835,Titular principal,1,2021-12-27,
CU003036,CL002189,Titular principal,1,2022-05-24,
CU003037,CL003076,Titular principal,1,2020-11-26,
CU003038,CL000311,Titular principal,1,2023-04-27,
CU003039,CL003779,Titular principal,1,2022-03-21,
CU003040,CL002147,Titular principal,1,2023-01-06,
CU003041,CL002039,Titular principal,1,2020-03-02,
CU003042,CL003225,Titular principal,1,2024-04-14,
CU003043,CL001990,Titular principal,1,2024-08-01,
CU003044,CL001115,Titular principal,1,2023-05-20,
CU003045,CL002111,Titular principal,1,2021-06-18,
CU003046,CL000422,Titular principal,1,2020-02-06,
CU003047,CL002144,Titular principal,1,2019-10-09,
CU003048,CL003401,Titular principal,1,2025-07-28,
CU003049,CL001321,Titular principal,1,2020-10-27,
CU003050,CL001162,Titular principal,1,2022-05-23,
CU003051,CL004077,Titular principal,1,2023-07-13,
CU003052,CL001547,Titular principal,1,2020-11-15,
CU003053,CL002917,Titular principal,1,2023-11-11,
CU003054,CL000298,Titular principal,1,2023-11-20,
CU003055,CL001554,Titular principal,1,2021-05-26,
CU003056,CL000267,Titular principal,1,2023-06-12,
CU003057,CL001832,Titular principal,0.6,2024-03-08,
CU003057,CL000212,Cotitular,0.4,2024-03-08,
CU003058,CL001131,Titular principal,0.6,2022-09-28,
CU003058,CL000351,Cotitular,0.4,2022-09-28,
CU003059,CL002138,Titular principal,1,2019-03-21,
CU003060,CL003184,Titular principal,1,2020-01-08,
CU003061,CL001907,Titular principal,1,2021-06-21,
CU003062,CL002308,Titular principal,1,2024-06-02,
CU003063,CL002234,Titular principal,1,2023-11-18,
CU003064,CL003670,Titular principal,1,2024-01-10,
CU003065,CL001838,Titular principal,1,2022-08-24,
CU003066,CL001612,Titular principal,1,2020-04-25,
CU003067,CL000137,Titular principal,1,2025-02-13,
CU003068,CL003134,Titular principal,1,2024-11-06,
CU003069,CL000577,Titular principal,1,2024-03-05,
CU003070,CL003728,Titular principal,1,2023-06-22,
CU003071,CL000646,Titular principal,1,2023-04-21,
CU003072,CL000249,Titular principal,1,2019-02-15,
CU003073,CL004320,Titular principal,1,2019-06-11,
CU003074,CL003094,Titular principal,1,2023-08-06,
CU003075,CL001011,Titular principal,1,2021-09-29,
CU003076,CL000327,Titular principal,1,2023-06-09,
CU003077,CL003086,Titular principal,1,2024-10-07,
CU003078,CL000086,Titular principal,0.6,2019-05-28,
CU003078,CL001975,Cotitular,0.4,2019-05-28,
CU003079,CL002252,Titular principal,1,2025-04-28,
CU003080,CL002162,Titular principal,1,2021-07-12,
CU003081,CL001321,Titular principal,1,2020-11-04,
CU003082,CL000244,Titular principal,1,2025-07-30,
CU003083,CL003778,Titular principal,1,2022-04-17,
CU003084,CL000766,Titular principal,0.6,2025-05-18,
CU003084,CL004027,Cotitular,0.4,2025-05-18,
CU003085,CL002337,Titular principal,1,2022-10-08,
CU003086,CL001206,Titular principal,1,2022-02-27,
CU003087,CL003283,Titular principal,1,2023-08-15,
CU003088,CL001756,Titular principal,1,2025-05-11,
CU003089,CL001078,Titular principal,0.6,2023-06-10,
CU003089,CL001352,Cotitular,0.4,2023-06-10,
CU003090,CL004125,Titular principal,1,2020-09-19,
CU003091,CL003353,Titular principal,1,2024-12-24,
CU003092,CL001953,Titular principal,1,2020-12-13,
CU003093,CL001664,Titular principal,1,2023-12-26,
CU003094,CL001091,Titular principal,1,2024-09-07,
CU003095,CL000972,Titular principal,1,2023-02-15,
CU003096,CL000957,Titular principal,1,2024-10-12,
CU003097,CL001816,Titular principal,1,2020-11-26,
CU003098,CL001927,Titular principal,1,2023-07-09,
CU003099,CL003235,Titular principal,1,2020-02-02,
CU003100,CL001035,Titular principal,1,2022-01-30,
CU003101,CL000275,Titular principal,1,2023-03-26,
CU003102,CL003393,Titular principal,1,2022-08-23,
CU003103,CL002591,Titular principal,1,2023-04-23,
CU003104,CL003131,Titular principal,1,2023-09-10,
CU003105,CL001253,Titular principal,1,2018-11-30,
CU003106,CL000563,Titular principal,1,2023-12-19,
CU003107,CL000914,Titular principal,0.6,2025-10-20,
CU003107,CL000469,Cotitular,0.4,2025-10-20,
CU003108,CL003391,Titular principal,1,2023-12-04,
CU003109,CL003403,Titular principal,1,2019-07-06,
CU003110,CL000928,Titular principal,1,2025-09-20,
CU003111,CL004278,Titular principal,1,2024-02-05,
CU003112,CL001484,Titular principal,1,2022-02-14,
CU003113,CL001782,Titular principal,1,2022-01-07,
CU003114,CL002271,Titular principal,0.6,2020-08-19,
CU003114,CL004192,Cotitular,0.4,2020-08-19,
CU003115,CL001971,Titular principal,1,2021-10-18,
CU003116,CL003909,Titular principal,1,2025-03-03,
CU003117,CL000579,Titular principal,1,2025-11-21,
CU003118,CL004420,Titular principal,1,2023-04-01,
CU003119,CL001693,Titular principal,1,2024-07-17,
CU003120,CL001933,Titular principal,1,2020-11-18,
CU003121,CL000282,Titular principal,1,2023-03-03,
CU003122,CL001960,Titular principal,1,2023-05-12,
CU003123,CL002366,Titular principal,1,2022-11-15,
CU003124,CL001901,Titular principal,1,2023-02-22,
CU003125,CL002809,Titular principal,1,2023-07-30,
CU003126,CL003555,Titular principal,1,2023-02-19,
CU003127,CL001667,Titular principal,1,2021-08-02,
CU003128,CL000567,Titular principal,1,2020-06-23,
CU003129,CL003453,Titular principal,0.6,2019-02-17,
CU003129,CL002279,Cotitular,0.4,2019-02-17,
CU003130,CL004043,Titular principal,1,2023-05-19,
CU003131,CL000282,Titular principal,1,2023-02-22,
CU003132,CL003432,Titular principal,1,2019-11-06,
CU003133,CL000090,Titular principal,1,2023-11-11,
CU003134,CL000599,Titular principal,1,2023-01-05,
CU003135,CL000086,Titular principal,1,2022-01-20,
CU003136,CL002236,Titular principal,1,2023-08-19,
CU003137,CL000631,Titular principal,1,2025-08-23,
CU003138,CL004189,Titular principal,1,2023-01-03,
CU003139,CL003662,Titular principal,0.6,2023-08-02,
CU003139,CL000415,Cotitular,0.4,2023-08-02,
CU003140,CL004327,Titular principal,1,2021-05-29,
CU003141,CL001560,Titular principal,1,2019-01-07,
CU003142,CL001797,Titular principal,1,2025-04-23,
CU003143,CL002922,Titular principal,1,2024-11-26,
CU003144,CL002027,Titular principal,1,2024-09-09,
CU003145,CL001975,Titular principal,0.6,2018-12-20,
CU003145,CL003746,Cotitular,0.4,2018-12-20,
CU003146,CL001960,Titular principal,1,2021-12-10,
CU003147,CL000494,Titular principal,1,2024-09-06,
CU003148,CL001750,Titular principal,1,2025-07-08,
CU003149,CL001898,Titular principal,1,2022-07-03,
CU003150,CL004128,Titular principal,1,2024-02-23,
CU003151,CL000015,Titular principal,1,2023-10-09,
CU003152,CL002078,Titular principal,1,2023-12-13,
CU003153,CL001070,Titular principal,1,2021-09-20,
CU003154,CL002374,Titular principal,1,2020-01-15,
CU003155,CL001995,Titular principal,0.6,2020-07-04,
CU003155,CL003376,Cotitular,0.4,2020-07-04,
CU003156,CL003735,Titular principal,1,2023-08-29,
CU003157,CL001944,Titular principal,1,2024-11-07,
CU003158,CL000463,Titular principal,1,2024-02-09,
CU003159,CL003755,Titular principal,1,2021-03-28,
CU003160,CL000790,Titular principal,0.6,2022-01-01,
CU003160,CL004058,Cotitular,0.4,2022-01-01,
CU003161,CL000301,Titular principal,1,2023-12-24,
CU003162,CL001874,Titular principal,1,2021-11-14,
CU003163,CL003380,Titular principal,1,2021-11-19,
CU003164,CL002896,Titular principal,1,2025-04-28,
CU003165,CL001587,Titular principal,1,2018-12-22,
CU003166,CL001771,Titular principal,1,2023-05-02,
CU003167,CL003301,Titular principal,1,2023-06-17,
CU003168,CL001029,Titular principal,1,2020-06-20,
CU003169,CL002284,Titular principal,1,2024-11-25,
CU003170,CL004437,Titular principal,1,2020-11-24,
CU003171,CL000067,Titular principal,1,2022-11-15,
CU003172,CL000827,Titular principal,1,2021-05-01,
CU003173,CL003723,Titular principal,1,2019-12-30,
CU003174,CL003958,Titular principal,1,2024-02-17,
CU003175,CL003940,Titular principal,0.6,2019-03-26,
CU003175,CL001418,Cotitular,0.4,2019-03-26,
CU003176,CL003990,Titular principal,0.6,2022-06-28,
CU003176,CL004177,Cotitular,0.4,2022-06-28,
CU003177,CL003278,Titular principal,1,2025-11-27,
CU003178,CL003603,Titular principal,1,2022-10-23,
CU003179,CL004183,Titular principal,1,2024-09-30,
CU003180,CL003460,Titular principal,1,2025-06-09,
CU003181,CL003859,Titular principal,0.6,2022-02-23,
CU003181,CL002292,Cotitular,0.4,2022-02-23,
CU003182,CL000769,Titular principal,1,2021-05-06,
CU003183,CL001642,Titular principal,1,2020-12-10,
CU003184,CL003973,Titular principal,1,2023-03-19,
CU003185,CL001716,Titular principal,1,2023-10-01,
CU003186,CL001369,Titular principal,1,2020-03-07,
CU003187,CL002736,Titular principal,1,2020-12-04,
CU003188,CL000053,Titular principal,1,2025-01-25,
CU003189,CL003637,Titular principal,1,2022-09-19,
CU003190,CL004298,Titular principal,1,2025-05-27,
CU003191,CL002648,Titular principal,1,2024-12-29,
CU003192,CL000684,Titular principal,1,2022-12-16,
CU003193,CL002312,Titular principal,1,2024-01-16,
CU003194,CL001527,Titular principal,1,2025-04-11,
CU003195,CL000264,Titular principal,1,2023-04-23,
CU003196,CL001801,Titular principal,1,2025-03-19,
CU003197,CL000964,Titular principal,1,2020-06-04,
CU003198,CL001487,Titular principal,1,2024-02-17,
CU003199,CL001759,Titular principal,1,2023-01-11,
CU003200,CL004118,Titular principal,1,2023-05-01,
CU003201,CL003185,Titular principal,0.6,2024-06-12,
CU003201,CL002858,Cotitular,0.4,2024-06-12,
CU003202,CL002157,Titular principal,1,2022-10-05,
CU003203,CL001623,Titular principal,1,2024-04-24,
CU003204,CL002517,Titular principal,1,2022-12-28,
CU003205,CL003536,Titular principal,1,2024-01-14,
CU003206,CL000057,Titular principal,1,2024-04-08,
CU003207,CL004419,Titular principal,1,2023-05-13,
CU003208,CL003312,Titular principal,1,2022-08-10,
CU003209,CL000596,Titular principal,0.6,2021-09-21,
CU003209,CL003927,Cotitular,0.4,2021-09-21,
CU003210,CL002939,Titular principal,1,2022-04-17,
CU003211,CL003746,Titular principal,1,2021-04-28,
CU003212,CL001678,Titular principal,1,2020-04-07,
CU003213,CL002042,Titular principal,1,2023-12-17,
CU003214,CL003417,Titular principal,1,2019-07-19,
CU003215,CL000338,Titular principal,1,2023-03-02,
CU003216,CL001570,Titular principal,1,2025-03-08,
CU003217,CL000408,Titular principal,1,2025-06-30,
CU003218,CL002203,Titular principal,1,2024-04-16,
CU003219,CL002438,Titular principal,1,2022-03-11,
CU003220,CL003739,Titular principal,1,2025-05-08,
CU003221,CL002887,Titular principal,1,2025-03-19,
CU003222,CL000855,Titular principal,1,2023-07-01,
CU003223,CL000933,Titular principal,1,2022-08-31,
CU003224,CL000799,Titular principal,1,2024-04-30,
CU003225,CL001626,Titular principal,1,2022-03-26,
CU003226,CL003276,Titular principal,1,2025-01-04,
CU003227,CL000522,Titular principal,1,2022-05-17,
CU003228,CL001956,Titular principal,1,2022-03-27,
CU003229,CL001619,Titular principal,1,2019-08-20,
CU003230,CL004347,Titular principal,1,2022-07-07,
CU003231,CL002712,Titular principal,1,2023-04-11,
CU003232,CL000781,Titular principal,1,2022-08-17,
CU003233,CL001553,Titular principal,1,2023-01-07,
CU003234,CL001830,Titular principal,1,2021-10-01,
CU003235,CL001582,Titular principal,1,2022-12-23,
CU003236,CL002652,Titular principal,1,2022-03-11,
CU003237,CL000722,Titular principal,1,2023-01-10,
CU003238,CL004004,Titular principal,1,2025-07-02,
CU003239,CL000521,Titular principal,1,2022-01-20,
CU003240,CL002782,Titular principal,1,2020-04-19,
CU003241,CL000200,Titular principal,1,2021-11-02,
CU003242,CL000629,Titular principal,1,2022-12-15,
CU003243,CL000056,Titular principal,1,2022-02-07,
CU003244,CL001439,Titular principal,1,2023-05-12,
CU003245,CL000283,Titular principal,1,2021-03-28,
CU003246,CL003060,Titular principal,1,2021-10-20,
CU003247,CL000598,Titular principal,1,2020-01-21,
CU003248,CL001447,Titular principal,1,2021-03-17,
CU003249,CL000932,Titular principal,1,2020-06-09,
CU003250,CL002023,Titular principal,1,2020-10-22,
CU003251,CL002924,Titular principal,1,2024-12-07,
CU003252,CL000881,Titular principal,1,2025-06-26,
CU003253,CL003240,Titular principal,1,2025-02-09,
CU003254,CL001678,Titular principal,1,2022-08-18,
CU003255,CL003899,Titular principal,1,2022-04-05,
CU003256,CL003706,Titular principal,1,2023-10-20,
CU003257,CL001017,Titular principal,1,2025-11-07,
CU003258,CL003711,Titular principal,1,2025-08-27,
CU003259,CL001118,Titular principal,1,2019-06-12,
CU003260,CL001491,Titular principal,1,2025-09-21,
CU003261,CL000997,Titular principal,1,2021-04-16,
CU003262,CL004056,Titular principal,1,2023-06-13,
CU003263,CL001980,Titular principal,1,2022-07-20,
CU003264,CL002681,Titular principal,1,2024-05-31,
CU003265,CL000248,Titular principal,1,2024-05-28,
CU003266,CL000444,Titular principal,1,2025-01-27,
CU003267,CL002871,Titular principal,1,2024-12-02,
CU003268,CL002286,Titular principal,1,2022-03-31,
CU003269,CL002251,Titular principal,1,2024-09-03,
CU003270,CL004338,Titular principal,0.6,2022-06-08,
CU003270,CL002797,Cotitular,0.4,2022-06-08,
CU003271,CL002744,Titular principal,1,2019-03-04,
CU003272,CL001998,Titular principal,1,2023-02-14,
CU003273,CL001645,Titular principal,1,2019-11-15,
CU003274,CL003071,Titular principal,1,2023-05-27,
CU003275,CL003598,Titular principal,1,2024-05-03,
CU003276,CL000379,Titular principal,1,2019-05-21,
CU003277,CL003862,Titular principal,1,2021-10-31,
CU003278,CL003026,Titular principal,1,2023-06-29,
CU003279,CL003207,Titular principal,1,2023-06-21,
CU003280,CL003418,Titular principal,1,2023-01-28,
CU003281,CL002453,Titular principal,1,2025-02-12,
CU003282,CL002085,Titular principal,1,2024-01-07,
CU003283,CL000298,Titular principal,1,2025-07-19,
CU003284,CL002046,Titular principal,1,2024-09-11,
CU003285,CL002540,Titular principal,1,2019-12-25,
CU003286,CL000817,Titular principal,1,2021-06-20,
CU003287,CL002718,Titular principal,1,2020-02-05,
CU003288,CL002420,Titular principal,1,2025-01-18,
CU003289,CL000767,Titular principal,1,2024-06-03,
CU003290,CL002795,Titular principal,1,2025-04-22,
CU003291,CL002810,Titular principal,1,2023-04-14,
CU003292,CL004266,Titular principal,1,2025-01-25,
CU003293,CL001293,Titular principal,1,2020-07-17,
CU003294,CL003188,Titular principal,1,2025-09-12,
CU003295,CL000648,Titular principal,1,2023-04-10,
CU003296,CL001467,Titular principal,1,2025-07-28,
CU003297,CL004498,Titular principal,1,2023-08-30,
CU003298,CL000809,Titular principal,1,2021-04-02,
CU003299,CL000129,Titular principal,0.6,2022-08-01,
CU003299,CL002828,Cotitular,0.4,2022-08-01,
CU003300,CL004047,Titular principal,1,2022-02-22,
CU003301,CL003613,Titular principal,1,2022-08-09,
CU003302,CL000959,Titular principal,1,2020-02-04,
CU003303,CL003851,Titular principal,1,2025-03-24,
CU003304,CL002227,Titular principal,1,2020-06-22,
CU003305,CL002404,Titular principal,1,2022-11-14,
CU003306,CL003614,Titular principal,1,2023-12-28,
CU003307,CL001067,Titular principal,1,2022-09-10,
CU003308,CL003720,Titular principal,1,2025-04-25,
CU003309,CL001018,Titular principal,0.6,2023-04-24,
CU003309,CL003711,Cotitular,0.4,2023-04-24,
CU003310,CL001525,Titular principal,1,2025-04-10,
CU003311,CL001981,Titular principal,1,2023-03-13,
CU003312,CL002660,Titular principal,0.6,2023-01-05,
CU003312,CL000071,Cotitular,0.4,2023-01-05,
CU003313,CL003407,Titular principal,1,2020-08-08,
CU003314,CL003159,Titular principal,1,2025-05-27,
CU003315,CL003734,Titular principal,1,2021-04-13,
CU003316,CL003511,Titular principal,1,2024-10-16,
CU003317,CL003194,Titular principal,1,2025-05-23,
CU003318,CL002236,Titular principal,0.6,2019-12-22,
CU003318,CL002179,Cotitular,0.4,2019-12-22,
CU003319,CL000162,Titular principal,1,2023-12-02,
CU003320,CL004394,Titular principal,1,2020-06-12,
CU003321,CL000755,Titular principal,1,2025-02-13,
CU003322,CL003252,Titular principal,1,2019-10-31,
CU003323,CL001493,Titular principal,1,2022-07-14,
CU003324,CL002020,Titular principal,1,2025-11-19,
CU003325,CL003187,Titular principal,0.6,2022-08-21,
CU003325,CL002879,Cotitular,0.4,2022-08-21,
CU003326,CL003440,Titular principal,1,2025-09-25,
CU003327,CL002805,Titular principal,1,2025-07-21,
CU003328,CL003423,Titular principal,1,2025-09-24,
CU003329,CL002943,Titular principal,1,2022-08-02,
CU003330,CL001892,Titular principal,1,2021-08-21,
CU003331,CL001582,Titular principal,1,2024-02-17,
CU003332,CL000172,Titular principal,1,2022-12-21,
CU003333,CL004497,Titular principal,0.6,2020-09-25,
CU003333,CL000877,Cotitular,0.4,2020-09-25,
CU003334,CL000541,Titular principal,1,2025-10-25,
CU003335,CL002020,Titular principal,1,2021-01-28,
CU003336,CL002276,Titular principal,1,2024-05-08,
CU003337,CL001369,Titular principal,1,2024-11-24,
CU003338,CL001886,Titular principal,1,2025-10-02,
CU003339,CL001954,Titular principal,1,2023-03-05,
CU003340,CL001787,Titular principal,1,2021-11-11,
CU003341,CL000815,Titular principal,1,2020-09-24,
CU003342,CL000968,Titular principal,1,2023-07-12,
CU003343,CL002825,Titular principal,1,2023-07-31,
CU003344,CL003635,Titular principal,1,2025-03-25,
CU003345,CL001028,Titular principal,1,2023-01-18,
CU003346,CL000499,Titular principal,1,2025-06-05,
CU003347,CL000348,Titular principal,1,2024-02-27,
CU003348,CL001578,Titular principal,1,2023-02-12,
CU003349,CL000250,Titular principal,1,2025-05-25,
CU003350,CL001464,Titular principal,1,2025-09-06,
CU003351,CL003553,Titular principal,1,2023-01-24,
CU003352,CL001182,Titular principal,1,2023-05-09,
CU003353,CL003917,Titular principal,1,2020-10-11,
CU003354,CL002144,Titular principal,1,2023-03-22,
CU003355,CL002925,Titular principal,1,2021-02-06,
CU003356,CL001494,Titular principal,1,2023-11-07,
CU003357,CL002300,Titular principal,1,2021-11-06,
CU003358,CL004386,Titular principal,1,2022-08-26,
CU003359,CL003033,Titular principal,1,2025-01-23,
CU003360,CL004312,Titular principal,1,2025-01-28,
CU003361,CL002229,Titular principal,1,2018-12-13,
CU003362,CL000915,Titular principal,1,2022-12-06,
CU003363,CL003830,Titular principal,1,2023-06-09,
CU003364,CL004375,Titular principal,1,2022-12-17,
CU003365,CL000086,Titular principal,1,2022-10-04,
CU003366,CL001535,Titular principal,1,2021-01-20,
CU003367,CL002791,Titular principal,1,2023-12-03,
CU003368,CL002838,Titular principal,1,2022-02-28,
CU003369,CL000086,Titular principal,1,2019-12-17,
CU003370,CL002339,Titular principal,1,2019-12-29,
CU003371,CL004341,Titular principal,1,2022-09-08,
CU003372,CL000089,Titular principal,1,2021-02-01,
CU003373,CL000617,Titular principal,1,2024-10-12,
CU003374,CL002338,Titular principal,1,2019-01-15,
CU003375,CL003089,Titular principal,1,2023-04-15,
CU003376,CL003851,Titular principal,1,2024-10-08,
CU003377,CL002364,Titular principal,1,2024-01-27,
CU003378,CL003345,Titular principal,1,2023-06-20,
CU003379,CL003514,Titular principal,1,2023-10-27,
CU003380,CL000201,Titular principal,0.6,2023-03-09,
CU003380,CL003771,Cotitular,0.4,2023-03-09,
CU003381,CL003278,Titular principal,1,2025-02-24,
CU003382,CL000268,Titular principal,1,2021-05-10,
CU003383,CL003433,Titular principal,1,2022-09-20,
CU003384,CL000442,Titular principal,1,2023-05-19,
CU003385,CL002370,Titular principal,1,2023-06-29,
CU003386,CL003879,Titular principal,1,2025-08-18,
CU003387,CL002265,Titular principal,1,2019-10-05,
CU003388,CL002992,Titular principal,1,2025-11-02,
CU003389,CL000607,Titular principal,1,2023-12-19,
CU003390,CL003456,Titular principal,1,2019-09-10,
CU003391,CL001886,Titular principal,1,2022-08-02,
CU003392,CL000047,Titular principal,1,2021-09-15,
CU003393,CL001963,Titular principal,1,2024-10-24,
CU003394,CL001054,Titular principal,1,2023-05-22,
CU003395,CL000409,Titular principal,1,2022-05-06,
CU003396,CL000497,Titular principal,1,2023-11-13,
CU003397,CL000688,Titular principal,1,2020-05-13,
CU003398,CL003442,Titular principal,1,2022-09-05,
CU003399,CL000721,Titular principal,0.6,2023-10-01,
CU003399,CL002796,Cotitular,0.4,2023-10-01,
CU003400,CL001370,Titular principal,1,2023-01-01,
CU003401,CL004228,Titular principal,1,2023-03-24,
CU003402,CL001305,Titular principal,1,2021-11-18,
CU003403,CL003390,Titular principal,1,2022-09-09,
CU003404,CL004184,Titular principal,1,2023-10-19,
CU003405,CL003240,Titular principal,1,2022-02-07,
CU003406,CL001885,Titular principal,1,2025-02-15,
CU003407,CL000514,Titular principal,1,2022-08-31,
CU003408,CL001465,Titular principal,1,2019-02-16,
CU003409,CL000682,Titular principal,1,2025-03-06,
CU003410,CL002613,Titular principal,1,2022-03-19,
CU003411,CL001825,Titular principal,1,2022-05-31,
CU003412,CL002071,Titular principal,1,2021-05-13,
CU003413,CL002797,Titular principal,1,2023-08-10,
CU003414,CL004008,Titular principal,1,2020-11-29,
CU003415,CL001947,Titular principal,1,2021-09-28,
CU003416,CL000631,Titular principal,1,2024-12-15,
CU003417,CL003289,Titular principal,1,2019-08-03,
CU003418,CL004388,Titular principal,1,2023-08-19,
CU003419,CL002482,Titular principal,1,2024-08-19,
CU003420,CL004452,Titular principal,0.6,2023-11-19,
CU003420,CL000019,Cotitular,0.4,2023-11-19,
CU003421,CL002856,Titular principal,1,2024-02-08,
CU003422,CL000350,Titular principal,1,2023-07-03,
CU003423,CL000582,Titular principal,1,2024-06-17,
CU003424,CL003773,Titular principal,1,2021-07-10,
CU003425,CL003045,Titular principal,0.6,2019-05-03,
CU003425,CL000300,Cotitular,0.4,2019-05-03,
CU003426,CL000405,Titular principal,1,2021-02-07,
CU003427,CL003251,Titular principal,1,2020-12-28,
CU003428,CL002049,Titular principal,1,2022-01-05,
CU003429,CL000104,Titular principal,1,2020-12-24,
CU003430,CL002290,Titular principal,1,2025-11-25,
CU003431,CL003593,Titular principal,1,2022-11-09,
CU003432,CL004024,Titular principal,1,2023-08-05,
CU003433,CL004178,Titular principal,1,2025-03-31,
CU003434,CL002659,Titular principal,1,2024-06-18,
CU003435,CL000471,Titular principal,1,2019-03-08,
CU003436,CL004092,Titular principal,1,2024-04-07,
CU003437,CL002026,Titular principal,1,2023-01-26,
CU003438,CL003898,Titular principal,1,2023-01-02,
CU003439,CL003508,Titular principal,1,2024-09-06,
CU003440,CL003723,Titular principal,1,2022-04-27,
CU003441,CL002762,Titular principal,1,2025-03-08,
CU003442,CL003288,Titular principal,1,2021-06-11,
CU003443,CL002382,Titular principal,1,2025-08-01,
CU003444,CL003542,Titular principal,1,2025-07-05,
CU003445,CL000466,Titular principal,1,2025-01-25,
CU003446,CL001564,Titular principal,1,2023-03-20,
CU003447,CL004088,Titular principal,1,2024-01-11,
CU003448,CL000448,Titular principal,1,2023-05-10,
CU003449,CL002932,Titular principal,1,2025-04-29,
CU003450,CL001786,Titular principal,1,2023-05-01,
CU003451,CL001429,Titular principal,1,2019-02-11,
CU003452,CL003522,Titular principal,1,2024-02-14,
CU003453,CL002931,Titular principal,1,2023-09-12,
CU003454,CL002444,Titular principal,1,2023-09-05,
CU003455,CL001696,Titular principal,1,2023-03-25,
CU003456,CL001144,Titular principal,1,2022-03-05,
CU003457,CL002002,Titular principal,1,2022-09-18,
CU003458,CL003840,Titular principal,1,2021-10-23,
CU003459,CL000290,Titular principal,1,2023-03-08,
CU003460,CL001396,Titular principal,1,2019-01-08,
CU003461,CL004066,Titular principal,1,2025-04-05,
CU003462,CL003036,Titular principal,1,2025-07-24,
CU003463,CL001600,Titular principal,1,2022-07-26,
CU003464,CL003764,Titular principal,0.6,2023-07-11,
CU003464,CL000001,Cotitular,0.4,2023-07-11,
CU003465,CL003406,Titular principal,1,2022-03-13,
CU003466,CL003711,Titular principal,1,2025-02-18,
CU003467,CL002397,Titular principal,1,2024-03-24,
CU003468,CL000545,Titular principal,1,2025-10-27,
CU003469,CL004130,Titular principal,1,2025-03-15,
CU003470,CL000035,Titular principal,1,2021-10-10,
CU003471,CL004442,Titular principal,1,2021-02-16,
CU003472,CL002929,Titular principal,1,2021-11-05,
CU003473,CL003292,Titular principal,1,2025-11-22,
CU003474,CL000963,Titular principal,1,2023-02-04,
CU003475,CL001290,Titular principal,1,2024-01-05,
CU003476,CL000597,Titular principal,1,2024-04-26,
CU003477,CL004425,Titular principal,1,2022-07-06,
CU003478,CL003024,Titular principal,1,2020-08-27,
CU003479,CL001183,Titular principal,1,2023-02-20,
CU003480,CL001410,Titular principal,1,2025-04-24,
CU003481,CL004376,Titular principal,1,2025-02-28,
CU003482,CL003218,Titular principal,1,2025-07-31,
CU003483,CL001641,Titular principal,1,2025-04-02,
CU003484,CL002608,Titular principal,1,2020-03-12,
CU003485,CL001446,Titular principal,1,2019-10-23,
CU003486,CL000498,Titular principal,1,2021-12-02,
CU003487,CL002903,Titular principal,1,2023-11-27,
CU003488,CL002753,Titular principal,1,2023-02-20,
CU003489,CL000147,Titular principal,1,2025-02-07,
CU003490,CL002232,Titular principal,1,2019-10-17,
CU003491,CL001860,Titular principal,1,2024-10-24,
CU003492,CL004307,Titular principal,0.6,2025-03-13,
CU003492,CL003761,Cotitular,0.4,2025-03-13,
CU003493,CL003364,Titular principal,1,2023-07-15,
CU003494,CL000288,Titular principal,1,2024-08-09,
CU003495,CL002665,Titular principal,1,2023-11-19,
CU003496,CL001661,Titular principal,1,2021-05-19,
CU003497,CL001609,Titular principal,1,2025-01-12,
CU003498,CL001645,Titular principal,1,2023-01-29,
CU003499,CL001583,Titular principal,1,2020-07-15,
CU003500,CL001226,Titular principal,0.6,2025-02-12,
CU003500,CL004160,Cotitular,0.4,2025-02-12,
CU003501,CL000242,Titular principal,1,2019-11-29,
CU003502,CL001769,Titular principal,1,2021-12-17,
CU003503,CL000060,Titular principal,0.6,2025-01-27,
CU003503,CL000159,Cotitular,0.4,2025-01-27,
CU003504,CL001398,Titular principal,1,2022-05-07,
CU003505,CL004361,Titular principal,1,2021-09-01,
CU003506,CL003288,Titular principal,1,2023-07-30,
CU003507,CL004399,Titular principal,1,2024-10-29,
CU003508,CL004427,Titular principal,1,2023-10-17,
CU003509,CL002943,Titular principal,1,2019-02-25,
CU003510,CL000624,Titular principal,1,2025-06-17,
CU003511,CL004213,Titular principal,1,2024-03-28,
CU003512,CL002821,Titular principal,1,2020-08-14,
CU003513,CL001851,Titular principal,1,2023-06-28,
CU003514,CL000776,Titular principal,1,2025-04-09,
CU003515,CL001580,Titular principal,1,2025-02-10,
CU003516,CL004303,Titular principal,1,2024-02-24,
CU003517,CL002730,Titular principal,1,2022-03-06,
CU003518,CL002107,Titular principal,1,2024-01-11,
CU003519,CL002880,Titular principal,1,2021-06-19,
CU003520,CL003578,Titular principal,1,2021-09-11,
CU003521,CL003396,Titular principal,1,2025-07-02,
CU003522,CL001195,Titular principal,1,2023-11-12,
CU003523,CL000361,Titular principal,1,2020-03-14,
CU003524,CL003539,Titular principal,1,2023-06-04,
CU003525,CL003231,Titular principal,1,2024-05-27,
CU003526,CL001071,Titular principal,1,2019-09-15,
CU003527,CL003156,Titular principal,1,2023-10-23,
CU003528,CL001901,Titular principal,1,2021-09-18,
CU003529,CL003212,Titular principal,1,2022-10-30,
CU003530,CL004433,Titular principal,1,2025-07-02,
CU003531,CL003192,Titular principal,1,2022-03-09,
CU003532,CL003550,Titular principal,0.6,2021-12-02,
CU003532,CL002957,Cotitular,0.4,2021-12-02,
CU003533,CL002403,Titular principal,1,2021-11-09,
CU003534,CL003438,Titular principal,1,2025-03-05,
CU003535,CL003690,Titular principal,1,2023-10-06,
CU003536,CL000734,Titular principal,1,2025-08-09,
CU003537,CL002314,Titular principal,1,2020-03-05,
CU003538,CL002368,Titular principal,1,2023-05-19,
CU003539,CL000576,Titular principal,1,2025-06-19,
CU003540,CL002512,Titular principal,1,2023-03-02,
CU003541,CL000548,Titular principal,1,2024-10-17,
CU003542,CL000132,Titular principal,1,2021-04-30,
CU003543,CL000535,Titular principal,1,2023-02-04,
CU003544,CL002481,Titular principal,0.6,2023-05-29,
CU003544,CL002190,Cotitular,0.4,2023-05-29,
CU003545,CL002781,Titular principal,1,2022-09-20,
CU003546,CL003503,Titular principal,1,2025-04-13,
CU003547,CL003727,Titular principal,1,2023-01-02,
CU003548,CL003041,Titular principal,1,2023-09-11,
CU003549,CL001343,Titular principal,1,2022-06-28,
CU003550,CL000300,Titular principal,1,2021-10-12,
CU003551,CL003974,Titular principal,1,2023-10-10,
CU003552,CL001300,Titular principal,1,2025-04-12,
CU003553,CL002388,Titular principal,1,2021-03-23,
CU003554,CL001968,Titular principal,1,2023-08-03,
CU003555,CL000705,Titular principal,1,2020-12-12,
CU003556,CL000270,Titular principal,1,2019-05-02,
CU003557,CL002924,Titular principal,1,2020-03-13,
CU003558,CL003663,Titular principal,1,2024-05-29,
CU003559,CL003188,Titular principal,1,2025-07-26,
CU003560,CL002479,Titular principal,1,2024-09-17,
CU003561,CL002635,Titular principal,1,2022-03-03,
CU003562,CL004367,Titular principal,1,2019-09-27,
CU003563,CL001170,Titular principal,1,2019-11-05,
CU003564,CL003717,Titular principal,1,2020-07-28,
CU003565,CL003626,Titular principal,1,2023-12-19,
CU003566,CL000602,Titular principal,1,2024-11-24,
CU003567,CL002219,Titular principal,1,2021-04-09,
CU003568,CL002317,Titular principal,1,2019-04-06,
CU003569,CL002582,Titular principal,1,2018-12-29,
CU003570,CL003636,Titular principal,1,2023-07-11,
CU003571,CL003131,Titular principal,1,2023-10-20,
CU003572,CL004066,Titular principal,1,2025-01-05,
CU003573,CL003323,Titular principal,1,2019-09-16,
CU003574,CL003701,Titular principal,1,2021-07-26,
CU003575,CL001294,Titular principal,1,2020-10-25,
CU003576,CL002467,Titular principal,1,2022-07-23,
CU003577,CL000602,Titular principal,1,2021-09-13,
CU003578,CL004173,Titular principal,1,2025-05-16,
CU003579,CL000922,Titular principal,1,2024-11-15,
CU003580,CL002847,Titular principal,1,2020-11-14,
CU003581,CL001777,Titular principal,1,2022-10-18,
CU003582,CL003412,Titular principal,1,2023-02-01,
CU003583,CL001676,Titular principal,1,2021-11-21,
CU003584,CL004410,Titular principal,1,2021-11-26,
CU003585,CL001862,Titular principal,1,2025-06-25,
CU003586,CL002435,Titular principal,1,2019-09-27,
CU003587,CL001618,Titular principal,1,2024-05-08,
CU003588,CL003360,Titular principal,1,2022-01-23,
CU003589,CL001372,Titular principal,1,2023-04-15,
CU003590,CL000590,Titular principal,1,2021-02-13,
CU003591,CL002245,Titular principal,0.6,2025-07-07,
CU003591,CL001591,Cotitular,0.4,2025-07-07,
CU003592,CL003248,Titular principal,1,2022-07-08,
CU003593,CL003571,Titular principal,1,2024-06-18,
CU003594,CL001614,Titular principal,0.6,2025-03-31,
CU003594,CL004352,Cotitular,0.4,2025-03-31,
CU003595,CL003210,Titular principal,1,2024-11-19,
CU003596,CL001233,Titular principal,1,2023-09-02,
CU003597,CL004198,Titular principal,1,2025-02-24,
CU003598,CL000093,Titular principal,1,2023-02-11,
CU003599,CL001153,Titular principal,1,2025-09-09,
CU003600,CL000338,Titular principal,1,2024-07-10,
CU003601,CL000312,Titular principal,1,2025-05-16,
CU003602,CL002295,Titular principal,0.6,2024-10-04,
CU003602,CL003758,Cotitular,0.4,2024-10-04,
CU003603,CL002239,Titular principal,1,2020-02-02,
CU003604,CL003314,Titular principal,1,2020-08-28,
CU003605,CL002145,Titular principal,1,2022-03-07,
CU003606,CL003149,Titular principal,1,2021-12-15,
CU003607,CL002818,Titular principal,1,2020-05-26,
CU003608,CL002901,Titular principal,1,2019-11-02,
CU003609,CL002026,Titular principal,1,2025-11-01,
CU003610,CL000023,Titular principal,1,2024-03-05,
CU003611,CL001282,Titular principal,1,2023-03-30,
CU003612,CL000791,Titular principal,1,2023-10-19,
CU003613,CL001596,Titular principal,1,2024-04-28,
CU003614,CL002410,Titular principal,1,2021-04-24,
CU003615,CL003861,Titular principal,1,2023-02-27,
CU003616,CL000857,Titular principal,1,2025-09-14,
CU003617,CL003705,Titular principal,1,2025-05-13,
CU003618,CL001751,Titular principal,1,2021-02-10,
CU003619,CL002382,Titular principal,1,2025-10-31,
CU003620,CL000509,Titular principal,1,2020-04-18,
CU003621,CL001264,Titular principal,1,2022-08-29,
CU003622,CL001300,Titular principal,1,2025-08-12,
CU003623,CL002895,Titular principal,1,2023-10-23,
CU003624,CL000213,Titular principal,1,2023-04-19,
CU003625,CL001902,Titular principal,1,2023-12-01,
CU003626,CL003997,Titular principal,1,2021-11-29,
CU003627,CL004291,Titular principal,1,2023-02-07,
CU003628,CL004478,Titular principal,1,2022-11-20,
CU003629,CL004430,Titular principal,1,2021-06-06,
CU003630,CL000978,Titular principal,1,2022-02-12,
CU003631,CL000472,Titular principal,1,2021-01-14,
CU003632,CL003874,Titular principal,1,2020-03-06,
CU003633,CL003730,Titular principal,1,2022-08-02,
CU003634,CL002816,Titular principal,1,2024-04-10,
CU003635,CL002263,Titular principal,1,2021-09-24,
CU003636,CL004020,Titular principal,1,2025-01-29,
CU003637,CL001212,Titular principal,1,2025-01-06,
CU003638,CL003264,Titular principal,1,2024-09-06,
CU003639,CL003537,Titular principal,0.6,2022-08-06,
CU003639,CL002712,Cotitular,0.4,2022-08-06,
CU003640,CL001215,Titular principal,1,2020-04-18,
CU003641,CL003709,Titular principal,0.6,2024-07-14,
CU003641,CL003125,Cotitular,0.4,2024-07-14,
CU003642,CL000329,Titular principal,1,2021-08-04,
CU003643,CL000844,Titular principal,1,2022-03-29,
CU003644,CL001835,Titular principal,1,2022-01-29,
CU003645,CL002244,Titular principal,1,2025-05-08,
CU003646,CL004490,Titular principal,1,2023-06-23,
CU003647,CL002483,Titular principal,1,2025-07-03,
CU003648,CL001801,Titular principal,1,2021-06-27,
CU003649,CL000669,Titular principal,1,2020-01-01,
CU003650,CL002907,Titular principal,1,2024-06-20,
CU003651,CL003019,Titular principal,1,2023-05-02,
CU003652,CL000870,Titular principal,1,2021-05-19,
CU003653,CL003749,Titular principal,1,2019-09-05,
CU003654,CL001265,Titular principal,1,2024-07-23,
CU003655,CL000808,Titular principal,1,2023-07-24,
CU003656,CL004352,Titular principal,1,2022-03-10,
CU003657,CL002915,Titular principal,1,2023-12-29,
CU003658,CL002288,Titular principal,1,2025-03-03,
CU003659,CL002055,Titular principal,1,2024-12-04,
CU003660,CL002611,Titular principal,1,2025-03-20,
CU003661,CL000141,Titular principal,1,2024-01-21,
CU003662,CL004338,Titular principal,0.6,2021-02-25,
CU003662,CL002315,Cotitular,0.4,2021-02-25,
CU003663,CL001633,Titular principal,1,2024-04-11,
CU003664,CL003882,Titular principal,1,2024-03-24,
CU003665,CL001939,Titular principal,1,2019-04-03,
CU003666,CL004015,Titular principal,1,2022-07-06,
CU003667,CL000209,Titular principal,0.6,2021-06-03,
CU003667,CL001232,Cotitular,0.4,2021-06-03,
CU003668,CL001634,Titular principal,1,2021-09-11,
CU003669,CL004055,Titular principal,1,2025-07-09,
CU003670,CL002269,Titular principal,1,2023-12-07,
CU003671,CL003941,Titular principal,1,2025-05-21,
CU003672,CL001752,Titular principal,1,2024-03-24,
CU003673,CL000785,Titular principal,1,2023-11-01,
CU003674,CL003944,Titular principal,1,2023-06-04,
CU003675,CL001728,Titular principal,1,2022-05-20,
CU003676,CL000835,Titular principal,1,2020-12-01,
CU003677,CL002206,Titular principal,1,2023-05-24,
CU003678,CL003026,Titular principal,0.6,2025-10-17,
CU003678,CL000769,Cotitular,0.4,2025-10-17,
CU003679,CL003186,Titular principal,0.6,2024-06-25,
CU003679,CL003934,Cotitular,0.4,2024-06-25,
CU003680,CL003831,Titular principal,1,2020-06-21,
CU003681,CL003887,Titular principal,1,2023-04-22,
CU003682,CL002078,Titular principal,1,2021-01-17,
CU003683,CL004340,Titular principal,1,2022-04-18,
CU003684,CL002536,Titular principal,1,2024-12-16,
CU003685,CL003696,Titular principal,1,2022-01-01,
CU003686,CL002399,Titular principal,1,2019-02-17,
CU003687,CL001643,Titular principal,1,2023-03-18,
CU003688,CL001205,Titular principal,1,2023-10-28,
CU003689,CL001455,Titular principal,1,2024-11-04,
CU003690,CL000815,Titular principal,1,2023-08-12,
CU003691,CL002056,Titular principal,1,2019-11-15,
CU003692,CL003073,Titular principal,1,2019-09-04,
CU003693,CL004307,Titular principal,1,2019-03-04,
CU003694,CL004426,Titular principal,1,2024-11-20,
CU003695,CL003161,Titular principal,1,2022-08-14,
CU003696,CL001781,Titular principal,1,2025-02-18,
CU003697,CL003626,Titular principal,1,2025-01-13,
CU003698,CL001543,Titular principal,1,2022-10-05,
CU003699,CL004254,Titular principal,1,2019-11-06,
CU003700,CL000121,Titular principal,0.6,2021-02-19,
CU003700,CL003987,Cotitular,0.4,2021-02-19,
CU003701,CL002228,Titular principal,1,2021-06-17,
CU003702,CL000370,Titular principal,1,2023-12-20,
CU003703,CL004083,Titular principal,1,2024-06-28,
CU003704,CL002434,Titular principal,1,2021-06-17,
CU003705,CL001907,Titular principal,1,2019-05-24,
CU003706,CL001703,Titular principal,1,2021-03-03,
CU003707,CL001959,Titular principal,1,2023-02-24,
CU003708,CL000705,Titular principal,1,2020-08-20,
CU003709,CL003246,Titular principal,1,2023-02-04,
CU003710,CL004479,Titular principal,0.6,2020-11-05,
CU003710,CL001165,Cotitular,0.4,2020-11-05,
CU003711,CL000004,Titular principal,1,2021-03-10,
CU003712,CL001928,Titular principal,1,2022-11-30,
CU003713,CL001202,Titular principal,1,2023-10-13,
CU003714,CL000872,Titular principal,1,2023-11-08,
CU003715,CL000515,Titular principal,0.6,2021-12-30,
CU003715,CL002468,Cotitular,0.4,2021-12-30,
CU003716,CL000093,Titular principal,1,2022-03-20,
CU003717,CL003184,Titular principal,1,2020-01-30,
CU003718,CL002783,Titular principal,0.6,2021-08-26,
CU003718,CL002309,Cotitular,0.4,2021-08-26,
CU003719,CL001972,Titular principal,1,2020-03-26,
CU003720,CL003719,Titular principal,1,2025-07-24,
CU003721,CL002296,Titular principal,1,2023-03-28,
CU003722,CL001500,Titular principal,1,2022-05-26,
CU003723,CL002480,Titular principal,1,2025-03-05,
CU003724,CL004111,Titular principal,1,2022-11-26,
CU003725,CL000333,Titular principal,1,2025-01-07,
CU003726,CL003918,Titular principal,1,2019-01-04,
CU003727,CL000953,Titular principal,1,2022-09-12,
CU003728,CL001784,Titular principal,1,2024-07-22,
CU003729,CL002998,Titular principal,1,2021-07-29,
CU003730,CL003145,Titular principal,1,2023-05-31,
CU003731,CL001861,Titular principal,1,2025-07-13,
CU003732,CL003020,Titular principal,1,2025-10-15,
CU003733,CL002187,Titular principal,1,2023-08-31,
CU003734,CL000346,Titular principal,1,2019-06-17,
CU003735,CL002918,Titular principal,1,2025-04-29,
CU003736,CL001102,Titular principal,1,2022-12-09,
CU003737,CL001178,Titular principal,1,2021-10-14,
CU003738,CL000289,Titular principal,1,2025-03-16,
CU003739,CL000307,Titular principal,1,2024-04-25,
CU003740,CL000809,Titular principal,1,2020-08-13,
CU003741,CL004246,Titular principal,1,2022-08-02,
CU003742,CL002672,Titular principal,0.6,2024-02-25,
CU003742,CL004323,Cotitular,0.4,2024-02-25,
CU003743,CL000910,Titular principal,1,2024-10-24,
CU003744,CL002287,Titular principal,1,2020-03-26,
CU003745,CL004378,Titular principal,1,2023-09-22,
CU003746,CL002251,Titular principal,1,2025-06-01,
CU003747,CL001273,Titular principal,1,2021-07-03,
CU003748,CL003586,Titular principal,1,2024-01-03,
CU003749,CL000491,Titular principal,1,2024-04-03,
CU003750,CL002985,Titular principal,0.6,2023-06-30,
CU003750,CL002834,Cotitular,0.4,2023-06-30,
CU003751,CL003262,Titular principal,1,2021-03-22,
CU003752,CL002056,Titular principal,0.6,2024-03-25,
CU003752,CL000313,Cotitular,0.4,2024-03-25,
CU003753,CL003203,Titular principal,1,2019-04-05,
CU003754,CL002516,Titular principal,1,2022-06-09,
CU003755,CL003188,Titular principal,1,2023-06-11,
CU003756,CL001398,Titular principal,1,2022-05-16,
CU003757,CL003524,Titular principal,1,2025-02-06,
CU003758,CL001816,Titular principal,0.6,2021-08-19,
CU003758,CL000878,Cotitular,0.4,2021-08-19,
CU003759,CL004102,Titular principal,1,2021-05-28,
CU003760,CL003862,Titular principal,1,2024-10-16,
CU003761,CL003896,Titular principal,1,2023-12-02,
CU003762,CL003110,Titular principal,1,2022-03-07,
CU003763,CL002034,Titular principal,1,2025-06-19,
CU003764,CL001811,Titular principal,1,2020-11-29,
CU003765,CL000644,Titular principal,1,2024-02-08,
CU003766,CL000818,Titular principal,1,2024-06-17,
CU003767,CL001130,Titular principal,1,2023-07-20,
CU003768,CL002096,Titular principal,0.6,2025-02-17,
CU003768,CL003058,Cotitular,0.4,2025-02-17,
CU003769,CL004245,Titular principal,1,2024-05-29,
CU003770,CL003869,Titular principal,1,2024-10-03,
CU003771,CL003396,Titular principal,1,2024-10-01,
CU003772,CL004498,Titular principal,1,2023-08-10,
CU003773,CL001786,Titular principal,1,2024-09-22,
CU003774,CL000116,Titular principal,0.6,2025-11-09,
CU003774,CL003381,Cotitular,0.4,2025-11-09,
CU003775,CL002094,Titular principal,1,2022-01-02,
CU003776,CL000270,Titular principal,1,2025-07-05,
CU003777,CL000792,Titular principal,1,2024-06-22,
CU003778,CL002780,Titular principal,1,2021-12-25,
CU003779,CL004439,Titular principal,1,2022-04-26,
CU003780,CL001088,Titular principal,1,2024-04-02,
CU003781,CL000170,Titular principal,1,2025-05-22,
CU003782,CL003361,Titular principal,1,2024-04-28,
CU003783,CL002129,Titular principal,1,2022-08-08,
CU003784,CL003133,Titular principal,1,2024-02-02,
CU003785,CL001666,Titular principal,1,2020-06-09,
CU003786,CL002454,Titular principal,1,2025-07-30,
CU003787,CL004112,Titular principal,1,2022-06-18,
CU003788,CL003028,Titular principal,1,2021-05-12,
CU003789,CL001567,Titular principal,1,2020-03-13,
CU003790,CL001944,Titular principal,1,2023-03-01,
CU003791,CL002642,Titular principal,1,2024-09-22,
CU003792,CL002001,Titular principal,1,2021-03-23,
CU003793,CL002586,Titular principal,1,2024-09-27,
CU003794,CL002513,Titular principal,1,2024-09-02,
CU003795,CL001535,Titular principal,1,2020-10-06,
CU003796,CL004416,Titular principal,1,2020-08-06,
CU003797,CL002019,Titular principal,1,2020-04-12,
CU003798,CL002159,Titular principal,1,2024-02-29,
CU003799,CL000583,Titular principal,1,2025-08-24,
CU003800,CL000331,Titular principal,1,2024-11-16,
CU003801,CL001928,Titular principal,1,2021-04-29,
CU003802,CL003886,Titular principal,1,2023-06-24,
CU003803,CL002430,Titular principal,0.6,2023-08-31,
CU003803,CL002223,Cotitular,0.4,2023-08-31,
CU003804,CL000528,Titular principal,1,2025-05-01,
CU003805,CL003059,Titular principal,1,2023-01-20,
CU003806,CL001690,Titular principal,1,2020-02-13,
CU003807,CL000132,Titular principal,0.6,2023-11-19,
CU003807,CL000491,Cotitular,0.4,2023-11-19,
CU003808,CL003114,Titular principal,1,2024-08-16,
CU003809,CL000214,Titular principal,1,2024-07-01,
CU003810,CL001554,Titular principal,1,2019-12-22,
CU003811,CL003821,Titular principal,1,2025-06-18,
CU003812,CL004242,Titular principal,1,2024-01-11,
CU003813,CL003031,Titular principal,1,2025-07-23,
CU003814,CL003359,Titular principal,1,2023-12-10,
CU003815,CL002243,Titular principal,1,2022-02-16,
CU003816,CL000746,Titular principal,1,2025-01-22,
CU003817,CL000361,Titular principal,1,2025-05-17,
CU003818,CL003549,Titular principal,1,2019-01-22,
CU003819,CL002662,Titular principal,1,2025-11-15,
CU003820,CL000054,Titular principal,0.6,2020-12-04,
CU003820,CL002862,Cotitular,0.4,2020-12-04,
CU003821,CL001965,Titular principal,1,2024-11-08,
CU003822,CL004272,Titular principal,1,2019-02-10,
CU003823,CL000157,Titular principal,1,2023-06-05,
CU003824,CL002475,Titular principal,1,2021-02-28,
CU003825,CL001488,Titular principal,1,2020-08-02,
CU003826,CL003797,Titular principal,1,2023-07-18,
CU003827,CL000016,Titular principal,1,2020-09-17,
CU003828,CL001821,Titular principal,1,2023-07-15,
CU003829,CL001028,Titular principal,1,2023-03-21,
CU003830,CL002426,Titular principal,1,2023-04-06,
CU003831,CL004406,Titular principal,1,2020-09-25,
CU003832,CL001321,Titular principal,1,2023-11-17,
CU003833,CL002111,Titular principal,1,2021-05-03,
CU003834,CL000353,Titular principal,0.6,2025-10-03,
CU003834,CL004489,Cotitular,0.4,2025-10-03,
CU003835,CL000997,Titular principal,0.6,2020-06-21,
CU003835,CL002868,Cotitular,0.4,2020-06-21,
CU003836,CL000726,Titular principal,1,2025-11-16,
CU003837,CL003399,Titular principal,1,2025-02-05,
CU003838,CL000055,Titular principal,1,2020-01-16,
CU003839,CL002850,Titular principal,1,2022-09-21,
CU003840,CL000933,Titular principal,1,2025-04-10,
CU003841,CL002869,Titular principal,1,2023-03-04,
CU003842,CL000836,Titular principal,1,2023-02-18,
CU003843,CL000767,Titular principal,1,2022-06-25,
CU003844,CL000140,Titular principal,1,2020-02-01,
CU003845,CL000074,Titular principal,1,2023-06-20,
CU003846,CL004380,Titular principal,1,2023-04-03,
CU003847,CL001694,Titular principal,1,2024-11-03,
CU003848,CL003393,Titular principal,1,2024-11-01,
CU003849,CL001138,Titular principal,1,2023-09-03,
CU003850,CL000053,Titular principal,1,2021-06-16,
CU003851,CL003015,Titular principal,1,2021-06-01,
CU003852,CL003956,Titular principal,1,2024-08-13,
CU003853,CL000857,Titular principal,1,2024-02-14,
CU003854,CL000709,Titular principal,1,2025-10-30,
CU003855,CL000986,Titular principal,1,2022-04-30,
CU003856,CL003038,Titular principal,1,2019-08-15,
CU003857,CL004416,Titular principal,1,2022-03-04,
CU003858,CL000283,Titular principal,1,2025-06-23,
CU003859,CL003483,Titular principal,1,2018-11-28,
CU003860,CL002396,Titular principal,1,2019-07-28,
CU003861,CL003284,Titular principal,1,2024-08-22,
CU003862,CL004437,Titular principal,0.6,2023-11-16,
CU003862,CL000900,Cotitular,0.4,2023-11-16,
CU003863,CL004143,Titular principal,1,2025-11-29,
CU003864,CL000266,Titular principal,1,2024-10-29,
CU003865,CL003960,Titular principal,1,2020-04-25,
CU003866,CL003721,Titular principal,1,2025-04-29,
CU003867,CL003859,Titular principal,1,2023-05-24,
CU003868,CL001084,Titular principal,1,2021-04-17,
CU003869,CL003547,Titular principal,1,2022-08-26,
CU003870,CL003476,Titular principal,1,2024-11-25,
CU003871,CL001522,Titular principal,1,2025-10-29,
CU003872,CL001553,Titular principal,1,2022-11-22,
CU003873,CL001030,Titular principal,1,2025-04-26,
CU003874,CL001805,Titular principal,1,2019-12-11,
CU003875,CL001028,Titular principal,1,2023-12-20,
CU003876,CL000295,Titular principal,1,2019-12-20,
CU003877,CL000878,Titular principal,1,2024-06-11,
CU003878,CL000766,Titular principal,1,2023-11-18,
CU003879,CL002549,Titular principal,1,2021-02-01,
CU003880,CL001141,Titular principal,1,2020-10-28,
CU003881,CL001838,Titular principal,1,2025-05-19,
CU003882,CL001516,Titular principal,1,2021-06-26,
CU003883,CL000662,Titular principal,1,2023-02-21,
CU003884,CL004391,Titular principal,1,2020-02-07,
CU003885,CL003144,Titular principal,1,2023-09-14,
CU003886,CL001165,Titular principal,1,2020-09-07,
CU003887,CL003481,Titular principal,1,2024-01-08,
CU003888,CL002574,Titular principal,1,2023-08-08,
CU003889,CL002241,Titular principal,1,2025-09-02,
CU003890,CL002815,Titular principal,1,2022-08-21,
CU003891,CL003366,Titular principal,1,2020-02-22,
CU003892,CL000380,Titular principal,1,2018-12-29,
CU003893,CL002862,Titular principal,1,2023-11-21,
CU003894,CL003582,Titular principal,1,2025-03-01,
CU003895,CL003164,Titular principal,1,2022-12-08,
CU003896,CL001259,Titular principal,1,2022-10-04,
CU003897,CL000497,Titular principal,1,2022-04-22,
CU003898,CL001917,Titular principal,1,2023-04-17,
CU003899,CL002147,Titular principal,1,2023-11-23,
CU003900,CL001564,Titular principal,0.6,2021-03-26,
CU003900,CL000360,Cotitular,0.4,2021-03-26,
CU003901,CL000714,Titular principal,1,2021-07-16,
CU003902,CL002898,Titular principal,1,2019-11-10,
CU003903,CL004157,Titular principal,1,2023-10-16,
CU003904,CL002423,Titular principal,1,2019-02-15,
CU003905,CL000920,Titular principal,1,2023-04-17,
CU003906,CL003341,Titular principal,1,2020-11-10,
CU003907,CL000682,Titular principal,1,2025-02-21,
CU003908,CL002206,Titular principal,0.6,2025-03-05,
CU003908,CL003203,Cotitular,0.4,2025-03-05,
CU003909,CL003468,Titular principal,1,2025-01-14,
CU003910,CL002572,Titular principal,1,2021-07-30,
CU003911,CL001226,Titular principal,1,2025-03-30,
CU003912,CL002301,Titular principal,1,2024-02-09,
CU003913,CL003002,Titular principal,1,2022-06-15,
CU003914,CL004409,Titular principal,0.6,2022-12-04,
CU003914,CL003662,Cotitular,0.4,2022-12-04,
CU003915,CL004026,Titular principal,1,2024-07-01,
CU003916,CL000167,Titular principal,1,2019-09-25,
CU003917,CL001926,Titular principal,1,2023-10-31,
CU003918,CL003169,Titular principal,0.6,2025-01-21,
CU003918,CL000391,Cotitular,0.4,2025-01-21,
CU003919,CL000975,Titular principal,1,2025-11-21,
CU003920,CL001166,Titular principal,1,2023-04-25,
CU003921,CL000158,Titular principal,1,2022-03-11,
CU003922,CL004109,Titular principal,1,2022-05-24,
CU003923,CL000699,Titular principal,1,2024-11-07,
CU003924,CL001323,Titular principal,1,2022-05-14,
CU003925,CL002532,Titular principal,1,2022-06-12,
CU003926,CL003866,Titular principal,1,2024-07-12,
CU003927,CL001832,Titular principal,1,2024-10-07,
CU003928,CL003603,Titular principal,1,2023-08-23,
CU003929,CL003894,Titular principal,1,2020-10-31,
CU003930,CL003294,Titular principal,1,2022-07-15,
CU003931,CL000094,Titular principal,1,2024-04-25,
CU003932,CL000311,Titular principal,1,2020-01-30,
CU003933,CL004286,Titular principal,1,2024-06-08,
CU003934,CL003322,Titular principal,1,2024-12-31,
CU003935,CL002270,Titular principal,1,2024-03-25,
CU003936,CL002162,Titular principal,1,2025-06-02,
CU003937,CL002298,Titular principal,1,2019-11-30,
CU003938,CL003408,Titular principal,1,2021-07-01,
CU003939,CL000881,Titular principal,1,2019-08-29,
CU003940,CL002049,Titular principal,1,2019-12-31,
CU003941,CL000689,Titular principal,1,2025-05-20,
CU003942,CL001830,Titular principal,1,2022-12-09,
CU003943,CL002760,Titular principal,1,2024-01-29,
CU003944,CL002258,Titular principal,1,2019-10-25,
CU003945,CL003468,Titular principal,1,2021-12-17,
CU003946,CL002357,Titular principal,0.6,2020-04-01,
CU003946,CL001600,Cotitular,0.4,2020-04-01,
CU003947,CL001197,Titular principal,1,2025-11-09,
CU003948,CL001012,Titular principal,1,2020-11-10,
CU003949,CL002354,Titular principal,1,2022-08-16,
CU003950,CL001546,Titular principal,1,2025-03-11,
CU003951,CL002325,Titular principal,1,2019-10-11,
CU003952,CL004341,Titular principal,1,2024-12-31,
CU003953,CL001266,Titular principal,0.6,2019-06-19,
CU003953,CL001688,Cotitular,0.4,2019-06-19,
CU003954,CL004131,Titular principal,1,2023-08-15,
CU003955,CL004083,Titular principal,0.6,2024-01-28,
CU003955,CL000959,Cotitular,0.4,2024-01-28,
CU003956,CL003068,Titular principal,1,2023-07-17,
CU003957,CL003125,Titular principal,1,2021-05-16,
CU003958,CL000224,Titular principal,1,2021-11-01,
CU003959,CL001220,Titular principal,1,2023-05-06,
CU003960,CL003873,Titular principal,1,2024-09-14,
CU003961,CL002962,Titular principal,1,2022-10-16,
CU003962,CL004247,Titular principal,1,2021-11-27,
CU003963,CL002118,Titular principal,0.6,2025-05-24,
CU003963,CL003844,Cotitular,0.4,2025-05-24,
CU003964,CL002970,Titular principal,1,2022-04-05,
CU003965,CL004214,Titular principal,1,2025-03-08,
CU003966,CL000613,Titular principal,1,2024-02-02,
CU003967,CL002891,Titular principal,1,2022-11-24,
CU003968,CL003632,Titular principal,0.6,2025-09-18,
CU003968,CL000973,Cotitular,0.4,2025-09-18,
CU003969,CL001073,Titular principal,1,2024-05-22,
CU003970,CL000736,Titular principal,1,2021-10-11,
CU003971,CL002576,Titular principal,1,2023-03-23,
CU003972,CL003444,Titular principal,1,2023-10-03,
CU003973,CL002707,Titular principal,1,2023-11-10,
CU003974,CL002667,Titular principal,1,2021-04-25,
CU003975,CL004369,Titular principal,1,2022-01-15,
CU003976,CL001672,Titular principal,1,2024-01-29,
CU003977,CL003820,Titular principal,1,2025-11-22,
CU003978,CL002690,Titular principal,1,2023-08-30,
CU003979,CL003990,Titular principal,1,2023-10-23,
CU003980,CL001728,Titular principal,1,2024-05-17,
CU003981,CL002656,Titular principal,1,2021-12-02,
CU003982,CL002289,Titular principal,1,2025-07-18,
CU003983,CL001913,Titular principal,1,2023-11-14,
CU003984,CL000935,Titular principal,1,2025-07-29,
CU003985,CL001312,Titular principal,1,2023-12-02,
CU003986,CL003135,Titular principal,1,2022-08-30,
CU003987,CL002034,Titular principal,1,2019-06-29,
CU003988,CL003854,Titular principal,1,2024-11-05,
CU003989,CL004000,Titular principal,1,2025-02-13,
CU003990,CL000321,Titular principal,1,2020-07-22,
CU003991,CL001127,Titular principal,1,2024-05-28,
CU003992,CL003309,Titular principal,1,2024-03-23,
CU003993,CL001050,Titular principal,0.6,2020-01-01,
CU003993,CL000268,Cotitular,0.4,2020-01-01,
CU003994,CL002806,Titular principal,1,2023-09-29,
CU003995,CL004242,Titular principal,1,2020-11-26,
CU003996,CL000789,Titular principal,1,2021-09-30,
CU003997,CL003261,Titular principal,1,2022-11-06,
CU003998,CL004102,Titular principal,0.6,2022-09-03,
CU003998,CL001727,Cotitular,0.4,2022-09-03,
CU003999,CL002743,Titular principal,1,2021-12-15,
CU004000,CL001197,Titular principal,1,2022-05-11,
CU004001,CL003562,Titular principal,1,2025-11-02,
CU004002,CL003472,Titular principal,1,2022-08-01,
CU004003,CL001289,Titular principal,1,2023-07-08,
CU004004,CL002619,Titular principal,1,2022-06-02,
CU004005,CL003376,Titular principal,1,2018-12-28,
CU004006,CL002662,Titular principal,1,2021-03-17,
CU004007,CL002298,Titular principal,1,2025-05-22,
CU004008,CL000625,Titular principal,1,2022-11-02,
CU004009,CL003708,Titular principal,1,2023-12-20,
CU004010,CL002396,Titular principal,1,2020-08-19,
CU004011,CL002466,Titular principal,1,2024-10-27,
CU004012,CL004217,Titular principal,1,2025-11-06,
CU004013,CL004417,Titular principal,1,2020-04-08,
CU004014,CL001783,Titular principal,1,2025-01-02,
CU004015,CL001657,Titular principal,1,2024-08-23,
CU004016,CL003412,Titular principal,1,2025-01-01,
CU004017,CL002930,Titular principal,1,2020-04-23,
CU004018,CL003862,Titular principal,1,2021-06-20,
CU004019,CL001340,Titular principal,1,2021-08-30,
CU004020,CL000652,Titular principal,1,2024-06-17,
CU004021,CL003786,Titular principal,1,2020-07-02,
CU004022,CL003003,Titular principal,1,2022-11-12,
CU004023,CL001925,Titular principal,1,2024-09-25,
CU004024,CL001081,Titular principal,1,2022-01-28,
CU004025,CL002222,Titular principal,1,2024-02-21,
CU004026,CL003101,Titular principal,1,2023-11-22,
CU004027,CL003686,Titular principal,1,2019-02-17,
CU004028,CL002497,Titular principal,1,2019-10-15,
CU004029,CL000602,Titular principal,1,2025-10-13,
CU004030,CL002592,Titular principal,1,2025-03-21,
CU004031,CL002149,Titular principal,1,2025-09-18,
CU004032,CL003335,Titular principal,1,2022-11-23,
CU004033,CL003200,Titular principal,1,2020-07-11,
CU004034,CL003896,Titular principal,0.6,2020-04-06,
CU004034,CL003612,Cotitular,0.4,2020-04-06,
CU004035,CL002442,Titular principal,1,2022-12-02,
CU004036,CL001668,Titular principal,1,2025-01-12,
CU004037,CL002818,Titular principal,1,2021-04-08,
CU004038,CL001444,Titular principal,1,2022-08-26,
CU004039,CL002187,Titular principal,1,2022-01-10,
CU004040,CL003801,Titular principal,1,2022-07-01,
CU004041,CL001317,Titular principal,1,2020-08-09,
CU004042,CL001208,Titular principal,1,2021-06-12,
CU004043,CL000424,Titular principal,1,2019-09-17,
CU004044,CL000248,Titular principal,1,2023-07-05,
CU004045,CL003952,Titular principal,1,2024-11-27,
CU004046,CL000359,Titular principal,1,2025-02-04,
CU004047,CL000897,Titular principal,1,2023-09-29,
CU004048,CL002905,Titular principal,1,2025-03-21,
CU004049,CL003963,Titular principal,1,2023-07-25,
CU004050,CL001895,Titular principal,1,2022-06-08,
CU004051,CL003272,Titular principal,1,2025-08-04,
CU004052,CL000674,Titular principal,1,2019-03-08,
CU004053,CL003874,Titular principal,1,2023-02-13,
CU004054,CL000867,Titular principal,1,2023-10-24,
CU004055,CL000044,Titular principal,0.6,2019-05-27,
CU004055,CL002319,Cotitular,0.4,2019-05-27,
CU004056,CL001284,Titular principal,1,2025-01-31,
CU004057,CL003185,Titular principal,1,2025-11-27,
CU004058,CL000724,Titular principal,1,2021-05-13,
CU004059,CL000882,Titular principal,1,2024-05-20,
CU004060,CL001156,Titular principal,1,2023-01-07,
CU004061,CL004279,Titular principal,1,2023-07-19,
CU004062,CL000082,Titular principal,1,2025-01-14,
CU004063,CL001836,Titular principal,1,2021-05-04,
CU004064,CL002469,Titular principal,1,2023-06-16,
CU004065,CL000817,Titular principal,1,2022-11-18,
CU004066,CL000454,Titular principal,1,2020-04-07,
CU004067,CL002474,Titular principal,1,2024-06-02,
CU004068,CL003175,Titular principal,1,2023-03-16,
CU004069,CL000569,Titular principal,0.6,2024-11-23,
CU004069,CL003591,Cotitular,0.4,2024-11-23,
CU004070,CL000643,Titular principal,1,2022-02-25,
CU004071,CL000881,Titular principal,1,2025-01-21,
CU004072,CL001992,Titular principal,1,2021-06-17,
CU004073,CL002371,Titular principal,1,2023-06-07,
CU004074,CL003229,Titular principal,1,2025-02-13,
CU004075,CL002883,Titular principal,1,2025-08-10,
CU004076,CL003281,Titular principal,1,2022-11-22,
CU004077,CL003137,Titular principal,1,2020-11-13,
CU004078,CL004476,Titular principal,1,2022-06-09,
CU004079,CL000289,Titular principal,1,2025-11-07,
CU004080,CL000387,Titular principal,1,2023-10-19,
CU004081,CL002699,Titular principal,1,2021-09-10,
CU004082,CL002093,Titular principal,1,2023-07-09,
CU004083,CL003592,Titular principal,1,2024-11-12,
CU004084,CL003404,Titular principal,1,2024-02-26,
CU004085,CL002704,Titular principal,1,2022-09-02,
CU004086,CL002645,Titular principal,1,2020-03-18,
CU004087,CL001349,Titular principal,1,2021-09-17,
CU004088,CL003765,Titular principal,1,2025-09-08,
CU004089,CL002178,Titular principal,0.6,2023-07-12,
CU004089,CL001916,Cotitular,0.4,2023-07-12,
CU004090,CL002855,Titular principal,1,2021-07-03,
CU004091,CL003579,Titular principal,0.6,2025-01-01,
CU004091,CL004306,Cotitular,0.4,2025-01-01,
CU004092,CL001624,Titular principal,1,2023-08-14,
CU004093,CL004075,Titular principal,1,2024-11-23,
CU004094,CL004115,Titular principal,1,2025-06-25,
CU004095,CL001742,Titular principal,1,2023-06-13,
CU004096,CL002715,Titular principal,1,2021-12-08,
CU004097,CL002482,Titular principal,1,2022-10-08,
CU004098,CL000657,Titular principal,1,2023-03-14,
CU004099,CL003870,Titular principal,1,2022-04-26,
CU004100,CL000535,Titular principal,1,2025-03-23,
CU004101,CL000611,Titular principal,1,2023-06-19,
CU004102,CL001640,Titular principal,1,2023-11-20,
CU004103,CL000140,Titular principal,1,2020-07-29,
CU004104,CL001322,Titular principal,1,2023-07-21,
CU004105,CL003169,Titular principal,1,2024-04-14,
CU004106,CL002950,Titular principal,1,2023-12-29,
CU004107,CL002562,Titular principal,1,2021-10-21,
CU004108,CL000445,Titular principal,1,2021-09-14,
CU004109,CL001428,Titular principal,1,2022-11-16,
CU004110,CL000523,Titular principal,0.6,2024-02-02,
CU004110,CL004257,Cotitular,0.4,2024-02-02,
CU004111,CL001522,Titular principal,1,2025-01-30,
CU004112,CL003817,Titular principal,1,2022-01-16,
CU004113,CL000328,Titular principal,1,2023-01-05,
CU004114,CL000710,Titular principal,1,2025-05-09,
CU004115,CL000842,Titular principal,1,2023-02-26,
CU004116,CL001098,Titular principal,1,2021-08-28,
CU004117,CL002947,Titular principal,1,2018-12-21,
CU004118,CL001616,Titular principal,1,2019-10-28,
CU004119,CL001684,Titular principal,1,2023-06-03,
CU004120,CL000199,Titular principal,1,2025-05-07,
CU004121,CL001437,Titular principal,1,2024-07-09,
CU004122,CL001372,Titular principal,1,2024-11-24,
CU004123,CL003737,Titular principal,1,2021-02-05,
CU004124,CL004468,Titular principal,1,2024-03-17,
CU004125,CL003182,Titular principal,1,2024-09-15,
CU004126,CL002552,Titular principal,1,2020-05-12,
CU004127,CL000692,Titular principal,1,2023-09-17,
CU004128,CL003395,Titular principal,1,2023-08-31,
CU004129,CL002592,Titular principal,1,2020-05-02,
CU004130,CL002422,Titular principal,1,2020-07-01,
CU004131,CL000179,Titular principal,1,2019-02-07,
CU004132,CL004027,Titular principal,1,2025-07-30,
CU004133,CL002205,Titular principal,1,2022-10-21,
CU004134,CL000224,Titular principal,1,2025-06-08,
CU004135,CL002788,Titular principal,1,2020-03-29,
CU004136,CL002142,Titular principal,1,2024-12-31,
CU004137,CL001011,Titular principal,1,2022-02-11,
CU004138,CL001919,Titular principal,1,2024-04-16,
CU004139,CL003528,Titular principal,1,2020-12-19,
CU004140,CL000786,Titular principal,1,2025-03-30,
CU004141,CL000159,Titular principal,1,2022-03-16,
CU004142,CL004264,Titular principal,1,2019-10-11,
CU004143,CL002448,Titular principal,1,2022-09-07,
CU004144,CL002914,Titular principal,1,2020-06-05,
CU004145,CL001627,Titular principal,1,2022-12-13,
CU004146,CL004350,Titular principal,0.6,2019-05-29,
CU004146,CL004109,Cotitular,0.4,2019-05-29,
CU004147,CL004246,Titular principal,1,2019-10-22,
CU004148,CL001167,Titular principal,1,2020-12-27,
CU004149,CL004358,Titular principal,1,2021-11-05,
CU004150,CL001759,Titular principal,1,2019-06-02,
CU004151,CL004056,Titular principal,1,2022-05-08,
CU004152,CL004398,Titular principal,1,2025-06-19,
CU004153,CL001152,Titular principal,1,2024-11-12,
CU004154,CL000299,Titular principal,1,2022-08-28,
CU004155,CL001222,Titular principal,1,2025-06-05,
CU004156,CL000454,Titular principal,1,2019-07-04,
CU004157,CL002832,Titular principal,1,2023-12-02,
CU004158,CL003041,Titular principal,1,2022-04-05,
CU004159,CL003532,Titular principal,1,2020-03-19,
CU004160,CL003836,Titular principal,1,2025-06-20,
CU004161,CL001929,Titular principal,1,2022-12-14,
CU004162,CL001714,Titular principal,1,2020-10-23,
CU004163,CL003791,Titular principal,1,2022-08-12,
CU004164,CL003844,Titular principal,1,2019-03-05,
CU004165,CL000244,Titular principal,1,2024-03-12,
CU004166,CL003944,Titular principal,1,2020-12-18,
CU004167,CL002449,Titular principal,1,2019-04-24,
CU004168,CL000136,Titular principal,1,2024-08-18,
CU004169,CL001966,Titular principal,0.6,2023-12-26,
CU004169,CL003827,Cotitular,0.4,2023-12-26,
CU004170,CL002066,Titular principal,1,2025-08-08,
CU004171,CL003584,Titular principal,1,2025-08-20,
CU004172,CL000702,Titular principal,1,2021-08-30,
CU004173,CL003006,Titular principal,1,2019-07-25,
CU004174,CL002241,Titular principal,1,2022-07-12,
CU004175,CL001256,Titular principal,1,2023-04-09,
CU004176,CL004033,Titular principal,1,2025-10-16,
CU004177,CL003385,Titular principal,1,2025-04-29,
CU004178,CL002488,Titular principal,1,2024-12-21,
CU004179,CL000122,Titular principal,1,2025-05-02,
CU004180,CL004106,Titular principal,1,2022-07-30,
CU004181,CL004065,Titular principal,1,2020-12-05,
CU004182,CL002945,Titular principal,1,2021-12-22,
CU004183,CL000906,Titular principal,1,2023-06-07,
CU004184,CL004356,Titular principal,1,2023-01-19,
CU004185,CL000612,Titular principal,1,2025-03-27,
CU004186,CL004139,Titular principal,1,2025-11-29,
CU004187,CL003845,Titular principal,1,2024-03-29,
CU004188,CL003610,Titular principal,1,2020-05-23,
CU004189,CL000710,Titular principal,1,2024-07-17,
CU004190,CL003479,Titular principal,1,2022-03-18,
CU004191,CL002224,Titular principal,1,2025-03-06,
CU004192,CL000599,Titular principal,1,2023-01-05,
CU004193,CL002329,Titular principal,1,2019-03-13,
CU004194,CL003603,Titular principal,1,2024-06-24,
CU004195,CL004012,Titular principal,1,2020-09-15,
CU004196,CL001607,Titular principal,1,2025-02-18,
CU004197,CL000936,Titular principal,1,2020-07-01,
CU004198,CL000311,Titular principal,1,2021-11-07,
CU004199,CL000197,Titular principal,1,2023-03-08,
CU004200,CL002949,Titular principal,1,2023-01-24,
CU004201,CL002738,Titular principal,1,2023-11-25,
CU004202,CL003557,Titular principal,1,2021-06-07,
CU004203,CL003973,Titular principal,1,2023-09-27,
CU004204,CL003636,Titular principal,1,2024-10-15,
CU004205,CL003741,Titular principal,1,2021-05-19,
CU004206,CL004481,Titular principal,0.6,2023-01-13,
CU004206,CL004204,Cotitular,0.4,2023-01-13,
CU004207,CL000425,Titular principal,0.6,2019-02-20,
CU004207,CL002760,Cotitular,0.4,2019-02-20,
CU004208,CL002595,Titular principal,1,2025-11-28,
CU004209,CL003793,Titular principal,1,2025-05-01,
CU004210,CL000519,Titular principal,1,2025-07-07,
CU004211,CL003784,Titular principal,0.6,2021-10-20,
CU004211,CL004481,Cotitular,0.4,2021-10-20,
CU004212,CL003182,Titular principal,1,2024-03-05,
CU004213,CL000007,Titular principal,1,2021-11-06,
CU004214,CL000848,Titular principal,1,2019-02-09,
CU004215,CL001722,Titular principal,1,2023-01-31,
CU004216,CL002218,Titular principal,1,2022-11-02,
CU004217,CL003325,Titular principal,1,2024-11-06,
CU004218,CL002624,Titular principal,1,2024-07-15,
CU004219,CL001032,Titular principal,1,2023-07-05,
CU004220,CL003678,Titular principal,1,2021-06-22,
CU004221,CL003196,Titular principal,1,2025-09-28,
CU004222,CL002358,Titular principal,1,2024-05-20,
CU004223,CL001424,Titular principal,0.6,2023-06-07,
CU004223,CL000506,Cotitular,0.4,2023-06-07,
CU004224,CL002445,Titular principal,1,2025-10-28,
CU004225,CL001080,Titular principal,1,2023-10-18,
CU004226,CL004251,Titular principal,1,2023-10-20,
CU004227,CL003582,Titular principal,1,2022-06-28,
CU004228,CL003585,Titular principal,1,2019-04-10,
CU004229,CL000602,Titular principal,1,2024-04-09,
CU004230,CL002236,Titular principal,1,2024-01-22,
CU004231,CL000575,Titular principal,1,2025-06-01,
CU004232,CL000831,Titular principal,1,2024-01-16,
CU004233,CL002718,Titular principal,1,2022-05-08,
CU004234,CL000167,Titular principal,1,2021-03-19,
CU004235,CL003604,Titular principal,1,2024-01-12,
CU004236,CL001652,Titular principal,1,2020-05-28,
CU004237,CL002846,Titular principal,1,2020-01-25,
CU004238,CL004172,Titular principal,1,2022-06-04,
CU004239,CL000816,Titular principal,1,2022-06-27,
CU004240,CL002102,Titular principal,1,2021-03-05,
CU004241,CL003842,Titular principal,0.6,2025-10-17,
CU004241,CL001609,Cotitular,0.4,2025-10-17,
CU004242,CL001231,Titular principal,0.6,2023-12-04,
CU004242,CL000162,Cotitular,0.4,2023-12-04,
CU004243,CL002959,Titular principal,1,2025-11-13,
CU004244,CL000727,Titular principal,0.6,2023-09-13,
CU004244,CL000249,Cotitular,0.4,2023-09-13,
CU004245,CL003020,Titular principal,1,2022-09-21,
CU004246,CL003633,Titular principal,1,2021-07-21,
CU004247,CL002947,Titular principal,1,2024-01-03,
CU004248,CL001772,Titular principal,1,2025-02-02,
CU004249,CL003867,Titular principal,1,2021-02-12,
CU004250,CL001554,Titular principal,1,2022-09-18,
CU004251,CL000819,Titular principal,1,2023-10-07,
CU004252,CL001293,Titular principal,1,2025-09-10,
CU004253,CL004261,Titular principal,1,2021-09-30,
CU004254,CL001223,Titular principal,1,2020-04-14,
CU004255,CL001202,Titular principal,1,2020-05-29,
CU004256,CL000395,Titular principal,1,2024-02-20,
CU004257,CL002503,Titular principal,1,2025-03-17,
CU004258,CL001732,Titular principal,1,2023-12-13,
CU004259,CL001395,Titular principal,1,2025-04-07,
CU004260,CL001211,Titular principal,1,2023-01-18,
CU004261,CL003564,Titular principal,0.6,2022-03-17,
CU004261,CL003967,Cotitular,0.4,2022-03-17,
CU004262,CL004105,Titular principal,1,2019-06-26,
CU004263,CL002692,Titular principal,1,2022-04-06,
CU004264,CL004424,Titular principal,1,2023-01-17,
CU004265,CL001677,Titular principal,1,2024-06-25,
CU004266,CL003920,Titular principal,1,2023-02-19,
CU004267,CL000905,Titular principal,1,2021-10-25,
CU004268,CL001197,Titular principal,1,2024-05-17,
CU004269,CL003185,Titular principal,1,2024-09-18,
CU004270,CL001151,Titular principal,1,2023-01-05,
CU004271,CL001149,Titular principal,1,2025-07-11,
CU004272,CL003586,Titular principal,1,2024-03-12,
CU004273,CL001250,Titular principal,1,2021-04-07,
CU004274,CL003369,Titular principal,1,2019-01-05,
CU004275,CL001402,Titular principal,1,2021-01-05,
CU004276,CL003329,Titular principal,0.6,2025-07-20,
CU004276,CL001910,Cotitular,0.4,2025-07-20,
CU004277,CL001735,Titular principal,1,2023-12-15,
CU004278,CL000710,Titular principal,1,2021-09-13,
CU004279,CL000293,Titular principal,1,2021-04-01,
CU004280,CL001982,Titular principal,1,2025-04-23,
CU004281,CL004065,Titular principal,1,2022-08-22,
CU004282,CL002532,Titular principal,1,2020-07-31,
CU004283,CL000514,Titular principal,1,2025-10-19,
CU004284,CL003126,Titular principal,1,2025-08-20,
CU004285,CL000745,Titular principal,1,2025-04-21,
CU004286,CL003835,Titular principal,1,2024-12-18,
CU004287,CL002678,Titular principal,1,2022-05-04,
CU004288,CL000201,Titular principal,1,2022-09-10,
CU004289,CL002299,Titular principal,1,2023-08-31,
CU004290,CL001519,Titular principal,0.6,2024-10-14,
CU004290,CL002263,Cotitular,0.4,2024-10-14,
CU004291,CL002684,Titular principal,1,2025-06-18,
CU004292,CL002330,Titular principal,1,2025-10-27,
CU004293,CL002999,Titular principal,1,2021-12-01,
CU004294,CL003742,Titular principal,1,2023-11-04,
CU004295,CL002216,Titular principal,1,2025-08-21,
CU004296,CL001958,Titular principal,1,2019-03-30,
CU004297,CL002865,Titular principal,1,2019-11-21,
CU004298,CL002160,Titular principal,1,2024-10-07,
CU004299,CL000248,Titular principal,1,2025-09-07,
CU004300,CL002370,Titular principal,1,2025-11-06,
CU004301,CL002916,Titular principal,1,2021-05-28,
CU004302,CL004385,Titular principal,1,2022-09-26,
CU004303,CL003668,Titular principal,1,2020-12-20,
CU004304,CL002018,Titular principal,1,2022-02-19,
CU004305,CL000922,Titular principal,1,2024-01-06,
CU004306,CL003305,Titular principal,1,2025-10-24,
CU004307,CL000186,Titular principal,1,2020-04-16,
CU004308,CL001504,Titular principal,1,2024-12-10,
CU004309,CL004467,Titular principal,1,2020-03-31,
CU004310,CL000651,Titular principal,0.6,2020-04-17,
CU004310,CL003071,Cotitular,0.4,2020-04-17,
CU004311,CL002686,Titular principal,1,2021-11-30,
CU004312,CL002900,Titular principal,1,2024-12-27,
CU004313,CL002307,Titular principal,1,2023-02-21,
CU004314,CL003498,Titular principal,1,2021-06-22,
CU004315,CL004354,Titular principal,1,2024-05-08,
CU004316,CL004031,Titular principal,1,2024-07-13,
CU004317,CL001154,Titular principal,1,2020-07-22,
CU004318,CL000539,Titular principal,1,2022-09-01,
CU004319,CL003885,Titular principal,1,2020-04-16,
CU004320,CL001722,Titular principal,0.6,2025-11-03,
CU004320,CL001261,Cotitular,0.4,2025-11-03,
CU004321,CL003990,Titular principal,1,2019-05-04,
CU004322,CL002110,Titular principal,1,2023-01-17,
CU004323,CL001785,Titular principal,1,2025-02-16,
CU004324,CL002141,Titular principal,1,2020-03-29,
CU004325,CL001176,Titular principal,1,2019-03-26,
CU004326,CL001147,Titular principal,1,2022-05-01,
CU004327,CL001705,Titular principal,1,2020-07-26,
CU004328,CL004307,Titular principal,1,2024-03-30,
CU004329,CL002358,Titular principal,1,2022-12-05,
CU004330,CL000112,Titular principal,1,2022-10-19,
CU004331,CL000699,Titular principal,1,2025-03-31,
CU004332,CL001198,Titular principal,1,2024-02-25,
CU004333,CL003903,Titular principal,1,2019-10-10,
CU004334,CL001868,Titular principal,1,2024-12-28,
CU004335,CL001313,Titular principal,0.6,2025-06-10,
CU004335,CL003420,Cotitular,0.4,2025-06-10,
CU004336,CL001083,Titular principal,1,2024-03-30,
CU004337,CL002913,Titular principal,0.6,2023-01-07,
CU004337,CL003875,Cotitular,0.4,2023-01-07,
CU004338,CL002793,Titular principal,1,2025-11-25,
CU004339,CL004425,Titular principal,1,2023-04-22,
CU004340,CL000497,Titular principal,1,2025-11-21,
CU004341,CL002324,Titular principal,1,2019-11-30,
CU004342,CL003970,Titular principal,1,2022-09-20,
CU004343,CL000014,Titular principal,1,2024-06-10,
CU004344,CL004131,Titular principal,1,2025-01-30,
CU004345,CL002676,Titular principal,1,2024-06-10,
CU004346,CL001785,Titular principal,1,2022-08-23,
CU004347,CL003456,Titular principal,1,2023-12-28,
CU004348,CL000468,Titular principal,1,2022-08-05,
CU004349,CL002152,Titular principal,1,2024-04-27,
CU004350,CL000373,Titular principal,1,2025-09-14,
CU004351,CL004421,Titular principal,1,2025-06-13,
CU004352,CL001277,Titular principal,1,2021-08-05,
CU004353,CL004191,Titular principal,1,2022-08-09,
CU004354,CL001391,Titular principal,1,2022-03-26,
CU004355,CL000823,Titular principal,1,2021-12-22,
CU004356,CL001366,Titular principal,1,2024-04-26,
CU004357,CL003259,Titular principal,1,2021-12-29,
CU004358,CL003534,Titular principal,1,2024-02-14,
CU004359,CL000981,Titular principal,1,2023-01-16,
CU004360,CL004469,Titular principal,1,2025-11-20,
CU004361,CL002922,Titular principal,1,2024-12-23,
CU004362,CL000303,Titular principal,1,2025-01-09,
CU004363,CL003788,Titular principal,1,2023-03-25,
CU004364,CL003861,Titular principal,1,2022-02-08,
CU004365,CL001054,Titular principal,1,2022-10-04,
CU004366,CL000764,Titular principal,1,2024-10-10,
CU004367,CL003438,Titular principal,1,2023-11-07,
CU004368,CL003898,Titular principal,1,2023-05-17,
CU004369,CL004209,Titular principal,1,2022-12-02,
CU004370,CL000967,Titular principal,1,2023-04-25,
CU004371,CL003660,Titular principal,1,2025-07-29,
CU004372,CL003857,Titular principal,0.6,2024-06-09,
CU004372,CL002300,Cotitular,0.4,2024-06-09,
CU004373,CL003116,Titular principal,1,2024-02-20,
CU004374,CL001736,Titular principal,1,2021-11-04,
CU004375,CL001921,Titular principal,1,2022-05-16,
CU004376,CL000786,Titular principal,1,2018-11-25,
CU004377,CL003906,Titular principal,1,2024-05-27,
CU004378,CL003237,Titular principal,1,2025-07-29,
CU004379,CL000335,Titular principal,1,2024-04-27,
CU004380,CL002340,Titular principal,1,2024-01-12,
CU004381,CL000860,Titular principal,1,2024-01-29,
CU004382,CL000904,Titular principal,1,2020-05-28,
CU004383,CL002544,Titular principal,1,2023-10-30,
CU004384,CL000626,Titular principal,1,2023-01-27,
CU004385,CL000825,Titular principal,1,2021-02-20,
CU004386,CL000728,Titular principal,1,2019-03-12,
CU004387,CL000825,Titular principal,1,2022-11-29,
CU004388,CL000735,Titular principal,1,2019-11-16,
CU004389,CL003655,Titular principal,1,2024-02-14,
CU004390,CL003532,Titular principal,1,2022-05-23,
CU004391,CL003710,Titular principal,1,2025-05-01,
CU004392,CL002855,Titular principal,1,2022-06-09,
CU004393,CL002036,Titular principal,1,2022-10-28,
CU004394,CL003453,Titular principal,0.6,2020-10-29,
CU004394,CL003468,Cotitular,0.4,2020-10-29,
CU004395,CL003562,Titular principal,1,2025-11-04,
CU004396,CL002570,Titular principal,0.6,2021-06-17,
CU004396,CL002908,Cotitular,0.4,2021-06-17,
CU004397,CL003740,Titular principal,1,2024-11-13,
CU004398,CL000096,Titular principal,1,2022-11-24,
CU004399,CL001358,Titular principal,1,2025-07-14,
CU004400,CL002722,Titular principal,1,2022-03-22,
CU004401,CL002176,Titular principal,1,2023-08-11,
CU004402,CL003648,Titular principal,0.6,2025-10-16,
CU004402,CL003600,Cotitular,0.4,2025-10-16,
CU004403,CL002856,Titular principal,1,2022-07-04,
CU004404,CL002958,Titular principal,1,2023-09-12,
CU004405,CL001389,Titular principal,1,2024-06-28,
CU004406,CL002816,Titular principal,0.6,2025-07-18,
CU004406,CL004056,Cotitular,0.4,2025-07-18,
CU004407,CL002950,Titular principal,1,2019-06-12,
CU004408,CL001732,Titular principal,1,2024-09-17,
CU004409,CL002722,Titular principal,1,2023-12-11,
CU004410,CL003690,Titular principal,1,2020-11-23,
CU004411,CL000834,Titular principal,1,2022-03-05,
CU004412,CL002987,Titular principal,1,2023-07-24,
CU004413,CL000875,Titular principal,1,2024-03-18,
CU004414,CL004196,Titular principal,1,2020-03-30,
CU004415,CL001084,Titular principal,1,2024-01-18,
CU004416,CL002342,Titular principal,1,2022-10-14,
CU004417,CL004160,Titular principal,1,2025-05-18,
CU004418,CL002474,Titular principal,1,2023-08-05,
CU004419,CL001176,Titular principal,1,2024-04-10,
CU004420,CL003719,Titular principal,0.6,2018-12-15,
CU004420,CL002323,Cotitular,0.4,2018-12-15,
CU004421,CL004065,Titular principal,1,2022-05-28,
CU004422,CL002945,Titular principal,1,2018-12-06,
CU004423,CL001578,Titular principal,0.6,2023-07-16,
CU004423,CL000954,Cotitular,0.4,2023-07-16,
CU004424,CL003465,Titular principal,1,2022-11-23,
CU004425,CL001344,Titular principal,1,2019-09-07,
CU004426,CL002137,Titular principal,0.6,2024-04-03,
CU004426,CL004260,Cotitular,0.4,2024-04-03,
CU004427,CL000550,Titular principal,1,2021-11-20,
CU004428,CL001924,Titular principal,1,2021-10-06,
CU004429,CL001531,Titular principal,1,2020-03-18,
CU004430,CL002643,Titular principal,1,2019-07-29,
CU004431,CL001283,Titular principal,1,2022-09-06,
CU004432,CL003443,Titular principal,1,2024-09-23,
CU004433,CL000793,Titular principal,1,2024-09-26,
CU004434,CL002743,Titular principal,1,2020-06-12,
CU004435,CL003675,Titular principal,1,2022-06-03,
CU004436,CL002475,Titular principal,1,2024-09-24,
CU004437,CL002622,Titular principal,1,2023-06-20,
CU004438,CL003725,Titular principal,1,2025-01-03,
CU004439,CL001283,Titular principal,1,2021-06-21,
CU004440,CL000142,Titular principal,1,2023-10-04,
CU004441,CL002529,Titular principal,1,2023-03-21,
CU004442,CL003574,Titular principal,1,2025-03-28,
CU004443,CL001906,Titular principal,1,2023-12-07,
CU004444,CL000962,Titular principal,1,2021-02-25,
CU004445,CL001271,Titular principal,1,2025-07-21,
CU004446,CL000020,Titular principal,1,2022-10-31,
CU004447,CL002319,Titular principal,1,2019-12-02,
CU004448,CL004044,Titular principal,1,2022-11-09,
CU004449,CL003446,Titular principal,1,2021-02-21,
CU004450,CL002689,Titular principal,1,2023-09-02,
CU004451,CL000857,Titular principal,1,2024-09-14,
CU004452,CL001711,Titular principal,1,2023-08-10,
CU004453,CL002600,Titular principal,1,2023-11-18,
CU004454,CL004321,Titular principal,1,2024-01-28,
CU004455,CL003091,Titular principal,1,2021-08-29,
CU004456,CL003258,Titular principal,0.6,2022-03-28,
CU004456,CL003219,Cotitular,0.4,2022-03-28,
CU004457,CL003735,Titular principal,1,2023-02-19,
CU004458,CL002963,Titular principal,1,2023-10-23,
CU004459,CL000162,Titular principal,1,2024-01-17,
CU004460,CL001078,Titular principal,1,2025-08-13,
CU004461,CL004373,Titular principal,0.6,2019-06-30,
CU004461,CL000589,Cotitular,0.4,2019-06-30,
CU004462,CL000591,Titular principal,1,2022-04-25,
CU004463,CL001020,Titular principal,1,2022-03-12,
CU004464,CL004495,Titular principal,1,2025-02-05,
CU004465,CL003077,Titular principal,1,2024-06-12,
CU004466,CL000060,Titular principal,1,2024-03-04,
CU004467,CL001479,Titular principal,1,2021-05-04,
CU004468,CL003170,Titular principal,1,2020-01-21,
CU004469,CL003712,Titular principal,1,2024-03-22,
CU004470,CL002757,Titular principal,1,2018-12-29,
CU004471,CL001155,Titular principal,1,2022-09-24,
CU004472,CL000472,Titular principal,1,2021-07-10,
CU004473,CL004085,Titular principal,1,2019-02-05,
CU004474,CL002647,Titular principal,1,2024-09-11,
CU004475,CL002670,Titular principal,1,2019-10-23,
CU004476,CL002298,Titular principal,1,2020-08-14,
CU004477,CL001455,Titular principal,1,2021-10-20,
CU004478,CL004029,Titular principal,1,2024-08-20,
CU004479,CL002679,Titular principal,1,2024-11-27,
CU004480,CL001123,Titular principal,1,2025-08-12,
CU004481,CL000945,Titular principal,1,2022-05-30,
CU004482,CL002159,Titular principal,0.6,2025-06-09,
CU004482,CL002660,Cotitular,0.4,2025-06-09,
CU004483,CL004388,Titular principal,1,2023-02-28,
CU004484,CL001336,Titular principal,1,2024-04-11,
CU004485,CL002684,Titular principal,1,2024-03-17,
CU004486,CL002420,Titular principal,1,2022-02-15,
CU004487,CL003142,Titular principal,1,2023-05-18,
CU004488,CL004438,Titular principal,1,2025-09-23,
CU004489,CL002920,Titular principal,1,2023-09-13,
CU004490,CL003270,Titular principal,1,2024-03-30,
CU004491,CL001298,Titular principal,1,2020-07-07,
CU004492,CL003060,Titular principal,0.6,2020-12-08,
CU004492,CL001894,Cotitular,0.4,2020-12-08,
CU004493,CL000554,Titular principal,1,2025-02-06,
CU004494,CL003691,Titular principal,1,2021-02-16,
CU004495,CL003320,Titular principal,1,2024-02-27,
CU004496,CL003463,Titular principal,1,2022-06-08,
CU004497,CL000569,Titular principal,1,2021-04-05,
CU004498,CL001288,Titular principal,1,2021-08-03,
CU004499,CL003215,Titular principal,1,2022-05-15,
CU004500,CL001311,Titular principal,1,2025-06-09,
CU004501,CL001690,Titular principal,1,2022-01-04,
CU004502,CL003525,Titular principal,1,2023-02-02,
CU004503,CL003877,Titular principal,1,2020-09-25,
CU004504,CL004359,Titular principal,1,2020-10-10,
CU004505,CL003214,Titular principal,1,2024-11-06,
CU004506,CL002747,Titular principal,1,2023-07-03,
CU004507,CL003009,Titular principal,1,2024-09-14,
CU004508,CL000425,Titular principal,1,2018-12-02,
CU004509,CL004012,Titular principal,1,2020-07-14,
CU004510,CL001358,Titular principal,0.6,2021-01-03,
CU004510,CL001810,Cotitular,0.4,2021-01-03,
CU004511,CL004393,Titular principal,1,2022-01-25,
CU004512,CL003258,Titular principal,1,2023-07-05,
CU004513,CL002094,Titular principal,1,2021-11-19,
CU004514,CL002052,Titular principal,1,2020-04-08,
CU004515,CL003932,Titular principal,1,2025-10-04,
CU004516,CL001390,Titular principal,1,2023-11-09,
CU004517,CL001410,Titular principal,1,2022-10-19,
CU004518,CL000910,Titular principal,1,2022-03-14,
CU004519,CL002005,Titular principal,1,2024-01-04,
CU004520,CL003284,Titular principal,1,2025-11-29,
CU004521,CL000238,Titular principal,1,2020-01-26,
CU004522,CL003746,Titular principal,1,2018-12-26,
CU004523,CL001033,Titular principal,1,2019-09-06,
CU004524,CL002084,Titular principal,1,2024-01-14,
CU004525,CL004267,Titular principal,1,2025-10-18,
CU004526,CL002183,Titular principal,1,2023-09-20,
CU004527,CL003215,Titular principal,0.6,2024-07-16,
CU004527,CL001999,Cotitular,0.4,2024-07-16,
CU004528,CL001266,Titular principal,1,2021-09-25,
CU004529,CL001674,Titular principal,1,2023-11-17,
CU004530,CL002854,Titular principal,0.6,2025-07-01,
CU004530,CL000385,Cotitular,0.4,2025-07-01,
CU004531,CL001804,Titular principal,1,2023-05-27,
CU004532,CL001015,Titular principal,1,2025-01-21,
CU004533,CL002355,Titular principal,1,2023-12-06,
CU004534,CL004264,Titular principal,1,2021-12-25,
CU004535,CL000394,Titular principal,1,2021-03-27,
CU004536,CL000639,Titular principal,1,2025-05-01,
CU004537,CL002622,Titular principal,1,2024-12-20,
CU004538,CL001182,Titular principal,1,2025-01-05,
CU004539,CL004486,Titular principal,1,2024-08-14,
CU004540,CL002553,Titular principal,1,2021-02-14,
CU004541,CL001920,Titular principal,1,2021-12-06,
CU004542,CL003708,Titular principal,1,2022-01-20,
CU004543,CL002656,Titular principal,1,2020-10-04,
CU004544,CL002682,Titular principal,1,2021-11-13,
CU004545,CL003878,Titular principal,1,2022-04-12,
CU004546,CL004419,Titular principal,1,2025-06-04,
CU004547,CL001904,Titular principal,1,2022-06-07,
CU004548,CL001813,Titular principal,1,2021-07-19,
CU004549,CL003285,Titular principal,1,2024-07-14,
CU004550,CL000867,Titular principal,1,2022-02-12,
CU004551,CL000428,Titular principal,1,2023-01-07,
CU004552,CL003692,Titular principal,1,2025-09-01,
CU004553,CL003962,Titular principal,1,2024-01-20,
CU004554,CL001427,Titular principal,1,2019-12-12,
CU004555,CL000095,Titular principal,1,2024-03-08,
CU004556,CL000335,Titular principal,1,2020-09-05,
CU004557,CL000740,Titular principal,1,2022-03-12,
CU004558,CL002243,Titular principal,1,2020-11-03,
CU004559,CL000809,Titular principal,1,2024-08-30,
CU004560,CL000806,Titular principal,1,2025-11-11,
CU004561,CL004067,Titular principal,1,2024-06-01,
CU004562,CL000157,Titular principal,1,2023-01-30,
CU004563,CL002470,Titular principal,1,2024-04-04,
CU004564,CL001531,Titular principal,1,2019-03-19,
CU004565,CL002100,Titular principal,1,2021-03-08,
CU004566,CL000644,Titular principal,1,2021-12-19,
CU004567,CL000275,Titular principal,1,2020-11-07,
CU004568,CL001442,Titular principal,1,2023-03-19,
CU004569,CL002523,Titular principal,1,2023-02-07,
CU004570,CL001903,Titular principal,1,2020-10-22,
CU004571,CL000738,Titular principal,0.6,2023-08-10,
CU004571,CL003392,Cotitular,0.4,2023-08-10,
CU004572,CL000372,Titular principal,1,2020-08-21,
CU004573,CL001603,Titular principal,1,2022-11-07,
CU004574,CL004152,Titular principal,1,2022-10-04,
CU004575,CL001746,Titular principal,1,2023-09-29,
CU004576,CL003244,Titular principal,1,2021-09-09,
CU004577,CL002637,Titular principal,1,2023-11-17,
CU004578,CL000600,Titular principal,0.6,2025-06-06,
CU004578,CL001007,Cotitular,0.4,2025-06-06,
CU004579,CL003452,Titular principal,1,2019-05-28,
CU004580,CL000169,Titular principal,1,2023-12-19,
CU004581,CL004339,Titular principal,1,2023-01-31,
CU004582,CL002570,Titular principal,1,2024-04-13,
CU004583,CL003033,Titular principal,1,2023-11-13,
CU004584,CL001079,Titular principal,1,2022-01-23,
CU004585,CL004108,Titular principal,1,2019-12-25,
CU004586,CL000406,Titular principal,1,2022-12-25,
CU004587,CL004018,Titular principal,1,2021-04-03,
CU004588,CL002540,Titular principal,1,2023-09-25,
CU004589,CL002023,Titular principal,1,2018-12-02,
CU004590,CL003417,Titular principal,1,2025-07-20,
CU004591,CL003778,Titular principal,1,2025-02-01,
CU004592,CL002460,Titular principal,1,2025-05-01,
CU004593,CL003938,Titular principal,1,2024-01-10,
CU004594,CL003952,Titular principal,1,2023-06-08,
CU004595,CL004303,Titular principal,1,2024-02-24,
CU004596,CL001595,Titular principal,1,2024-08-31,
CU004597,CL001043,Titular principal,1,2023-04-17,
CU004598,CL001311,Titular principal,1,2024-08-18,
CU004599,CL000776,Titular principal,1,2021-09-11,
CU004600,CL000686,Titular principal,0.6,2021-03-21,
CU004600,CL000945,Cotitular,0.4,2021-03-21,
CU004601,CL003450,Titular principal,1,2023-07-10,
CU004602,CL001518,Titular principal,1,2024-07-02,
CU004603,CL002956,Titular principal,0.6,2020-09-22,
CU004603,CL002710,Cotitular,0.4,2020-09-22,
CU004604,CL003783,Titular principal,1,2019-09-25,
CU004605,CL004280,Titular principal,1,2020-06-19,
CU004606,CL002928,Titular principal,1,2024-01-27,
CU004607,CL000894,Titular principal,0.6,2024-09-02,
CU004607,CL002910,Cotitular,0.4,2024-09-02,
CU004608,CL001704,Titular principal,1,2021-07-29,
CU004609,CL003580,Titular principal,1,2023-09-16,
CU004610,CL000947,Titular principal,1,2024-10-23,
CU004611,CL002488,Titular principal,1,2021-10-25,
CU004612,CL002141,Titular principal,1,2019-11-24,
CU004613,CL001383,Titular principal,1,2021-02-14,
CU004614,CL001278,Titular principal,1,2024-05-30,
CU004615,CL001889,Titular principal,1,2020-12-13,
CU004616,CL000143,Titular principal,1,2021-06-08,
CU004617,CL003029,Titular principal,1,2024-08-18,
CU004618,CL001307,Titular principal,1,2022-08-06,
CU004619,CL002768,Titular principal,1,2022-12-25,
CU004620,CL002843,Titular principal,1,2025-04-15,
CU004621,CL001596,Titular principal,1,2022-01-20,
CU004622,CL002789,Titular principal,1,2023-11-17,
CU004623,CL002736,Titular principal,1,2019-09-06,
CU004624,CL001025,Titular principal,1,2024-08-23,
CU004625,CL003876,Titular principal,1,2022-08-22,
CU004626,CL002178,Titular principal,1,2022-06-11,
CU004627,CL004247,Titular principal,1,2024-09-12,
CU004628,CL000645,Titular principal,0.6,2025-06-05,
CU004628,CL003019,Cotitular,0.4,2025-06-05,
CU004629,CL004492,Titular principal,0.6,2021-12-28,
CU004629,CL003486,Cotitular,0.4,2021-12-28,
CU004630,CL001170,Titular principal,1,2022-06-19,
CU004631,CL000013,Titular principal,1,2021-07-02,
CU004632,CL003435,Titular principal,1,2025-03-23,
CU004633,CL002648,Titular principal,1,2024-04-08,
CU004634,CL000394,Titular principal,1,2023-03-31,
CU004635,CL001772,Titular principal,1,2021-02-09,
CU004636,CL003188,Titular principal,1,2024-02-02,
CU004637,CL000756,Titular principal,0.6,2021-05-31,
CU004637,CL004196,Cotitular,0.4,2021-05-31,
CU004638,CL003190,Titular principal,1,2025-08-25,
CU004639,CL002136,Titular principal,1,2020-07-13,
CU004640,CL001568,Titular principal,0.6,2025-11-20,
CU004640,CL000233,Cotitular,0.4,2025-11-20,
CU004641,CL003392,Titular principal,1,2024-11-30,
CU004642,CL003329,Titular principal,1,2021-03-25,
CU004643,CL001492,Titular principal,1,2022-10-16,
CU004644,CL000656,Titular principal,1,2021-06-08,
CU004645,CL001178,Titular principal,1,2022-10-19,
CU004646,CL000731,Titular principal,1,2021-11-30,
CU004647,CL001603,Titular principal,1,2025-04-12,
CU004648,CL002340,Titular principal,1,2020-11-26,
CU004649,CL001550,Titular principal,0.6,2023-05-23,
CU004649,CL004140,Cotitular,0.4,2023-05-23,
CU004650,CL003633,Titular principal,1,2019-06-17,
CU004651,CL004079,Titular principal,1,2022-11-30,
CU004652,CL003182,Titular principal,0.6,2024-06-23,
CU004652,CL001135,Cotitular,0.4,2024-06-23,
CU004653,CL000072,Titular principal,1,2021-06-14,
CU004654,CL000863,Titular principal,1,2021-11-08,
CU004655,CL002093,Titular principal,1,2022-12-20,
CU004656,CL000825,Titular principal,1,2025-05-19,
CU004657,CL001313,Titular principal,1,2024-03-30,
CU004658,CL000009,Titular principal,1,2022-07-22,
CU004659,CL003020,Titular principal,1,2022-06-05,
CU004660,CL002845,Titular principal,1,2023-03-17,
CU004661,CL002168,Titular principal,1,2019-07-20,
CU004662,CL001657,Titular principal,1,2020-05-09,
CU004663,CL003673,Titular principal,1,2025-06-16,
CU004664,CL000872,Titular principal,1,2022-05-02,
CU004665,CL002650,Titular principal,1,2024-09-04,
CU004666,CL001278,Titular principal,1,2023-01-25,
CU004667,CL001076,Titular principal,1,2025-10-22,
CU004668,CL001357,Titular principal,1,2025-06-24,
CU004669,CL001151,Titular principal,1,2023-12-08,
CU004670,CL002147,Titular principal,1,2022-07-16,
CU004671,CL002936,Titular principal,1,2021-09-29,
CU004672,CL002662,Titular principal,1,2024-07-12,
CU004673,CL002558,Titular principal,1,2023-06-28,
CU004674,CL000235,Titular principal,1,2023-11-04,
CU004675,CL002928,Titular principal,1,2023-03-21,
CU004676,CL000119,Titular principal,1,2019-12-09,
CU004677,CL001736,Titular principal,1,2021-06-19,
CU004678,CL001003,Titular principal,1,2020-11-18,
CU004679,CL000014,Titular principal,1,2025-07-05,
CU004680,CL004485,Titular principal,1,2023-09-13,
CU004681,CL004121,Titular principal,1,2023-03-26,
CU004682,CL002837,Titular principal,1,2020-07-16,
CU004683,CL003800,Titular principal,1,2022-07-28,
CU004684,CL001074,Titular principal,1,2019-09-07,
CU004685,CL003931,Titular principal,1,2021-02-21,
CU004686,CL003468,Titular principal,1,2023-10-05,
CU004687,CL002382,Titular principal,1,2023-12-31,
CU004688,CL003317,Titular principal,1,2025-11-03,
CU004689,CL003613,Titular principal,1,2022-01-22,
CU004690,CL003272,Titular principal,0.6,2020-06-11,
CU004690,CL002988,Cotitular,0.4,2020-06-11,
CU004691,CL003156,Titular principal,1,2020-02-10,
CU004692,CL002236,Titular principal,1,2025-01-24,
CU004693,CL003694,Titular principal,1,2019-07-31,
CU004694,CL002894,Titular principal,1,2023-04-04,
CU004695,CL004422,Titular principal,1,2025-09-02,
CU004696,CL003227,Titular principal,1,2024-10-03,
CU004697,CL002197,Titular principal,1,2022-10-09,
CU004698,CL002329,Titular principal,1,2019-10-10,
CU004699,CL002077,Titular principal,1,2025-09-09,
CU004700,CL000707,Titular principal,1,2020-03-22,
CU004701,CL003308,Titular principal,1,2024-06-08,
CU004702,CL001030,Titular principal,1,2020-11-12,
CU004703,CL002264,Titular principal,1,2023-10-05,
CU004704,CL000269,Titular principal,1,2019-08-22,
CU004705,CL002333,Titular principal,1,2022-12-21,
CU004706,CL000720,Titular principal,1,2018-11-30,
CU004707,CL003558,Titular principal,1,2019-12-17,
CU004708,CL001737,Titular principal,1,2021-10-21,
CU004709,CL003064,Titular principal,1,2024-12-18,
CU004710,CL003305,Titular principal,0.6,2025-06-17,
CU004710,CL000479,Cotitular,0.4,2025-06-17,
CU004711,CL003851,Titular principal,1,2025-09-04,
CU004712,CL004080,Titular principal,1,2021-05-18,
CU004713,CL001947,Titular principal,1,2024-08-10,
CU004714,CL002007,Titular principal,1,2022-01-15,
CU004715,CL003164,Titular principal,1,2023-01-29,
CU004716,CL000719,Titular principal,1,2023-04-09,
CU004717,CL001699,Titular principal,1,2024-02-10,
CU004718,CL001762,Titular principal,1,2025-08-26,
CU004719,CL002162,Titular principal,1,2025-06-04,
CU004720,CL000161,Titular principal,1,2024-01-17,
CU004721,CL003610,Titular principal,1,2020-11-04,
CU004722,CL001525,Titular principal,1,2020-07-10,
CU004723,CL001300,Titular principal,1,2022-07-28,
CU004724,CL001428,Titular principal,1,2019-11-27,
CU004725,CL004370,Titular principal,1,2025-04-27,
CU004726,CL004004,Titular principal,1,2023-10-04,
CU004727,CL001209,Titular principal,1,2019-10-24,
CU004728,CL001424,Titular principal,0.6,2024-04-16,
CU004728,CL003233,Cotitular,0.4,2024-04-16,
CU004729,CL000238,Titular principal,1,2021-06-12,
CU004730,CL000794,Titular principal,1,2019-02-07,
CU004731,CL000163,Titular principal,1,2024-06-30,
CU004732,CL003475,Titular principal,1,2021-06-28,
CU004733,CL001392,Titular principal,1,2020-03-19,
CU004734,CL000823,Titular principal,1,2025-02-07,
CU004735,CL001124,Titular principal,1,2022-02-11,
CU004736,CL003841,Titular principal,1,2020-03-05,
CU004737,CL000270,Titular principal,1,2020-08-25,
CU004738,CL000179,Titular principal,1,2025-11-04,
CU004739,CL002767,Titular principal,1,2025-11-05,
CU004740,CL004233,Titular principal,0.6,2024-01-01,
CU004740,CL000905,Cotitular,0.4,2024-01-01,
CU004741,CL004350,Titular principal,1,2022-05-10,
CU004742,CL000646,Titular principal,1,2019-03-11,
CU004743,CL000886,Titular principal,1,2024-11-01,
CU004744,CL003360,Titular principal,1,2024-01-31,
CU004745,CL000214,Titular principal,1,2020-03-07,
CU004746,CL003308,Titular principal,1,2024-01-21,
CU004747,CL003334,Titular principal,1,2022-11-14,
CU004748,CL002833,Titular principal,1,2024-08-14,
CU004749,CL002860,Titular principal,1,2025-09-14,
CU004750,CL004487,Titular principal,1,2019-04-01,
CU004751,CL001997,Titular principal,1,2020-11-29,
CU004752,CL002845,Titular principal,1,2024-09-22,
CU004753,CL002548,Titular principal,1,2024-11-04,
CU004754,CL002210,Titular principal,1,2021-02-25,
CU004755,CL002320,Titular principal,1,2021-12-31,
CU004756,CL001318,Titular principal,1,2023-02-10,
CU004757,CL003642,Titular principal,1,2023-06-28,
CU004758,CL002012,Titular principal,1,2024-06-17,
CU004759,CL003548,Titular principal,1,2025-02-15,
CU004760,CL000066,Titular principal,1,2020-04-06,
CU004761,CL003886,Titular principal,1,2025-04-02,
CU004762,CL000347,Titular principal,1,2025-10-28,
CU004763,CL004463,Titular principal,1,2020-10-27,
CU004764,CL004370,Titular principal,1,2021-11-25,
CU004765,CL001780,Titular principal,1,2023-02-25,
CU004766,CL001462,Titular principal,1,2023-10-10,
CU004767,CL004028,Titular principal,1,2024-05-04,
CU004768,CL004027,Titular principal,1,2024-10-14,
CU004769,CL003191,Titular principal,1,2022-07-14,
CU004770,CL001779,Titular principal,1,2021-07-08,
CU004771,CL001290,Titular principal,1,2023-11-06,
CU004772,CL000395,Titular principal,0.6,2022-10-25,
CU004772,CL001975,Cotitular,0.4,2022-10-25,
CU004773,CL003881,Titular principal,1,2023-01-04,
CU004774,CL002910,Titular principal,0.6,2019-05-07,
CU004774,CL000980,Cotitular,0.4,2019-05-07,
CU004775,CL004217,Titular principal,1,2025-08-15,
CU004776,CL002120,Titular principal,1,2018-12-18,
CU004777,CL000755,Titular principal,1,2024-06-27,
CU004778,CL001457,Titular principal,1,2024-02-26,
CU004779,CL002531,Titular principal,1,2021-04-23,
CU004780,CL002310,Titular principal,1,2020-11-18,
CU004781,CL004246,Titular principal,0.6,2019-02-22,
CU004781,CL000457,Cotitular,0.4,2019-02-22,
CU004782,CL002365,Titular principal,1,2022-11-15,
CU004783,CL001682,Titular principal,1,2022-02-05,
CU004784,CL002878,Titular principal,1,2021-05-14,
CU004785,CL000101,Titular principal,1,2025-10-08,
CU004786,CL003895,Titular principal,1,2022-12-31,
CU004787,CL003153,Titular principal,1,2022-08-17,
CU004788,CL001448,Titular principal,1,2023-12-12,
CU004789,CL001466,Titular principal,1,2025-05-03,
CU004790,CL003338,Titular principal,1,2020-05-22,
CU004791,CL000680,Titular principal,1,2022-07-29,
CU004792,CL003520,Titular principal,1,2024-02-11,
CU004793,CL004316,Titular principal,1,2022-08-04,
CU004794,CL001261,Titular principal,1,2023-02-03,
CU004795,CL000378,Titular principal,1,2025-11-24,
CU004796,CL000999,Titular principal,1,2024-12-30,
CU004797,CL002445,Titular principal,0.6,2022-08-20,
CU004797,CL003776,Cotitular,0.4,2022-08-20,
CU004798,CL004268,Titular principal,1,2025-03-08,
CU004799,CL001320,Titular principal,1,2022-12-08,
CU004800,CL000172,Titular principal,1,2019-06-02,
CU004801,CL004325,Titular principal,1,2023-01-04,
CU004802,CL000849,Titular principal,1,2023-02-12,
CU004803,CL004303,Titular principal,1,2023-06-17,
CU004804,CL000875,Titular principal,0.6,2021-06-02,
CU004804,CL003273,Cotitular,0.4,2021-06-02,
CU004805,CL001648,Titular principal,1,2022-07-13,
CU004806,CL004468,Titular principal,1,2024-10-14,
CU004807,CL001532,Titular principal,1,2024-08-20,
CU004808,CL000076,Titular principal,1,2022-04-27,
CU004809,CL003071,Titular principal,1,2022-02-18,
CU004810,CL004454,Titular principal,1,2022-09-19,
CU004811,CL002287,Titular principal,0.6,2023-01-31,
CU004811,CL001894,Cotitular,0.4,2023-01-31,
CU004812,CL001102,Titular principal,1,2020-02-08,
CU004813,CL002997,Titular principal,1,2021-06-30,
CU004814,CL003667,Titular principal,1,2024-09-15,
CU004815,CL002397,Titular principal,1,2022-10-27,
CU004816,CL000174,Titular principal,0.6,2019-08-16,
CU004816,CL002367,Cotitular,0.4,2019-08-16,
CU004817,CL000794,Titular principal,1,2020-05-11,
CU004818,CL003378,Titular principal,1,2022-10-19,
CU004819,CL004110,Titular principal,1,2024-06-03,
CU004820,CL000825,Titular principal,1,2022-05-19,
CU004821,CL000636,Titular principal,0.6,2020-07-15,
CU004821,CL001688,Cotitular,0.4,2020-07-15,
CU004822,CL003280,Titular principal,1,2022-11-21,
CU004823,CL003525,Titular principal,1,2024-06-11,
CU004824,CL001882,Titular principal,1,2020-03-08,
CU004825,CL000459,Titular principal,1,2023-03-28,
CU004826,CL000070,Titular principal,1,2020-04-12,
CU004827,CL004448,Titular principal,1,2022-08-05,
CU004828,CL002046,Titular principal,1,2024-09-17,
CU004829,CL001270,Titular principal,1,2024-02-15,
CU004830,CL002795,Titular principal,1,2019-05-15,
CU004831,CL003151,Titular principal,1,2022-03-17,
CU004832,CL002660,Titular principal,1,2023-09-24,
CU004833,CL001235,Titular principal,1,2020-09-15,
CU004834,CL004367,Titular principal,1,2025-08-13,
CU004835,CL000783,Titular principal,1,2022-12-30,
CU004836,CL001212,Titular principal,0.6,2024-11-19,
CU004836,CL000607,Cotitular,0.4,2024-11-19,
CU004837,CL003374,Titular principal,0.6,2025-06-12,
CU004837,CL004419,Cotitular,0.4,2025-06-12,
CU004838,CL002719,Titular principal,1,2025-02-08,
CU004839,CL001943,Titular principal,1,2021-03-02,
CU004840,CL001084,Titular principal,1,2021-06-28,
CU004841,CL001267,Titular principal,1,2025-06-27,
CU004842,CL002414,Titular principal,1,2020-08-15,
CU004843,CL004468,Titular principal,1,2024-04-25,
CU004844,CL003382,Titular principal,1,2022-04-09,
CU004845,CL000017,Titular principal,1,2022-06-19,
CU004846,CL002874,Titular principal,1,2024-09-02,
CU004847,CL003543,Titular principal,1,2024-07-24,
CU004848,CL003159,Titular principal,1,2020-08-27,
CU004849,CL001980,Titular principal,1,2024-11-22,
CU004850,CL004339,Titular principal,1,2020-10-15,
CU004851,CL002765,Titular principal,1,2022-04-09,
CU004852,CL004033,Titular principal,0.6,2024-02-16,
CU004852,CL001985,Cotitular,0.4,2024-02-16,
CU004853,CL004049,Titular principal,0.6,2024-11-09,
CU004853,CL001267,Cotitular,0.4,2024-11-09,
CU004854,CL000306,Titular principal,1,2022-06-28,
CU004855,CL002243,Titular principal,1,2021-09-21,
CU004856,CL002159,Titular principal,1,2024-04-27,
CU004857,CL000574,Titular principal,1,2023-12-27,
CU004858,CL004438,Titular principal,1,2022-10-14,
CU004859,CL001166,Titular principal,1,2021-10-11,
CU004860,CL000205,Titular principal,1,2024-08-27,
CU004861,CL003010,Titular principal,1,2021-03-02,
CU004862,CL001603,Titular principal,1,2025-07-09,
CU004863,CL002444,Titular principal,1,2023-04-16,
CU004864,CL001674,Titular principal,1,2023-08-02,
CU004865,CL001774,Titular principal,1,2019-06-19,
CU004866,CL000089,Titular principal,1,2023-04-14,
CU004867,CL001381,Titular principal,1,2024-02-06,
CU004868,CL001592,Titular principal,1,2019-11-24,
CU004869,CL002087,Titular principal,1,2021-08-20,
CU004870,CL000082,Titular principal,1,2024-12-07,
CU004871,CL004396,Titular principal,1,2025-06-12,
CU004872,CL001849,Titular principal,1,2024-04-06,
CU004873,CL002810,Titular principal,0.6,2021-01-15,
CU004873,CL004180,Cotitular,0.4,2021-01-15,
CU004874,CL002271,Titular principal,0.6,2019-10-08,
CU004874,CL001464,Cotitular,0.4,2019-10-08,
CU004875,CL002715,Titular principal,1,2021-09-15,
CU004876,CL004499,Titular principal,0.6,2022-08-09,
CU004876,CL000898,Cotitular,0.4,2022-08-09,
CU004877,CL002014,Titular principal,1,2020-09-15,
CU004878,CL000577,Titular principal,1,2025-04-17,
CU004879,CL000017,Titular principal,1,2021-09-26,
CU004880,CL001399,Titular principal,1,2023-07-18,
CU004881,CL004337,Titular principal,1,2018-12-07,
CU004882,CL001981,Titular principal,1,2020-01-18,
CU004883,CL000451,Titular principal,1,2021-02-08,
CU004884,CL002212,Titular principal,1,2024-11-03,
CU004885,CL001936,Titular principal,0.6,2021-04-19,
CU004885,CL000973,Cotitular,0.4,2021-04-19,
CU004886,CL000217,Titular principal,1,2023-10-23,
CU004887,CL003792,Titular principal,1,2024-05-03,
CU004888,CL003293,Titular principal,1,2023-08-09,
CU004889,CL000093,Titular principal,1,2025-03-30,
CU004890,CL002975,Titular principal,1,2023-02-05,
CU004891,CL001885,Titular principal,1,2022-11-28,
CU004892,CL002154,Titular principal,0.6,2021-01-06,
CU004892,CL003665,Cotitular,0.4,2021-01-06,
CU004893,CL004005,Titular principal,1,2021-01-18,
CU004894,CL003214,Titular principal,1,2024-09-22,
CU004895,CL003989,Titular principal,1,2024-05-06,
CU004896,CL002109,Titular principal,1,2025-06-05,
CU004897,CL001586,Titular principal,1,2021-03-13,
CU004898,CL003642,Titular principal,1,2021-04-28,
CU004899,CL000191,Titular principal,0.6,2020-11-17,
CU004899,CL000994,Cotitular,0.4,2020-11-17,
CU004900,CL002255,Titular principal,1,2022-08-09,
CU004901,CL002402,Titular principal,1,2023-08-29,
CU004902,CL001016,Titular principal,1,2022-09-20,
CU004903,CL001176,Titular principal,1,2021-03-08,
CU004904,CL003553,Titular principal,1,2024-12-07,
CU004905,CL002767,Titular principal,1,2023-03-10,
CU004906,CL003816,Titular principal,1,2021-05-13,
CU004907,CL003414,Titular principal,1,2020-03-26,
CU004908,CL003377,Titular principal,1,2019-11-09,
CU004909,CL004149,Titular principal,1,2024-05-24,
CU004910,CL003042,Titular principal,1,2025-11-28,
CU004911,CL001554,Titular principal,1,2023-07-22,
CU004912,CL000826,Titular principal,1,2025-09-16,
CU004913,CL001705,Titular principal,1,2020-04-11,
CU004914,CL002303,Titular principal,1,2025-03-19,
CU004915,CL001972,Titular principal,1,2020-08-03,
CU004916,CL002799,Titular principal,1,2022-04-27,
CU004917,CL001053,Titular principal,1,2025-11-07,
CU004918,CL003125,Titular principal,1,2023-07-17,
CU004919,CL004172,Titular principal,1,2019-10-10,
CU004920,CL001267,Titular principal,0.6,2025-05-09,
CU004920,CL001374,Cotitular,0.4,2025-05-09,
CU004921,CL004171,Titular principal,1,2024-03-05,
CU004922,CL001349,Titular principal,1,2023-09-21,
CU004923,CL003908,Titular principal,1,2025-05-06,
CU004924,CL004119,Titular principal,1,2025-11-17,
CU004925,CL001928,Titular principal,1,2020-06-12,
CU004926,CL000827,Titular principal,0.6,2023-05-18,
CU004926,CL002841,Cotitular,0.4,2023-05-18,
CU004927,CL003654,Titular principal,1,2024-12-19,
CU004928,CL004014,Titular principal,1,2024-10-29,
CU004929,CL000459,Titular principal,1,2022-06-13,
CU004930,CL004202,Titular principal,0.6,2020-04-17,
CU004930,CL003956,Cotitular,0.4,2020-04-17,
CU004931,CL002595,Titular principal,1,2022-06-04,
CU004932,CL002837,Titular principal,1,2023-09-07,
CU004933,CL001307,Titular principal,0.6,2019-03-14,
CU004933,CL000723,Cotitular,0.4,2019-03-14,
CU004934,CL003369,Titular principal,1,2023-04-29,
CU004935,CL001659,Titular principal,1,2024-09-08,
CU004936,CL000494,Titular principal,1,2022-10-23,
CU004937,CL000266,Titular principal,0.6,2020-04-11,
CU004937,CL002152,Cotitular,0.4,2020-04-11,
CU004938,CL003846,Titular principal,1,2020-01-30,
CU004939,CL003427,Titular principal,1,2020-11-05,
CU004940,CL000386,Titular principal,0.6,2025-10-02,
CU004940,CL002139,Cotitular,0.4,2025-10-02,
CU004941,CL002170,Titular principal,1,2022-07-09,
CU004942,CL001598,Titular principal,1,2025-11-20,
CU004943,CL002788,Titular principal,1,2025-04-19,
CU004944,CL003166,Titular principal,1,2019-07-21,
CU004945,CL003966,Titular principal,1,2024-03-31,
CU004946,CL003888,Titular principal,1,2022-08-25,
CU004947,CL001148,Titular principal,1,2022-06-10,
CU004948,CL000309,Titular principal,1,2024-04-01,
CU004949,CL003717,Titular principal,1,2023-08-15,
CU004950,CL001321,Titular principal,1,2020-12-18,
CU004951,CL000368,Titular principal,1,2025-10-30,
CU004952,CL002127,Titular principal,1,2021-01-09,
CU004953,CL004319,Titular principal,0.6,2024-08-14,
CU004953,CL002035,Cotitular,0.4,2024-08-14,
CU004954,CL003155,Titular principal,1,2021-03-14,
CU004955,CL001459,Titular principal,1,2019-12-12,
CU004956,CL001294,Titular principal,1,2025-01-15,
CU004957,CL000995,Titular principal,1,2023-06-10,
CU004958,CL003734,Titular principal,1,2025-08-21,
CU004959,CL002644,Titular principal,1,2023-09-21,
CU004960,CL002741,Titular principal,1,2022-08-28,
CU004961,CL002870,Titular principal,0.6,2024-07-30,
CU004961,CL004012,Cotitular,0.4,2024-07-30,
CU004962,CL002617,Titular principal,1,2024-01-23,
CU004963,CL003437,Titular principal,1,2025-08-26,
CU004964,CL002662,Titular principal,1,2024-12-12,
CU004965,CL003932,Titular principal,1,2022-04-14,
CU004966,CL001561,Titular principal,1,2022-10-04,
CU004967,CL001147,Titular principal,1,2024-09-29,
CU004968,CL002717,Titular principal,1,2019-09-04,
CU004969,CL003466,Titular principal,1,2021-09-11,
CU004970,CL004013,Titular principal,1,2024-11-01,
CU004971,CL004350,Titular principal,1,2019-12-27,
CU004972,CL003411,Titular principal,0.6,2022-10-21,
CU004972,CL002953,Cotitular,0.4,2022-10-21,
CU004973,CL002733,Titular principal,1,2023-07-06,
CU004974,CL002144,Titular principal,1,2023-05-17,
CU004975,CL000623,Titular principal,1,2025-03-10,
CU004976,CL002776,Titular principal,1,2023-06-03,
CU004977,CL001137,Titular principal,1,2024-05-24,
CU004978,CL002530,Titular principal,1,2022-03-16,
CU004979,CL002024,Titular principal,1,2020-12-22,
CU004980,CL000594,Titular principal,1,2019-04-25,
CU004981,CL001047,Titular principal,1,2023-07-31,
CU004982,CL000669,Titular principal,1,2025-04-03,
CU004983,CL002987,Titular principal,1,2022-02-12,
CU004984,CL003467,Titular principal,1,2025-09-16,
CU004985,CL003878,Titular principal,1,2022-12-11,
CU004986,CL003699,Titular principal,1,2023-06-13,
CU004987,CL002396,Titular principal,1,2023-05-19,
CU004988,CL003894,Titular principal,1,2019-07-28,
CU004989,CL002758,Titular principal,1,2019-10-21,
CU004990,CL002903,Titular principal,1,2021-03-20,
CU004991,CL004145,Titular principal,1,2024-08-04,
CU004992,CL001641,Titular principal,1,2025-03-13,
CU004993,CL000402,Titular principal,1,2021-06-20,
CU004994,CL000347,Titular principal,1,2021-06-09,
CU004995,CL000481,Titular principal,1,2020-04-11,
CU004996,CL001200,Titular principal,1,2023-02-07,
CU004997,CL002127,Titular principal,1,2023-10-01,
CU004998,CL001642,Titular principal,1,2022-10-30,
CU004999,CL003625,Titular principal,1,2022-07-24,
CU005000,CL001727,Titular principal,1,2023-04-30,
CU005001,CL003817,Titular principal,1,2024-01-22,
CU005002,CL002226,Titular principal,1,2022-12-05,
CU005003,CL002632,Titular principal,1,2024-09-21,
CU005004,CL004151,Titular principal,1,2019-11-20,
CU005005,CL002267,Titular principal,1,2020-07-30,
CU005006,CL002646,Titular principal,1,2022-08-12,
CU005007,CL000594,Titular principal,1,2024-06-25,
CU005008,CL001901,Titular principal,1,2020-08-18,
CU005009,CL001859,Titular principal,1,2021-10-27,
CU005010,CL000490,Titular principal,0.6,2021-05-21,
CU005010,CL002322,Cotitular,0.4,2021-05-21,
CU005011,CL003163,Titular principal,1,2023-06-20,
CU005012,CL003157,Titular principal,1,2019-04-13,
CU005013,CL000414,Titular principal,1,2018-12-30,
CU005014,CL002724,Titular principal,1,2021-08-17,
CU005015,CL001701,Titular principal,1,2024-04-21,
CU005016,CL003017,Titular principal,1,2023-09-28,
CU005017,CL004493,Titular principal,1,2025-06-09,
CU005018,CL001553,Titular principal,1,2025-05-09,
CU005019,CL000502,Titular principal,1,2021-08-21,
CU005020,CL002176,Titular principal,1,2022-08-14,
CU005021,CL002397,Titular principal,1,2022-10-16,
CU005022,CL000935,Titular principal,1,2022-09-07,
CU005023,CL003662,Titular principal,1,2025-01-07,
CU005024,CL000996,Titular principal,1,2024-12-26,
CU005025,CL001635,Titular principal,1,2023-05-21,
CU005026,CL000850,Titular principal,1,2019-01-11,
CU005027,CL002304,Titular principal,1,2025-04-06,
CU005028,CL004266,Titular principal,1,2025-07-09,
CU005029,CL002196,Titular principal,1,2023-06-13,
CU005030,CL004234,Titular principal,1,2024-05-25,
CU005031,CL001322,Titular principal,1,2021-01-30,
CU005032,CL004150,Titular principal,1,2023-01-15,
CU005033,CL003869,Titular principal,1,2023-05-06,
CU005034,CL002253,Titular principal,1,2019-03-04,
CU005035,CL003298,Titular principal,1,2021-06-08,
CU005036,CL000065,Titular principal,1,2020-08-10,
CU005037,CL001385,Titular principal,1,2022-12-31,
CU005038,CL003267,Titular principal,1,2019-07-10,
CU005039,CL003173,Titular principal,1,2024-03-11,
CU005040,CL000587,Titular principal,1,2020-09-10,
CU005041,CL000475,Titular principal,1,2024-04-14,
CU005042,CL000604,Titular principal,1,2024-09-21,
CU005043,CL002607,Titular principal,1,2022-10-11,
CU005044,CL000743,Titular principal,0.6,2020-09-09,
CU005044,CL003837,Cotitular,0.4,2020-09-09,
CU005045,CL000080,Titular principal,1,2020-11-09,
CU005046,CL002468,Titular principal,1,2025-04-23,
CU005047,CL003070,Titular principal,1,2022-10-28,
CU005048,CL002995,Titular principal,1,2019-09-21,
CU005049,CL002122,Titular principal,1,2023-09-19,
CU005050,CL004323,Titular principal,0.6,2021-12-14,
CU005050,CL002643,Cotitular,0.4,2021-12-14,
CU005051,CL002977,Titular principal,1,2022-12-07,
CU005052,CL000543,Titular principal,1,2018-12-25,
CU005053,CL003700,Titular principal,1,2019-05-30,
CU005054,CL003513,Titular principal,1,2020-02-28,
CU005055,CL002746,Titular principal,1,2023-01-10,
CU005056,CL000826,Titular principal,1,2024-05-30,
CU005057,CL003076,Titular principal,1,2019-04-11,
CU005058,CL000074,Titular principal,1,2020-11-19,
CU005059,CL002859,Titular principal,1,2024-02-08,
CU005060,CL003886,Titular principal,1,2022-07-29,
CU005061,CL000712,Titular principal,1,2022-08-15,
CU005062,CL000580,Titular principal,1,2020-02-15,
CU005063,CL002612,Titular principal,1,2021-12-03,
CU005064,CL003782,Titular principal,1,2023-11-17,
CU005065,CL003667,Titular principal,1,2025-08-29,
CU005066,CL002640,Titular principal,1,2019-08-03,
CU005067,CL000518,Titular principal,1,2025-03-10,
CU005068,CL000295,Titular principal,1,2025-11-07,
CU005069,CL002140,Titular principal,1,2025-07-03,
CU005070,CL003868,Titular principal,1,2021-09-26,
CU005071,CL002456,Titular principal,1,2021-12-24,
CU005072,CL001253,Titular principal,1,2021-10-19,
CU005073,CL002977,Titular principal,1,2023-01-18,
CU005074,CL003075,Titular principal,1,2024-06-28,
CU005075,CL003604,Titular principal,1,2022-02-11,
CU005076,CL001602,Titular principal,1,2025-01-20,
CU005077,CL000465,Titular principal,1,2022-08-08,
CU005078,CL003651,Titular principal,1,2020-05-20,
CU005079,CL002695,Titular principal,1,2023-04-11,
CU005080,CL002973,Titular principal,1,2022-04-03,
CU005081,CL000942,Titular principal,1,2019-02-07,
CU005082,CL001920,Titular principal,1,2025-01-04,
CU005083,CL001839,Titular principal,1,2022-02-26,
CU005084,CL002910,Titular principal,1,2021-01-14,
CU005085,CL000838,Titular principal,1,2019-11-13,
CU005086,CL000645,Titular principal,1,2025-07-25,
CU005087,CL002192,Titular principal,1,2021-10-10,
CU005088,CL000205,Titular principal,1,2024-11-20,
CU005089,CL003063,Titular principal,1,2022-02-12,
CU005090,CL001254,Titular principal,1,2025-06-03,
CU005091,CL004403,Titular principal,1,2025-10-21,
CU005092,CL003970,Titular principal,1,2024-11-28,
CU005093,CL001504,Titular principal,1,2025-10-07,
CU005094,CL001273,Titular principal,1,2021-06-18,
CU005095,CL004125,Titular principal,1,2023-10-23,
CU005096,CL001865,Titular principal,1,2023-04-11,
CU005097,CL004068,Titular principal,1,2020-08-31,
CU005098,CL004363,Titular principal,1,2023-11-05,
CU005099,CL000703,Titular principal,0.6,2022-08-19,
CU005099,CL002391,Cotitular,0.4,2022-08-19,
CU005100,CL003442,Titular principal,0.6,2022-04-06,
CU005100,CL000951,Cotitular,0.4,2022-04-06,
CU005101,CL002035,Titular principal,1,2024-10-17,
CU005102,CL000309,Titular principal,1,2023-02-06,
CU005103,CL000601,Titular principal,1,2024-07-24,
CU005104,CL003681,Titular principal,1,2024-07-17,
CU005105,CL003612,Titular principal,1,2022-09-12,
CU005106,CL002480,Titular principal,0.6,2025-06-13,
CU005106,CL002101,Cotitular,0.4,2025-06-13,
CU005107,CL003846,Titular principal,1,2023-04-26,
CU005108,CL003315,Titular principal,1,2024-01-01,
CU005109,CL001886,Titular principal,1,2024-01-08,
CU005110,CL002366,Titular principal,1,2025-06-06,
CU005111,CL002721,Titular principal,1,2021-08-16,
CU005112,CL000194,Titular principal,1,2019-09-12,
CU005113,CL000363,Titular principal,1,2025-11-23,
CU005114,CL003283,Titular principal,1,2025-04-10,
CU005115,CL004303,Titular principal,1,2022-05-12,
CU005116,CL002127,Titular principal,1,2019-06-17,
CU005117,CL000880,Titular principal,1,2020-07-20,
CU005118,CL001904,Titular principal,1,2022-08-29,
CU005119,CL003559,Titular principal,1,2021-08-03,
CU005120,CL002895,Titular principal,1,2024-09-12,
CU005121,CL004253,Titular principal,1,2024-10-31,
CU005122,CL002502,Titular principal,1,2025-01-20,
CU005123,CL002271,Titular principal,1,2021-03-06,
CU005124,CL004258,Titular principal,1,2025-03-23,
CU005125,CL001765,Titular principal,1,2022-11-18,
CU005126,CL003121,Titular principal,1,2024-03-10,
CU005127,CL002395,Titular principal,1,2024-08-24,
CU005128,CL001926,Titular principal,1,2024-11-01,
CU005129,CL000878,Titular principal,1,2022-04-26,
CU005130,CL003580,Titular principal,1,2021-04-28,
CU005131,CL003408,Titular principal,1,2025-07-25,
CU005132,CL000029,Titular principal,1,2023-11-08,
CU005133,CL003249,Titular principal,1,2024-03-13,
CU005134,CL002897,Titular principal,1,2023-01-15,
CU005135,CL001450,Titular principal,1,2025-04-11,
CU005136,CL000329,Titular principal,1,2022-01-07,
CU005137,CL001202,Titular principal,1,2022-04-29,
CU005138,CL001188,Titular principal,1,2025-05-12,
CU005139,CL001243,Titular principal,1,2022-05-20,
CU005140,CL001360,Titular principal,1,2025-02-16,
CU005141,CL002540,Titular principal,1,2023-09-13,
CU005142,CL002051,Titular principal,0.6,2025-11-18,
CU005142,CL003329,Cotitular,0.4,2025-11-18,
CU005143,CL001487,Titular principal,0.6,2023-03-23,
CU005143,CL003548,Cotitular,0.4,2023-03-23,
CU005144,CL004415,Titular principal,1,2023-08-25,
CU005145,CL001841,Titular principal,1,2023-03-08,
CU005146,CL000528,Titular principal,1,2025-08-14,
CU005147,CL004402,Titular principal,1,2025-10-01,
CU005148,CL002727,Titular principal,1,2022-04-09,
CU005149,CL001606,Titular principal,1,2022-07-20,
CU005150,CL003036,Titular principal,1,2023-05-11,
CU005151,CL002138,Titular principal,1,2025-11-17,
CU005152,CL000269,Titular principal,1,2025-04-27,
CU005153,CL003974,Titular principal,1,2022-06-25,
CU005154,CL002308,Titular principal,1,2024-10-18,
CU005155,CL002925,Titular principal,1,2021-04-20,
CU005156,CL000337,Titular principal,1,2020-06-16,
CU005157,CL000019,Titular principal,1,2021-09-25,
CU005158,CL003793,Titular principal,1,2022-09-05,
CU005159,CL001805,Titular principal,1,2022-08-05,
CU005160,CL003790,Titular principal,1,2023-12-22,
CU005161,CL002228,Titular principal,1,2023-11-06,
CU005162,CL003509,Titular principal,1,2023-01-08,
CU005163,CL000055,Titular principal,1,2018-12-01,
CU005164,CL000046,Titular principal,1,2024-04-24,
CU005165,CL001461,Titular principal,1,2019-07-24,
CU005166,CL000927,Titular principal,1,2022-01-18,
CU005167,CL003032,Titular principal,1,2023-01-23,
CU005168,CL001237,Titular principal,1,2022-11-04,
CU005169,CL000893,Titular principal,1,2020-02-20,
CU005170,CL000503,Titular principal,1,2023-01-10,
CU005171,CL000842,Titular principal,0.6,2022-12-20,
CU005171,CL000436,Cotitular,0.4,2022-12-20,
CU005172,CL002980,Titular principal,1,2021-04-22,
CU005173,CL003208,Titular principal,1,2025-10-06,
CU005174,CL002081,Titular principal,1,2019-12-07,
CU005175,CL003618,Titular principal,1,2025-02-09,
CU005176,CL001682,Titular principal,1,2024-01-01,
CU005177,CL002027,Titular principal,1,2020-09-28,
CU005178,CL001737,Titular principal,1,2025-11-14,
CU005179,CL000753,Titular principal,1,2025-02-01,
CU005180,CL003423,Titular principal,1,2024-04-11,
CU005181,CL003297,Titular principal,1,2020-10-28,
CU005182,CL002148,Titular principal,1,2025-02-24,
CU005183,CL003422,Titular principal,1,2022-04-08,
CU005184,CL000893,Titular principal,1,2019-04-21,
CU005185,CL002364,Titular principal,1,2025-08-17,
CU005186,CL002529,Titular principal,1,2023-12-15,
CU005187,CL001682,Titular principal,1,2019-12-05,
CU005188,CL003283,Titular principal,1,2024-10-13,
CU005189,CL004080,Titular principal,1,2023-01-24,
CU005190,CL001259,Titular principal,1,2021-10-26,
CU005191,CL001530,Titular principal,1,2020-10-27,
CU005192,CL000265,Titular principal,1,2022-06-13,
CU005193,CL004083,Titular principal,1,2024-08-27,
CU005194,CL000992,Titular principal,1,2022-11-14,
CU005195,CL003130,Titular principal,1,2023-08-03,
CU005196,CL000251,Titular principal,1,2024-11-26,
CU005197,CL002244,Titular principal,1,2024-11-26,
CU005198,CL002137,Titular principal,0.6,2020-12-25,
CU005198,CL003136,Cotitular,0.4,2020-12-25,
CU005199,CL000628,Titular principal,1,2024-11-09,
CU005200,CL001588,Titular principal,1,2024-06-05,
CU005201,CL003870,Titular principal,1,2023-08-18,
CU005202,CL002582,Titular principal,1,2024-11-10,
CU005203,CL001816,Titular principal,1,2019-04-08,
CU005204,CL001175,Titular principal,1,2024-09-25,
CU005205,CL000668,Titular principal,1,2023-12-19,
CU005206,CL000360,Titular principal,1,2021-08-24,
CU005207,CL000637,Titular principal,1,2025-11-12,
CU005208,CL003372,Titular principal,1,2019-09-03,
CU005209,CL002665,Titular principal,1,2021-03-31,
CU005210,CL002817,Titular principal,1,2021-05-11,
CU005211,CL003253,Titular principal,1,2021-08-08,
CU005212,CL000075,Titular principal,1,2024-10-07,
CU005213,CL002254,Titular principal,1,2024-10-16,
CU005214,CL003203,Titular principal,1,2019-03-13,
CU005215,CL001787,Titular principal,1,2021-12-31,
CU005216,CL001723,Titular principal,0.6,2022-01-02,
CU005216,CL002507,Cotitular,0.4,2022-01-02,
CU005217,CL002661,Titular principal,1,2024-05-06,
CU005218,CL002716,Titular principal,0.6,2023-06-04,
CU005218,CL001716,Cotitular,0.4,2023-06-04,
CU005219,CL002782,Titular principal,1,2025-08-08,
CU005220,CL000761,Titular principal,1,2020-04-20,
CU005221,CL002096,Titular principal,1,2025-03-15,
CU005222,CL003784,Titular principal,1,2025-04-14,
CU005223,CL003699,Titular principal,1,2021-08-23,
CU005224,CL002345,Titular principal,1,2025-10-17,
CU005225,CL001432,Titular principal,1,2025-11-13,
CU005226,CL002175,Titular principal,1,2023-03-25,
CU005227,CL002513,Titular principal,1,2019-03-09,
CU005228,CL000209,Titular principal,1,2025-02-28,
CU005229,CL002028,Titular principal,1,2021-12-22,
CU005230,CL002601,Titular principal,1,2019-12-19,
CU005231,CL003935,Titular principal,1,2020-11-14,
CU005232,CL000039,Titular principal,1,2020-02-06,
CU005233,CL002060,Titular principal,1,2023-07-29,
CU005234,CL004176,Titular principal,1,2020-02-11,
CU005235,CL002032,Titular principal,1,2023-05-13,
CU005236,CL000420,Titular principal,1,2023-12-05,
CU005237,CL001186,Titular principal,1,2022-01-22,
CU005238,CL004252,Titular principal,1,2020-06-20,
CU005239,CL001663,Titular principal,1,2020-06-28,
CU005240,CL003307,Titular principal,1,2020-03-06,
CU005241,CL001420,Titular principal,1,2022-09-01,
CU005242,CL004050,Titular principal,1,2022-03-13,
CU005243,CL003623,Titular principal,1,2021-09-24,
CU005244,CL002358,Titular principal,1,2019-02-26,
CU005245,CL000364,Titular principal,1,2021-08-08,
CU005246,CL003762,Titular principal,1,2023-09-06,
CU005247,CL001439,Titular principal,1,2024-11-06,
CU005248,CL002804,Titular principal,1,2020-12-26,
CU005249,CL001812,Titular principal,0.6,2022-06-20,
CU005249,CL002821,Cotitular,0.4,2022-06-20,
CU005250,CL002777,Titular principal,1,2021-05-26,
CU005251,CL003380,Titular principal,0.6,2019-06-22,
CU005251,CL000818,Cotitular,0.4,2019-06-22,
CU005252,CL001017,Titular principal,1,2021-05-02,
CU005253,CL002774,Titular principal,1,2023-09-18,
CU005254,CL000743,Titular principal,1,2024-06-19,
CU005255,CL003114,Titular principal,1,2024-05-07,
CU005256,CL001431,Titular principal,1,2023-07-02,
CU005257,CL003138,Titular principal,1,2024-10-23,
CU005258,CL004167,Titular principal,1,2025-02-22,
CU005259,CL001939,Titular principal,1,2019-11-17,
CU005260,CL002740,Titular principal,1,2022-02-28,
CU005261,CL001463,Titular principal,1,2019-04-15,
CU005262,CL000829,Titular principal,1,2025-03-12,
CU005263,CL001551,Titular principal,1,2023-03-23,
CU005264,CL000588,Titular principal,1,2024-12-13,
CU005265,CL004217,Titular principal,1,2025-07-15,
CU005266,CL004426,Titular principal,1,2024-05-25,
CU005267,CL000168,Titular principal,1,2019-03-25,
CU005268,CL002006,Titular principal,1,2020-04-01,
CU005269,CL001704,Titular principal,1,2025-08-14,
CU005270,CL000015,Titular principal,1,2024-06-17,
CU005271,CL004145,Titular principal,1,2021-11-26,
CU005272,CL000238,Titular principal,1,2021-01-20,
CU005273,CL000848,Titular principal,1,2023-09-18,
CU005274,CL001662,Titular principal,1,2023-05-12,
CU005275,CL002270,Titular principal,1,2024-11-30,
CU005276,CL000630,Titular principal,1,2023-02-21,
CU005277,CL001295,Titular principal,1,2023-09-15,
CU005278,CL001531,Titular principal,1,2023-06-27,
CU005279,CL003520,Titular principal,1,2020-08-29,
CU005280,CL002780,Titular principal,1,2025-02-21,
CU005281,CL002310,Titular principal,1,2022-12-03,
CU005282,CL001277,Titular principal,1,2025-08-21,
CU005283,CL001079,Titular principal,1,2020-11-07,
CU005284,CL003211,Titular principal,1,2021-07-06,
CU005285,CL003503,Titular principal,1,2025-03-26,
CU005286,CL002847,Titular principal,1,2021-11-01,
CU005287,CL002513,Titular principal,1,2024-08-30,
CU005288,CL002838,Titular principal,1,2021-01-23,
CU005289,CL004242,Titular principal,1,2022-11-05,
CU005290,CL001288,Titular principal,1,2025-04-17,
CU005291,CL000048,Titular principal,1,2024-12-23,
CU005292,CL003325,Titular principal,1,2023-07-08,
CU005293,CL002689,Titular principal,1,2025-08-04,
CU005294,CL001862,Titular principal,1,2023-05-13,
CU005295,CL004386,Titular principal,1,2023-08-29,
CU005296,CL000693,Titular principal,1,2025-09-14,
CU005297,CL002133,Titular principal,1,2024-02-12,
CU005298,CL003140,Titular principal,1,2024-07-03,
CU005299,CL003788,Titular principal,1,2023-06-04,
CU005300,CL000029,Titular principal,1,2021-02-10,
CU005301,CL001229,Titular principal,1,2024-04-28,
CU005302,CL004023,Titular principal,1,2025-04-23,
CU005303,CL002813,Titular principal,1,2023-12-24,
CU005304,CL003281,Titular principal,0.6,2022-09-12,
CU005304,CL001169,Cotitular,0.4,2022-09-12,
CU005305,CL002900,Titular principal,1,2023-02-19,
CU005306,CL002131,Titular principal,1,2024-06-23,
CU005307,CL001569,Titular principal,1,2023-11-22,
CU005308,CL002666,Titular principal,1,2024-02-26,
CU005309,CL002403,Titular principal,1,2025-08-18,
CU005310,CL002921,Titular principal,1,2023-05-19,
CU005311,CL000002,Titular principal,1,2022-09-08,
CU005312,CL000578,Titular principal,1,2023-10-15,
CU005313,CL001599,Titular principal,1,2025-01-19,
CU005314,CL000072,Titular principal,1,2021-10-17,
CU005315,CL001349,Titular principal,1,2025-11-18,
CU005316,CL004195,Titular principal,1,2021-01-14,
CU005317,CL002192,Titular principal,1,2022-03-01,
CU005318,CL001494,Titular principal,1,2025-11-23,
CU005319,CL002566,Titular principal,1,2025-04-30,
CU005320,CL000703,Titular principal,1,2022-12-14,
CU005321,CL003876,Titular principal,1,2023-01-31,
CU005322,CL001027,Titular principal,1,2024-12-24,
CU005323,CL001288,Titular principal,1,2022-03-31,
CU005324,CL002558,Titular principal,1,2018-12-13,
CU005325,CL001395,Titular principal,0.6,2020-06-20,
CU005325,CL001943,Cotitular,0.4,2020-06-20,
CU005326,CL002587,Titular principal,1,2019-08-31,
CU005327,CL004387,Titular principal,0.6,2022-09-13,
CU005327,CL000769,Cotitular,0.4,2022-09-13,
CU005328,CL000499,Titular principal,1,2019-07-10,
CU005329,CL001216,Titular principal,1,2024-01-04,
CU005330,CL003764,Titular principal,1,2023-03-13,
CU005331,CL002540,Titular principal,1,2025-09-26,
CU005332,CL002684,Titular principal,1,2025-05-11,
CU005333,CL000818,Titular principal,1,2020-06-05,
CU005334,CL001443,Titular principal,1,2021-09-12,
CU005335,CL001561,Titular principal,1,2025-07-28,
CU005336,CL002919,Titular principal,1,2020-03-14,
CU005337,CL000841,Titular principal,1,2022-02-03,
CU005338,CL001337,Titular principal,1,2022-11-11,
CU005339,CL002357,Titular principal,1,2021-11-06,
CU005340,CL003663,Titular principal,1,2021-09-03,
CU005341,CL003881,Titular principal,1,2020-03-20,
CU005342,CL000578,Titular principal,1,2022-11-29,
CU005343,CL002499,Titular principal,1,2025-03-05,
CU005344,CL000775,Titular principal,0.6,2022-09-20,
CU005344,CL003358,Cotitular,0.4,2022-09-20,
CU005345,CL001048,Titular principal,1,2023-04-13,
CU005346,CL002948,Titular principal,1,2021-04-19,
CU005347,CL003447,Titular principal,1,2023-04-12,
CU005348,CL002458,Titular principal,1,2023-04-04,
CU005349,CL003616,Titular principal,1,2021-03-30,
CU005350,CL003372,Titular principal,1,2023-03-09,
CU005351,CL001798,Titular principal,1,2025-01-17,
CU005352,CL003313,Titular principal,1,2022-07-30,
CU005353,CL001409,Titular principal,1,2023-06-15,
CU005354,CL004027,Titular principal,1,2023-12-27,
CU005355,CL001760,Titular principal,1,2025-07-03,
CU005356,CL002478,Titular principal,1,2025-06-12,
CU005357,CL000840,Titular principal,1,2023-06-16,
CU005358,CL002402,Titular principal,1,2022-12-19,
CU005359,CL000713,Titular principal,1,2020-09-30,
CU005360,CL001340,Titular principal,1,2025-09-01,
CU005361,CL001569,Titular principal,1,2021-11-05,
CU005362,CL003879,Titular principal,1,2024-08-24,
CU005363,CL003160,Titular principal,1,2022-10-21,
CU005364,CL000741,Titular principal,1,2025-08-27,
CU005365,CL002718,Titular principal,1,2022-01-02,
CU005366,CL003986,Titular principal,1,2024-09-22,
CU005367,CL002524,Titular principal,0.6,2024-04-14,
CU005367,CL000551,Cotitular,0.4,2024-04-14,
CU005368,CL003625,Titular principal,1,2021-12-06,
CU005369,CL000300,Titular principal,0.6,2025-07-03,
CU005369,CL002622,Cotitular,0.4,2025-07-03,
CU005370,CL003534,Titular principal,1,2022-12-20,
CU005371,CL001497,Titular principal,1,2022-08-05,
CU005372,CL003605,Titular principal,1,2024-10-22,
CU005373,CL001827,Titular principal,1,2025-06-07,
CU005374,CL001219,Titular principal,1,2025-06-15,
CU005375,CL002711,Titular principal,1,2023-03-23,
CU005376,CL004343,Titular principal,1,2023-02-27,
CU005377,CL003956,Titular principal,1,2024-10-14,
CU005378,CL002961,Titular principal,1,2023-06-23,
CU005379,CL003131,Titular principal,1,2020-07-22,
CU005380,CL000334,Titular principal,1,2023-08-30,
CU005381,CL002208,Titular principal,1,2025-02-21,
CU005382,CL003703,Titular principal,1,2020-03-23,
CU005383,CL001486,Titular principal,1,2020-05-15,
CU005384,CL002199,Titular principal,1,2023-11-23,
CU005385,CL002160,Titular principal,0.6,2023-03-22,
CU005385,CL000424,Cotitular,0.4,2023-03-22,
CU005386,CL002178,Titular principal,1,2022-03-06,
CU005387,CL000310,Titular principal,1,2023-12-01,
CU005388,CL004403,Titular principal,1,2024-08-14,
CU005389,CL003100,Titular principal,1,2020-08-20,
CU005390,CL004254,Titular principal,1,2023-04-03,
CU005391,CL001894,Titular principal,1,2022-09-10,
CU005392,CL001916,Titular principal,1,2019-12-18,
CU005393,CL003008,Titular principal,1,2022-10-29,
CU005394,CL001570,Titular principal,1,2021-12-02,
CU005395,CL003416,Titular principal,1,2023-04-19,
CU005396,CL001123,Titular principal,1,2020-10-14,
CU005397,CL001402,Titular principal,1,2025-08-25,
CU005398,CL001082,Titular principal,1,2024-06-27,
CU005399,CL001794,Titular principal,1,2021-03-04,
CU005400,CL002523,Titular principal,1,2025-11-06,
CU005401,CL001141,Titular principal,1,2020-02-25,
CU005402,CL000030,Titular principal,1,2022-07-18,
CU005403,CL000810,Titular principal,1,2023-10-31,
CU005404,CL000681,Titular principal,1,2023-10-14,
CU005405,CL002109,Titular principal,1,2022-04-22,
CU005406,CL002620,Titular principal,0.6,2024-10-12,
CU005406,CL002803,Cotitular,0.4,2024-10-12,
CU005407,CL000815,Titular principal,1,2021-01-25,
CU005408,CL000641,Titular principal,0.6,2023-11-06,
CU005408,CL000581,Cotitular,0.4,2023-11-06,
CU005409,CL003462,Titular principal,1,2024-12-08,
CU005410,CL003899,Titular principal,1,2025-07-28,
CU005411,CL002250,Titular principal,1,2023-12-03,
CU005412,CL002031,Titular principal,1,2024-08-06,
CU005413,CL002364,Titular principal,1,2020-09-30,
CU005414,CL003955,Titular principal,1,2022-11-22,
CU005415,CL002419,Titular principal,1,2024-06-02,
CU005416,CL000210,Titular principal,1,2022-10-18,
CU005417,CL002133,Titular principal,1,2024-03-05,
CU005418,CL003186,Titular principal,1,2020-02-17,
CU005419,CL002304,Titular principal,1,2022-02-16,
CU005420,CL002934,Titular principal,1,2024-03-15,
CU005421,CL000306,Titular principal,1,2025-07-21,
CU005422,CL004103,Titular principal,0.6,2021-05-23,
CU005422,CL003665,Cotitular,0.4,2021-05-23,
CU005423,CL000514,Titular principal,1,2021-01-14,
CU005424,CL001276,Titular principal,1,2022-07-30,
CU005425,CL000395,Titular principal,1,2021-04-11,
CU005426,CL001663,Titular principal,1,2021-10-01,
CU005427,CL004359,Titular principal,1,2020-06-02,
CU005428,CL002713,Titular principal,0.6,2023-02-05,
CU005428,CL001602,Cotitular,0.4,2023-02-05,
CU005429,CL003327,Titular principal,1,2022-09-29,
CU005430,CL000123,Titular principal,1,2024-08-24,
CU005431,CL000229,Titular principal,1,2025-01-16,
CU005432,CL000774,Titular principal,1,2024-11-28,
CU005433,CL000946,Titular principal,1,2020-05-24,
CU005434,CL004135,Titular principal,1,2025-07-21,
CU005435,CL004328,Titular principal,1,2022-08-22,
CU005436,CL002686,Titular principal,1,2021-12-26,
CU005437,CL003155,Titular principal,1,2019-11-09,
CU005438,CL000020,Titular principal,1,2023-07-19,
CU005439,CL003792,Titular principal,1,2022-09-05,
CU005440,CL001516,Titular principal,1,2023-07-12,
CU005441,CL004041,Titular principal,1,2021-01-15,
CU005442,CL004043,Titular principal,1,2024-07-26,
CU005443,CL004431,Titular principal,1,2024-06-20,
CU005444,CL002563,Titular principal,1,2019-07-26,
CU005445,CL000519,Titular principal,1,2023-09-30,
CU005446,CL003546,Titular principal,1,2021-10-28,
CU005447,CL002806,Titular principal,1,2023-07-17,
CU005448,CL002371,Titular principal,1,2023-03-10,
CU005449,CL002524,Titular principal,1,2022-06-02,
CU005450,CL001340,Titular principal,1,2020-10-02,
CU005451,CL003375,Titular principal,1,2021-03-17,
CU005452,CL001138,Titular principal,1,2021-07-06,
CU005453,CL000995,Titular principal,1,2025-04-23,
CU005454,CL002346,Titular principal,1,2023-03-06,
CU005455,CL003312,Titular principal,1,2024-03-19,
CU005456,CL002677,Titular principal,1,2024-12-11,
CU005457,CL004014,Titular principal,1,2024-01-03,
CU005458,CL000340,Titular principal,1,2024-08-09,
CU005459,CL001327,Titular principal,1,2025-08-05,
CU005460,CL004197,Titular principal,0.6,2024-03-16,
CU005460,CL003085,Cotitular,0.4,2024-03-16,
CU005461,CL002198,Titular principal,1,2020-12-21,
CU005462,CL003800,Titular principal,1,2020-11-29,
CU005463,CL004214,Titular principal,0.6,2019-05-01,
CU005463,CL001722,Cotitular,0.4,2019-05-01,
CU005464,CL004126,Titular principal,0.6,2021-10-18,
CU005464,CL003902,Cotitular,0.4,2021-10-18,
CU005465,CL002911,Titular principal,1,2024-01-31,
CU005466,CL002170,Titular principal,1,2023-04-23,
CU005467,CL003653,Titular principal,1,2025-01-21,
CU005468,CL000616,Titular principal,0.6,2021-03-09,
CU005468,CL003553,Cotitular,0.4,2021-03-09,
CU005469,CL000096,Titular principal,1,2024-05-28,
CU005470,CL003720,Titular principal,1,2022-01-09,
CU005471,CL001045,Titular principal,0.6,2019-11-03,
CU005471,CL000752,Cotitular,0.4,2019-11-03,
CU005472,CL002012,Titular principal,1,2023-08-02,
CU005473,CL003767,Titular principal,0.6,2023-01-27,
CU005473,CL001797,Cotitular,0.4,2023-01-27,
CU005474,CL004090,Titular principal,1,2019-07-16,
CU005475,CL003264,Titular principal,1,2024-04-10,
CU005476,CL003676,Titular principal,1,2025-08-06,
CU005477,CL000330,Titular principal,1,2022-02-19,
CU005478,CL004294,Titular principal,1,2020-07-01,
CU005479,CL002953,Titular principal,1,2024-05-16,
CU005480,CL000538,Titular principal,1,2019-09-26,
CU005481,CL001249,Titular principal,1,2025-11-09,
CU005482,CL002830,Titular principal,1,2021-11-28,
CU005483,CL001193,Titular principal,1,2023-05-28,
CU005484,CL003423,Titular principal,1,2022-07-16,
CU005485,CL001399,Titular principal,1,2021-07-21,
CU005486,CL000456,Titular principal,1,2020-11-15,
CU005487,CL000822,Titular principal,1,2024-11-05,
CU005488,CL001078,Titular principal,1,2024-03-10,
CU005489,CL003531,Titular principal,1,2019-06-23,
CU005490,CL004152,Titular principal,1,2022-10-11,
CU005491,CL002573,Titular principal,1,2023-04-25,
CU005492,CL000036,Titular principal,0.6,2019-08-06,
CU005492,CL002843,Cotitular,0.4,2019-08-06,
CU005493,CL004307,Titular principal,1,2020-12-15,
CU005494,CL003091,Titular principal,1,2022-11-18,
CU005495,CL001032,Titular principal,1,2024-11-03,
CU005496,CL003397,Titular principal,1,2025-10-05,
CU005497,CL004245,Titular principal,1,2025-01-26,
CU005498,CL001065,Titular principal,1,2020-09-03,
CU005499,CL004186,Titular principal,1,2025-05-06,
CU005500,CL002031,Titular principal,1,2025-04-27,
CU005501,CL004004,Titular principal,1,2023-10-20,
CU005502,CL002146,Titular principal,0.6,2023-03-19,
CU005502,CL002746,Cotitular,0.4,2023-03-19,
CU005503,CL002321,Titular principal,0.6,2024-08-31,
CU005503,CL000160,Cotitular,0.4,2024-08-31,
CU005504,CL002336,Titular principal,1,2023-09-28,
CU005505,CL000085,Titular principal,1,2025-03-27,
CU005506,CL001066,Titular principal,1,2025-11-30,
CU005507,CL003985,Titular principal,1,2025-10-08,
CU005508,CL002142,Titular principal,1,2025-05-11,
CU005509,CL000174,Titular principal,1,2022-12-28,
CU005510,CL002560,Titular principal,1,2024-08-22,
CU005511,CL000335,Titular principal,1,2021-02-18,
CU005512,CL001178,Titular principal,1,2022-06-14,
CU005513,CL002516,Titular principal,1,2021-10-30,
CU005514,CL002997,Titular principal,1,2020-11-17,
CU005515,CL001450,Titular principal,1,2021-12-26,
CU005516,CL000893,Titular principal,1,2021-08-03,
CU005517,CL003262,Titular principal,1,2021-03-30,
CU005518,CL004264,Titular principal,1,2019-04-29,
CU005519,CL000594,Titular principal,1,2018-12-02,
CU005520,CL001773,Titular principal,1,2024-04-08,
CU005521,CL001722,Titular principal,1,2024-08-25,
CU005522,CL003003,Titular principal,1,2020-02-01,
CU005523,CL001434,Titular principal,1,2024-03-03,
CU005524,CL000971,Titular principal,1,2020-12-15,
CU005525,CL002258,Titular principal,1,2023-02-25,
CU005526,CL000028,Titular principal,1,2023-03-11,
CU005527,CL001462,Titular principal,1,2020-02-16,
CU005528,CL001426,Titular principal,1,2025-06-07,
CU005529,CL004330,Titular principal,1,2021-06-07,
CU005530,CL001025,Titular principal,1,2021-11-26,
CU005531,CL000539,Titular principal,0.6,2024-06-27,
CU005531,CL002180,Cotitular,0.4,2024-06-27,
CU005532,CL003189,Titular principal,1,2019-06-22,
CU005533,CL002016,Titular principal,1,2023-07-24,
CU005534,CL000067,Titular principal,1,2024-07-13,
CU005535,CL003412,Titular principal,1,2024-03-08,
CU005536,CL004339,Titular principal,1,2024-10-25,
CU005537,CL002899,Titular principal,1,2022-04-06,
CU005538,CL004050,Titular principal,1,2022-08-28,
CU005539,CL000857,Titular principal,1,2025-11-02,
CU005540,CL004168,Titular principal,1,2025-03-17,
CU005541,CL000688,Titular principal,1,2025-09-13,
CU005542,CL002494,Titular principal,1,2025-10-16,
CU005543,CL000099,Titular principal,1,2023-01-27,
CU005544,CL002945,Titular principal,1,2025-02-10,
CU005545,CL002345,Titular principal,1,2022-09-30,
CU005546,CL003246,Titular principal,1,2025-08-08,
CU005547,CL002465,Titular principal,1,2020-05-05,
CU005548,CL003692,Titular principal,1,2023-08-02,
CU005549,CL002723,Titular principal,1,2023-12-20,
CU005550,CL002615,Titular principal,1,2024-01-01,
CU005551,CL003793,Titular principal,1,2019-10-26,
CU005552,CL000187,Titular principal,1,2023-12-22,
CU005553,CL000513,Titular principal,1,2025-05-16,
CU005554,CL002205,Titular principal,0.6,2024-05-13,
CU005554,CL003578,Cotitular,0.4,2024-05-13,
CU005555,CL003460,Titular principal,1,2022-12-10,
CU005556,CL002424,Titular principal,1,2021-11-07,
CU005557,CL001361,Titular principal,0.6,2023-04-18,
CU005557,CL003545,Cotitular,0.4,2023-04-18,
CU005558,CL003972,Titular principal,1,2020-05-10,
CU005559,CL000819,Titular principal,1,2022-07-18,
CU005560,CL002554,Titular principal,1,2025-06-03,
CU005561,CL003153,Titular principal,1,2023-11-13,
CU005562,CL004408,Titular principal,1,2020-07-18,
CU005563,CL004471,Titular principal,1,2025-10-29,
CU005564,CL002248,Titular principal,0.6,2024-12-24,
CU005564,CL001541,Cotitular,0.4,2024-12-24,
CU005565,CL003019,Titular principal,1,2023-11-05,
CU005566,CL000957,Titular principal,1,2023-12-04,
CU005567,CL001419,Titular principal,1,2023-06-22,
CU005568,CL003529,Titular principal,1,2021-01-29,
CU005569,CL001214,Titular principal,1,2021-09-08,
CU005570,CL000190,Titular principal,0.6,2019-02-20,
CU005570,CL000120,Cotitular,0.4,2019-02-20,
CU005571,CL000879,Titular principal,1,2024-02-15,
CU005572,CL001002,Titular principal,1,2025-11-19,
CU005573,CL003025,Titular principal,1,2024-12-26,
CU005574,CL001963,Titular principal,1,2022-08-17,
CU005575,CL003796,Titular principal,1,2025-11-29,
CU005576,CL003863,Titular principal,1,2020-09-19,
CU005577,CL003365,Titular principal,1,2023-11-20,
CU005578,CL001023,Titular principal,1,2025-02-07,
CU005579,CL002001,Titular principal,1,2024-02-16,
CU005580,CL000602,Titular principal,1,2021-11-02,
CU005581,CL000921,Titular principal,1,2020-06-25,
CU005582,CL001725,Titular principal,1,2024-04-25,
CU005583,CL000664,Titular principal,0.6,2024-04-20,
CU005583,CL002723,Cotitular,0.4,2024-04-20,
CU005584,CL003155,Titular principal,1,2025-04-04,
CU005585,CL003873,Titular principal,1,2021-07-20,
CU005586,CL001942,Titular principal,1,2025-01-19,
CU005587,CL000496,Titular principal,1,2020-01-02,
CU005588,CL003138,Titular principal,1,2025-05-20,
CU005589,CL003109,Titular principal,1,2022-09-08,
CU005590,CL000525,Titular principal,1,2020-07-26,
CU005591,CL004147,Titular principal,1,2020-11-21,
CU005592,CL001153,Titular principal,1,2024-02-07,
CU005593,CL003587,Titular principal,1,2020-06-04,
CU005594,CL004308,Titular principal,1,2019-07-14,
CU005595,CL000332,Titular principal,1,2023-09-23,
CU005596,CL002072,Titular principal,1,2025-04-03,
CU005597,CL003362,Titular principal,1,2022-08-05,
CU005598,CL003502,Titular principal,1,2020-10-24,
CU005599,CL000857,Titular principal,1,2024-02-18,
CU005600,CL000927,Titular principal,1,2022-10-14,
CU005601,CL003091,Titular principal,1,2023-09-13,
CU005602,CL002513,Titular principal,1,2020-07-01,
CU005603,CL001294,Titular principal,1,2025-10-28,
CU005604,CL001249,Titular principal,1,2021-11-15,
CU005605,CL000632,Titular principal,1,2022-11-30,
CU005606,CL002202,Titular principal,1,2021-10-04,
CU005607,CL000070,Titular principal,1,2024-03-14,
CU005608,CL003355,Titular principal,1,2021-02-09,
CU005609,CL000707,Titular principal,1,2025-10-30,
CU005610,CL001826,Titular principal,1,2025-08-09,
CU005611,CL002109,Titular principal,1,2021-08-17,
CU005612,CL002199,Titular principal,1,2019-06-22,
CU005613,CL002529,Titular principal,1,2022-09-08,
CU005614,CL002841,Titular principal,1,2024-12-18,
CU005615,CL000810,Titular principal,1,2024-04-28,
CU005616,CL003869,Titular principal,1,2024-04-15,
CU005617,CL003100,Titular principal,1,2020-04-05,
CU005618,CL002790,Titular principal,1,2024-07-08,
CU005619,CL003268,Titular principal,1,2025-09-15,
CU005620,CL002366,Titular principal,1,2021-09-13,
CU005621,CL002423,Titular principal,1,2024-04-09,
CU005622,CL003747,Titular principal,1,2025-02-06,
CU005623,CL003445,Titular principal,1,2020-04-24,
CU005624,CL002623,Titular principal,1,2024-02-23,
CU005625,CL003775,Titular principal,1,2023-12-30,
CU005626,CL002972,Titular principal,1,2021-02-08,
CU005627,CL000260,Titular principal,1,2023-09-29,
CU005628,CL000453,Titular principal,1,2023-09-14,
CU005629,CL003406,Titular principal,1,2025-04-10,
CU005630,CL000814,Titular principal,1,2021-05-23,
CU005631,CL002536,Titular principal,1,2024-06-01,
CU005632,CL000720,Titular principal,1,2025-07-16,
CU005633,CL002686,Titular principal,1,2024-08-24,
CU005634,CL001749,Titular principal,1,2023-07-09,
CU005635,CL000941,Titular principal,1,2023-01-02,
CU005636,CL003144,Titular principal,1,2023-04-27,
CU005637,CL002615,Titular principal,1,2023-07-11,
CU005638,CL001336,Titular principal,1,2024-01-26,
CU005639,CL002800,Titular principal,1,2022-10-06,
CU005640,CL000984,Titular principal,1,2023-04-28,
CU005641,CL001934,Titular principal,1,2020-07-06,
CU005642,CL001890,Titular principal,1,2025-07-02,
CU005643,CL003976,Titular principal,1,2021-05-06,
CU005644,CL003946,Titular principal,1,2022-10-21,
CU005645,CL002053,Titular principal,1,2021-07-09,
CU005646,CL000874,Titular principal,1,2023-06-29,
CU005647,CL000941,Titular principal,1,2022-05-26,
CU005648,CL003276,Titular principal,1,2024-02-27,
CU005649,CL000114,Titular principal,1,2021-10-05,
CU005650,CL003291,Titular principal,1,2024-03-08,
CU005651,CL004304,Titular principal,0.6,2023-11-06,
CU005651,CL001923,Cotitular,0.4,2023-11-06,
CU005652,CL001480,Titular principal,1,2021-05-28,
CU005653,CL002208,Titular principal,1,2023-03-03,
CU005654,CL004293,Titular principal,1,2022-09-13,
CU005655,CL002735,Titular principal,1,2024-07-08,
CU005656,CL002781,Titular principal,1,2022-01-06,
CU005657,CL003121,Titular principal,1,2023-01-05,
CU005658,CL000076,Titular principal,1,2025-02-09,
CU005659,CL002905,Titular principal,1,2021-01-23,
CU005660,CL000067,Titular principal,1,2024-07-30,
CU005661,CL004105,Titular principal,1,2020-02-05,
CU005662,CL002998,Titular principal,0.6,2021-04-16,
CU005662,CL003793,Cotitular,0.4,2021-04-16,
CU005663,CL004108,Titular principal,1,2019-08-06,
CU005664,CL004307,Titular principal,1,2025-04-17,
CU005665,CL001032,Titular principal,1,2025-03-16,
CU005666,CL001238,Titular principal,1,2024-02-25,
CU005667,CL004443,Titular principal,1,2023-11-30,
CU005668,CL000089,Titular principal,1,2025-01-16,
CU005669,CL004234,Titular principal,1,2024-11-03,
CU005670,CL001544,Titular principal,1,2025-05-26,
CU005671,CL003070,Titular principal,1,2025-09-05,
CU005672,CL004099,Titular principal,0.6,2023-05-18,
CU005672,CL003757,Cotitular,0.4,2023-05-18,
CU005673,CL004077,Titular principal,1,2020-09-25,
CU005674,CL003930,Titular principal,1,2022-07-05,
CU005675,CL000328,Titular principal,1,2020-06-04,
CU005676,CL000575,Titular principal,1,2022-12-30,
CU005677,CL002925,Titular principal,1,2020-11-22,
CU005678,CL000658,Titular principal,1,2020-05-21,
CU005679,CL001251,Titular principal,1,2021-11-02,
CU005680,CL002953,Titular principal,1,2024-09-03,
CU005681,CL004286,Titular principal,1,2023-04-02,
CU005682,CL002887,Titular principal,0.6,2023-03-31,
CU005682,CL001458,Cotitular,0.4,2023-03-31,
CU005683,CL004463,Titular principal,0.6,2022-12-22,
CU005683,CL002786,Cotitular,0.4,2022-12-22,
CU005684,CL001423,Titular principal,1,2025-05-23,
CU005685,CL003187,Titular principal,1,2025-05-08,
CU005686,CL002311,Titular principal,1,2024-07-28,
CU005687,CL003835,Titular principal,1,2024-06-21,
CU005688,CL001256,Titular principal,1,2022-03-20,
CU005689,CL002460,Titular principal,1,2024-01-24,
CU005690,CL001592,Titular principal,1,2021-12-01,
CU005691,CL001339,Titular principal,1,2021-03-20,
CU005692,CL000435,Titular principal,1,2025-02-17,
CU005693,CL000676,Titular principal,1,2023-12-20,
CU005694,CL002236,Titular principal,1,2019-10-23,
CU005695,CL000055,Titular principal,1,2025-08-06,
CU005696,CL002408,Titular principal,1,2022-09-05,
CU005697,CL003020,Titular principal,1,2024-09-27,
CU005698,CL000126,Titular principal,1,2021-11-27,
CU005699,CL003282,Titular principal,1,2020-09-06,
CU005700,CL002881,Titular principal,1,2024-06-14,
CU005701,CL002829,Titular principal,1,2024-08-06,
CU005702,CL001503,Titular principal,1,2024-05-29,
CU005703,CL002622,Titular principal,1,2023-03-06,
CU005704,CL003503,Titular principal,1,2022-11-19,
CU005705,CL002494,Titular principal,1,2022-12-29,
CU005706,CL000896,Titular principal,1,2024-07-16,
CU005707,CL000525,Titular principal,1,2024-11-15,
CU005708,CL002804,Titular principal,1,2022-07-11,
CU005709,CL001248,Titular principal,1,2021-06-08,
CU005710,CL002342,Titular principal,1,2020-06-06,
CU005711,CL000674,Titular principal,1,2022-01-22,
CU005712,CL001087,Titular principal,1,2022-04-09,
CU005713,CL003662,Titular principal,1,2024-12-21,
CU005714,CL002825,Titular principal,1,2023-10-29,
CU005715,CL003631,Titular principal,1,2024-08-14,
CU005716,CL000003,Titular principal,0.6,2021-08-31,
CU005716,CL000871,Cotitular,0.4,2021-08-31,
CU005717,CL002961,Titular principal,1,2024-04-12,
CU005718,CL000070,Titular principal,1,2019-11-11,
CU005719,CL004500,Titular principal,1,2024-06-08,
CU005720,CL003866,Titular principal,1,2022-11-12,
CU005721,CL002412,Titular principal,1,2022-04-18,
CU005722,CL003523,Titular principal,1,2025-04-24,
CU005723,CL000966,Titular principal,1,2019-07-22,
CU005724,CL001545,Titular principal,1,2024-02-12,
CU005725,CL001067,Titular principal,1,2022-11-20,
CU005726,CL004204,Titular principal,1,2024-06-10,
CU005727,CL001195,Titular principal,1,2025-01-04,
CU005728,CL003487,Titular principal,1,2024-12-06,
CU005729,CL003474,Titular principal,1,2022-05-09,
CU005730,CL000217,Titular principal,1,2022-08-08,
CU005731,CL000648,Titular principal,1,2024-10-07,
CU005732,CL003950,Titular principal,1,2022-07-27,
CU005733,CL001574,Titular principal,1,2019-02-20,
CU005734,CL002521,Titular principal,0.6,2024-03-31,
CU005734,CL004187,Cotitular,0.4,2024-03-31,
CU005735,CL002879,Titular principal,1,2022-09-11,
CU005736,CL000614,Titular principal,1,2025-02-21,
CU005737,CL000515,Titular principal,1,2022-09-06,
CU005738,CL004139,Titular principal,0.6,2022-11-10,
CU005738,CL000541,Cotitular,0.4,2022-11-10,
CU005739,CL003922,Titular principal,1,2023-10-03,
CU005740,CL004231,Titular principal,1,2020-11-12,
CU005741,CL001065,Titular principal,0.6,2020-04-07,
CU005741,CL003589,Cotitular,0.4,2020-04-07,
CU005742,CL002784,Titular principal,1,2024-12-31,
CU005743,CL004105,Titular principal,0.6,2022-07-24,
CU005743,CL003857,Cotitular,0.4,2022-07-24,
CU005744,CL003555,Titular principal,1,2024-12-12,
CU005745,CL000721,Titular principal,1,2019-08-01,
CU005746,CL004284,Titular principal,1,2024-02-08,
CU005747,CL002246,Titular principal,1,2022-05-04,
CU005748,CL000232,Titular principal,1,2024-11-09,
CU005749,CL000572,Titular principal,1,2024-03-01,
CU005750,CL002609,Titular principal,1,2023-01-25,
CU005751,CL003622,Titular principal,1,2022-11-02,
CU005752,CL000313,Titular principal,1,2023-03-19,
CU005753,CL000482,Titular principal,1,2025-03-04,
CU005754,CL001027,Titular principal,1,2024-04-27,
CU005755,CL004019,Titular principal,0.6,2021-06-08,
CU005755,CL003793,Cotitular,0.4,2021-06-08,
CU005756,CL001684,Titular principal,1,2023-07-19,
CU005757,CL002816,Titular principal,1,2024-11-11,
CU005758,CL003429,Titular principal,1,2025-08-02,
CU005759,CL000341,Titular principal,1,2025-05-01,
CU005760,CL002760,Titular principal,1,2022-04-15,
CU005761,CL002256,Titular principal,1,2021-03-01,
CU005762,CL000755,Titular principal,1,2021-03-08,
CU005763,CL002473,Titular principal,1,2021-09-11,
CU005764,CL004326,Titular principal,1,2024-11-16,
CU005765,CL001645,Titular principal,1,2023-08-12,
CU005766,CL000597,Titular principal,1,2020-04-20,
CU005767,CL002813,Titular principal,1,2025-09-21,
CU005768,CL001778,Titular principal,1,2025-03-21,
CU005769,CL000942,Titular principal,1,2019-04-04,
CU005770,CL000311,Titular principal,1,2019-07-15,
CU005771,CL003132,Titular principal,1,2022-03-14,
CU005772,CL002213,Titular principal,1,2023-09-11,
CU005773,CL003838,Titular principal,1,2023-05-09,
CU005774,CL003780,Titular principal,1,2024-10-07,
CU005775,CL003297,Titular principal,0.6,2021-07-06,
CU005775,CL001011,Cotitular,0.4,2021-07-06,
CU005776,CL002549,Titular principal,1,2024-10-05,
CU005777,CL002289,Titular principal,1,2022-10-29,
CU005778,CL001916,Titular principal,1,2021-09-22,
CU005779,CL002920,Titular principal,1,2024-03-08,
CU005780,CL004454,Titular principal,1,2024-10-24,
CU005781,CL002359,Titular principal,0.6,2021-07-31,
CU005781,CL003045,Cotitular,0.4,2021-07-31,
CU005782,CL002933,Titular principal,0.6,2023-11-26,
CU005782,CL000616,Cotitular,0.4,2023-11-26,
CU005783,CL000397,Titular principal,1,2021-08-21,
CU005784,CL000190,Titular principal,1,2019-05-26,
CU005785,CL003167,Titular principal,1,2020-07-31,
CU005786,CL001307,Titular principal,0.6,2020-12-13,
CU005786,CL000972,Cotitular,0.4,2020-12-13,
CU005787,CL003409,Titular principal,1,2023-02-15,
CU005788,CL002837,Titular principal,1,2023-10-29,
CU005789,CL004471,Titular principal,1,2023-03-02,
CU005790,CL004107,Titular principal,1,2022-09-18,
CU005791,CL004477,Titular principal,1,2024-03-30,
CU005792,CL002990,Titular principal,1,2023-04-08,
CU005793,CL000860,Titular principal,1,2023-05-24,
CU005794,CL001342,Titular principal,0.6,2025-09-02,
CU005794,CL003443,Cotitular,0.4,2025-09-02,
CU005795,CL000169,Titular principal,1,2019-06-14,
CU005796,CL003430,Titular principal,1,2023-07-23,
CU005797,CL000445,Titular principal,0.6,2022-04-25,
CU005797,CL000090,Cotitular,0.4,2022-04-25,
CU005798,CL003367,Titular principal,1,2025-11-12,
CU005799,CL004433,Titular principal,1,2020-03-04,
CU005800,CL001255,Titular principal,1,2023-05-11,
CU005801,CL001434,Titular principal,1,2020-10-12,
CU005802,CL003911,Titular principal,1,2025-11-02,
CU005803,CL002228,Titular principal,1,2022-11-27,
CU005804,CL000003,Titular principal,0.6,2022-01-07,
CU005804,CL000320,Cotitular,0.4,2022-01-07,
CU005805,CL001111,Titular principal,1,2021-10-10,
CU005806,CL001432,Titular principal,1,2024-10-20,
CU005807,CL000410,Titular principal,1,2024-10-18,
CU005808,CL001013,Titular principal,1,2018-12-23,
CU005809,CL002771,Titular principal,1,2024-10-23,
CU005810,CL000637,Titular principal,1,2024-04-09,
CU005811,CL000511,Titular principal,1,2023-09-30,
CU005812,CL003053,Titular principal,1,2022-09-02,
CU005813,CL001766,Titular principal,1,2021-06-06,
CU005814,CL003448,Titular principal,1,2024-03-07,
CU005815,CL003866,Titular principal,1,2020-07-28,
CU005816,CL002526,Titular principal,1,2021-06-07,
CU005817,CL001557,Titular principal,1,2022-05-29,
CU005818,CL004414,Titular principal,1,2024-04-10,
CU005819,CL002747,Titular principal,1,2024-08-15,
CU005820,CL004246,Titular principal,1,2023-01-01,
CU005821,CL000810,Titular principal,1,2021-06-24,
CU005822,CL002223,Titular principal,1,2022-04-04,
CU005823,CL003534,Titular principal,1,2022-09-10,
CU005824,CL002798,Titular principal,1,2023-02-06,
CU005825,CL003536,Titular principal,1,2023-08-08,
CU005826,CL000365,Titular principal,1,2023-09-12,
CU005827,CL003990,Titular principal,1,2024-09-07,
CU005828,CL002382,Titular principal,1,2021-04-01,
CU005829,CL002524,Titular principal,1,2024-10-27,
CU005830,CL000028,Titular principal,1,2023-01-08,
CU005831,CL003301,Titular principal,1,2025-04-18,
CU005832,CL003829,Titular principal,1,2022-05-17,
CU005833,CL002568,Titular principal,1,2020-08-28,
CU005834,CL004043,Titular principal,1,2024-10-08,
CU005835,CL002267,Titular principal,1,2024-04-23,
CU005836,CL001143,Titular principal,1,2025-07-12,
CU005837,CL000398,Titular principal,1,2022-07-28,
CU005838,CL002868,Titular principal,1,2020-05-19,
CU005839,CL001404,Titular principal,1,2025-08-21,
CU005840,CL003766,Titular principal,1,2019-01-02,
CU005841,CL001340,Titular principal,1,2022-12-31,
CU005842,CL002945,Titular principal,1,2024-07-28,
CU005843,CL000671,Titular principal,1,2022-03-06,
CU005844,CL002061,Titular principal,1,2022-04-16,
CU005845,CL001582,Titular principal,1,2025-05-12,
CU005846,CL000724,Titular principal,1,2021-04-20,
CU005847,CL001526,Titular principal,1,2020-10-30,
CU005848,CL001529,Titular principal,0.6,2023-08-09,
CU005848,CL002870,Cotitular,0.4,2023-08-09,
CU005849,CL003830,Titular principal,0.6,2020-08-13,
CU005849,CL002216,Cotitular,0.4,2020-08-13,
CU005850,CL003703,Titular principal,1,2019-08-22,
CU005851,CL002922,Titular principal,0.6,2024-10-28,
CU005851,CL003328,Cotitular,0.4,2024-10-28,
CU005852,CL000713,Titular principal,1,2022-06-25,
CU005853,CL002961,Titular principal,1,2025-04-02,
CU005854,CL001508,Titular principal,1,2020-05-01,
CU005855,CL002342,Titular principal,1,2023-10-04,
CU005856,CL003441,Titular principal,1,2024-10-28,
CU005857,CL001133,Titular principal,1,2025-10-28,
CU005858,CL003353,Titular principal,1,2020-04-18,
CU005859,CL000268,Titular principal,1,2025-06-05,
CU005860,CL003040,Titular principal,1,2023-02-08,
CU005861,CL001324,Titular principal,1,2020-12-11,
CU005862,CL002742,Titular principal,1,2023-08-26,
CU005863,CL003272,Titular principal,0.6,2021-08-18,
CU005863,CL003058,Cotitular,0.4,2021-08-18,
CU005864,CL003060,Titular principal,1,2022-12-16,
CU005865,CL002238,Titular principal,1,2023-04-21,
CU005866,CL004369,Titular principal,1,2023-08-07,
CU005867,CL003716,Titular principal,1,2025-02-13,
CU005868,CL003769,Titular principal,1,2025-01-13,
CU005869,CL002458,Titular principal,1,2021-02-04,
CU005870,CL002971,Titular principal,1,2022-02-04,
CU005871,CL000096,Titular principal,1,2023-07-07,
CU005872,CL003011,Titular principal,1,2023-08-11,
CU005873,CL003317,Titular principal,1,2021-11-17,
CU005874,CL003718,Titular principal,1,2021-06-04,
CU005875,CL001427,Titular principal,1,2021-05-31,
CU005876,CL002728,Titular principal,1,2025-10-28,
CU005877,CL002172,Titular principal,1,2019-11-29,
CU005878,CL002103,Titular principal,1,2019-06-19,
CU005879,CL002098,Titular principal,1,2020-07-05,
CU005880,CL004089,Titular principal,1,2023-03-14,
CU005881,CL004271,Titular principal,1,2025-08-29,
CU005882,CL002673,Titular principal,1,2021-09-27,
CU005883,CL002555,Titular principal,1,2024-01-10,
CU005884,CL003611,Titular principal,1,2023-01-03,
CU005885,CL003040,Titular principal,1,2025-04-14,
CU005886,CL003951,Titular principal,0.6,2024-04-10,
CU005886,CL000927,Cotitular,0.4,2024-04-10,
CU005887,CL002577,Titular principal,1,2020-03-20,
CU005888,CL002530,Titular principal,1,2020-08-29,
CU005889,CL003169,Titular principal,1,2022-02-08,
CU005890,CL004445,Titular principal,1,2021-01-02,
CU005891,CL002343,Titular principal,1,2021-03-08,
CU005892,CL003484,Titular principal,1,2025-08-25,
CU005893,CL003342,Titular principal,1,2023-12-05,
CU005894,CL000800,Titular principal,1,2023-03-28,
CU005895,CL004121,Titular principal,1,2021-10-18,
CU005896,CL001109,Titular principal,1,2023-10-19,
CU005897,CL000280,Titular principal,1,2023-07-12,
CU005898,CL003607,Titular principal,1,2023-06-09,
CU005899,CL003897,Titular principal,1,2022-06-21,
CU005900,CL004344,Titular principal,1,2023-08-01,
CU005901,CL003654,Titular principal,0.6,2024-11-22,
CU005901,CL002445,Cotitular,0.4,2024-11-22,
CU005902,CL001476,Titular principal,1,2023-06-17,
CU005903,CL000337,Titular principal,0.6,2020-11-03,
CU005903,CL002053,Cotitular,0.4,2020-11-03,
CU005904,CL001913,Titular principal,1,2025-10-13,
CU005905,CL001508,Titular principal,1,2022-04-23,
CU005906,CL003274,Titular principal,1,2019-04-28,
CU005907,CL004363,Titular principal,1,2024-07-12,
CU005908,CL002442,Titular principal,1,2025-05-30,
CU005909,CL000575,Titular principal,1,2023-09-29,
CU005910,CL000597,Titular principal,1,2024-08-07,
CU005911,CL001750,Titular principal,1,2018-12-22,
CU005912,CL003272,Titular principal,1,2023-09-05,
CU005913,CL002396,Titular principal,1,2019-06-20,
CU005914,CL002269,Titular principal,1,2020-02-05,
CU005915,CL003359,Titular principal,1,2021-09-04,
CU005916,CL001563,Titular principal,1,2025-04-16,
CU005917,CL002437,Titular principal,1,2023-08-14,
CU005918,CL000938,Titular principal,0.6,2021-01-11,
CU005918,CL001045,Cotitular,0.4,2021-01-11,
CU005919,CL000449,Titular principal,1,2021-02-14,
CU005920,CL002633,Titular principal,1,2023-08-11,
CU005921,CL002863,Titular principal,1,2023-02-25,
CU005922,CL002133,Titular principal,1,2023-02-16,
CU005923,CL000861,Titular principal,1,2018-11-30,
CU005924,CL003343,Titular principal,1,2021-05-13,
CU005925,CL001651,Titular principal,1,2021-08-12,
CU005926,CL003961,Titular principal,1,2024-03-05,
CU005927,CL003996,Titular principal,1,2021-02-16,
CU005928,CL000581,Titular principal,1,2025-09-30,
CU005929,CL002902,Titular principal,1,2024-02-13,
CU005930,CL001066,Titular principal,1,2022-11-27,
CU005931,CL001909,Titular principal,1,2024-07-21,
CU005932,CL002434,Titular principal,1,2021-07-08,
CU005933,CL003196,Titular principal,1,2024-10-20,
CU005934,CL004273,Titular principal,1,2021-11-08,
CU005935,CL000816,Titular principal,0.6,2023-03-23,
CU005935,CL002042,Cotitular,0.4,2023-03-23,
CU005936,CL001886,Titular principal,1,2022-11-18,
CU005937,CL000836,Titular principal,1,2019-12-02,
CU005938,CL004014,Titular principal,1,2025-08-12,
CU005939,CL003296,Titular principal,0.6,2022-10-27,
CU005939,CL001605,Cotitular,0.4,2022-10-27,
CU005940,CL003580,Titular principal,1,2020-09-21,
CU005941,CL001850,Titular principal,1,2021-09-21,
CU005942,CL001623,Titular principal,1,2019-03-20,
CU005943,CL000259,Titular principal,1,2019-05-07,
CU005944,CL003346,Titular principal,1,2022-09-26,
CU005945,CL003227,Titular principal,1,2024-01-22,
CU005946,CL000192,Titular principal,1,2020-04-08,
CU005947,CL002226,Titular principal,0.6,2019-06-20,
CU005947,CL002712,Cotitular,0.4,2019-06-20,
CU005948,CL002242,Titular principal,1,2023-01-19,
CU005949,CL003396,Titular principal,1,2023-07-10,
CU005950,CL002352,Titular principal,1,2020-09-20,
CU005951,CL000338,Titular principal,1,2023-09-30,
CU005952,CL000379,Titular principal,1,2020-12-17,
CU005953,CL002034,Titular principal,1,2023-04-23,
CU005954,CL004141,Titular principal,1,2024-12-11,
CU005955,CL004479,Titular principal,1,2023-07-29,
CU005956,CL003354,Titular principal,1,2025-01-16,
CU005957,CL002972,Titular principal,1,2024-09-01,
CU005958,CL002550,Titular principal,1,2024-11-25,
CU005959,CL001604,Titular principal,1,2022-10-31,
CU005960,CL001732,Titular principal,1,2025-02-15,
CU005961,CL001236,Titular principal,1,2021-08-15,
CU005962,CL002338,Titular principal,1,2024-11-15,
CU005963,CL002242,Titular principal,1,2023-10-03,
CU005964,CL004221,Titular principal,1,2024-01-26,
CU005965,CL002765,Titular principal,1,2025-04-22,
CU005966,CL003818,Titular principal,0.6,2025-05-05,
CU005966,CL003755,Cotitular,0.4,2025-05-05,
CU005967,CL002936,Titular principal,1,2022-03-01,
CU005968,CL000838,Titular principal,1,2021-02-02,
CU005969,CL000255,Titular principal,1,2025-03-09,
CU005970,CL003504,Titular principal,1,2024-12-25,
CU005971,CL000843,Titular principal,0.6,2023-09-12,
CU005971,CL004214,Cotitular,0.4,2023-09-12,
CU005972,CL003324,Titular principal,1,2022-07-14,
CU005973,CL000967,Titular principal,1,2024-03-29,
CU005974,CL001597,Titular principal,1,2025-06-15,
CU005975,CL000730,Titular principal,1,2022-12-29,
CU005976,CL000390,Titular principal,1,2020-03-14,
CU005977,CL004008,Titular principal,1,2024-04-20,
CU005978,CL002387,Titular principal,1,2025-10-31,
CU005979,CL002380,Titular principal,1,2023-06-18,
CU005980,CL000516,Titular principal,1,2025-08-14,
CU005981,CL002591,Titular principal,1,2023-08-21,
CU005982,CL001825,Titular principal,1,2025-03-14,
CU005983,CL004268,Titular principal,1,2023-02-11,
CU005984,CL003702,Titular principal,1,2020-02-29,
CU005985,CL001582,Titular principal,1,2024-11-29,
CU005986,CL003273,Titular principal,1,2022-02-19,
CU005987,CL003201,Titular principal,1,2022-04-08,
CU005988,CL000101,Titular principal,1,2022-09-25,
CU005989,CL000453,Titular principal,1,2023-03-02,
CU005990,CL002721,Titular principal,1,2024-10-22,
CU005991,CL003956,Titular principal,1,2024-02-04,
CU005992,CL003244,Titular principal,1,2023-08-13,
CU005993,CL001482,Titular principal,0.6,2023-02-17,
CU005993,CL001154,Cotitular,0.4,2023-02-17,
CU005994,CL002243,Titular principal,1,2023-01-01,
CU005995,CL001160,Titular principal,1,2025-05-13,
CU005996,CL000774,Titular principal,1,2025-06-04,
CU005997,CL003270,Titular principal,1,2023-10-26,
CU005998,CL002225,Titular principal,1,2021-07-10,
CU005999,CL004406,Titular principal,1,2019-02-09,
CU006000,CL002023,Titular principal,1,2024-06-24,
CU006001,CL002186,Titular principal,1,2023-06-28,
CU006002,CL002833,Titular principal,1,2023-07-21,
CU006003,CL002559,Titular principal,1,2022-11-07,
CU006004,CL000413,Titular principal,1,2023-10-14,
CU006005,CL002649,Titular principal,1,2023-08-07,
CU006006,CL004313,Titular principal,1,2022-06-20,
CU006007,CL003230,Titular principal,1,2024-04-10,
CU006008,CL000306,Titular principal,1,2025-09-07,
CU006009,CL004116,Titular principal,1,2022-10-15,
CU006010,CL001052,Titular principal,1,2023-11-06,
CU006011,CL003705,Titular principal,1,2024-03-23,
CU006012,CL002437,Titular principal,1,2021-01-15,
CU006013,CL003660,Titular principal,1,2021-12-26,
CU006014,CL000454,Titular principal,1,2024-05-05,
CU006015,CL003900,Titular principal,1,2021-03-28,
CU006016,CL003511,Titular principal,1,2025-09-05,
CU006017,CL000345,Titular principal,1,2025-04-23,
CU006018,CL002152,Titular principal,1,2024-09-17,
CU006019,CL003409,Titular principal,1,2019-05-02,
CU006020,CL002968,Titular principal,1,2025-09-22,
CU006021,CL001634,Titular principal,1,2022-04-29,
CU006022,CL004365,Titular principal,1,2024-10-11,
CU006023,CL000524,Titular principal,1,2022-11-15,
CU006024,CL003966,Titular principal,1,2019-07-29,
CU006025,CL000552,Titular principal,1,2019-12-19,
CU006026,CL004114,Titular principal,1,2021-02-18,
CU006027,CL003668,Titular principal,1,2024-01-30,
CU006028,CL000976,Titular principal,1,2024-01-07,
CU006029,CL004205,Titular principal,1,2025-11-12,
CU006030,CL003312,Titular principal,1,2022-11-15,
CU006031,CL001483,Titular principal,1,2022-09-06,
CU006032,CL004270,Titular principal,1,2025-04-27,
CU006033,CL001471,Titular principal,1,2024-08-16,
CU006034,CL002496,Titular principal,1,2022-05-30,
CU006035,CL002611,Titular principal,1,2023-07-13,
CU006036,CL004313,Titular principal,1,2024-06-06,
CU006037,CL001546,Titular principal,1,2023-04-23,
CU006038,CL003297,Titular principal,1,2019-09-14,
CU006039,CL002537,Titular principal,1,2025-06-14,
CU006040,CL002281,Titular principal,1,2021-07-21,
CU006041,CL002371,Titular principal,1,2023-10-21,
CU006042,CL001982,Titular principal,1,2024-08-16,
CU006043,CL000233,Titular principal,0.6,2025-03-31,
CU006043,CL003448,Cotitular,0.4,2025-03-31,
CU006044,CL003896,Titular principal,1,2021-06-23,
CU006045,CL000420,Titular principal,1,2022-12-19,
CU006046,CL000983,Titular principal,1,2019-11-25,
CU006047,CL004381,Titular principal,1,2019-08-28,
CU006048,CL004266,Titular principal,1,2024-05-05,
CU006049,CL001010,Titular principal,1,2023-04-01,
CU006050,CL001075,Titular principal,1,2024-02-01,
CU006051,CL003670,Titular principal,0.6,2023-11-18,
CU006051,CL004271,Cotitular,0.4,2023-11-18,
CU006052,CL002412,Titular principal,1,2023-06-10,
CU006053,CL002356,Titular principal,1,2024-06-23,
CU006054,CL003775,Titular principal,0.6,2024-10-23,
CU006054,CL004230,Cotitular,0.4,2024-10-23,
CU006055,CL001499,Titular principal,1,2021-11-28,
CU006056,CL002430,Titular principal,1,2019-04-30,
CU006057,CL001867,Titular principal,1,2025-07-17,
CU006058,CL004237,Titular principal,1,2019-08-03,
CU006059,CL000608,Titular principal,1,2019-10-19,
CU006060,CL000892,Titular principal,1,2021-12-03,
CU006061,CL000908,Titular principal,1,2023-08-06,
CU006062,CL001981,Titular principal,1,2019-12-19,
CU006063,CL000595,Titular principal,1,2022-08-01,
CU006064,CL004268,Titular principal,1,2025-11-11,
CU006065,CL003073,Titular principal,1,2023-05-16,
CU006066,CL003591,Titular principal,1,2025-05-13,
CU006067,CL000536,Titular principal,1,2021-07-06,
CU006068,CL000579,Titular principal,1,2022-02-22,
CU006069,CL000142,Titular principal,1,2024-07-29,
CU006070,CL000847,Titular principal,1,2022-12-06,
CU006071,CL000857,Titular principal,1,2022-10-10,
CU006072,CL001629,Titular principal,1,2021-12-11,
CU006073,CL003102,Titular principal,1,2024-03-01,
CU006074,CL001551,Titular principal,1,2025-03-26,
CU006075,CL000417,Titular principal,1,2022-08-03,
CU006076,CL000465,Titular principal,1,2021-06-29,
CU006077,CL004496,Titular principal,1,2022-01-24,
CU006078,CL000361,Titular principal,1,2023-04-19,
CU006079,CL001819,Titular principal,1,2025-11-12,
CU006080,CL001000,Titular principal,1,2025-01-06,
CU006081,CL004033,Titular principal,1,2019-05-30,
CU006082,CL003224,Titular principal,1,2020-11-28,
CU006083,CL004107,Titular principal,1,2024-09-24,
CU006084,CL004267,Titular principal,1,2021-01-21,
CU006085,CL001117,Titular principal,0.6,2020-03-18,
CU006085,CL003207,Cotitular,0.4,2020-03-18,
CU006086,CL004351,Titular principal,1,2022-08-25,
CU006087,CL004186,Titular principal,1,2022-10-27,
CU006088,CL004202,Titular principal,1,2024-09-12,
CU006089,CL004200,Titular principal,1,2025-06-29,
CU006090,CL000175,Titular principal,1,2020-01-21,
CU006091,CL004438,Titular principal,1,2021-11-03,
CU006092,CL001735,Titular principal,1,2025-08-03,
CU006093,CL000212,Titular principal,1,2025-04-17,
CU006094,CL001175,Titular principal,1,2025-10-27,
CU006095,CL001561,Titular principal,0.6,2025-03-15,
CU006095,CL003148,Cotitular,0.4,2025-03-15,
CU006096,CL002896,Titular principal,1,2023-04-13,
CU006097,CL000816,Titular principal,1,2021-09-16,
CU006098,CL003542,Titular principal,1,2025-06-13,
CU006099,CL001592,Titular principal,1,2023-02-12,
CU006100,CL001370,Titular principal,1,2022-04-30,
CU006101,CL001213,Titular principal,1,2024-06-16,
CU006102,CL000332,Titular principal,1,2023-06-30,
CU006103,CL000902,Titular principal,1,2024-04-06,
CU006104,CL001056,Titular principal,1,2021-09-30,
CU006105,CL003725,Titular principal,1,2022-05-29,
CU006106,CL000141,Titular principal,1,2022-06-23,
CU006107,CL002513,Titular principal,1,2023-10-04,
CU006108,CL001235,Titular principal,1,2021-12-15,
CU006109,CL003335,Titular principal,1,2025-08-10,
CU006110,CL000565,Titular principal,0.6,2024-06-20,
CU006110,CL000111,Cotitular,0.4,2024-06-20,
CU006111,CL001281,Titular principal,1,2024-05-12,
CU006112,CL001983,Titular principal,0.6,2024-09-11,
CU006112,CL004099,Cotitular,0.4,2024-09-11,
CU006113,CL001621,Titular principal,1,2025-05-13,
CU006114,CL004385,Titular principal,1,2022-10-22,
CU006115,CL002227,Titular principal,0.6,2021-03-16,
CU006115,CL002896,Cotitular,0.4,2021-03-16,
CU006116,CL000029,Titular principal,1,2020-12-17,
CU006117,CL004153,Titular principal,1,2022-09-23,
CU006118,CL000328,Titular principal,1,2020-10-23,
CU006119,CL000456,Titular principal,1,2022-01-20,
CU006120,CL004348,Titular principal,0.6,2022-08-05,
CU006120,CL002519,Cotitular,0.4,2022-08-05,
CU006121,CL003476,Titular principal,1,2022-01-18,
CU006122,CL002397,Titular principal,1,2025-03-01,
CU006123,CL000637,Titular principal,1,2023-03-15,
CU006124,CL001551,Titular principal,1,2025-05-28,
CU006125,CL000485,Titular principal,1,2021-01-03,
CU006126,CL002530,Titular principal,1,2025-11-18,
CU006127,CL002990,Titular principal,1,2021-12-10,
CU006128,CL001529,Titular principal,1,2021-11-26,
CU006129,CL004148,Titular principal,1,2024-06-29,
CU006130,CL000838,Titular principal,1,2020-03-06,
CU006131,CL002388,Titular principal,1,2019-04-04,
CU006132,CL001010,Titular principal,1,2023-04-15,
CU006133,CL004486,Titular principal,1,2024-09-11,
CU006134,CL001809,Titular principal,1,2022-06-22,
CU006135,CL001508,Titular principal,1,2023-03-07,
CU006136,CL002714,Titular principal,1,2020-09-08,
CU006137,CL000386,Titular principal,1,2025-05-21,
CU006138,CL003787,Titular principal,1,2020-02-08,
CU006139,CL002446,Titular principal,1,2023-03-22,
CU006140,CL002174,Titular principal,1,2024-03-12,
CU006141,CL003548,Titular principal,1,2025-09-30,
CU006142,CL002728,Titular principal,1,2019-04-01,
CU006143,CL000982,Titular principal,1,2023-06-04,
CU006144,CL004295,Titular principal,1,2022-07-27,
CU006145,CL002887,Titular principal,0.6,2020-11-06,
CU006145,CL004104,Cotitular,0.4,2020-11-06,
CU006146,CL001959,Titular principal,0.6,2020-02-02,
CU006146,CL002705,Cotitular,0.4,2020-02-02,
CU006147,CL000638,Titular principal,1,2023-06-26,
CU006148,CL002874,Titular principal,1,2020-09-25,
CU006149,CL003094,Titular principal,1,2023-03-22,
CU006150,CL003476,Titular principal,1,2023-03-24,
CU006151,CL000200,Titular principal,1,2022-04-15,
CU006152,CL002267,Titular principal,0.6,2025-10-05,
CU006152,CL000832,Cotitular,0.4,2025-10-05,
CU006153,CL001968,Titular principal,1,2023-09-17,
CU006154,CL002488,Titular principal,1,2023-01-11,
CU006155,CL004228,Titular principal,1,2024-02-10,
CU006156,CL004370,Titular principal,1,2024-08-15,
CU006157,CL001229,Titular principal,1,2023-07-15,
CU006158,CL003793,Titular principal,1,2021-03-10,
CU006159,CL000744,Titular principal,1,2024-03-20,
CU006160,CL001723,Titular principal,1,2020-07-23,
CU006161,CL004373,Titular principal,1,2020-05-21,
CU006162,CL004182,Titular principal,1,2024-09-27,
CU006163,CL002480,Titular principal,1,2021-01-02,
CU006164,CL001251,Titular principal,1,2024-03-16,
CU006165,CL004122,Titular principal,1,2021-10-01,
CU006166,CL000638,Titular principal,1,2024-02-20,
CU006167,CL002821,Titular principal,1,2022-02-19,
CU006168,CL002202,Titular principal,1,2025-01-08,
CU006169,CL000932,Titular principal,1,2021-10-07,
CU006170,CL002055,Titular principal,1,2024-12-07,
CU006171,CL001178,Titular principal,1,2021-02-09,
CU006172,CL000837,Titular principal,1,2019-05-25,
CU006173,CL000126,Titular principal,1,2024-10-08,
CU006174,CL002448,Titular principal,1,2019-04-27,
CU006175,CL002725,Titular principal,1,2021-12-10,
CU006176,CL001357,Titular principal,1,2020-08-06,
CU006177,CL002294,Titular principal,1,2024-01-26,
CU006178,CL004335,Titular principal,1,2023-04-07,
CU006179,CL000247,Titular principal,1,2025-06-09,
CU006180,CL003264,Titular principal,1,2025-09-01,
CU006181,CL001559,Titular principal,0.6,2023-08-19,
CU006181,CL001151,Cotitular,0.4,2023-08-19,
CU006182,CL000442,Titular principal,1,2020-10-14,
CU006183,CL001443,Titular principal,1,2022-12-30,
CU006184,CL001040,Titular principal,1,2023-05-09,
CU006185,CL003684,Titular principal,1,2025-08-13,
CU006186,CL001620,Titular principal,1,2024-09-02,
CU006187,CL003027,Titular principal,1,2025-06-25,
CU006188,CL000824,Titular principal,1,2024-03-03,
CU006189,CL001698,Titular principal,1,2023-03-07,
CU006190,CL001354,Titular principal,1,2021-12-21,
CU006191,CL003236,Titular principal,1,2025-11-23,
CU006192,CL000757,Titular principal,1,2025-09-05,
CU006193,CL002867,Titular principal,1,2019-03-07,
CU006194,CL001199,Titular principal,1,2020-12-31,
CU006195,CL001217,Titular principal,1,2024-10-10,
CU006196,CL004436,Titular principal,1,2024-05-24,
CU006197,CL003706,Titular principal,1,2019-06-02,
CU006198,CL003087,Titular principal,1,2024-11-13,
CU006199,CL003869,Titular principal,1,2020-09-09,
CU006200,CL001070,Titular principal,1,2019-12-30,
