cuenta_id,producto_id,sucursal_id,cliente_principal_id,moneda,fecha_apertura,fecha_cierre,estado_cuenta,limite_credito_usd,tasa_cliente_anual,canal_alta,origen_sistema
CU000001,PR09,SU0027,CL003652,CLP,2022-11-11,,Activa,7876,0.1582,CA01,CORE_A
CU000002,PR18,SU0025,CL001936,CLP,2019-06-17,,Activa,0,0.007,CA01,DIGITAL_CORE
CU000003,PR05,SU0046,CL002846,COP,2019-07-17,,Activa,7016,0.3837,CA05,CORE_B
CU000004,PR15,SU0036,CL003359,PEN,2023-12-05,,Activa,0,0.0343,CA05,CORE_A
CU000005,PR01,SU0045,CL000723,COP,2024-06-30,,Activa,0,0,CA01,CORE_A
CU000006,PR09,SU0004,CL000335,MXN,2022-12-16,,Activa,10846,0.1676,CA01,DIGITAL_CORE
CU000007,PR11,SU0005,CL001830,MXN,2024-08-13,,Activa,0,0.0075,CA05,DIGITAL_CORE
CU000008,PR02,SU0031,CL003108,PEN,2023-05-23,,Activa,0,0,CA05,CORE_B
CU000009,PR09,SU0039,CL003550,PEN,2024-09-04,,Activa,5426,0.1554,CA01,CORE_B
CU000010,PR04,SU0034,CL002939,PEN,2024-05-04,,Activa,0,0.0476,CA05,DIGITAL_CORE
CU000011,PR16,SU0001,CL000190,MXN,2025-07-27,,Activa,0,0,CA05,CORE_B
CU000012,PR10,SU0045,CL000400,COP,2023-12-07,,Activa,27231,0.1169,CA01,CORE_B
CU000013,PR13,SU0037,CL000669,PEN,2022-09-04,,Activa,206108,0.1372,CA05,CORE_A
CU000014,PR14,SU0037,CL000133,PEN,2021-05-12,,Activa,0,0.0167,CA01,DIGITAL_CORE
CU000015,PR16,SU0050,CL003825,COP,2025-10-17,,Activa,0,0.0002,CA01,CORE_B
CU000016,PR10,SU0029,CL000464,CLP,2019-08-18,,Activa,14707,0.0893,CA01,DIGITAL_CORE
CU000017,PR10,SU0031,CL000893,PEN,2023-07-22,,Activa,24416,0.09,CA05,CORE_B
CU000018,PR18,SU0001,CL002860,MXN,2024-12-20,,Activa,0,0.0014,CA05,DIGITAL_CORE
CU000019,PR07,SU0033,CL003894,PEN,2020-04-16,,Activa,44995,0.2776,CA05,CORE_A
CU000020,PR08,SU0011,CL002815,CAD,2025-06-05,,Activa,27762,0.2337,CA01,CORE_A
CU000021,PR02,SU0007,CL000769,MXN,2024-09-24,,Activa,0,0,CA02,DIGITAL_CORE
CU000022,PR18,SU0026,CL000471,CLP,2024-05-05,,Activa,0,0,CA05,CORE_A
CU000023,PR15,SU0014,CL002592,CAD,2020-11-08,,Activa,0,0.0496,CA01,CORE_A
CU000024,PR14,SU0008,CL001897,MXN,2024-04-12,,Activa,0,0,CA05,CORE_A
CU000025,PR15,SU0013,CL000825,CAD,2019-07-25,,Activa,0,0.0269,CA01,CORE_B
CU000026,PR09,SU0024,CL003780,CLP,2022-02-04,,Activa,108743,0.1716,CA01,DIGITAL_CORE
CU000027,PR15,SU0001,CL004273,MXN,2024-11-01,,Activa,0,0.0428,CA01,CORE_B
CU000028,PR09,SU0048,CL004037,COP,2023-12-14,,Activa,147834,0.1368,CA05,CORE_B
CU000029,PR15,SU0045,CL002581,COP,2025-02-12,,Activa,0,0.028,CA01,CORE_A
CU000030,PR02,SU0013,CL004292,CAD,2025-07-15,,Activa,0,0.0203,CA05,DIGITAL_CORE
CU000031,PR10,SU0012,CL001592,CAD,2019-11-08,,Activa,78574,0.1095,CA05,DIGITAL_CORE
CU000032,PR06,SU0035,CL002899,PEN,2024-06-16,,Activa,28740,0.3214,CA05,DIGITAL_CORE
CU000033,PR15,SU0017,CL003216,CAD,2020-10-11,,Activa,0,0.03,CA05,DIGITAL_CORE
CU000034,PR02,SU0047,CL003580,COP,2023-12-17,,Bloqueada,0,0,CA01,DIGITAL_CORE
CU000035,PR18,SU0022,CL001024,CLP,2021-06-15,,Activa,0,0.0173,CA01,CORE_B
CU000036,PR05,SU0049,CL002485,COP,2023-09-23,,Activa,109552,0.364,CA01,CORE_A
CU000037,PR01,SU0041,CL000697,COP,2021-02-15,,Activa,0,0.0086,CA05,CORE_A
CU000038,PR09,SU0023,CL000714,CLP,2025-08-20,,Activa,16209,0.1519,CA01,CORE_B
CU000039,PR11,SU0023,CL002845,CLP,2023-03-17,,Activa,0,0.0149,CA05,CORE_B
CU000040,PR08,SU0047,CL000984,COP,2021-01-08,,Activa,22227,0.2548,CA05,DIGITAL_CORE
CU000041,PR03,SU0036,CL003135,PEN,2019-12-10,,Activa,0,0.0023,CA01,CORE_B
CU000042,PR04,SU0016,CL000189,CAD,2021-03-22,,Activa,0,0.0338,CA05,CORE_B
CU000043,PR06,SU0046,CL000453,COP,2021-02-23,,Activa,28368,0.3319,CA01,CORE_A
CU000044,PR03,SU0018,CL002554,CAD,2025-05-23,,Activa,0,0.0125,CA05,CORE_B
CU000045,PR03,SU0031,CL001596,PEN,2025-07-26,,Activa,0,0.0162,CA01,CORE_B
CU000046,PR15,SU0022,CL000718,CLP,2024-04-14,,Activa,0,0.0458,CA01,CORE_A
CU000047,PR01,SU0018,CL003691,CAD,2019-10-06,,Activa,0,0.0175,CA01,DIGITAL_CORE
CU000048,PR09,SU0035,CL002697,PEN,2021-07-22,,Activa,24171,0.1371,CA01,CORE_B
CU000049,PR15,SU0025,CL003028,CLP,2021-07-29,,Activa,0,0.0559,CA02,DIGITAL_CORE
CU000050,PR13,SU0033,CL004285,PEN,2024-09-11,,Activa,436682,0.1553,CA01,CORE_B
CU000051,PR09,SU0029,CL003623,CLP,2022-01-08,,Activa,48295,0.1521,CA01,DIGITAL_CORE
CU000052,PR08,SU0025,CL002793,CLP,2023-02-16,,Activa,14537,0.2378,CA05,CORE_A
CU000053,PR13,SU0034,CL003369,PEN,2020-09-19,,Activa,314817,0.1348,CA05,CORE_A
CU000054,PR08,SU0033,CL001487,PEN,2023-05-15,2025-03-05,Cerrada,4034,0.238,CA01,CORE_B
CU000055,PR16,SU0045,CL003941,COP,2024-04-18,,Activa,0,0,CA02,CORE_A
CU000056,PR18,SU0039,CL003550,PEN,2020-01-27,,Activa,0,0,CA05,CORE_B
CU000057,PR03,SU0027,CL002965,CLP,2023-08-21,,Activa,0,0,CA01,CORE_B
CU000058,PR18,SU0026,CL003208,CLP,2024-02-29,,Activa,0,0.0175,CA05,DIGITAL_CORE
CU000059,PR08,SU0022,CL004386,CLP,2025-09-20,,Activa,100696,0.2561,CA05,CORE_A
CU000060,PR15,SU0018,CL000847,CAD,2025-01-21,,Activa,0,0.0255,CA05,CORE_B
CU000061,PR06,SU0012,CL003879,CAD,2024-02-28,,Activa,89708,0.3354,CA05,DIGITAL_CORE
CU000062,PR01,SU0032,CL003800,PEN,2022-03-27,,Activa,0,0,CA05,DIGITAL_CORE
CU000063,PR15,SU0049,CL001775,COP,2019-07-09,,Activa,0,0.0335,CA05,DIGITAL_CORE
CU000064,PR06,SU0036,CL001739,PEN,2020-11-07,,Activa,32451,0.3273,CA05,CORE_B
CU000065,PR09,SU0049,CL000525,COP,2025-08-02,,Activa,69629,0.1706,CA03,CORE_A
CU000066,PR16,SU0030,CL003045,CLP,2025-06-11,,Activa,0,0,CA01,CORE_B
CU000067,PR10,SU0006,CL001667,MXN,2020-05-25,,Activa,16189,0.1118,CA02,DIGITAL_CORE
CU000068,PR08,SU0042,CL002861,COP,2023-03-01,,Activa,29935,0.2454,CA01,DIGITAL_CORE
CU000069,PR13,SU0001,CL004368,MXN,2021-06-19,,Activa,6797875,0.1531,CA01,CORE_B
CU000070,PR18,SU0038,CL004290,PEN,2021-02-21,2022-10-16,Cerrada,0,0.0075,CA01,CORE_B
CU000071,PR17,SU0039,CL003813,PEN,2023-05-21,,Activa,0,0,CA01,DIGITAL_CORE
CU000072,PR12,SU0048,CL001823,COP,2022-05-01,,Activa,624288,0.1785,CA01,CORE_B
CU000073,PR07,SU0048,CL003113,COP,2020-09-30,,Activa,482559,0.2812,CA05,CORE_A
CU000074,PR17,SU0049,CL001435,COP,2022-04-22,,Activa,0,0,CA05,CORE_B
CU000075,PR06,SU0011,CL002823,CAD,2019-12-05,2022-01-24,Cerrada,99313,0.327,CA01,CORE_A
CU000076,PR16,SU0038,CL001787,PEN,2022-12-16,,Activa,0,0,CA03,DIGITAL_CORE
CU000077,PR16,SU0003,CL002218,MXN,2023-02-23,,Activa,0,0.0148,CA03,CORE_B
CU000078,PR16,SU0005,CL004158,MXN,2024-11-07,,Activa,0,0.0148,CA05,DIGITAL_CORE
CU000079,PR18,SU0049,CL001286,COP,2021-08-24,,Activa,0,0.01,CA05,CORE_B
CU000080,PR15,SU0004,CL003918,MXN,2024-07-15,,Activa,0,0.0292,CA05,DIGITAL_CORE
CU000081,PR06,SU0001,CL000003,MXN,2021-05-21,,Activa,60160,0.3358,CA01,DIGITAL_CORE
CU000082,PR02,SU0027,CL002542,CLP,2024-12-31,,Activa,0,0.0088,CA02,DIGITAL_CORE
CU000083,PR18,SU0040,CL002697,PEN,2024-12-29,,Activa,0,0.0068,CA01,DIGITAL_CORE
CU000084,PR18,SU0040,CL003791,PEN,2024-12-06,,Activa,0,0,CA05,CORE_B
CU000085,PR14,SU0014,CL004335,CAD,2022-08-07,,Activa,0,0,CA01,CORE_B
CU000086,PR10,SU0024,CL001238,CLP,2023-09-14,,Activa,63371,0.1223,CA01,DIGITAL_CORE
CU000087,PR01,SU0029,CL000553,CLP,2020-07-01,,Activa,0,0,CA05,DIGITAL_CORE
CU000088,PR13,SU0012,CL002877,CAD,2020-07-19,,Activa,92540,0.1332,CA01,CORE_B
CU000089,PR15,SU0033,CL001491,PEN,2025-06-24,,Activa,0,0.0495,CA01,CORE_A
CU000090,PR15,SU0006,CL000649,MXN,2025-09-06,,Activa,0,0.0288,CA02,CORE_A
CU000091,PR18,SU0047,CL002875,COP,2022-12-21,2024-06-07,Cerrada,0,0.0042,CA02,CORE_B
CU000092,PR05,SU0041,CL003016,COP,2021-02-28,,Activa,15152,0.3797,CA01,DIGITAL_CORE
CU000093,PR18,SU0043,CL003991,COP,2024-02-16,,Activa,0,0.0182,CA01,DIGITAL_CORE
CU000094,PR02,SU0031,CL003410,PEN,2021-11-20,,Activa,0,0.0075,CA05,CORE_B
CU000095,PR05,SU0040,CL002563,PEN,2019-01-19,,Activa,34782,0.3747,CA05,DIGITAL_CORE
CU000096,PR04,SU0023,CL000507,CLP,2024-04-01,,Activa,0,0.0239,CA02,DIGITAL_CORE
CU000097,PR06,SU0016,CL003502,CAD,2020-04-07,,Activa,26495,0.3135,CA05,DIGITAL_CORE
CU000098,PR02,SU0009,CL002484,MXN,2020-01-15,,Activa,0,0.0192,CA05,CORE_A
CU000099,PR01,SU0032,CL003641,PEN,2024-01-27,,Activa,0,0.0122,CA02,DIGITAL_CORE
CU000100,PR18,SU0013,CL003732,CAD,2024-03-28,,Activa,0,0.0084,CA03,CORE_B
CU000101,PR12,SU0044,CL002847,COP,2019-12-25,,Activa,6496898,0.1679,CA01,DIGITAL_CORE
CU000102,PR01,SU0024,CL001737,CLP,2022-09-30,,Activa,0,0,CA01,DIGITAL_CORE
CU000103,PR07,SU0049,CL000574,COP,2024-08-12,,Activa,22350,0.2698,CA01,CORE_A
CU000104,PR15,SU0014,CL000965,CAD,2021-05-18,,Activa,0,0.0565,CA01,DIGITAL_CORE
CU000105,PR18,SU0035,CL000200,PEN,2019-02-02,2021-06-03,Cerrada,0,0,CA05,CORE_A
CU000106,PR01,SU0023,CL004157,CLP,2025-05-21,,Activa,0,0,CA05,DIGITAL_CORE
CU000107,PR15,SU0013,CL000508,CAD,2025-01-29,,Activa,0,0.0642,CA01,CORE_A
CU000108,PR04,SU0028,CL004350,CLP,2020-07-18,,Activa,0,0.0328,CA05,DIGITAL_CORE
CU000109,PR05,SU0014,CL002298,CAD,2019-01-14,,Bloqueada,8455,0.3546,CA03,CORE_B
CU000110,PR02,SU0006,CL001853,MXN,2024-05-10,,Activa,0,0,CA05,DIGITAL_CORE
CU000111,PR15,SU0011,CL003035,CAD,2022-07-09,2024-06-25,Cerrada,0,0.0581,CA01,CORE_B
CU000112,PR03,SU0007,CL002161,MXN,2025-03-04,,Activa,0,0.0272,CA05,CORE_B
CU000113,PR15,SU0024,CL001934,CLP,2020-04-13,,Activa,0,0.0611,CA05,CORE_A
CU000114,PR06,SU0005,CL002812,MXN,2021-07-25,,Activa,110865,0.312,CA01,CORE_B
CU000115,PR10,SU0040,CL004243,PEN,2021-07-04,,Activa,77216,0.1128,CA01,CORE_A
CU000116,PR07,SU0001,CL000951,MXN,2024-07-06,,Activa,31356,0.2806,CA03,CORE_A
CU000117,PR18,SU0036,CL001675,PEN,2025-10-16,,Activa,0,0,CA02,CORE_B
CU000118,PR09,SU0021,CL001737,CLP,2025-02-15,,Activa,3930,0.1397,CA05,DIGITAL_CORE
CU000119,PR02,SU0042,CL003625,COP,2022-10-02,,Activa,0,0.0055,CA03,CORE_B
CU000120,PR18,SU0024,CL001507,CLP,2020-08-11,,Activa,0,0.0174,CA05,DIGITAL_CORE
CU000121,PR06,SU0019,CL000704,CAD,2021-10-26,,Activa,7216,0.3196,CA03,DIGITAL_CORE
CU000122,PR08,SU0014,CL003406,CAD,2023-12-15,,Activa,120976,0.2516,CA01,CORE_A
CU000123,PR04,SU0021,CL003875,CLP,2023-11-18,,Bloqueada,0,0.0174,CA05,DIGITAL_CORE
CU000124,PR18,SU0012,CL000409,CAD,2023-11-14,,Activa,0,0.0175,CA01,DIGITAL_CORE
CU000125,PR07,SU0031,CL002032,PEN,2021-10-13,,Activa,78450,0.2823,CA05,DIGITAL_CORE
CU000126,PR15,SU0024,CL003980,CLP,2022-04-15,,Activa,0,0.0585,CA01,DIGITAL_CORE
CU000127,PR13,SU0043,CL002765,COP,2024-09-30,,Activa,607533,0.1271,CA05,CORE_B
CU000128,PR18,SU0026,CL003844,CLP,2020-12-14,2021-06-03,Cerrada,0,0.018,CA01,DIGITAL_CORE
CU000129,PR15,SU0005,CL002700,MXN,2019-05-28,,Activa,0,0.0276,CA01,DIGITAL_CORE
CU000130,PR08,SU0035,CL003679,PEN,2022-09-03,,Activa,61261,0.2274,CA05,DIGITAL_CORE
CU000131,PR18,SU0011,CL001867,CAD,2025-03-13,,Activa,0,0.0087,CA03,CORE_A
CU000132,PR09,SU0014,CL001445,CAD,2023-12-04,2025-08-10,Cerrada,5458,0.1448,CA03,CORE_B
CU000133,PR10,SU0004,CL002465,MXN,2025-03-27,,Activa,233781,0.1128,CA05,DIGITAL_CORE
CU000134,PR17,SU0048,CL000380,COP,2024-09-20,,Activa,0,0,CA01,CORE_A
CU000135,PR08,SU0050,CL001945,COP,2024-09-17,,Activa,160791,0.2399,CA05,CORE_B
CU000136,PR09,SU0024,CL000099,CLP,2020-04-13,,Activa,191309,0.1639,CA05,CORE_B
CU000137,PR05,SU0017,CL001033,CAD,2023-08-22,,Activa,51306,0.384,CA01,CORE_A
CU000138,PR10,SU0003,CL002238,MXN,2024-12-14,,Activa,10434,0.1229,CA03,DIGITAL_CORE
CU000139,PR01,SU0048,CL001707,COP,2022-02-03,,Activa,0,0,CA05,CORE_B
CU000140,PR18,SU0026,CL002996,CLP,2022-09-14,,Activa,0,0.0232,CA05,CORE_A
CU000141,PR02,SU0016,CL003307,CAD,2018-12-23,,Activa,0,0,CA03,DIGITAL_CORE
CU000142,PR01,SU0048,CL003319,COP,2021-03-07,,Activa,0,0.0142,CA03,DIGITAL_CORE
CU000143,PR18,SU0044,CL003544,COP,2023-12-14,,Activa,0,0.0179,CA02,DIGITAL_CORE
CU000144,PR02,SU0026,CL003653,CLP,2024-08-30,,Activa,0,0.0177,CA05,CORE_A
CU000145,PR18,SU0001,CL000485,MXN,2021-09-09,,Activa,0,0.021,CA02,CORE_B
CU000146,PR02,SU0005,CL000166,MXN,2025-05-12,,Activa,0,0,CA01,CORE_A
CU000147,PR13,SU0008,CL002580,MXN,2021-07-28,,Activa,718445,0.131,CA03,DIGITAL_CORE
CU000148,PR12,SU0020,CL002102,CAD,2024-12-26,,Activa,12016751,0.185,CA01,CORE_A
CU000149,PR18,SU0038,CL003182,PEN,2020-02-29,,Activa,0,0.0209,CA02,CORE_A
CU000150,PR13,SU0016,CL003730,CAD,2024-08-07,,Activa,1818776,0.1631,CA02,DIGITAL_CORE
CU000151,PR18,SU0027,CL001740,CLP,2023-07-08,,Activa,0,0.0158,CA03,CORE_B
CU000152,PR05,SU0003,CL000157,MXN,2024-11-15,,Activa,83405,0.3636,CA05,CORE_A
CU000153,PR08,SU0016,CL003409,CAD,2023-09-28,,Activa,108924,0.2616,CA05,CORE_B
CU000154,PR16,SU0030,CL000503,CLP,2021-01-18,,Activa,0,0.0119,CA01,CORE_A
CU000155,PR03,SU0046,CL003012,COP,2019-07-16,,Activa,0,0,CA03,CORE_A
CU000156,PR10,SU0013,CL004170,CAD,2024-08-18,,Activa,44795,0.1111,CA01,DIGITAL_CORE
CU000157,PR03,SU0049,CL003814,COP,2024-01-08,,Activa,0,0.0124,CA05,CORE_A
CU000158,PR15,SU0027,CL002544,CLP,2021-01-04,,Activa,0,0.0601,CA05,CORE_A
CU000159,PR15,SU0012,CL001953,CAD,2025-04-19,,Activa,0,0.0408,CA01,DIGITAL_CORE
CU000160,PR04,SU0030,CL003313,CLP,2019-12-08,,Activa,0,0.0353,CA02,DIGITAL_CORE
CU000161,PR02,SU0003,CL003134,MXN,2022-12-31,,Activa,0,0.0212,CA05,DIGITAL_CORE
CU000162,PR04,SU0028,CL003207,CLP,2025-10-29,,Activa,0,0.0299,CA05,DIGITAL_CORE
CU000163,PR01,SU0050,CL001617,COP,2023-01-19,,Activa,0,0,CA01,CORE_B
CU000164,PR15,SU0013,CL000992,CAD,2022-10-16,,Activa,0,0.0402,CA02,CORE_B
CU000165,PR01,SU0002,CL001956,MXN,2024-07-29,,Activa,0,0,CA01,CORE_B
CU000166,PR02,SU0035,CL001350,PEN,2025-06-07,,Activa,0,0,CA01,DIGITAL_CORE
CU000167,PR11,SU0001,CL004458,MXN,2019-05-02,,Activa,0,0.0032,CA01,DIGITAL_CORE
CU000168,PR18,SU0033,CL003085,PEN,2023-08-31,,Activa,0,0.0158,CA01,CORE_B
CU000169,PR09,SU0033,CL001587,PEN,2024-01-17,,Activa,24386,0.1546,CA02,DIGITAL_CORE
CU000170,PR01,SU0010,CL001309,MXN,2025-08-06,,Activa,0,0,CA01,CORE_B
CU000171,PR18,SU0038,CL000316,PEN,2022-02-05,,Activa,0,0,CA03,DIGITAL_CORE
CU000172,PR15,SU0009,CL002065,MXN,2024-03-06,,Bloqueada,0,0.0313,CA05,DIGITAL_CORE
CU000173,PR07,SU0022,CL001860,CLP,2021-06-24,,Activa,63664,0.2979,CA05,DIGITAL_CORE
CU000174,PR18,SU0003,CL002084,MXN,2022-10-30,,Activa,0,0.0054,CA02,DIGITAL_CORE
CU000175,PR16,SU0034,CL003468,PEN,2023-04-06,,Activa,0,0.0061,CA05,CORE_A
CU000176,PR02,SU0011,CL002541,CAD,2019-12-07,,Activa,0,0,CA05,CORE_A
CU000177,PR10,SU0036,CL000261,PEN,2025-04-15,,Activa,20061,0.1151,CA05,DIGITAL_CORE
CU000178,PR09,SU0035,CL002194,PEN,2019-08-14,,Activa,20777,0.1723,CA01,DIGITAL_CORE
CU000179,PR18,SU0036,CL000174,PEN,2019-09-22,,Activa,0,0.0132,CA03,DIGITAL_CORE
CU000180,PR06,SU0046,CL000949,COP,2019-11-10,,Activa,79143,0.3422,CA05,CORE_A
CU000181,PR15,SU0024,CL004024,CLP,2021-10-03,,Activa,0,0.037,CA01,DIGITAL_CORE
CU000182,PR04,SU0017,CL003245,CAD,2023-08-12,,Bloqueada,0,0.0487,CA05,CORE_B
CU000183,PR08,SU0041,CL002116,COP,2018-12-09,,Activa,17570,0.2507,CA01,CORE_A
CU000184,PR01,SU0044,CL000736,COP,2020-12-19,,Activa,0,0,CA05,CORE_B
CU000185,PR03,SU0010,CL000846,MXN,2024-07-31,,Activa,0,0.0108,CA01,CORE_B
CU000186,PR04,SU0043,CL000525,COP,2024-10-08,,Activa,0,0.0295,CA03,CORE_B
CU000187,PR10,SU0011,CL002182,CAD,2022-04-10,,Activa,8403,0.106,CA01,CORE_A
CU000188,PR18,SU0045,CL003611,COP,2025-06-13,,Activa,0,0.0076,CA03,CORE_A
CU000189,PR09,SU0003,CL001203,MXN,2022-09-05,,Activa,50716,0.1498,CA05,DIGITAL_CORE
CU000190,PR18,SU0049,CL001871,COP,2023-05-06,,Activa,0,0,CA03,CORE_A
CU000191,PR14,SU0006,CL003346,MXN,2025-03-07,,Activa,0,0.0193,CA01,CORE_B
CU000192,PR18,SU0016,CL001714,CAD,2024-03-30,,Activa,0,0,CA03,CORE_B
CU000193,PR15,SU0017,CL004048,CAD,2024-01-09,,Activa,0,0.0598,CA05,CORE_A
CU000194,PR07,SU0049,CL002189,COP,2023-11-30,,Activa,180967,0.2769,CA01,CORE_A
CU000195,PR09,SU0036,CL002158,PEN,2022-07-21,,Activa,75360,0.1541,CA03,CORE_A
CU000196,PR07,SU0032,CL002662,PEN,2023-03-14,,Activa,22353,0.2973,CA05,DIGITAL_CORE
CU000197,PR17,SU0026,CL000056,CLP,2024-12-13,,Activa,0,0.0034,CA05,DIGITAL_CORE
CU000198,PR09,SU0050,CL004376,COP,2023-01-17,,Activa,17902,0.17,CA01,CORE_B
CU000199,PR06,SU0003,CL001394,MXN,2023-10-17,,Activa,8725,0.3098,CA03,CORE_B
CU000200,PR09,SU0043,CL000051,COP,2023-07-30,,Activa,12727,0.1648,CA05,DIGITAL_CORE
CU000201,PR18,SU0020,CL003508,CAD,2025-08-13,,Activa,0,0.0185,CA02,DIGITAL_CORE
CU000202,PR04,SU0033,CL002194,PEN,2019-08-10,,Activa,0,0.0282,CA05,CORE_A
CU000203,PR06,SU0004,CL003001,MXN,2023-11-09,,Activa,285410,0.3153,CA01,CORE_A
CU000204,PR03,SU0007,CL001923,MXN,2024-10-03,,Activa,0,0.0269,CA05,CORE_B
CU000205,PR04,SU0009,CL003247,MXN,2020-10-07,,Activa,0,0.0424,CA01,CORE_A
CU000206,PR01,SU0045,CL003143,COP,2022-02-09,,Activa,0,0,CA05,DIGITAL_CORE
CU000207,PR18,SU0015,CL003353,CAD,2024-03-06,,Activa,0,0.0015,CA03,DIGITAL_CORE
CU000208,PR09,SU0032,CL003478,PEN,2020-04-24,2021-06-10,Cerrada,18122,0.1613,CA01,CORE_A
CU000209,PR03,SU0050,CL001881,COP,2024-03-08,,Activa,0,0.0106,CA03,CORE_B
CU000210,PR16,SU0022,CL001566,CLP,2024-06-08,,Activa,0,0,CA01,CORE_B
CU000211,PR16,SU0041,CL000672,COP,2025-02-16,,Activa,0,0.0139,CA03,CORE_A
CU000212,PR15,SU0049,CL003274,COP,2023-05-15,,Activa,0,0.0631,CA01,CORE_A
CU000213,PR04,SU0037,CL003734,PEN,2023-06-14,,Activa,0,0.0343,CA03,CORE_A
CU000214,PR05,SU0025,CL000337,CLP,2024-08-09,,Activa,68058,0.3667,CA02,DIGITAL_CORE
CU000215,PR16,SU0034,CL002849,PEN,2019-07-07,,Activa,0,0.012,CA05,DIGITAL_CORE
CU000216,PR15,SU0030,CL000100,CLP,2024-01-07,,Activa,0,0.0606,CA01,DIGITAL_CORE
CU000217,PR18,SU0008,CL001728,MXN,2024-07-22,,Activa,0,0.0225,CA03,CORE_B
CU000218,PR08,SU0010,CL004330,MXN,2020-02-05,,Activa,355801,0.2593,CA01,DIGITAL_CORE
CU000219,PR03,SU0028,CL002766,CLP,2020-10-26,,Activa,0,0,CA03,CORE_A
CU000220,PR14,SU0034,CL000529,PEN,2025-06-29,,Activa,0,0,CA05,CORE_B
CU000221,PR05,SU0041,CL003162,COP,2019-05-18,,Activa,154576,0.3475,CA01,CORE_A
CU000222,PR18,SU0039,CL001296,PEN,2023-01-28,,Activa,0,0.0144,CA01,CORE_A
CU000223,PR09,SU0050,CL003884,COP,2025-01-04,,Activa,87741,0.1584,CA01,CORE_B
CU000224,PR09,SU0037,CL000711,PEN,2022-09-27,2023-05-31,Cerrada,18929,0.1696,CA05,CORE_B
CU000225,PR01,SU0038,CL000308,PEN,2024-09-11,,Activa,0,0.019,CA05,CORE_B
CU000226,PR09,SU0042,CL003577,COP,2023-04-21,,Activa,28144,0.1448,CA05,CORE_A
CU000227,PR06,SU0037,CL000329,PEN,2024-05-17,,Activa,123751,0.3162,CA05,CORE_A
CU000228,PR02,SU0002,CL001114,MXN,2021-11-01,,Activa,0,0,CA01,DIGITAL_CORE
CU000229,PR08,SU0005,CL001557,MXN,2021-09-05,,Activa,3601,0.2365,CA05,DIGITAL_CORE
CU000230,PR09,SU0013,CL003023,CAD,2019-05-01,,Activa,55544,0.1435,CA03,CORE_A
CU000231,PR05,SU0006,CL004330,MXN,2020-07-30,,Activa,159695,0.3557,CA05,CORE_B
CU000232,PR18,SU0007,CL000772,MXN,2023-09-04,,Activa,0,0.0206,CA01,DIGITAL_CORE
CU000233,PR09,SU0018,CL001132,CAD,2023-04-09,,Activa,537299,0.1433,CA05,CORE_A
CU000234,PR07,SU0020,CL000390,CAD,2020-11-27,,Activa,12605,0.2686,CA03,DIGITAL_CORE
CU000235,PR10,SU0030,CL002490,CLP,2020-03-11,,Activa,34339,0.0894,CA05,DIGITAL_CORE
CU000236,PR12,SU0040,CL003768,PEN,2023-04-03,,Activa,5223765,0.1772,CA05,DIGITAL_CORE
CU000237,PR15,SU0048,CL000765,COP,2023-05-26,2024-09-28,Cerrada,0,0.0503,CA05,CORE_A
CU000238,PR18,SU0047,CL000522,COP,2023-11-07,,Activa,0,0,CA03,DIGITAL_CORE
CU000239,PR04,SU0034,CL002127,PEN,2023-04-30,,Activa,0,0.0207,CA05,DIGITAL_CORE
CU000240,PR01,SU0031,CL004268,PEN,2022-10-23,,Activa,0,0,CA05,DIGITAL_CORE
CU000241,PR18,SU0034,CL004303,PEN,2021-03-15,,Activa,0,0,CA01,CORE_A
CU000242,PR07,SU0017,CL000974,CAD,2024-08-15,,Activa,9236,0.2879,CA02,CORE_B
CU000243,PR10,SU0037,CL003869,PEN,2023-06-02,2025-10-04,Cerrada,110433,0.1145,CA03,CORE_B
CU000244,PR12,SU0011,CL002365,CAD,2023-01-29,2023-06-22,Cerrada,495649,0.1953,CA01,CORE_A
CU000245,PR10,SU0034,CL000368,PEN,2025-11-08,,Activa,12774,0.1121,CA03,CORE_A
CU000246,PR08,SU0033,CL002741,PEN,2025-04-23,,Activa,15551,0.2294,CA02,DIGITAL_CORE
CU000247,PR05,SU0043,CL002731,COP,2025-08-03,,Activa,27360,0.3644,CA01,CORE_B
CU000248,PR18,SU0008,CL000671,MXN,2022-11-10,,Activa,0,0,CA03,CORE_A
CU000249,PR06,SU0006,CL002472,MXN,2024-12-31,,Activa,50251,0.3282,CA01,CORE_A
CU000250,PR02,SU0032,CL002333,PEN,2023-07-06,,Activa,0,0,CA05,CORE_B
CU000251,PR07,SU0032,CL003223,PEN,2022-05-26,,Activa,7060,0.283,CA03,CORE_A
CU000252,PR16,SU0026,CL003680,CLP,2020-04-29,,Activa,0,0,CA01,CORE_A
CU000253,PR04,SU0001,CL001026,MXN,2021-05-16,,Activa,0,0.0425,CA05,CORE_B
CU000254,PR18,SU0008,CL002121,MXN,2025-05-12,,Activa,0,0,CA02,DIGITAL_CORE
CU000255,PR08,SU0049,CL002990,COP,2022-12-06,,Activa,35057,0.2348,CA05,DIGITAL_CORE
CU000256,PR15,SU0004,CL000511,MXN,2023-12-15,,Activa,0,0.0365,CA03,CORE_B
CU000257,PR10,SU0039,CL004256,PEN,2024-05-27,,Activa,18620,0.1112,CA05,DIGITAL_CORE
CU000258,PR12,SU0050,CL000226,COP,2024-02-18,,Activa,3436723,0.1929,CA01,CORE_B
CU000259,PR09,SU0041,CL001621,COP,2022-02-11,,Activa,78288,0.1588,CA03,CORE_B
CU000260,PR09,SU0005,CL000774,MXN,2020-02-06,,Activa,119617,0.1515,CA05,CORE_A
CU000261,PR18,SU0005,CL001303,MXN,2019-12-22,,Activa,0,0.0126,CA02,CORE_A
CU000262,PR16,SU0008,CL002472,MXN,2021-03-12,,Activa,0,0.0117,CA01,CORE_A
CU000263,PR06,SU0029,CL000701,CLP,2024-05-08,,Activa,9148,0.3204,CA01,DIGITAL_CORE
CU000264,PR18,SU0038,CL001373,PEN,2021-09-20,,Activa,0,0,CA05,CORE_B
CU000265,PR08,SU0015,CL003793,CAD,2022-05-19,,Activa,36197,0.2421,CA01,CORE_A
CU000266,PR10,SU0014,CL001166,CAD,2021-08-12,,Activa,293635,0.0952,CA02,CORE_B
CU000267,PR15,SU0019,CL002688,CAD,2021-09-07,,Activa,0,0.0648,CA05,CORE_A
CU000268,PR05,SU0031,CL002852,PEN,2021-10-12,2023-10-30,Cerrada,27240,0.3595,CA01,CORE_A
CU000269,PR04,SU0035,CL000562,PEN,2023-07-30,,Activa,0,0.0375,CA02,CORE_A
CU000270,PR01,SU0023,CL003980,CLP,2022-05-11,,Activa,0,0.0055,CA05,CORE_A
CU000271,PR08,SU0035,CL000975,PEN,2025-11-14,,Activa,12979,0.2377,CA05,CORE_B
CU000272,PR10,SU0007,CL003528,MXN,2020-10-01,,Activa,22933,0.1196,CA05,DIGITAL_CORE
CU000273,PR18,SU0037,CL004494,PEN,2019-11-10,,Activa,0,0,CA03,CORE_A
CU000274,PR15,SU0016,CL001637,CAD,2021-02-10,,Activa,0,0.0491,CA01,CORE_B
CU000275,PR10,SU0021,CL001566,CLP,2020-08-23,,Activa,40534,0.1175,CA05,DIGITAL_CORE
CU000276,PR18,SU0027,CL001799,CLP,2024-01-12,,Activa,0,0,CA05,CORE_A
CU000277,PR08,SU0018,CL003245,CAD,2023-12-24,,Activa,7617,0.2507,CA05,CORE_B
CU000278,PR06,SU0030,CL003399,CLP,2022-12-09,,Bloqueada,61805,0.3141,CA02,CORE_B
CU000279,PR01,SU0031,CL004341,PEN,2025-09-13,,Activa,0,0.016,CA05,CORE_A
CU000280,PR18,SU0029,CL004481,CLP,2025-11-11,,Activa,0,0,CA02,CORE_B
CU000281,PR12,SU0035,CL002721,PEN,2022-09-18,,Activa,280640,0.1945,CA01,CORE_A
CU000282,PR10,SU0026,CL004252,CLP,2020-06-06,,Activa,20477,0.1233,CA02,CORE_B
CU000283,PR03,SU0006,CL002081,MXN,2024-08-14,,Activa,0,0,CA05,CORE_B
CU000284,PR13,SU0048,CL000814,COP,2025-08-28,,Bloqueada,913424,0.1607,CA01,CORE_A
CU000285,PR07,SU0035,CL000239,PEN,2023-06-04,,Activa,11518,0.3006,CA01,CORE_B
CU000286,PR05,SU0036,CL001433,PEN,2020-10-09,,Activa,15359,0.3535,CA01,CORE_A
CU000287,PR07,SU0011,CL002619,CAD,2024-10-08,,Activa,25989,0.2946,CA03,CORE_B
CU000288,PR06,SU0042,CL003396,COP,2022-04-12,,Bloqueada,11936,0.3066,CA02,DIGITAL_CORE
CU000289,PR08,SU0018,CL002325,CAD,2024-09-12,,Activa,6509,0.2635,CA05,DIGITAL_CORE
CU000290,PR07,SU0037,CL001835,PEN,2024-05-23,,Activa,32107,0.2724,CA03,CORE_B
CU000291,PR04,SU0007,CL001522,MXN,2021-07-20,,Activa,0,0.0459,CA01,DIGITAL_CORE
CU000292,PR07,SU0046,CL002138,COP,2024-07-22,,Activa,47659,0.2991,CA03,CORE_B
CU000293,PR02,SU0048,CL004080,COP,2023-06-26,2024-07-16,Cerrada,0,0.0116,CA03,CORE_A
CU000294,PR07,SU0037,CL003926,PEN,2021-09-26,,Activa,30114,0.3023,CA02,CORE_B
CU000295,PR18,SU0028,CL000300,CLP,2022-04-27,,Activa,0,0,CA01,CORE_B
CU000296,PR03,SU0001,CL001821,MXN,2024-03-29,2025-05-09,Cerrada,0,0,CA01,CORE_A
CU000297,PR09,SU0023,CL002829,CLP,2019-07-29,,Activa,6352,0.1683,CA01,DIGITAL_CORE
CU000298,PR18,SU0016,CL001989,CAD,2021-06-15,,Activa,0,0.0212,CA01,CORE_B
CU000299,PR13,SU0006,CL000307,MXN,2023-04-22,,Activa,79534,0.1313,CA01,CORE_A
CU000300,PR04,SU0003,CL004059,MXN,2022-06-23,2023-08-28,Cerrada,0,0.0194,CA01,CORE_B
CU000301,PR08,SU0016,CL003358,CAD,2020-04-30,,Activa,16691,0.2639,CA05,DIGITAL_CORE
CU000302,PR04,SU0023,CL004353,CLP,2025-08-28,,Activa,0,0.0378,CA01,CORE_B
CU000303,PR06,SU0009,CL004241,MXN,2022-03-05,,Activa,12117,0.3442,CA05,DIGITAL_CORE
CU000304,PR09,SU0040,CL000012,PEN,2025-04-03,,Activa,3841,0.1632,CA05,CORE_A
CU000305,PR08,SU0050,CL002708,COP,2024-03-20,,Activa,26918,0.2597,CA05,DIGITAL_CORE
CU000306,PR09,SU0044,CL002256,COP,2024-12-16,,Activa,98739,0.1575,CA03,CORE_A
CU000307,PR03,SU0026,CL001155,CLP,2021-05-04,,Activa,0,0,CA01,DIGITAL_CORE
CU000308,PR16,SU0039,CL002376,PEN,2020-11-10,,Activa,0,0,CA03,DIGITAL_CORE
CU000309,PR10,SU0018,CL003341,CAD,2021-06-03,,Activa,2731,0.1151,CA05,CORE_A
CU000310,PR18,SU0038,CL000220,PEN,2024-02-10,,Activa,0,0.0186,CA01,CORE_A
CU000311,PR05,SU0034,CL003063,PEN,2022-01-05,,Activa,12330,0.3675,CA01,CORE_B
CU000312,PR15,SU0009,CL001906,MXN,2024-08-11,,Activa,0,0.0409,CA01,DIGITAL_CORE
CU000313,PR10,SU0041,CL002223,COP,2023-07-09,,Activa,62861,0.1175,CA03,DIGITAL_CORE
CU000314,PR02,SU0032,CL004324,PEN,2025-03-23,,Activa,0,0,CA01,CORE_B
CU000315,PR10,SU0038,CL003278,PEN,2025-04-11,,Activa,377542,0.1203,CA01,CORE_A
CU000316,PR15,SU0027,CL002881,CLP,2020-07-01,2022-02-23,Cerrada,0,0.0392,CA01,DIGITAL_CORE
CU000317,PR04,SU0042,CL003970,COP,2023-03-07,,Activa,0,0.035,CA02,DIGITAL_CORE
CU000318,PR09,SU0039,CL001199,PEN,2020-09-14,,Activa,14892,0.1572,CA01,CORE_B
CU000319,PR07,SU0002,CL000657,MXN,2021-06-29,,Activa,67823,0.3025,CA02,CORE_B
CU000320,PR03,SU0021,CL003534,CLP,2024-12-24,2025-04-24,Cerrada,0,0.0272,CA05,DIGITAL_CORE
CU000321,PR10,SU0006,CL000634,MXN,2023-07-22,,Activa,24037,0.1123,CA01,DIGITAL_CORE
CU000322,PR01,SU0005,CL000515,MXN,2023-06-19,,Bloqueada,0,0,CA01,CORE_A
CU000323,PR09,SU0001,CL000515,MXN,2024-05-09,,Bloqueada,7611,0.1371,CA05,DIGITAL_CORE
CU000324,PR13,SU0050,CL002983,COP,2023-04-19,,Activa,598276,0.1295,CA05,CORE_A
CU000325,PR05,SU0008,CL003543,MXN,2023-07-03,,Activa,167099,0.3802,CA01,DIGITAL_CORE
CU000326,PR15,SU0014,CL003411,CAD,2021-11-12,,Activa,0,0.0522,CA03,CORE_B
CU000327,PR08,SU0003,CL001096,MXN,2021-11-28,,Activa,44048,0.2554,CA05,CORE_A
CU000328,PR03,SU0025,CL003850,CLP,2021-06-30,,Activa,0,0,CA02,CORE_B
CU000329,PR01,SU0022,CL001214,CLP,2021-04-04,,Activa,0,0,CA05,CORE_B
CU000330,PR05,SU0023,CL000273,CLP,2019-11-25,,Activa,7437,0.3529,CA05,DIGITAL_CORE
CU000331,PR10,SU0042,CL001829,COP,2023-03-22,,Activa,16042,0.109,CA05,DIGITAL_CORE
CU000332,PR02,SU0005,CL002753,MXN,2025-07-07,,Activa,0,0.013,CA01,DIGITAL_CORE
CU000333,PR01,SU0014,CL001699,CAD,2024-09-16,,Activa,0,0,CA01,DIGITAL_CORE
CU000334,PR05,SU0002,CL001547,MXN,2024-06-08,,Activa,19071,0.3571,CA01,CORE_A
CU000335,PR16,SU0009,CL000378,MXN,2023-07-08,,Activa,0,0,CA03,CORE_B
CU000336,PR04,SU0005,CL002057,MXN,2021-06-14,,Activa,0,0.0467,CA01,CORE_A
CU000337,PR18,SU0036,CL004049,PEN,2020-11-29,,Activa,0,0,CA01,CORE_B
CU000338,PR09,SU0033,CL004324,PEN,2025-11-04,,Activa,36192,0.1707,CA05,CORE_A
CU000339,PR11,SU0028,CL003017,CLP,2024-05-22,,Activa,0,0.0079,CA02,CORE_B
CU000340,PR15,SU0020,CL002207,CAD,2023-08-05,,Activa,0,0.0635,CA01,CORE_A
CU000341,PR18,SU0031,CL001988,PEN,2023-10-28,,Activa,0,0,CA05,DIGITAL_CORE
CU000342,PR01,SU0008,CL001382,MXN,2025-02-09,,Activa,0,0.0076,CA02,CORE_A
CU000343,PR18,SU0014,CL000325,CAD,2022-03-29,,Activa,0,0.0072,CA03,CORE_A
CU000344,PR18,SU0003,CL004021,MXN,2019-10-14,,Activa,0,0,CA03,CORE_B
CU000345,PR09,SU0048,CL001922,COP,2020-05-18,,Activa,5256,0.1617,CA01,CORE_B
CU000346,PR10,SU0034,CL004162,PEN,2025-06-26,,Activa,21682,0.1091,CA01,DIGITAL_CORE
CU000347,PR01,SU0005,CL001303,MXN,2021-04-09,,Activa,0,0.0153,CA03,DIGITAL_CORE
CU000348,PR15,SU0021,CL001836,CLP,2021-07-23,,Activa,0,0.0585,CA05,CORE_A
CU000349,PR18,SU0023,CL001080,CLP,2022-02-21,,Activa,0,0.0172,CA01,CORE_A
CU000350,PR14,SU0049,CL002983,COP,2025-01-06,,Activa,0,0,CA03,DIGITAL_CORE
CU000351,PR07,SU0029,CL002380,CLP,2022-08-22,,Activa,440625,0.3,CA01,CORE_A
CU000352,PR18,SU0004,CL002507,MXN,2022-01-28,,Activa,0,0.0174,CA05,DIGITAL_CORE
CU000353,PR06,SU0006,CL004064,MXN,2025-10-21,,Activa,162068,0.3057,CA05,CORE_A
CU000354,PR05,SU0009,CL000344,MXN,2020-10-01,,Activa,19005,0.3566,CA02,DIGITAL_CORE
CU000355,PR18,SU0026,CL000372,CLP,2023-05-06,,Activa,0,0.0078,CA03,CORE_B
CU000356,PR11,SU0043,CL002007,COP,2022-08-24,,Activa,0,0,CA05,CORE_A
CU000357,PR04,SU0004,CL002866,MXN,2022-12-11,,Activa,0,0.051,CA05,CORE_A
CU000358,PR08,SU0004,CL003467,MXN,2019-04-02,,Activa,471990,0.2548,CA01,CORE_A
CU000359,PR16,SU0038,CL001285,PEN,2023-01-04,,Activa,0,0.0039,CA01,CORE_A
CU000360,PR15,SU0037,CL003165,PEN,2020-08-29,,Activa,0,0.0602,CA05,CORE_A
CU000361,PR09,SU0004,CL000229,MXN,2023-01-31,,Activa,47814,0.1567,CA02,CORE_B
CU000362,PR07,SU0034,CL000523,PEN,2024-06-14,,Activa,90576,0.2764,CA02,CORE_A
CU000363,PR18,SU0034,CL003713,PEN,2025-04-18,,Activa,0,0.0216,CA05,CORE_B
CU000364,PR03,SU0007,CL002722,MXN,2025-09-11,,Activa,0,0,CA02,CORE_B
CU000365,PR14,SU0020,CL002963,CAD,2020-07-29,,Activa,0,0,CA01,CORE_B
CU000366,PR18,SU0009,CL001239,MXN,2024-10-02,,Activa,0,0.0202,CA05,DIGITAL_CORE
CU000367,PR01,SU0042,CL001643,COP,2022-02-04,,Bloqueada,0,0,CA01,CORE_A
CU000368,PR15,SU0040,CL002546,PEN,2024-01-25,,Activa,0,0.0414,CA01,CORE_A
CU000369,PR03,SU0036,CL000479,PEN,2022-05-17,,Activa,0,0.022,CA05,CORE_A
CU000370,PR18,SU0019,CL004103,CAD,2019-09-26,,Activa,0,0.0221,CA02,CORE_A
CU000371,PR12,SU0037,CL000844,PEN,2021-03-25,,Activa,188139,0.1955,CA01,CORE_B
CU000372,PR06,SU0007,CL000461,MXN,2023-09-22,,Activa,12400,0.3051,CA01,CORE_B
CU000373,PR18,SU0009,CL001723,MXN,2020-03-22,,Activa,0,0.0033,CA01,CORE_B
CU000374,PR08,SU0016,CL003826,CAD,2019-03-14,,Activa,21475,0.2486,CA05,DIGITAL_CORE
CU000375,PR18,SU0004,CL002730,MXN,2023-05-11,,Activa,0,0,CA01,CORE_A
CU000376,PR11,SU0021,CL001880,CLP,2024-08-09,,Activa,0,0.0132,CA01,CORE_B
CU000377,PR13,SU0049,CL003856,COP,2020-07-02,,Activa,950594,0.13,CA01,DIGITAL_CORE
CU000378,PR12,SU0032,CL002857,PEN,2019-03-26,,Activa,10329762,0.1671,CA05,CORE_B
CU000379,PR10,SU0006,CL000588,MXN,2024-03-23,,Activa,81747,0.1012,CA01,CORE_A
CU000380,PR05,SU0005,CL004005,MXN,2025-06-15,,Activa,8364,0.3555,CA01,CORE_B
CU000381,PR01,SU0002,CL004126,MXN,2022-06-09,,Activa,0,0.0119,CA03,CORE_A
CU000382,PR16,SU0030,CL002398,CLP,2023-06-16,,Activa,0,0,CA01,DIGITAL_CORE
CU000383,PR02,SU0047,CL003854,COP,2022-07-08,,Activa,0,0,CA05,CORE_B
CU000384,PR03,SU0002,CL003725,MXN,2024-08-27,,Activa,0,0,CA05,CORE_B
CU000385,PR07,SU0032,CL003742,PEN,2023-06-01,,Activa,126406,0.2895,CA01,DIGITAL_CORE
CU000386,PR18,SU0021,CL001207,CLP,2025-11-03,,Activa,0,0.018,CA03,CORE_A
CU000387,PR18,SU0023,CL000337,CLP,2022-05-18,2023-12-18,Cerrada,0,0.0185,CA05,DIGITAL_CORE
CU000388,PR06,SU0033,CL004275,PEN,2023-07-03,,Activa,9751,0.3134,CA05,DIGITAL_CORE
CU000389,PR03,SU0016,CL002283,CAD,2021-04-05,,Activa,0,0,CA05,CORE_A
CU000390,PR11,SU0020,CL004344,CAD,2021-05-11,,Activa,0,0.0105,CA01,DIGITAL_CORE
CU000391,PR05,SU0028,CL000111,CLP,2021-04-14,,Activa,49152,0.3647,CA01,DIGITAL_CORE
CU000392,PR08,SU0010,CL002681,MXN,2025-03-14,,Activa,25801,0.2332,CA05,CORE_A
CU000393,PR05,SU0043,CL003031,COP,2020-08-04,,Activa,62796,0.3717,CA01,CORE_B
CU000394,PR02,SU0012,CL002368,CAD,2021-03-27,,Activa,0,0,CA05,CORE_B
CU000395,PR05,SU0008,CL002166,MXN,2025-05-03,,Activa,17738,0.3549,CA01,CORE_A
CU000396,PR06,SU0024,CL001191,CLP,2022-09-25,,Activa,38564,0.3053,CA05,CORE_A
CU000397,PR03,SU0019,CL002880,CAD,2019-07-04,,Activa,0,0.0006,CA05,CORE_A
CU000398,PR15,SU0042,CL001315,COP,2024-02-05,,Activa,0,0.0442,CA02,CORE_B
CU000399,PR18,SU0034,CL000725,PEN,2020-09-28,,Bloqueada,0,0.0076,CA01,CORE_A
CU000400,PR18,SU0010,CL002573,MXN,2022-01-29,2023-04-27,Cerrada,0,0,CA02,CORE_A
CU000401,PR10,SU0019,CL001968,CAD,2020-07-20,,Activa,4100,0.1148,CA01,DIGITAL_CORE
CU000402,PR10,SU0010,CL002343,MXN,2023-06-01,,Activa,47961,0.1146,CA01,CORE_B
CU000403,PR06,SU0027,CL000099,CLP,2025-09-17,,Activa,170118,0.3224,CA05,CORE_B
CU000404,PR02,SU0012,CL002278,CAD,2020-10-11,,Activa,0,0.0067,CA01,DIGITAL_CORE
CU000405,PR07,SU0022,CL002595,CLP,2024-09-16,,Activa,17620,0.2664,CA01,CORE_A
CU000406,PR14,SU0033,CL004406,PEN,2023-08-14,,Activa,0,0.0143,CA05,DIGITAL_CORE
CU000407,PR05,SU0014,CL004154,CAD,2024-05-17,,Activa,44619,0.3499,CA05,CORE_A
CU000408,PR01,SU0006,CL004021,MXN,2020-02-27,,Activa,0,0.0123,CA03,DIGITAL_CORE
CU000409,PR02,SU0008,CL002771,MXN,2024-11-03,,Activa,0,0,CA05,DIGITAL_CORE
CU000410,PR09,SU0021,CL001137,CLP,2024-05-04,,Activa,26083,0.1432,CA01,DIGITAL_CORE
CU000411,PR05,SU0025,CL002488,CLP,2024-05-31,,Activa,19123,0.3649,CA02,CORE_B
CU000412,PR03,SU0050,CL004014,COP,2024-12-21,2025-05-01,Cerrada,0,0.0103,CA01,CORE_B
CU000413,PR03,SU0040,CL001067,PEN,2018-12-03,,Activa,0,0.0092,CA01,CORE_A
CU000414,PR06,SU0047,CL000574,COP,2025-11-06,,Activa,17318,0.3181,CA05,CORE_B
CU000415,PR01,SU0007,CL002311,MXN,2020-06-09,,Activa,0,0,CA05,CORE_A
CU000416,PR14,SU0012,CL004255,CAD,2021-03-03,,Activa,0,0,CA02,CORE_A
CU000417,PR09,SU0040,CL004443,PEN,2021-12-15,,Activa,20714,0.145,CA01,CORE_A
CU000418,PR07,SU0041,CL000198,COP,2022-10-11,,Activa,14415,0.3001,CA05,CORE_B
CU000419,PR08,SU0032,CL003570,PEN,2025-10-15,,Activa,160912,0.2526,CA01,CORE_B
CU000420,PR15,SU0050,CL004240,COP,2025-06-08,,Activa,0,0.0404,CA05,CORE_B
CU000421,PR14,SU0008,CL004380,MXN,2023-06-18,,Activa,0,0.0107,CA01,DIGITAL_CORE
CU000422,PR15,SU0040,CL003468,PEN,2025-05-28,,Activa,0,0.029,CA01,DIGITAL_CORE
CU000423,PR18,SU0012,CL004404,CAD,2022-09-04,,Activa,0,0.0097,CA05,CORE_B
CU000424,PR15,SU0036,CL000443,PEN,2021-08-26,,Activa,0,0.0264,CA05,CORE_B
CU000425,PR18,SU0004,CL002448,MXN,2019-08-13,,Activa,0,0.0126,CA02,CORE_B
CU000426,PR05,SU0030,CL000117,CLP,2025-03-14,,Activa,292603,0.3839,CA03,CORE_B
CU000427,PR10,SU0021,CL000575,CLP,2022-01-16,,Activa,21354,0.0879,CA03,CORE_B
CU000428,PR17,SU0025,CL003088,CLP,2025-07-18,,Activa,0,0,CA01,DIGITAL_CORE
CU000429,PR18,SU0013,CL000122,CAD,2021-01-18,,Activa,0,0,CA05,CORE_B
CU000430,PR14,SU0026,CL000014,CLP,2025-03-21,,Activa,0,0,CA01,CORE_A
CU000431,PR08,SU0049,CL003970,COP,2024-06-18,,Bloqueada,156669,0.2296,CA02,CORE_A
CU000432,PR08,SU0046,CL002928,COP,2022-04-24,,Activa,22346,0.253,CA01,CORE_B
CU000433,PR18,SU0009,CL001531,MXN,2018-12-31,,Activa,0,0,CA01,CORE_A
CU000434,PR15,SU0025,CL002281,CLP,2019-03-08,,Activa,0,0.0297,CA05,CORE_A
CU000435,PR06,SU0027,CL003565,CLP,2022-02-14,,Activa,100827,0.3303,CA05,DIGITAL_CORE
CU000436,PR07,SU0002,CL000677,MXN,2022-10-12,,Activa,14327,0.2716,CA02,CORE_A
CU000437,PR06,SU0019,CL004028,CAD,2025-08-18,,Activa,62612,0.3054,CA02,DIGITAL_CORE
CU000438,PR07,SU0025,CL000145,CLP,2022-10-11,,Activa,94552,0.2714,CA05,CORE_B
CU000439,PR18,SU0040,CL003237,PEN,2020-11-22,,Activa,0,0.0115,CA05,CORE_B
CU000440,PR06,SU0013,CL002373,CAD,2020-08-01,,Activa,8714,0.326,CA05,CORE_B
CU000441,PR18,SU0008,CL003200,MXN,2020-05-07,,Activa,0,0,CA05,CORE_B
CU000442,PR14,SU0002,CL001292,MXN,2022-11-14,,Activa,0,0,CA05,CORE_A
CU000443,PR16,SU0035,CL002816,PEN,2024-02-25,2024-10-02,Cerrada,0,0,CA05,CORE_B
CU000444,PR07,SU0035,CL000788,PEN,2020-10-04,,Activa,38559,0.277,CA01,DIGITAL_CORE
CU000445,PR18,SU0027,CL001591,CLP,2020-08-28,,Activa,0,0.0065,CA03,CORE_B
CU000446,PR16,SU0032,CL000517,PEN,2024-08-27,,Activa,0,0.018,CA05,DIGITAL_CORE
CU000447,PR16,SU0008,CL001577,MXN,2025-03-28,,Activa,0,0,CA05,CORE_A
CU000448,PR18,SU0012,CL000982,CAD,2025-06-02,,Activa,0,0.0154,CA03,CORE_A
CU000449,PR08,SU0014,CL003835,CAD,2025-10-29,,Activa,15359,0.2618,CA01,CORE_A
CU000450,PR18,SU0030,CL003705,CLP,2023-11-07,,Bloqueada,0,0.0129,CA03,CORE_A
CU000451,PR18,SU0023,CL000680,CLP,2024-07-05,,Activa,0,0,CA03,CORE_B
CU000452,PR18,SU0009,CL004412,MXN,2022-02-21,,Activa,0,0.0148,CA03,CORE_B
CU000453,PR07,SU0024,CL003521,CLP,2018-12-04,,Activa,32556,0.2755,CA01,DIGITAL_CORE
CU000454,PR05,SU0033,CL000512,PEN,2021-07-13,,Activa,2613,0.3455,CA01,CORE_B
CU000455,PR02,SU0036,CL001105,PEN,2021-09-29,,Activa,0,0.0192,CA05,CORE_A
CU000456,PR14,SU0022,CL002601,CLP,2024-02-21,,Activa,0,0.0005,CA05,CORE_A
CU000457,PR04,SU0049,CL003560,COP,2019-08-30,,Activa,0,0.0389,CA01,CORE_B
CU000458,PR18,SU0032,CL003600,PEN,2024-05-09,,Activa,0,0.0096,CA05,CORE_B
CU000459,PR05,SU0015,CL000641,CAD,2023-01-16,,Activa,22297,0.3776,CA02,DIGITAL_CORE
CU000460,PR08,SU0050,CL002152,COP,2025-01-17,,Activa,3821,0.2262,CA05,DIGITAL_CORE
CU000461,PR14,SU0034,CL001574,PEN,2024-03-28,,Activa,0,0.0115,CA01,CORE_B
CU000462,PR16,SU0008,CL002954,MXN,2024-03-12,,Activa,0,0.0096,CA01,DIGITAL_CORE
CU000463,PR07,SU0032,CL003679,PEN,2025-11-10,,Activa,57377,0.2929,CA01,DIGITAL_CORE
CU000464,PR12,SU0014,CL003998,CAD,2021-10-21,,Activa,2864167,0.1995,CA05,DIGITAL_CORE
CU000465,PR01,SU0045,CL001674,COP,2024-02-27,,Activa,0,0.0018,CA01,CORE_B
CU000466,PR02,SU0011,CL002880,CAD,2022-12-03,,Activa,0,0.0011,CA01,CORE_A
CU000467,PR09,SU0005,CL002753,MXN,2022-03-22,,Activa,86709,0.1689,CA05,CORE_B
CU000468,PR18,SU0007,CL002876,MXN,2024-11-18,,Activa,0,0,CA03,DIGITAL_CORE
CU000469,PR09,SU0028,CL003243,CLP,2024-05-16,,Activa,22061,0.1493,CA01,CORE_A
CU000470,PR15,SU0022,CL003054,CLP,2019-12-22,,Activa,0,0.037,CA01,CORE_A
CU000471,PR07,SU0045,CL002524,COP,2023-07-14,,Activa,25630,0.285,CA03,DIGITAL_CORE
CU000472,PR15,SU0049,CL002572,COP,2024-12-09,,Activa,0,0.0254,CA01,DIGITAL_CORE
CU000473,PR14,SU0039,CL002778,PEN,2022-12-22,,Activa,0,0,CA05,DIGITAL_CORE
CU000474,PR12,SU0025,CL003572,CLP,2024-03-03,,Activa,6559832,0.1998,CA01,CORE_A
CU000475,PR05,SU0004,CL004401,MXN,2025-02-15,,Activa,35148,0.3816,CA05,CORE_A
CU000476,PR14,SU0017,CL004415,CAD,2019-08-23,2021-09-07,Cerrada,0,0.001,CA05,CORE_A
CU000477,PR18,SU0007,CL004058,MXN,2023-05-17,,Activa,0,0.023,CA03,CORE_A
CU000478,PR15,SU0009,CL001349,MXN,2023-10-24,,Activa,0,0.0518,CA05,CORE_B
CU000479,PR16,SU0046,CL004381,COP,2019-06-06,,Activa,0,0.0123,CA03,CORE_B
CU000480,PR09,SU0014,CL002457,CAD,2023-03-03,2023-11-21,Cerrada,8340,0.1695,CA02,CORE_B
CU000481,PR16,SU0032,CL003011,PEN,2024-03-26,,Activa,0,0,CA05,CORE_B
CU000482,PR03,SU0017,CL003443,CAD,2019-05-25,,Activa,0,0.0124,CA01,DIGITAL_CORE
CU000483,PR09,SU0023,CL003693,CLP,2023-09-27,,Activa,89481,0.1699,CA02,DIGITAL_CORE
CU000484,PR05,SU0031,CL003607,PEN,2025-02-09,,Activa,28060,0.3628,CA03,CORE_B
CU000485,PR18,SU0050,CL003971,COP,2025-04-22,,Activa,0,0,CA05,CORE_B
CU000486,PR01,SU0012,CL001974,CAD,2022-10-26,,Activa,0,0.0064,CA03,CORE_B
CU000487,PR17,SU0002,CL002580,MXN,2021-05-16,,Activa,0,0,CA03,CORE_B
CU000488,PR06,SU0001,CL000374,MXN,2025-10-14,,Activa,3574,0.3194,CA05,DIGITAL_CORE
CU000489,PR01,SU0049,CL004022,COP,2025-04-18,,Activa,0,0,CA05,CORE_A
CU000490,PR03,SU0003,CL004273,MXN,2019-02-02,,Activa,0,0.0166,CA03,CORE_A
CU000491,PR04,SU0035,CL004012,PEN,2022-08-18,,Activa,0,0.0403,CA03,CORE_A
CU000492,PR18,SU0037,CL002253,PEN,2025-08-26,,Activa,0,0.013,CA02,DIGITAL_CORE
CU000493,PR18,SU0028,CL002843,CLP,2024-03-17,,Activa,0,0.018,CA03,DIGITAL_CORE
CU000494,PR08,SU0026,CL002858,CLP,2023-11-03,,Activa,15346,0.2595,CA05,CORE_A
CU000495,PR05,SU0049,CL001844,COP,2022-03-06,,Activa,18192,0.358,CA01,DIGITAL_CORE
CU000496,PR07,SU0016,CL000146,CAD,2022-03-23,,Activa,19417,0.2903,CA05,DIGITAL_CORE
CU000497,PR08,SU0006,CL002312,MXN,2023-04-23,,Activa,9204,0.2636,CA01,DIGITAL_CORE
CU000498,PR01,SU0048,CL003012,COP,2019-12-05,,Activa,0,0,CA05,CORE_B
CU000499,PR02,SU0029,CL003934,CLP,2025-06-28,,Activa,0,0.0081,CA05,DIGITAL_CORE
CU000500,PR09,SU0012,CL004028,CAD,2020-10-31,,Activa,53319,0.1452,CA01,CORE_A
CU000501,PR04,SU0048,CL000643,COP,2024-09-17,,Activa,0,0.0231,CA01,CORE_A
CU000502,PR18,SU0032,CL004355,PEN,2020-12-24,,Activa,0,0,CA05,CORE_B
CU000503,PR03,SU0007,CL003795,MXN,2019-04-14,,Activa,0,0.0127,CA05,CORE_A
CU000504,PR04,SU0006,CL004020,MXN,2023-05-24,,Activa,0,0.0187,CA03,CORE_A
CU000505,PR17,SU0039,CL002857,PEN,2025-02-02,,Activa,0,0.0121,CA01,DIGITAL_CORE
CU000506,PR16,SU0018,CL004227,CAD,2021-10-22,,Activa,0,0.0118,CA03,CORE_A
CU000507,PR15,SU0005,CL001478,MXN,2019-08-07,,Activa,0,0.0319,CA02,DIGITAL_CORE
CU000508,PR08,SU0020,CL003703,CAD,2024-10-16,,Activa,114753,0.2257,CA05,DIGITAL_CORE
CU000509,PR11,SU0050,CL003220,COP,2019-10-24,2020-09-12,Cerrada,0,0.0157,CA01,CORE_A
CU000510,PR05,SU0047,CL003097,COP,2022-12-06,,Activa,9932,0.3497,CA01,CORE_B
CU000511,PR02,SU0002,CL000846,MXN,2020-08-13,2022-01-17,Cerrada,0,0,CA05,CORE_B
CU000512,PR05,SU0004,CL000686,MXN,2020-06-15,,Activa,27513,0.3609,CA01,CORE_B
CU000513,PR09,SU0018,CL001989,CAD,2020-03-21,,Activa,10294,0.1603,CA02,CORE_B
CU000514,PR08,SU0005,CL000123,MXN,2022-03-30,,Activa,28151,0.2495,CA01,CORE_B
CU000515,PR17,SU0040,CL000960,PEN,2020-11-23,,Activa,0,0,CA05,CORE_B
CU000516,PR08,SU0021,CL001195,CLP,2023-12-17,,Bloqueada,55814,0.2384,CA05,DIGITAL_CORE
CU000517,PR18,SU0013,CL003465,CAD,2021-12-13,,Activa,0,0.0103,CA02,DIGITAL_CORE
CU000518,PR05,SU0050,CL003435,COP,2021-05-09,,Activa,93902,0.3562,CA01,DIGITAL_CORE
CU000519,PR18,SU0033,CL001890,PEN,2023-10-10,2024-03-20,Cerrada,0,0,CA05,CORE_B
CU000520,PR04,SU0043,CL003855,COP,2025-03-22,,Activa,0,0.0469,CA03,CORE_B
CU000521,PR02,SU0018,CL003002,CAD,2024-06-16,,Activa,0,0.0083,CA01,DIGITAL_CORE
CU000522,PR08,SU0048,CL000997,COP,2023-11-02,,Activa,22776,0.2597,CA02,CORE_A
CU000523,PR13,SU0034,CL003673,PEN,2021-08-03,,Activa,104148,0.1398,CA01,CORE_B
CU000524,PR18,SU0031,CL002927,PEN,2023-06-11,,Activa,0,0,CA01,CORE_B
CU000525,PR08,SU0023,CL001503,CLP,2024-05-13,,Activa,4563,0.2362,CA01,CORE_B
CU000526,PR14,SU0032,CL004336,PEN,2019-07-02,,Activa,0,0.0155,CA01,DIGITAL_CORE
CU000527,PR09,SU0008,CL002445,MXN,2023-11-14,,Activa,40905,0.143,CA05,DIGITAL_CORE
CU000528,PR13,SU0017,CL000180,CAD,2025-01-04,,Activa,206628,0.1322,CA05,CORE_A
CU000529,PR09,SU0040,CL002603,PEN,2023-08-27,,Bloqueada,86293,0.1652,CA05,CORE_A
CU000530,PR06,SU0010,CL002730,MXN,2024-09-11,,Activa,13319,0.3236,CA01,CORE_B
CU000531,PR07,SU0029,CL002177,CLP,2021-04-20,,Activa,85387,0.2806,CA01,DIGITAL_CORE
CU000532,PR03,SU0011,CL003733,CAD,2022-09-26,,Activa,0,0.0052,CA05,DIGITAL_CORE
CU000533,PR15,SU0039,CL002358,PEN,2020-06-09,2020-11-03,Cerrada,0,0.0356,CA05,CORE_A
CU000534,PR18,SU0015,CL003206,CAD,2024-11-20,,Activa,0,0.008,CA01,CORE_B
CU000535,PR04,SU0013,CL002738,CAD,2020-04-08,,Activa,0,0.0507,CA05,CORE_B
CU000536,PR05,SU0022,CL000701,CLP,2025-10-11,,Activa,28983,0.3557,CA01,DIGITAL_CORE
CU000537,PR09,SU0035,CL000711,PEN,2024-10-16,,Activa,10084,0.1667,CA05,DIGITAL_CORE
CU000538,PR18,SU0007,CL001211,MXN,2020-08-11,,Activa,0,0.0164,CA01,DIGITAL_CORE
CU000539,PR18,SU0044,CL003718,COP,2024-05-30,,Activa,0,0.0086,CA05,DIGITAL_CORE
CU000540,PR18,SU0036,CL002872,PEN,2021-11-17,,Activa,0,0.0172,CA02,DIGITAL_CORE
CU000541,PR07,SU0040,CL003487,PEN,2023-12-25,,Activa,96278,0.2768,CA05,CORE_A
CU000542,PR15,SU0010,CL002229,MXN,2024-05-01,,Activa,0,0.0365,CA02,DIGITAL_CORE
CU000543,PR04,SU0034,CL000115,PEN,2021-01-16,2022-04-23,Cerrada,0,0.0483,CA01,DIGITAL_CORE
CU000544,PR05,SU0022,CL003261,CLP,2023-06-29,,Activa,40397,0.3638,CA05,CORE_B
CU000545,PR16,SU0022,CL000103,CLP,2023-12-14,,Activa,0,0.0048,CA05,DIGITAL_CORE
CU000546,PR02,SU0003,CL002995,MXN,2021-04-19,,Activa,0,0.0102,CA05,CORE_B
CU000547,PR12,SU0020,CL004447,CAD,2022-12-05,,Activa,275417,0.2006,CA05,DIGITAL_CORE
CU000548,PR09,SU0021,CL003322,CLP,2025-05-20,,Activa,155176,0.1562,CA05,DIGITAL_CORE
CU000549,PR08,SU0026,CL000005,CLP,2023-07-18,,Activa,14658,0.2512,CA01,CORE_B
CU000550,PR04,SU0018,CL004227,CAD,2021-04-01,,Activa,0,0.0472,CA01,CORE_B
CU000551,PR18,SU0042,CL000672,COP,2023-08-01,,Activa,0,0,CA03,CORE_A
CU000552,PR14,SU0042,CL000807,COP,2024-07-11,,Activa,0,0,CA02,CORE_B
CU000553,PR05,SU0004,CL001380,MXN,2021-08-09,,Activa,19714,0.3712,CA01,DIGITAL_CORE
CU000554,PR10,SU0002,CL003421,MXN,2022-11-14,,Activa,84031,0.1229,CA01,CORE_A
CU000555,PR07,SU0022,CL002199,CLP,2022-12-06,,Activa,17210,0.2847,CA05,CORE_B
CU000556,PR05,SU0008,CL004337,MXN,2019-11-10,,Activa,21993,0.3718,CA02,DIGITAL_CORE
CU000557,PR15,SU0026,CL000037,CLP,2020-03-13,,Activa,0,0.0516,CA05,CORE_B
CU000558,PR07,SU0020,CL000178,CAD,2025-03-24,2025-10-12,Cerrada,45374,0.2705,CA02,CORE_A
CU000559,PR08,SU0022,CL000785,CLP,2019-03-23,,Activa,83467,0.2519,CA02,DIGITAL_CORE
CU000560,PR08,SU0015,CL003828,CAD,2021-02-04,,Activa,13519,0.2484,CA01,CORE_B
CU000561,PR08,SU0024,CL003862,CLP,2019-04-15,,Activa,340997,0.2525,CA01,CORE_A
CU000562,PR02,SU0048,CL002914,COP,2022-12-06,,Activa,0,0,CA05,CORE_B
CU000563,PR18,SU0035,CL000557,PEN,2022-10-09,,Activa,0,0.0207,CA02,CORE_A
CU000564,PR16,SU0021,CL000902,CLP,2019-08-14,,Activa,0,0,CA03,DIGITAL_CORE
CU000565,PR18,SU0032,CL001434,PEN,2022-07-21,,Activa,0,0.0138,CA02,DIGITAL_CORE
CU000566,PR05,SU0014,CL002475,CAD,2022-06-22,,Activa,474203,0.3556,CA05,CORE_B
CU000567,PR02,SU0026,CL002464,CLP,2025-10-25,,Activa,0,0.0181,CA05,DIGITAL_CORE
CU000568,PR08,SU0047,CL002907,COP,2021-07-29,,Activa,15614,0.2505,CA05,DIGITAL_CORE
CU000569,PR12,SU0017,CL000780,CAD,2020-05-12,,Activa,562009,0.1735,CA02,DIGITAL_CORE
CU000570,PR16,SU0042,CL004246,COP,2021-12-19,,Activa,0,0,CA01,CORE_A
CU000571,PR02,SU0019,CL000727,CAD,2024-08-20,,Activa,0,0,CA01,DIGITAL_CORE
CU000572,PR11,SU0006,CL004458,MXN,2024-07-29,,Activa,0,0.0134,CA01,CORE_B
CU000573,PR18,SU0006,CL002408,MXN,2024-12-18,,Activa,0,0.0228,CA03,CORE_A
CU000574,PR02,SU0045,CL002637,COP,2022-01-05,,Activa,0,0,CA05,CORE_B
CU000575,PR02,SU0033,CL000159,PEN,2025-04-02,,Activa,0,0,CA05,DIGITAL_CORE
CU000576,PR11,SU0048,CL003988,COP,2024-01-13,,Activa,0,0.0106,CA01,CORE_A
CU000577,PR07,SU0015,CL001462,CAD,2023-11-10,,Activa,4859,0.2726,CA05,CORE_A
CU000578,PR05,SU0046,CL002941,COP,2025-03-13,,Activa,22646,0.3649,CA01,CORE_B
CU000579,PR10,SU0018,CL002554,CAD,2024-01-20,,Activa,437102,0.0994,CA05,CORE_A
CU000580,PR18,SU0009,CL002954,MXN,2024-12-28,,Activa,0,0,CA02,CORE_A
CU000581,PR03,SU0007,CL004273,MXN,2021-01-13,,Activa,0,0.0001,CA02,CORE_B
CU000582,PR03,SU0020,CL003100,CAD,2021-11-29,,Activa,0,0.0219,CA01,CORE_A
CU000583,PR02,SU0035,CL003983,PEN,2021-06-19,,Activa,0,0.0135,CA05,CORE_B
CU000584,PR04,SU0044,CL003843,COP,2023-12-30,,Activa,0,0.0511,CA05,CORE_B
CU000585,PR18,SU0006,CL000195,MXN,2024-04-10,,Activa,0,0.0139,CA05,CORE_B
CU000586,PR13,SU0014,CL003596,CAD,2022-10-01,2024-01-24,Cerrada,8624696,0.1521,CA05,CORE_B
CU000587,PR12,SU0010,CL000192,MXN,2019-01-03,,Activa,104045,0.1857,CA05,CORE_B
CU000588,PR16,SU0006,CL000548,MXN,2025-10-30,,Activa,0,0,CA01,DIGITAL_CORE
CU000589,PR03,SU0009,CL000584,MXN,2023-06-15,,Activa,0,0.0277,CA05,DIGITAL_CORE
CU000590,PR11,SU0048,CL001575,COP,2025-10-18,,Activa,0,0.0175,CA05,CORE_B
CU000591,PR18,SU0017,CL004473,CAD,2024-10-10,,Activa,0,0.0136,CA03,DIGITAL_CORE
CU000592,PR04,SU0043,CL001683,COP,2024-09-27,,Activa,0,0.0188,CA01,CORE_B
CU000593,PR07,SU0029,CL001207,CLP,2021-09-15,,Activa,123052,0.2797,CA02,CORE_A
CU000594,PR08,SU0049,CL003420,COP,2021-05-10,,Activa,16007,0.2336,CA01,CORE_A
CU000595,PR16,SU0026,CL000569,CLP,2022-02-05,,Activa,0,0.014,CA01,DIGITAL_CORE
CU000596,PR05,SU0001,CL004241,MXN,2019-04-09,,Activa,8939,0.3673,CA05,CORE_A
CU000597,PR01,SU0024,CL000918,CLP,2023-01-07,,Activa,0,0,CA05,CORE_A
CU000598,PR10,SU0014,CL000783,CAD,2023-04-11,,Activa,16707,0.0907,CA05,DIGITAL_CORE
CU000599,PR18,SU0034,CL003164,PEN,2020-02-12,,Activa,0,0,CA01,DIGITAL_CORE
CU000600,PR04,SU0002,CL003082,MXN,2024-03-01,,Activa,0,0.0365,CA01,DIGITAL_CORE
CU000601,PR18,SU0032,CL002686,PEN,2023-05-12,,Activa,0,0.0166,CA01,CORE_B
CU000602,PR08,SU0037,CL000143,PEN,2019-10-12,,Activa,10118,0.2636,CA01,CORE_A
CU000603,PR18,SU0002,CL001382,MXN,2021-08-31,,Activa,0,0,CA03,CORE_B
CU000604,PR18,SU0024,CL003322,CLP,2019-04-10,,Activa,0,0.0218,CA02,DIGITAL_CORE
CU000605,PR08,SU0041,CL001731,COP,2023-10-23,,Activa,88804,0.2532,CA01,CORE_A
CU000606,PR18,SU0032,CL002296,PEN,2019-11-13,,Activa,0,0,CA02,CORE_B
CU000607,PR05,SU0021,CL002947,CLP,2020-08-03,,Activa,518375,0.3543,CA02,CORE_B
CU000608,PR09,SU0040,CL002824,PEN,2025-07-23,,Activa,6790,0.1651,CA05,DIGITAL_CORE
CU000609,PR16,SU0007,CL001872,MXN,2025-02-22,,Activa,0,0,CA01,CORE_B
CU000610,PR09,SU0025,CL000880,CLP,2021-08-23,,Activa,15401,0.1655,CA05,CORE_A
CU000611,PR18,SU0032,CL002955,PEN,2022-12-25,,Activa,0,0.0233,CA03,CORE_B
CU000612,PR07,SU0042,CL003625,COP,2024-03-30,,Activa,11497,0.275,CA03,CORE_B
CU000613,PR01,SU0050,CL000299,COP,2020-03-10,,Activa,0,0.0107,CA05,CORE_A
CU000614,PR18,SU0035,CL000505,PEN,2023-04-03,,Activa,0,0.0027,CA01,DIGITAL_CORE
CU000615,PR12,SU0002,CL003479,MXN,2024-01-21,,Activa,778172,0.1942,CA05,CORE_B
CU000616,PR16,SU0041,CL003616,COP,2019-10-17,,Activa,0,0.0161,CA02,DIGITAL_CORE
CU000617,PR03,SU0048,CL002267,COP,2025-09-25,,Activa,0,0.0019,CA05,CORE_B
CU000618,PR18,SU0018,CL000840,CAD,2022-08-17,,Activa,0,0.0153,CA05,DIGITAL_CORE
CU000619,PR08,SU0019,CL001855,CAD,2021-07-30,,Activa,81511,0.2418,CA05,CORE_A
CU000620,PR18,SU0023,CL000258,CLP,2025-06-13,,Activa,0,0.0093,CA02,CORE_B
CU000621,PR05,SU0046,CL000319,COP,2024-10-27,,Activa,14584,0.3541,CA05,CORE_A
CU000622,PR13,SU0044,CL001223,COP,2023-08-09,,Activa,776089,0.1586,CA05,CORE_B
CU000623,PR06,SU0021,CL001331,CLP,2025-08-27,,Activa,61599,0.3442,CA03,CORE_A
CU000624,PR02,SU0002,CL001542,MXN,2020-05-23,,Activa,0,0,CA05,CORE_A
CU000625,PR08,SU0031,CL004032,PEN,2024-08-01,,Activa,21941,0.2642,CA05,CORE_A
CU000626,PR08,SU0006,CL002681,MXN,2022-10-04,,Activa,33826,0.2447,CA05,CORE_B
CU000627,PR02,SU0041,CL000631,COP,2024-10-28,,Activa,0,0.0111,CA01,DIGITAL_CORE
CU000628,PR16,SU0010,CL003919,MXN,2023-03-28,,Activa,0,0.0109,CA05,CORE_A
CU000629,PR16,SU0002,CL004348,MXN,2023-02-12,,Activa,0,0,CA01,DIGITAL_CORE
CU000630,PR16,SU0029,CL000898,CLP,2020-02-21,,Activa,0,0.0093,CA02,CORE_A
CU000631,PR15,SU0045,CL003319,COP,2024-11-09,,Activa,0,0.0567,CA03,CORE_B
CU000632,PR16,SU0040,CL002624,PEN,2020-12-06,,Activa,0,0.012,CA01,DIGITAL_CORE
CU000633,PR06,SU0010,CL001554,MXN,2021-04-26,,Activa,3942,0.3373,CA01,CORE_B
CU000634,PR08,SU0029,CL003684,CLP,2025-11-25,,Bloqueada,64995,0.2471,CA05,CORE_A
CU000635,PR03,SU0046,CL004062,COP,2024-10-08,,Activa,0,0.0115,CA01,DIGITAL_CORE
CU000636,PR08,SU0041,CL003219,COP,2025-11-15,,Activa,69383,0.2504,CA05,CORE_B
CU000637,PR16,SU0043,CL001553,COP,2024-05-19,,Activa,0,0.0062,CA01,CORE_B
CU000638,PR08,SU0046,CL002567,COP,2022-12-02,,Activa,97862,0.2617,CA01,DIGITAL_CORE
CU000639,PR01,SU0023,CL000348,CLP,2025-09-15,,Activa,0,0,CA01,DIGITAL_CORE
CU000640,PR01,SU0020,CL003273,CAD,2022-10-01,2024-11-09,Cerrada,0,0.005,CA05,CORE_B
CU000641,PR04,SU0028,CL000034,CLP,2023-09-02,,Activa,0,0.0341,CA02,CORE_B
CU000642,PR04,SU0034,CL001310,PEN,2022-09-27,,Activa,0,0.0378,CA01,DIGITAL_CORE
CU000643,PR07,SU0008,CL003421,MXN,2018-12-16,,Activa,376767,0.2908,CA01,DIGITAL_CORE
CU000644,PR17,SU0024,CL001341,CLP,2025-02-08,,Activa,0,0,CA05,DIGITAL_CORE
CU000645,PR08,SU0041,CL001733,COP,2022-12-07,,Activa,9626,0.2646,CA05,DIGITAL_CORE
CU000646,PR08,SU0005,CL001404,MXN,2025-03-21,,Activa,12293,0.2294,CA05,CORE_A
CU000647,PR15,SU0020,CL000284,CAD,2021-04-19,,Activa,0,0.0648,CA01,CORE_A
CU000648,PR18,SU0042,CL000868,COP,2024-04-28,,Activa,0,0,CA05,CORE_A
CU000649,PR13,SU0013,CL002492,CAD,2021-06-04,,Activa,851705,0.133,CA01,CORE_A
CU000650,PR01,SU0050,CL003345,COP,2025-04-28,,Activa,0,0,CA03,DIGITAL_CORE
CU000651,PR10,SU0049,CL002731,COP,2024-01-21,,Activa,50863,0.0889,CA05,DIGITAL_CORE
CU000652,PR10,SU0038,CL001451,PEN,2023-05-03,,Activa,13286,0.115,CA05,CORE_A
CU000653,PR12,SU0036,CL002945,PEN,2021-05-04,,Activa,119270,0.1937,CA05,CORE_B
CU000654,PR10,SU0038,CL002089,PEN,2024-02-22,,Activa,20260,0.0935,CA05,CORE_A
CU000655,PR18,SU0013,CL004463,CAD,2023-11-28,,Activa,0,0.0008,CA05,CORE_A
CU000656,PR08,SU0044,CL000832,COP,2024-08-07,,Activa,53415,0.2445,CA01,CORE_A
CU000657,PR08,SU0014,CL000048,CAD,2023-05-13,,Activa,78436,0.2264,CA05,DIGITAL_CORE
CU000658,PR16,SU0049,CL002631,COP,2023-09-22,,Activa,0,0.0018,CA05,CORE_B
CU000659,PR16,SU0008,CL000901,MXN,2024-06-30,,Activa,0,0.0077,CA03,CORE_A
CU000660,PR02,SU0027,CL003942,CLP,2023-01-02,,Activa,0,0,CA01,CORE_A
CU000661,PR18,SU0050,CL004294,COP,2024-05-07,,Activa,0,0,CA03,DIGITAL_CORE
CU000662,PR06,SU0026,CL001488,CLP,2020-02-25,,Activa,24085,0.3078,CA05,CORE_B
CU000663,PR02,SU0002,CL002008,MXN,2024-04-24,,Activa,0,0.0068,CA01,DIGITAL_CORE
CU000664,PR09,SU0039,CL003874,PEN,2025-10-10,,Activa,354488,0.1596,CA02,CORE_B
CU000665,PR18,SU0028,CL003566,CLP,2019-06-24,,Activa,0,0,CA05,DIGITAL_CORE
CU000666,PR01,SU0021,CL000471,CLP,2023-05-21,,Activa,0,0,CA01,CORE_B
CU000667,PR18,SU0038,CL000108,PEN,2022-01-06,,Activa,0,0.0087,CA02,DIGITAL_CORE
CU000668,PR05,SU0002,CL000938,MXN,2019-10-08,,Activa,44155,0.3752,CA02,CORE_A
CU000669,PR15,SU0035,CL003445,PEN,2020-03-02,,Activa,0,0.0385,CA01,DIGITAL_CORE
CU000670,PR17,SU0049,CL001344,COP,2019-11-15,,Activa,0,0.0121,CA05,CORE_B
CU000671,PR18,SU0042,CL000047,COP,2022-05-24,,Activa,0,0.0064,CA05,CORE_B
CU000672,PR05,SU0042,CL000984,COP,2023-08-29,2024-03-13,Cerrada,45629,0.3785,CA05,CORE_B
CU000673,PR08,SU0022,CL000767,CLP,2023-05-29,,Activa,56061,0.2289,CA05,CORE_B
CU000674,PR17,SU0016,CL001538,CAD,2024-05-31,,Activa,0,0.0041,CA05,DIGITAL_CORE
CU000675,PR01,SU0047,CL002078,COP,2024-01-22,,Activa,0,0.0103,CA01,DIGITAL_CORE
CU000676,PR03,SU0004,CL002163,MXN,2025-03-15,,Activa,0,0.002,CA02,CORE_B
CU000677,PR12,SU0007,CL001038,MXN,2023-09-29,,Activa,112696,0.1665,CA03,CORE_A
CU000678,PR09,SU0039,CL001913,PEN,2025-02-07,,Activa,21172,0.1708,CA01,CORE_B
CU000679,PR03,SU0008,CL000461,MXN,2022-09-06,,Activa,0,0,CA01,DIGITAL_CORE
CU000680,PR10,SU0038,CL000064,PEN,2021-11-16,,Activa,36067,0.1241,CA05,CORE_B
CU000681,PR18,SU0016,CL000077,CAD,2024-06-26,,Activa,0,0,CA01,CORE_B
CU000682,PR18,SU0004,CL000001,MXN,2023-01-23,,Activa,0,0.0215,CA05,CORE_A
CU000683,PR06,SU0039,CL000653,PEN,2021-10-12,,Activa,16534,0.3246,CA01,CORE_A
CU000684,PR04,SU0001,CL001354,MXN,2020-11-23,,Activa,0,0.0356,CA01,DIGITAL_CORE
CU000685,PR11,SU0008,CL001905,MXN,2021-09-30,,Activa,0,0.0068,CA05,DIGITAL_CORE
CU000686,PR12,SU0028,CL002818,CLP,2019-11-11,,Activa,1060532,0.1676,CA01,CORE_B
CU000687,PR11,SU0017,CL001719,CAD,2023-04-30,,Activa,0,0,CA03,CORE_B
CU000688,PR13,SU0013,CL000519,CAD,2023-07-01,,Activa,806936,0.1587,CA03,CORE_A
CU000689,PR05,SU0028,CL003636,CLP,2022-10-14,,Activa,16650,0.3811,CA05,DIGITAL_CORE
CU000690,PR03,SU0044,CL000589,COP,2022-07-13,,Activa,0,0,CA01,CORE_B
CU000691,PR16,SU0022,CL001736,CLP,2021-07-21,,Bloqueada,0,0,CA05,CORE_B
CU000692,PR01,SU0039,CL004130,PEN,2021-03-08,,Activa,0,0.0203,CA01,CORE_A
CU000693,PR03,SU0007,CL000090,MXN,2025-01-18,,Activa,0,0,CA05,DIGITAL_CORE
CU000694,PR16,SU0043,CL001395,COP,2021-04-16,,Activa,0,0,CA03,CORE_A
CU000695,PR07,SU0034,CL002039,PEN,2021-03-05,,Activa,15713,0.2789,CA05,CORE_A
CU000696,PR01,SU0008,CL002463,MXN,2021-10-14,,Activa,0,0.0098,CA05,CORE_B
CU000697,PR04,SU0011,CL003640,CAD,2025-09-01,,Activa,0,0.0388,CA05,DIGITAL_CORE
CU000698,PR08,SU0010,CL000177,MXN,2023-01-08,,Activa,14109,0.2598,CA05,DIGITAL_CORE
CU000699,PR06,SU0017,CL002060,CAD,2019-10-26,,Activa,156095,0.34,CA02,DIGITAL_CORE
CU000700,PR07,SU0003,CL004426,MXN,2025-02-20,,Activa,147851,0.2821,CA05,DIGITAL_CORE
CU000701,PR16,SU0040,CL004322,PEN,2023-07-02,,Activa,0,0.0089,CA05,CORE_B
CU000702,PR18,SU0003,CL000028,MXN,2023-11-19,,Activa,0,0.0085,CA02,CORE_A
CU000703,PR07,SU0042,CL002346,COP,2023-03-28,,Activa,238296,0.3001,CA01,CORE_A
CU000704,PR18,SU0037,CL001109,PEN,2022-04-02,,Activa,0,0.011,CA05,DIGITAL_CORE
CU000705,PR15,SU0006,CL003151,MXN,2022-10-01,2023-08-06,Cerrada,0,0.0639,CA05,CORE_A
CU000706,PR17,SU0016,CL003576,CAD,2021-07-26,,Activa,0,0.0099,CA02,CORE_B
CU000707,PR06,SU0004,CL001961,MXN,2025-03-12,,Activa,61100,0.3244,CA05,CORE_A
CU000708,PR14,SU0011,CL003284,CAD,2022-10-31,,Activa,0,0.004,CA01,CORE_A
CU000709,PR18,SU0025,CL003334,CLP,2019-03-24,2020-10-25,Cerrada,0,0.0173,CA02,DIGITAL_CORE
CU000710,PR18,SU0019,CL001166,CAD,2019-11-01,,Activa,0,0.0127,CA02,CORE_A
CU000711,PR18,SU0009,CL003658,MXN,2021-12-18,,Activa,0,0,CA01,CORE_B
CU000712,PR01,SU0014,CL001293,CAD,2023-05-30,,Activa,0,0,CA01,CORE_B
CU000713,PR16,SU0008,CL004193,MXN,2023-10-28,,Activa,0,0.0165,CA02,CORE_B
CU000714,PR17,SU0015,CL002210,CAD,2022-09-25,,Activa,0,0,CA03,CORE_B
CU000715,PR01,SU0041,CL004485,COP,2021-03-13,,Activa,0,0.0159,CA01,CORE_B
CU000716,PR18,SU0024,CL001021,CLP,2023-03-17,,Activa,0,0.0203,CA01,DIGITAL_CORE
CU000717,PR06,SU0037,CL002082,PEN,2024-02-28,2025-04-10,Cerrada,6039,0.3197,CA05,CORE_A
CU000718,PR03,SU0040,CL001295,PEN,2024-12-08,,Activa,0,0,CA02,CORE_A
CU000719,PR09,SU0024,CL004300,CLP,2020-04-02,2022-02-18,Cerrada,42443,0.173,CA01,CORE_A
CU000720,PR15,SU0013,CL004379,CAD,2025-03-26,,Activa,0,0.0443,CA05,CORE_B
CU000721,PR05,SU0049,CL000038,COP,2022-12-28,,Activa,69376,0.3475,CA01,CORE_A
CU000722,PR15,SU0020,CL002251,CAD,2022-09-11,,Activa,0,0.0582,CA01,DIGITAL_CORE
CU000723,PR15,SU0050,CL002997,COP,2020-06-01,,Activa,0,0.0543,CA05,CORE_B
CU000724,PR03,SU0029,CL001717,CLP,2019-03-10,,Activa,0,0,CA05,DIGITAL_CORE
CU000725,PR10,SU0014,CL003746,CAD,2025-10-17,,Activa,22775,0.0886,CA05,DIGITAL_CORE
CU000726,PR08,SU0042,CL000834,COP,2020-07-28,,Activa,73750,0.2448,CA01,CORE_A
CU000727,PR18,SU0039,CL000264,PEN,2019-07-18,,Activa,0,0,CA01,CORE_A
CU000728,PR13,SU0029,CL001756,CLP,2021-03-30,,Activa,407272,0.1473,CA01,CORE_B
CU000729,PR14,SU0010,CL001478,MXN,2020-02-26,,Activa,0,0.0102,CA02,CORE_A
CU000730,PR18,SU0044,CL001185,COP,2023-01-13,,Activa,0,0.0136,CA05,DIGITAL_CORE
CU000731,PR13,SU0019,CL002061,CAD,2023-02-13,2025-04-16,Cerrada,497722,0.1638,CA05,DIGITAL_CORE
CU000732,PR01,SU0008,CL000461,MXN,2023-07-28,,Activa,0,0,CA05,CORE_B
CU000733,PR08,SU0001,CL001994,MXN,2021-10-10,,Activa,20930,0.2497,CA05,CORE_A
CU000734,PR06,SU0045,CL001779,COP,2022-08-27,,Activa,25306,0.3404,CA05,CORE_A
CU000735,PR07,SU0022,CL000154,CLP,2023-08-07,,Activa,34990,0.3033,CA03,CORE_B
CU000736,PR11,SU0039,CL003179,PEN,2024-02-01,,Activa,0,0.0164,CA05,CORE_A
CU000737,PR18,SU0004,CL000611,MXN,2025-08-16,,Activa,0,0,CA05,CORE_A
CU000738,PR09,SU0021,CL004252,CLP,2023-01-05,,Activa,23137,0.1625,CA03,DIGITAL_CORE
CU000739,PR04,SU0015,CL000118,CAD,2021-07-25,,Activa,0,0.0395,CA02,CORE_B
CU000740,PR03,SU0025,CL001117,CLP,2021-01-25,,Bloqueada,0,0,CA05,DIGITAL_CORE
CU000741,PR02,SU0006,CL001938,MXN,2025-01-21,,Activa,0,0.0089,CA01,CORE_A
CU000742,PR05,SU0012,CL004413,CAD,2023-09-05,,Activa,17704,0.3803,CA02,CORE_B
CU000743,PR15,SU0017,CL002805,CAD,2023-01-17,,Activa,0,0.0252,CA01,DIGITAL_CORE
CU000744,PR10,SU0031,CL000881,PEN,2024-07-06,,Activa,21470,0.106,CA05,CORE_A
CU000745,PR06,SU0012,CL000302,CAD,2023-02-12,,Activa,20737,0.3336,CA05,CORE_B
CU000746,PR05,SU0040,CL001567,PEN,2019-07-14,,Activa,59996,0.3531,CA03,DIGITAL_CORE
CU000747,PR05,SU0030,CL003074,CLP,2024-01-14,2025-07-19,Cerrada,23282,0.3471,CA02,CORE_A
CU000748,PR18,SU0033,CL004071,PEN,2022-08-01,,Activa,0,0,CA03,DIGITAL_CORE
CU000749,PR04,SU0006,CL000177,MXN,2023-01-20,,Activa,0,0.0191,CA01,CORE_B
CU000750,PR08,SU0042,CL002810,COP,2025-10-15,,Activa,218651,0.2648,CA01,CORE_B
CU000751,PR11,SU0024,CL000693,CLP,2021-05-07,,Activa,0,0.0142,CA03,DIGITAL_CORE
CU000752,PR18,SU0013,CL004452,CAD,2023-03-09,,Activa,0,0.0106,CA01,CORE_A
CU000753,PR15,SU0017,CL000010,CAD,2023-12-25,,Activa,0,0.0601,CA01,DIGITAL_CORE
CU000754,PR03,SU0044,CL000745,COP,2021-02-10,,Activa,0,0.0048,CA01,DIGITAL_CORE
CU000755,PR07,SU0040,CL003223,PEN,2022-06-30,,Activa,7158,0.2991,CA05,CORE_A
CU000756,PR18,SU0040,CL000163,PEN,2021-11-03,,Activa,0,0.0059,CA03,CORE_B
CU000757,PR06,SU0011,CL001885,CAD,2025-03-10,,Activa,9221,0.3275,CA01,CORE_B
CU000758,PR07,SU0034,CL000052,PEN,2020-03-28,,Activa,40944,0.2708,CA01,CORE_B
CU000759,PR08,SU0006,CL002059,MXN,2019-06-14,,Activa,73210,0.2337,CA03,CORE_A
CU000760,PR10,SU0013,CL002325,CAD,2023-09-03,,Activa,12239,0.1233,CA03,CORE_B
CU000761,PR18,SU0033,CL001596,PEN,2023-01-25,,Activa,0,0,CA05,CORE_B
CU000762,PR16,SU0039,CL000027,PEN,2023-12-30,,Activa,0,0.0054,CA01,DIGITAL_CORE
CU000763,PR09,SU0003,CL000808,MXN,2025-09-04,,Activa,12815,0.1744,CA01,CORE_B
CU000764,PR18,SU0023,CL003521,CLP,2024-10-20,,Activa,0,0,CA01,CORE_B
CU000765,PR18,SU0042,CL002471,COP,2021-07-24,,Activa,0,0.0177,CA02,DIGITAL_CORE
CU000766,PR09,SU0046,CL003924,COP,2023-01-01,,Activa,14766,0.1527,CA01,DIGITAL_CORE
CU000767,PR09,SU0032,CL001567,PEN,2022-02-20,,Activa,121201,0.1687,CA02,DIGITAL_CORE
CU000768,PR02,SU0014,CL000775,CAD,2019-09-01,,Activa,0,0,CA03,DIGITAL_CORE
CU000769,PR03,SU0010,CL004457,MXN,2025-03-24,,Activa,0,0.0181,CA05,CORE_B
CU000770,PR09,SU0042,CL003855,COP,2020-02-28,,Activa,61318,0.1498,CA02,DIGITAL_CORE
CU000771,PR01,SU0004,CL000435,MXN,2023-10-24,,Bloqueada,0,0.0166,CA05,DIGITAL_CORE
CU000772,PR03,SU0026,CL002306,CLP,2019-04-23,,Activa,0,0,CA05,CORE_A
CU000773,PR15,SU0022,CL000841,CLP,2022-09-28,,Activa,0,0.0292,CA01,DIGITAL_CORE
CU000774,PR03,SU0044,CL003103,COP,2022-01-20,2023-11-28,Cerrada,0,0.0088,CA01,CORE_B
CU000775,PR07,SU0028,CL001716,CLP,2022-08-23,,Activa,114254,0.2697,CA02,DIGITAL_CORE
CU000776,PR13,SU0015,CL003367,CAD,2024-06-10,,Activa,545420,0.1398,CA01,DIGITAL_CORE
CU000777,PR18,SU0004,CL002044,MXN,2024-12-13,,Activa,0,0.0099,CA05,CORE_A
CU000778,PR04,SU0040,CL002075,PEN,2022-12-29,,Activa,0,0.022,CA05,DIGITAL_CORE
CU000779,PR18,SU0032,CL000621,PEN,2022-10-03,,Activa,0,0,CA01,DIGITAL_CORE
CU000780,PR13,SU0019,CL001780,CAD,2021-05-02,,Activa,4007164,0.1359,CA02,DIGITAL_CORE
CU000781,PR09,SU0015,CL004171,CAD,2020-07-20,,Activa,25271,0.1561,CA03,DIGITAL_CORE
CU000782,PR06,SU0013,CL003822,CAD,2025-03-07,,Activa,83463,0.3438,CA01,CORE_A
CU000783,PR13,SU0041,CL003010,COP,2023-01-30,,Activa,378753,0.1641,CA01,CORE_A
CU000784,PR03,SU0032,CL000069,PEN,2021-04-01,2022-06-06,Cerrada,0,0,CA05,DIGITAL_CORE
CU000785,PR05,SU0011,CL001917,CAD,2021-12-03,,Activa,26121,0.3532,CA05,CORE_A
CU000786,PR05,SU0001,CL001426,MXN,2025-08-10,,Activa,24627,0.3491,CA05,CORE_A
CU000787,PR02,SU0050,CL003692,COP,2021-10-22,,Activa,0,0.0114,CA01,CORE_B
CU000788,PR14,SU0021,CL000084,CLP,2022-09-17,,Activa,0,0,CA01,CORE_A
CU000789,PR10,SU0011,CL002756,CAD,2025-10-29,,Activa,43229,0.0987,CA05,DIGITAL_CORE
CU000790,PR10,SU0036,CL000428,PEN,2021-01-02,,Activa,29938,0.0973,CA05,CORE_A
CU000791,PR08,SU0049,CL000058,COP,2019-05-17,,Activa,13852,0.2569,CA05,CORE_A
CU000792,PR11,SU0044,CL003806,COP,2019-06-14,,Activa,0,0.0036,CA01,DIGITAL_CORE
CU000793,PR01,SU0038,CL000227,PEN,2020-03-19,,Activa,0,0.0175,CA01,CORE_A
CU000794,PR07,SU0010,CL004059,MXN,2023-07-23,,Activa,431321,0.2967,CA01,CORE_B
CU000795,PR11,SU0029,CL001360,CLP,2025-04-03,,Activa,0,0.0037,CA05,DIGITAL_CORE
CU000796,PR04,SU0004,CL001788,MXN,2024-10-02,,Activa,0,0.0423,CA05,CORE_A
CU000797,PR05,SU0014,CL003099,CAD,2025-11-06,,Activa,48751,0.3565,CA03,CORE_A
CU000798,PR03,SU0027,CL001075,CLP,2023-10-13,2025-01-07,Cerrada,0,0,CA01,CORE_B
CU000799,PR12,SU0035,CL001869,PEN,2021-08-02,,Activa,912825,0.1802,CA05,DIGITAL_CORE
CU000800,PR16,SU0022,CL002372,CLP,2024-12-01,,Activa,0,0,CA02,CORE_B
CU000801,PR03,SU0041,CL003184,COP,2021-07-17,,Activa,0,0,CA01,DIGITAL_CORE
CU000802,PR15,SU0039,CL003369,PEN,2021-09-25,,Activa,0,0.0379,CA05,CORE_A
CU000803,PR10,SU0038,CL003488,PEN,2019-09-26,,Activa,99475,0.1021,CA01,CORE_A
CU000804,PR15,SU0004,CL003042,MXN,2024-02-20,,Activa,0,0.0638,CA01,CORE_A
CU000805,PR07,SU0025,CL002977,CLP,2024-04-30,,Activa,39657,0.2751,CA01,DIGITAL_CORE
CU000806,PR09,SU0025,CL001474,CLP,2023-01-05,,Activa,2449,0.1386,CA03,CORE_B
CU000807,PR02,SU0015,CL004260,CAD,2025-04-13,,Activa,0,0.0125,CA05,CORE_B
CU000808,PR15,SU0010,CL002896,MXN,2024-06-01,,Activa,0,0.0559,CA03,CORE_B
CU000809,PR18,SU0017,CL003807,CAD,2022-10-24,,Activa,0,0,CA02,DIGITAL_CORE
CU000810,PR05,SU0026,CL000196,CLP,2024-07-25,,Activa,90658,0.368,CA05,CORE_A
CU000811,PR04,SU0016,CL000249,CAD,2023-12-26,,Activa,0,0.0445,CA02,DIGITAL_CORE
CU000812,PR04,SU0012,CL004253,CAD,2025-10-13,,Activa,0,0.0193,CA01,CORE_A
CU000813,PR01,SU0045,CL000897,COP,2024-05-22,,Activa,0,0.0087,CA05,DIGITAL_CORE
CU000814,PR11,SU0033,CL001041,PEN,2022-10-26,,Activa,0,0,CA05,CORE_B
CU000815,PR07,SU0004,CL001569,MXN,2025-06-07,,Activa,60149,0.2723,CA05,CORE_B
CU000816,PR04,SU0012,CL001545,CAD,2023-04-07,,Activa,0,0.0256,CA05,CORE_B
CU000817,PR02,SU0011,CL003191,CAD,2019-12-27,,Activa,0,0,CA05,CORE_B
CU000818,PR15,SU0010,CL000109,MXN,2024-06-10,,Activa,0,0.0463,CA05,DIGITAL_CORE
CU000819,PR06,SU0011,CL003191,CAD,2021-02-08,,Activa,41073,0.3398,CA05,DIGITAL_CORE
CU000820,PR16,SU0030,CL002862,CLP,2024-08-25,,Activa,0,0.0145,CA01,CORE_A
CU000821,PR18,SU0042,CL001621,COP,2021-04-03,,Activa,0,0,CA02,CORE_A
CU000822,PR18,SU0021,CL002372,CLP,2023-07-21,,Activa,0,0,CA03,DIGITAL_CORE
CU000823,PR17,SU0040,CL001869,PEN,2024-09-25,,Activa,0,0.0025,CA05,CORE_A
CU000824,PR07,SU0006,CL001547,MXN,2023-09-09,,Activa,30197,0.2905,CA05,CORE_B
CU000825,PR06,SU0046,CL000873,COP,2023-03-30,,Activa,59502,0.3364,CA01,CORE_A
CU000826,PR06,SU0046,CL004258,COP,2021-10-29,,Activa,189343,0.3447,CA02,CORE_A
CU000827,PR12,SU0012,CL001719,CAD,2024-05-03,,Activa,53754,0.1892,CA02,DIGITAL_CORE
CU000828,PR16,SU0034,CL001202,PEN,2025-08-11,,Activa,0,0,CA05,CORE_A
CU000829,PR18,SU0007,CL004086,MXN,2025-01-07,,Activa,0,0,CA03,DIGITAL_CORE
CU000830,PR18,SU0014,CL001525,CAD,2022-01-19,,Activa,0,0.0121,CA02,DIGITAL_CORE
CU000831,PR18,SU0024,CL001977,CLP,2022-11-05,,Activa,0,0,CA02,CORE_A
CU000832,PR09,SU0017,CL003255,CAD,2019-07-15,,Activa,53372,0.1528,CA05,DIGITAL_CORE
CU000833,PR15,SU0038,CL000564,PEN,2019-09-17,,Activa,0,0.025,CA01,DIGITAL_CORE
CU000834,PR02,SU0019,CL000727,CAD,2023-08-01,,Activa,0,0,CA01,CORE_B
CU000835,PR09,SU0025,CL003157,CLP,2023-10-28,,Activa,24108,0.1542,CA01,CORE_A
CU000836,PR03,SU0040,CL001407,PEN,2022-10-03,,Activa,0,0.0121,CA02,DIGITAL_CORE
CU000837,PR08,SU0047,CL002755,COP,2023-08-13,,Activa,4706,0.2461,CA03,CORE_A
CU000838,PR18,SU0035,CL003154,PEN,2020-01-26,,Activa,0,0,CA01,CORE_B
CU000839,PR10,SU0011,CL003838,CAD,2018-12-01,,Activa,35852,0.1242,CA05,DIGITAL_CORE
CU000840,PR01,SU0016,CL003541,CAD,2023-02-08,,Activa,0,0.01,CA02,DIGITAL_CORE
CU000841,PR02,SU0001,CL000295,MXN,2021-04-15,,Activa,0,0.0013,CA05,DIGITAL_CORE
CU000842,PR05,SU0042,CL002679,COP,2024-07-15,,Activa,58037,0.3757,CA05,CORE_A
CU000843,PR04,SU0022,CL000709,CLP,2021-01-11,,Activa,0,0.032,CA01,CORE_A
CU000844,PR18,SU0021,CL001815,CLP,2021-08-08,,Activa,0,0,CA05,CORE_A
CU000845,PR15,SU0033,CL002397,PEN,2025-11-26,,Activa,0,0.032,CA03,DIGITAL_CORE
CU000846,PR02,SU0022,CL004483,CLP,2023-07-25,,Activa,0,0.0148,CA01,DIGITAL_CORE
CU000847,PR18,SU0047,CL002755,COP,2022-03-12,,Activa,0,0.0029,CA05,CORE_A
CU000848,PR02,SU0010,CL003840,MXN,2020-06-21,,Activa,0,0,CA01,DIGITAL_CORE
CU000849,PR16,SU0046,CL003345,COP,2020-03-12,,Activa,0,0,CA02,CORE_A
CU000850,PR15,SU0026,CL004354,CLP,2020-11-04,,Activa,0,0.0399,CA01,CORE_B
CU000851,PR10,SU0018,CL001941,CAD,2025-11-26,,Activa,483634,0.1185,CA02,CORE_B
CU000852,PR10,SU0017,CL001201,CAD,2024-12-23,,Activa,15493,0.0929,CA01,CORE_B
CU000853,PR07,SU0006,CL001036,MXN,2024-03-16,,Activa,11151,0.2916,CA05,CORE_B
CU000854,PR08,SU0016,CL004327,CAD,2024-04-07,,Activa,30651,0.2548,CA02,DIGITAL_CORE
CU000855,PR10,SU0031,CL001193,PEN,2023-07-25,,Activa,20070,0.1011,CA02,CORE_B
CU000856,PR01,SU0038,CL001724,PEN,2024-03-13,2025-02-06,Cerrada,0,0,CA01,DIGITAL_CORE
CU000857,PR02,SU0037,CL002711,PEN,2019-07-15,,Activa,0,0.0105,CA05,CORE_B
CU000858,PR03,SU0018,CL002763,CAD,2023-03-14,,Activa,0,0.009,CA03,CORE_B
CU000859,PR05,SU0035,CL000052,PEN,2020-02-22,,Activa,43431,0.3647,CA01,DIGITAL_CORE
CU000860,PR16,SU0026,CL000005,CLP,2019-08-15,,Activa,0,0,CA01,CORE_A
CU000861,PR13,SU0041,CL003312,COP,2022-09-22,,Activa,433395,0.1488,CA03,CORE_A
CU000862,PR05,SU0002,CL002220,MXN,2022-11-23,,Activa,15824,0.3516,CA01,DIGITAL_CORE
CU000863,PR13,SU0006,CL004461,MXN,2024-08-28,,Activa,787867,0.1559,CA01,CORE_A
CU000864,PR16,SU0046,CL000897,COP,2021-10-31,,Activa,0,0,CA01,CORE_A
CU000865,PR05,SU0043,CL003398,COP,2023-06-23,,Activa,377725,0.3738,CA05,CORE_B
CU000866,PR09,SU0004,CL003902,MXN,2020-02-15,,Activa,6902,0.1502,CA01,DIGITAL_CORE
CU000867,PR03,SU0006,CL000793,MXN,2024-09-25,,Activa,0,0.003,CA05,DIGITAL_CORE
CU000868,PR12,SU0001,CL001478,MXN,2020-10-11,,Activa,1070721,0.1759,CA03,CORE_B
CU000869,PR01,SU0006,CL001951,MXN,2019-12-28,,Activa,0,0.011,CA01,DIGITAL_CORE
CU000870,PR05,SU0016,CL004155,CAD,2021-03-05,,Activa,25942,0.3483,CA01,CORE_A
CU000871,PR01,SU0048,CL003310,COP,2019-05-09,,Activa,0,0,CA01,CORE_B
CU000872,PR15,SU0017,CL004261,CAD,2020-09-18,,Activa,0,0.0524,CA01,DIGITAL_CORE
CU000873,PR18,SU0046,CL004301,COP,2022-04-11,,Activa,0,0.0082,CA05,DIGITAL_CORE
CU000874,PR02,SU0032,CL003823,PEN,2021-07-30,,Activa,0,0,CA01,DIGITAL_CORE
CU000875,PR18,SU0027,CL001054,CLP,2023-01-24,,Activa,0,0,CA02,CORE_B
CU000876,PR18,SU0007,CL001906,MXN,2022-03-26,2023-11-16,Cerrada,0,0,CA01,CORE_A
CU000877,PR18,SU0031,CL002326,PEN,2024-01-31,,Activa,0,0,CA02,CORE_B
CU000878,PR05,SU0005,CL002237,MXN,2024-07-23,,Activa,22387,0.378,CA01,CORE_B
CU000879,PR16,SU0001,CL001846,MXN,2019-12-30,,Activa,0,0.0069,CA05,DIGITAL_CORE
CU000880,PR07,SU0031,CL000443,PEN,2022-03-14,,Activa,52003,0.2749,CA01,DIGITAL_CORE
CU000881,PR05,SU0006,CL004475,MXN,2021-05-23,,Activa,19576,0.354,CA01,DIGITAL_CORE
CU000882,PR06,SU0023,CL001808,CLP,2023-10-02,,Activa,217587,0.3252,CA03,DIGITAL_CORE
CU000883,PR06,SU0018,CL002299,CAD,2025-05-24,,Activa,304315,0.3336,CA05,CORE_A
CU000884,PR18,SU0041,CL001861,COP,2024-07-20,,Activa,0,0,CA05,CORE_B
CU000885,PR18,SU0026,CL004482,CLP,2022-12-07,2025-04-16,Cerrada,0,0,CA05,CORE_B
CU000886,PR18,SU0023,CL002982,CLP,2024-04-09,,Activa,0,0.0106,CA01,DIGITAL_CORE
CU000887,PR13,SU0025,CL001452,CLP,2023-10-27,,Activa,8617573,0.129,CA03,CORE_B
CU000888,PR18,SU0045,CL003853,COP,2025-10-27,,Bloqueada,0,0,CA01,CORE_A
CU000889,PR10,SU0016,CL000241,CAD,2024-06-02,,Activa,91350,0.0939,CA02,DIGITAL_CORE
CU000890,PR01,SU0046,CL000350,COP,2021-09-22,,Activa,0,0,CA05,DIGITAL_CORE
CU000891,PR10,SU0045,CL002837,COP,2023-07-18,,Activa,66706,0.1068,CA01,CORE_A
CU000892,PR10,SU0037,CL003972,PEN,2021-09-22,,Activa,2493,0.1043,CA01,CORE_A
CU000893,PR10,SU0016,CL004296,CAD,2021-01-08,,Activa,4766,0.0978,CA01,CORE_B
CU000894,PR02,SU0023,CL001155,CLP,2024-07-23,,Activa,0,0,CA01,DIGITAL_CORE
CU000895,PR06,SU0035,CL000432,PEN,2024-04-21,,Bloqueada,27914,0.3429,CA01,CORE_A
CU000896,PR18,SU0025,CL001408,CLP,2022-06-05,,Activa,0,0.003,CA05,CORE_A
CU000897,PR18,SU0010,CL001170,MXN,2019-11-10,,Activa,0,0,CA01,CORE_B
CU000898,PR15,SU0006,CL004081,MXN,2023-05-21,,Activa,0,0.0569,CA03,CORE_A
CU000899,PR06,SU0010,CL000233,MXN,2021-10-06,,Activa,7226,0.32,CA03,CORE_B
CU000900,PR08,SU0048,CL001983,COP,2020-06-29,,Activa,2433,0.2483,CA05,CORE_A
CU000901,PR14,SU0048,CL001077,COP,2025-01-26,,Activa,0,0.0117,CA01,CORE_A
CU000902,PR06,SU0033,CL002482,PEN,2025-08-31,,Activa,83467,0.3304,CA05,DIGITAL_CORE
CU000903,PR02,SU0017,CL002386,CAD,2025-05-09,,Activa,0,0,CA03,CORE_A
CU000904,PR18,SU0048,CL002810,COP,2022-01-07,,Activa,0,0,CA01,CORE_B
CU000905,PR06,SU0041,CL001589,COP,2023-12-24,,Activa,5541,0.3337,CA03,CORE_B
CU000906,PR04,SU0014,CL000187,CAD,2022-06-20,,Activa,0,0.0236,CA05,DIGITAL_CORE
CU000907,PR15,SU0028,CL003710,CLP,2020-11-28,,Bloqueada,0,0.0464,CA05,CORE_B
CU000908,PR11,SU0003,CL004432,MXN,2020-03-05,,Activa,0,0.0139,CA01,DIGITAL_CORE
CU000909,PR05,SU0011,CL001834,CAD,2020-06-05,2022-10-11,Cerrada,31749,0.3482,CA01,DIGITAL_CORE
CU000910,PR09,SU0015,CL002285,CAD,2023-09-03,,Activa,26838,0.1562,CA05,CORE_A
CU000911,PR16,SU0037,CL000580,PEN,2023-08-05,,Activa,0,0.0134,CA05,DIGITAL_CORE
CU000912,PR08,SU0049,CL001683,COP,2020-04-30,,Activa,311840,0.2273,CA05,DIGITAL_CORE
CU000913,PR05,SU0041,CL000868,COP,2022-02-01,,Activa,12738,0.381,CA03,CORE_A
CU000914,PR18,SU0034,CL002571,PEN,2023-04-14,,Activa,0,0,CA03,CORE_A
CU000915,PR16,SU0007,CL002573,MXN,2021-01-31,,Activa,0,0.0069,CA02,DIGITAL_CORE
CU000916,PR08,SU0022,CL000714,CLP,2023-05-03,,Activa,37610,0.2403,CA01,CORE_A
CU000917,PR17,SU0023,CL003088,CLP,2021-02-17,,Activa,0,0.0109,CA01,CORE_B
CU000918,PR15,SU0046,CL002611,COP,2025-06-12,,Activa,0,0.0382,CA05,CORE_A
CU000919,PR13,SU0004,CL002575,MXN,2019-12-24,,Activa,603445,0.1539,CA05,DIGITAL_CORE
CU000920,PR06,SU0045,CL000800,COP,2024-02-07,,Activa,3240,0.3105,CA05,CORE_B
CU000921,PR18,SU0025,CL001054,CLP,2023-06-14,,Activa,0,0.0132,CA02,CORE_A
CU000922,PR08,SU0019,CL000543,CAD,2023-05-21,,Activa,15205,0.2438,CA01,DIGITAL_CORE
CU000923,PR02,SU0047,CL001646,COP,2022-08-05,,Activa,0,0,CA05,DIGITAL_CORE
CU000924,PR18,SU0012,CL003137,CAD,2024-09-21,,Activa,0,0.0222,CA05,CORE_A
CU000925,PR18,SU0027,CL002566,CLP,2024-01-22,,Activa,0,0.0141,CA01,DIGITAL_CORE
CU000926,PR16,SU0048,CL000696,COP,2020-04-15,,Activa,0,0,CA05,DIGITAL_CORE
CU000927,PR16,SU0033,CL002482,PEN,2019-12-24,,Activa,0,0,CA05,CORE_A
CU000928,PR08,SU0015,CL002129,CAD,2021-05-10,,Activa,32542,0.2355,CA01,CORE_B
CU000929,PR07,SU0002,CL003962,MXN,2025-11-08,,Activa,51573,0.2905,CA01,CORE_B
CU000930,PR02,SU0006,CL001888,MXN,2024-09-27,,Activa,0,0.0111,CA03,DIGITAL_CORE
CU000931,PR15,SU0029,CL003020,CLP,2020-06-20,,Bloqueada,0,0.0276,CA02,DIGITAL_CORE
CU000932,PR10,SU0014,CL004188,CAD,2020-12-30,,Activa,73022,0.0992,CA01,DIGITAL_CORE
CU000933,PR18,SU0002,CL000090,MXN,2020-11-02,,Activa,0,0,CA05,DIGITAL_CORE
CU000934,PR06,SU0024,CL004025,CLP,2025-05-05,,Activa,6640,0.3344,CA03,DIGITAL_CORE
CU000935,PR18,SU0048,CL002256,COP,2022-11-10,,Activa,0,0,CA02,DIGITAL_CORE
CU000936,PR03,SU0021,CL001387,CLP,2020-02-01,,Activa,0,0.0005,CA01,CORE_B
CU000937,PR07,SU0026,CL001420,CLP,2023-03-01,2024-11-21,Cerrada,305365,0.273,CA03,DIGITAL_CORE
CU000938,PR01,SU0037,CL004184,PEN,2024-03-06,,Activa,0,0,CA03,CORE_B
CU000939,PR13,SU0007,CL002442,MXN,2024-03-25,,Activa,5920125,0.1338,CA05,CORE_A
CU000940,PR09,SU0047,CL003564,COP,2019-04-22,,Activa,28138,0.1646,CA05,CORE_B
CU000941,PR11,SU0049,CL003220,COP,2021-12-30,,Activa,0,0,CA01,DIGITAL_CORE
CU000942,PR15,SU0018,CL000852,CAD,2021-08-14,2023-05-15,Cerrada,0,0.0302,CA01,CORE_A
CU000943,PR17,SU0040,CL004094,PEN,2020-12-09,2023-05-02,Cerrada,0,0.0048,CA02,CORE_A
CU000944,PR18,SU0049,CL003012,COP,2022-11-30,,Activa,0,0.0009,CA05,DIGITAL_CORE
CU000945,PR09,SU0029,CL003662,CLP,2025-01-26,,Activa,22214,0.1675,CA05,DIGITAL_CORE
CU000946,PR10,SU0044,CL002803,COP,2023-07-12,,Activa,32750,0.1003,CA05,DIGITAL_CORE
CU000947,PR02,SU0008,CL002788,MXN,2021-02-14,,Activa,0,0,CA03,CORE_B
CU000948,PR09,SU0025,CL001254,CLP,2021-04-11,,Activa,23187,0.1693,CA05,CORE_B
CU000949,PR09,SU0042,CL002002,COP,2023-02-20,,Activa,75034,0.1397,CA05,CORE_B
CU000950,PR06,SU0043,CL002223,COP,2020-07-12,,Activa,127119,0.3315,CA05,DIGITAL_CORE
CU000951,PR14,SU0013,CL000780,CAD,2025-08-14,,Activa,0,0.0037,CA01,CORE_A
CU000952,PR02,SU0025,CL003261,CLP,2023-12-11,,Activa,0,0,CA01,CORE_A
CU000953,PR18,SU0049,CL000873,COP,2025-04-18,,Activa,0,0,CA01,CORE_B
CU000954,PR09,SU0026,CL000348,CLP,2021-09-02,,Activa,71026,0.1451,CA05,DIGITAL_CORE
CU000955,PR18,SU0027,CL002252,CLP,2025-07-29,,Activa,0,0,CA01,CORE_B
CU000956,PR16,SU0036,CL001002,PEN,2023-10-20,,Activa,0,0.0104,CA02,CORE_B
CU000957,PR02,SU0017,CL003465,CAD,2022-03-28,,Activa,0,0.0116,CA02,CORE_B
CU000958,PR15,SU0010,CL002710,MXN,2025-11-10,,Activa,0,0.0337,CA05,CORE_B
CU000959,PR02,SU0044,CL003947,COP,2025-09-17,,Activa,0,0,CA03,CORE_B
CU000960,PR09,SU0047,CL000407,COP,2024-05-11,,Activa,66476,0.1463,CA01,CORE_B
CU000961,PR04,SU0012,CL002298,CAD,2024-03-03,,Activa,0,0.0365,CA02,CORE_B
CU000962,PR12,SU0010,CL001830,MXN,2021-06-17,,Activa,5361477,0.2019,CA05,CORE_B
CU000963,PR03,SU0003,CL001766,MXN,2025-03-30,,Activa,0,0,CA01,CORE_B
CU000964,PR01,SU0020,CL002720,CAD,2025-09-26,,Activa,0,0.0026,CA01,DIGITAL_CORE
CU000965,PR01,SU0036,CL000340,PEN,2025-08-31,,Activa,0,0.0045,CA03,DIGITAL_CORE
CU000966,PR05,SU0046,CL001460,COP,2022-08-23,,Activa,337030,0.3669,CA05,DIGITAL_CORE
CU000967,PR15,SU0010,CL000848,MXN,2021-06-30,,Activa,0,0.0546,CA01,DIGITAL_CORE
CU000968,PR15,SU0008,CL000236,MXN,2020-12-02,,Activa,0,0.0327,CA02,DIGITAL_CORE
CU000969,PR08,SU0026,CL001642,CLP,2020-07-01,,Bloqueada,315486,0.2398,CA01,CORE_A
CU000970,PR02,SU0027,CL000469,CLP,2025-05-05,,Bloqueada,0,0,CA05,DIGITAL_CORE
CU000971,PR07,SU0042,CL001091,COP,2024-10-02,,Activa,152476,0.3048,CA05,DIGITAL_CORE
CU000972,PR15,SU0033,CL003179,PEN,2023-10-30,,Bloqueada,0,0.0538,CA05,CORE_A
CU000973,PR03,SU0037,CL001805,PEN,2018-12-19,2020-07-02,Cerrada,0,0.0254,CA05,CORE_A
CU000974,PR05,SU0042,CL001943,COP,2025-05-07,,Activa,10584,0.3737,CA03,CORE_A
CU000975,PR07,SU0016,CL003753,CAD,2024-11-29,,Activa,15701,0.3048,CA02,CORE_B
CU000976,PR11,SU0041,CL001069,COP,2022-07-30,,Activa,0,0,CA01,DIGITAL_CORE
CU000977,PR05,SU0042,CL003712,COP,2021-02-12,,Activa,18437,0.3764,CA05,DIGITAL_CORE
CU000978,PR07,SU0003,CL000855,MXN,2024-02-27,,Activa,9220,0.3006,CA05,CORE_B
CU000979,PR02,SU0026,CL002379,CLP,2019-09-02,,Activa,0,0.0173,CA05,DIGITAL_CORE
CU000980,PR07,SU0050,CL000321,COP,2022-01-02,,Activa,11824,0.2932,CA05,CORE_A
CU000981,PR06,SU0022,CL001581,CLP,2022-07-08,,Activa,113287,0.3241,CA01,CORE_A
CU000982,PR16,SU0037,CL001030,PEN,2020-11-09,,Activa,0,0.0016,CA05,CORE_A
CU000983,PR07,SU0029,CL000026,CLP,2025-04-24,,Activa,32746,0.3013,CA01,DIGITAL_CORE
CU000984,PR04,SU0036,CL001668,PEN,2019-08-26,,Activa,0,0.0205,CA01,CORE_B
CU000985,PR03,SU0022,CL000403,CLP,2024-07-12,,Activa,0,0.0115,CA05,DIGITAL_CORE
CU000986,PR15,SU0020,CL002809,CAD,2025-05-20,,Activa,0,0.0356,CA05,DIGITAL_CORE
CU000987,PR06,SU0012,CL002685,CAD,2025-07-26,,Activa,137812,0.3186,CA03,CORE_B
CU000988,PR10,SU0001,CL000598,MXN,2025-02-19,,Activa,341936,0.1114,CA05,CORE_B
CU000989,PR18,SU0011,CL003303,CAD,2019-12-08,,Activa,0,0,CA03,CORE_A
CU000990,PR09,SU0006,CL002515,MXN,2021-05-08,2022-03-22,Cerrada,57851,0.1545,CA05,CORE_A
CU000991,PR10,SU0008,CL000583,MXN,2023-08-06,,Bloqueada,92295,0.1043,CA01,DIGITAL_CORE
CU000992,PR14,SU0035,CL003673,PEN,2023-05-17,,Activa,0,0.0092,CA05,DIGITAL_CORE
CU000993,PR08,SU0003,CL001554,MXN,2025-02-07,,Activa,33923,0.2542,CA01,CORE_B
CU000994,PR07,SU0028,CL001351,CLP,2020-10-20,,Activa,14069,0.2828,CA05,CORE_B
CU000995,PR18,SU0031,CL001920,PEN,2023-05-24,,Activa,0,0,CA03,DIGITAL_CORE
CU000996,PR02,SU0043,CL001502,COP,2025-06-18,,Activa,0,0.0043,CA01,DIGITAL_CORE
CU000997,PR10,SU0023,CL003436,CLP,2022-09-04,,Activa,20229,0.1012,CA05,CORE_A
CU000998,PR09,SU0013,CL000086,CAD,2020-03-09,,Activa,3300,0.1506,CA02,CORE_B
CU000999,PR10,SU0038,CL002451,PEN,2024-07-30,,Activa,342025,0.1019,CA05,CORE_B
CU001000,PR18,SU0014,CL002873,CAD,2020-01-29,,Activa,0,0,CA05,CORE_B
CU001001,PR02,SU0027,CL002630,CLP,2021-11-02,,Activa,0,0.0159,CA01,CORE_B
CU001002,PR04,SU0025,CL001717,CLP,2020-12-23,,Activa,0,0.0189,CA01,DIGITAL_CORE
CU001003,PR06,SU0026,CL001028,CLP,2024-01-06,,Activa,238222,0.3403,CA02,DIGITAL_CORE
CU001004,PR15,SU0022,CL004422,CLP,2021-02-02,,Activa,0,0.0612,CA05,CORE_A
CU001005,PR12,SU0022,CL001304,CLP,2025-10-24,,Activa,844644,0.1766,CA03,CORE_A
CU001006,PR05,SU0024,CL002602,CLP,2022-03-25,2023-09-23,Cerrada,168084,0.3699,CA01,CORE_A
CU001007,PR17,SU0035,CL004221,PEN,2023-04-12,,Activa,0,0,CA01,CORE_B
CU001008,PR09,SU0035,CL000920,PEN,2023-12-24,,Activa,31591,0.1626,CA02,CORE_A
CU001009,PR02,SU0038,CL000107,PEN,2021-05-23,,Activa,0,0,CA05,DIGITAL_CORE
CU001010,PR06,SU0044,CL003204,COP,2019-04-02,,Activa,28945,0.3193,CA01,CORE_B
CU001011,PR18,SU0041,CL003748,COP,2024-07-15,,Activa,0,0.0153,CA03,CORE_B
CU001012,PR01,SU0020,CL001592,CAD,2022-12-25,2025-02-05,Cerrada,0,0,CA01,CORE_A
CU001013,PR08,SU0016,CL000980,CAD,2023-12-21,,Activa,438969,0.2456,CA03,CORE_A
CU001014,PR02,SU0021,CL001963,CLP,2023-10-10,,Activa,0,0.0004,CA01,DIGITAL_CORE
CU001015,PR18,SU0001,CL000066,MXN,2020-08-12,2020-12-24,Cerrada,0,0.0218,CA05,CORE_B
CU001016,PR15,SU0047,CL000380,COP,2024-02-07,,Activa,0,0.0274,CA01,CORE_A
CU001017,PR16,SU0002,CL001045,MXN,2024-04-26,,Activa,0,0.0042,CA02,CORE_A
CU001018,PR05,SU0044,CL000194,COP,2023-05-02,,Activa,8907,0.3553,CA05,CORE_B
CU001019,PR01,SU0034,CL003424,PEN,2025-04-13,,Activa,0,0.0041,CA01,CORE_A
CU001020,PR03,SU0048,CL002980,COP,2022-09-26,,Activa,0,0.012,CA05,CORE_B
CU001021,PR05,SU0040,CL002158,PEN,2025-03-03,,Activa,94688,0.3751,CA01,CORE_A
CU001022,PR10,SU0048,CL000460,COP,2024-09-05,,Activa,47357,0.0972,CA05,DIGITAL_CORE
CU001023,PR18,SU0019,CL004263,CAD,2023-12-30,,Activa,0,0,CA03,CORE_B
CU001024,PR06,SU0041,CL003375,COP,2023-05-18,,Activa,21059,0.3413,CA01,DIGITAL_CORE
CU001025,PR16,SU0037,CL000985,PEN,2023-01-20,,Activa,0,0.0065,CA05,DIGITAL_CORE
CU001026,PR08,SU0018,CL002142,CAD,2022-04-17,2024-08-13,Cerrada,33183,0.2393,CA01,DIGITAL_CORE
CU001027,PR01,SU0036,CL003193,PEN,2023-07-15,,Activa,0,0.0107,CA02,CORE_B
CU001028,PR01,SU0001,CL002237,MXN,2025-05-24,,Activa,0,0,CA05,DIGITAL_CORE
CU001029,PR13,SU0012,CL000659,CAD,2024-03-15,,Activa,752391,0.1426,CA01,DIGITAL_CORE
CU001030,PR16,SU0033,CL001671,PEN,2019-08-06,,Activa,0,0.0175,CA03,CORE_A
CU001031,PR18,SU0046,CL002140,COP,2021-11-11,,Activa,0,0.0216,CA03,DIGITAL_CORE
CU001032,PR01,SU0012,CL002688,CAD,2022-06-17,,Activa,0,0.0073,CA01,CORE_B
CU001033,PR16,SU0018,CL001548,CAD,2021-03-04,,Activa,0,0,CA01,CORE_A
CU001034,PR03,SU0049,CL002192,COP,2022-08-25,,Activa,0,0.0008,CA03,CORE_B
CU001035,PR03,SU0004,CL004209,MXN,2021-10-07,,Activa,0,0.0112,CA05,DIGITAL_CORE
CU001036,PR04,SU0004,CL003326,MXN,2021-01-11,,Activa,0,0.0161,CA01,CORE_B
CU001037,PR06,SU0036,CL001763,PEN,2022-02-18,,Activa,59638,0.3414,CA01,DIGITAL_CORE
CU001038,PR01,SU0019,CL003674,CAD,2023-05-25,,Activa,0,0,CA05,CORE_B
CU001039,PR10,SU0028,CL002913,CLP,2021-02-05,,Activa,31499,0.1076,CA05,CORE_B
CU001040,PR04,SU0020,CL001240,CAD,2021-01-18,,Activa,0,0.0419,CA02,CORE_A
CU001041,PR16,SU0016,CL002066,CAD,2025-04-21,,Activa,0,0,CA05,CORE_B
CU001042,PR01,SU0043,CL003258,COP,2021-08-05,,Activa,0,0.0139,CA05,CORE_B
CU001043,PR17,SU0021,CL001836,CLP,2025-03-02,,Activa,0,0.0112,CA05,DIGITAL_CORE
CU001044,PR15,SU0005,CL003318,MXN,2023-03-29,,Activa,0,0.0534,CA05,CORE_B
CU001045,PR09,SU0048,CL002432,COP,2022-07-30,,Activa,97689,0.1744,CA05,CORE_A
CU001046,PR09,SU0036,CL003679,PEN,2025-07-13,,Activa,82080,0.16,CA01,DIGITAL_CORE
CU001047,PR10,SU0005,CL004209,MXN,2019-11-10,,Activa,38502,0.1196,CA01,CORE_B
CU001048,PR05,SU0009,CL002767,MXN,2023-12-05,,Activa,6520,0.3608,CA01,CORE_A
CU001049,PR08,SU0001,CL001788,MXN,2025-08-12,,Activa,226034,0.2373,CA01,CORE_A
CU001050,PR17,SU0045,CL001859,COP,2023-10-09,,Activa,0,0,CA05,DIGITAL_CORE
CU001051,PR03,SU0045,CL003097,COP,2023-02-26,2024-09-16,Cerrada,0,0.0242,CA03,CORE_B
CU001052,PR01,SU0018,CL001651,CAD,2021-02-22,,Activa,0,0.0081,CA02,CORE_B
CU001053,PR16,SU0026,CL002144,CLP,2025-01-03,,Activa,0,0.0193,CA05,DIGITAL_CORE
CU001054,PR10,SU0027,CL002716,CLP,2024-01-21,,Bloqueada,60160,0.0855,CA01,DIGITAL_CORE
CU001055,PR07,SU0043,CL004477,COP,2023-02-20,,Activa,67071,0.304,CA05,CORE_A
CU001056,PR06,SU0045,CL002150,COP,2022-10-26,,Activa,18892,0.3194,CA05,CORE_A
CU001057,PR15,SU0012,CL003408,CAD,2022-07-23,,Activa,0,0.0605,CA05,CORE_B
CU001058,PR15,SU0037,CL004049,PEN,2019-04-11,,Activa,0,0.0423,CA03,DIGITAL_CORE
CU001059,PR15,SU0020,CL003484,CAD,2020-11-30,,Activa,0,0.0441,CA05,DIGITAL_CORE
CU001060,PR18,SU0001,CL002201,MXN,2021-09-28,,Activa,0,0,CA01,CORE_B
CU001061,PR10,SU0025,CL002372,CLP,2023-05-31,,Activa,89529,0.0852,CA03,DIGITAL_CORE
CU001062,PR08,SU0034,CL000323,PEN,2023-02-16,,Activa,127380,0.2604,CA05,CORE_A
CU001063,PR13,SU0044,CL001700,COP,2025-11-20,,Activa,380003,0.1462,CA01,DIGITAL_CORE
CU001064,PR15,SU0018,CL000488,CAD,2020-04-13,,Activa,0,0.0285,CA05,DIGITAL_CORE
CU001065,PR18,SU0048,CL002361,COP,2025-07-02,,Activa,0,0.0214,CA02,CORE_A
CU001066,PR01,SU0045,CL001312,COP,2023-05-20,,Activa,0,0,CA02,DIGITAL_CORE
CU001067,PR12,SU0005,CL001292,MXN,2023-02-23,,Activa,473584,0.1717,CA05,DIGITAL_CORE
CU001068,PR18,SU0037,CL002918,PEN,2021-11-17,,Activa,0,0.0209,CA01,CORE_B
CU001069,PR07,SU0044,CL003231,COP,2020-04-14,,Activa,3900,0.2843,CA05,CORE_B
CU001070,PR14,SU0023,CL002050,CLP,2025-11-26,,Activa,0,0.0187,CA01,CORE_B
CU001071,PR01,SU0018,CL001854,CAD,2022-09-23,,Activa,0,0.0205,CA01,DIGITAL_CORE
CU001072,PR08,SU0042,CL004187,COP,2020-02-29,,Activa,135366,0.2388,CA01,DIGITAL_CORE
CU001073,PR18,SU0039,CL004267,PEN,2019-03-20,,Activa,0,0.0093,CA02,CORE_A
CU001074,PR08,SU0014,CL003538,CAD,2022-06-04,,Activa,12705,0.258,CA03,CORE_A
CU001075,PR05,SU0047,CL000365,COP,2024-01-08,,Activa,50374,0.3559,CA01,DIGITAL_CORE
CU001076,PR02,SU0012,CL000706,CAD,2019-11-10,,Activa,0,0,CA05,CORE_B
CU001077,PR07,SU0019,CL000638,CAD,2020-10-03,,Activa,12195,0.2889,CA02,DIGITAL_CORE
CU001078,PR03,SU0043,CL000559,COP,2021-08-03,,Activa,0,0.0183,CA01,CORE_A
CU001079,PR13,SU0046,CL000421,COP,2023-07-24,,Activa,1573808,0.1416,CA01,DIGITAL_CORE
CU001080,PR15,SU0005,CL001630,MXN,2024-09-10,,Activa,0,0.058,CA01,CORE_A
CU001081,PR18,SU0026,CL003105,CLP,2019-08-04,,Activa,0,0,CA01,DIGITAL_CORE
CU001082,PR10,SU0011,CL003910,CAD,2022-04-21,,Activa,20909,0.1076,CA03,CORE_B
CU001083,PR18,SU0041,CL000957,COP,2024-10-24,,Activa,0,0.024,CA05,DIGITAL_CORE
CU001084,PR17,SU0025,CL002938,CLP,2025-05-15,,Activa,0,0.0083,CA01,DIGITAL_CORE
CU001085,PR03,SU0038,CL004162,PEN,2025-02-12,,Activa,0,0.0079,CA01,DIGITAL_CORE
CU001086,PR16,SU0043,CL003724,COP,2023-01-20,,Activa,0,0,CA05,DIGITAL_CORE
CU001087,PR15,SU0046,CL003459,COP,2024-05-21,,Activa,0,0.0321,CA05,CORE_B
CU001088,PR12,SU0003,CL003583,MXN,2020-04-15,,Activa,741310,0.2017,CA05,DIGITAL_CORE
CU001089,PR18,SU0035,CL002614,PEN,2023-09-27,,Activa,0,0.0053,CA03,CORE_B
CU001090,PR16,SU0021,CL003513,CLP,2023-12-13,,Activa,0,0,CA05,DIGITAL_CORE
CU001091,PR08,SU0008,CL001636,MXN,2020-10-24,,Activa,15392,0.2542,CA01,CORE_A
CU001092,PR01,SU0003,CL004059,MXN,2024-02-19,,Activa,0,0,CA03,DIGITAL_CORE
CU001093,PR07,SU0041,CL000059,COP,2023-04-10,,Activa,21979,0.2794,CA05,CORE_B
CU001094,PR02,SU0016,CL001810,CAD,2023-09-20,,Activa,0,0.0095,CA05,DIGITAL_CORE
CU001095,PR08,SU0009,CL002220,MXN,2021-03-14,,Activa,30554,0.2508,CA01,CORE_A
CU001096,PR16,SU0031,CL001901,PEN,2022-02-11,2023-05-20,Cerrada,0,0.012,CA02,DIGITAL_CORE
CU001097,PR03,SU0025,CL001474,CLP,2019-08-05,,Activa,0,0.0096,CA05,CORE_A
CU001098,PR11,SU0014,CL004255,CAD,2019-11-06,,Activa,0,0.0059,CA02,CORE_B
CU001099,PR18,SU0023,CL004308,CLP,2020-06-10,,Activa,0,0,CA05,DIGITAL_CORE
CU001100,PR10,SU0019,CL000913,CAD,2020-04-26,,Activa,65024,0.1114,CA03,CORE_B
CU001101,PR05,SU0035,CL000043,PEN,2021-10-04,,Activa,13190,0.3754,CA01,DIGITAL_CORE
CU001102,PR08,SU0041,CL002631,COP,2024-11-09,,Activa,16144,0.2466,CA05,CORE_B
CU001103,PR08,SU0049,CL000225,COP,2025-10-06,,Activa,5283,0.2482,CA05,DIGITAL_CORE
CU001104,PR05,SU0031,CL002838,PEN,2022-05-08,,Activa,72846,0.3799,CA01,CORE_A
CU001105,PR12,SU0010,CL003491,MXN,2023-09-15,,Activa,3607542,0.1858,CA05,CORE_A
CU001106,PR06,SU0025,CL002858,CLP,2025-06-22,,Activa,7076,0.3148,CA01,DIGITAL_CORE
CU001107,PR15,SU0017,CL003939,CAD,2020-09-17,,Activa,0,0.0312,CA01,DIGITAL_CORE
CU001108,PR11,SU0048,CL002420,COP,2025-06-23,,Activa,0,0.0164,CA02,CORE_B
CU001109,PR11,SU0008,CL003470,MXN,2019-01-25,,Activa,0,0,CA02,CORE_A
CU001110,PR16,SU0037,CL001585,PEN,2024-06-01,,Activa,0,0,CA01,DIGITAL_CORE
CU001111,PR08,SU0024,CL002275,CLP,2020-02-18,,Activa,16086,0.2642,CA05,DIGITAL_CORE
CU001112,PR06,SU0022,CL004449,CLP,2020-10-03,,Activa,33613,0.3385,CA01,DIGITAL_CORE
CU001113,PR02,SU0045,CL002444,COP,2024-09-05,,Activa,0,0.0204,CA05,DIGITAL_CORE
CU001114,PR03,SU0039,CL001135,PEN,2021-08-04,,Activa,0,0.0067,CA01,DIGITAL_CORE
CU001115,PR03,SU0023,CL002252,CLP,2023-09-14,,Activa,0,0,CA01,DIGITAL_CORE
CU001116,PR04,SU0025,CL002199,CLP,2024-06-16,,Activa,0,0.0498,CA05,CORE_A
CU001117,PR15,SU0048,CL003555,COP,2023-11-03,,Activa,0,0.0472,CA01,CORE_A
CU001118,PR05,SU0048,CL001091,COP,2022-12-20,,Activa,130602,0.3535,CA05,DIGITAL_CORE
CU001119,PR07,SU0023,CL004018,CLP,2021-05-18,,Activa,50701,0.2955,CA01,CORE_A
CU001120,PR16,SU0002,CL002590,MXN,2021-07-23,,Activa,0,0,CA05,CORE_B
CU001121,PR03,SU0032,CL003096,PEN,2021-10-16,,Activa,0,0.0203,CA01,CORE_B
CU001122,PR13,SU0028,CL000405,CLP,2022-09-30,,Activa,503163,0.1383,CA05,CORE_A
CU001123,PR02,SU0007,CL001236,MXN,2025-01-29,,Activa,0,0,CA01,DIGITAL_CORE
CU001124,PR09,SU0032,CL004456,PEN,2023-08-10,,Activa,2486,0.1376,CA05,DIGITAL_CORE
CU001125,PR16,SU0019,CL000794,CAD,2019-07-31,,Bloqueada,0,0.0067,CA05,CORE_B
CU001126,PR04,SU0038,CL000442,PEN,2023-12-31,,Activa,0,0.0386,CA01,CORE_A
CU001127,PR06,SU0034,CL000907,PEN,2025-11-01,,Activa,7917,0.3157,CA02,CORE_B
CU001128,PR18,SU0015,CL003426,CAD,2020-03-22,,Activa,0,0,CA03,CORE_B
CU001129,PR17,SU0006,CL003626,MXN,2021-04-25,,Activa,0,0,CA05,CORE_B
CU001130,PR08,SU0034,CL002131,PEN,2024-08-22,,Activa,460242,0.2547,CA05,CORE_A
CU001131,PR03,SU0013,CL003698,CAD,2023-04-09,,Activa,0,0.0136,CA02,DIGITAL_CORE
CU001132,PR07,SU0029,CL000738,CLP,2025-05-21,,Activa,18933,0.2926,CA05,CORE_B
CU001133,PR01,SU0006,CL004207,MXN,2020-08-03,,Activa,0,0.0178,CA05,CORE_B
CU001134,PR08,SU0005,CL000090,MXN,2023-04-30,,Activa,12180,0.2264,CA01,CORE_A
CU001135,PR06,SU0002,CL000554,MXN,2021-03-21,,Activa,13417,0.3185,CA01,CORE_B
CU001136,PR09,SU0006,CL001026,MXN,2022-07-21,,Activa,31149,0.1505,CA01,CORE_B
CU001137,PR06,SU0050,CL004228,COP,2022-08-22,2023-07-24,Cerrada,232002,0.3348,CA05,CORE_B
CU001138,PR16,SU0019,CL001049,CAD,2024-03-26,,Activa,0,0.0176,CA05,DIGITAL_CORE
CU001139,PR10,SU0001,CL000384,MXN,2024-07-23,,Activa,25723,0.1012,CA01,CORE_B
CU001140,PR15,SU0017,CL000561,CAD,2021-02-23,,Activa,0,0.0486,CA05,DIGITAL_CORE
CU001141,PR03,SU0011,CL001914,CAD,2022-09-04,,Activa,0,0,CA05,CORE_A
CU001142,PR04,SU0034,CL001159,PEN,2020-09-08,,Activa,0,0.0311,CA05,DIGITAL_CORE
CU001143,PR07,SU0025,CL000756,CLP,2020-11-13,,Activa,11382,0.3022,CA05,CORE_A
CU001144,PR04,SU0022,CL003486,CLP,2023-04-11,,Activa,0,0.0232,CA03,DIGITAL_CORE
CU001145,PR15,SU0034,CL001952,PEN,2022-07-06,,Activa,0,0.0293,CA05,CORE_A
CU001146,PR11,SU0042,CL001188,COP,2022-01-02,,Activa,0,0,CA01,CORE_A
CU001147,PR03,SU0009,CL002181,MXN,2020-03-18,,Activa,0,0.0121,CA05,DIGITAL_CORE
CU001148,PR18,SU0049,CL000956,COP,2023-12-16,,Activa,0,0.0083,CA01,CORE_B
CU001149,PR06,SU0050,CL002031,COP,2024-06-23,,Activa,4664,0.3124,CA01,DIGITAL_CORE
CU001150,PR03,SU0018,CL003538,CAD,2024-10-23,,Activa,0,0.0073,CA02,CORE_A
CU001151,PR05,SU0025,CL002936,CLP,2022-09-21,,Activa,11458,0.3535,CA05,CORE_A
CU001152,PR02,SU0012,CL001445,CAD,2023-05-01,,Activa,0,0.0052,CA03,DIGITAL_CORE
CU001153,PR06,SU0010,CL000362,MXN,2024-03-30,,Activa,6245,0.3267,CA01,CORE_B
CU001154,PR07,SU0005,CL002876,MXN,2023-07-30,2024-02-29,Cerrada,13262,0.2784,CA01,CORE_B
CU001155,PR18,SU0048,CL002511,COP,2025-01-10,,Activa,0,0.0081,CA01,DIGITAL_CORE
CU001156,PR17,SU0044,CL002682,COP,2023-12-24,2024-05-07,Cerrada,0,0.0189,CA01,DIGITAL_CORE
CU001157,PR12,SU0037,CL000943,PEN,2024-10-04,,Activa,669957,0.1734,CA05,CORE_A
CU001158,PR01,SU0031,CL002729,PEN,2025-06-06,,Activa,0,0.0173,CA01,DIGITAL_CORE
CU001159,PR03,SU0003,CL003217,MXN,2023-07-07,,Activa,0,0,CA01,CORE_B
CU001160,PR01,SU0034,CL002143,PEN,2020-05-12,,Activa,0,0.0079,CA05,DIGITAL_CORE
CU001161,PR16,SU0004,CL000821,MXN,2024-08-13,,Activa,0,0.002,CA01,DIGITAL_CORE
CU001162,PR03,SU0021,CL004374,CLP,2023-09-08,,Activa,0,0.0144,CA01,CORE_B
CU001163,PR13,SU0006,CL003440,MXN,2024-11-05,,Activa,507595,0.1594,CA05,CORE_A
CU001164,PR13,SU0012,CL001780,CAD,2023-01-03,2024-01-14,Cerrada,3049809,0.1359,CA02,CORE_A
CU001165,PR18,SU0043,CL000071,COP,2022-10-24,,Activa,0,0.024,CA05,DIGITAL_CORE
CU001166,PR03,SU0046,CL000563,COP,2023-04-17,,Activa,0,0.0181,CA03,CORE_A
CU001167,PR15,SU0027,CL004359,CLP,2025-10-01,,Activa,0,0.0509,CA05,CORE_B
CU001168,PR05,SU0050,CL003231,COP,2019-05-30,,Bloqueada,4504,0.3729,CA01,CORE_A
CU001169,PR06,SU0011,CL002617,CAD,2023-03-30,,Activa,23798,0.3355,CA01,DIGITAL_CORE
CU001170,PR05,SU0042,CL001369,COP,2020-06-23,,Activa,33824,0.3623,CA05,DIGITAL_CORE
CU001171,PR07,SU0033,CL000593,PEN,2022-06-15,,Activa,9290,0.3022,CA01,DIGITAL_CORE
CU001172,PR01,SU0013,CL001240,CAD,2023-12-01,,Activa,0,0.0129,CA02,DIGITAL_CORE
CU001173,PR03,SU0021,CL002026,CLP,2022-09-04,,Activa,0,0.0008,CA05,CORE_B
CU001174,PR08,SU0010,CL002925,MXN,2021-07-23,,Activa,416992,0.2393,CA02,CORE_B
CU001175,PR14,SU0011,CL003985,CAD,2024-08-15,,Activa,0,0,CA05,CORE_B
CU001176,PR03,SU0030,CL000714,CLP,2021-04-24,,Bloqueada,0,0.001,CA05,CORE_B
CU001177,PR06,SU0036,CL003298,PEN,2022-12-06,,Activa,8563,0.319,CA01,CORE_B
CU001178,PR17,SU0033,CL004406,PEN,2024-05-12,,Activa,0,0,CA05,CORE_B
CU001179,PR06,SU0015,CL002457,CAD,2025-08-12,,Activa,66694,0.3297,CA03,CORE_A
CU001180,PR18,SU0019,CL003170,CAD,2022-05-11,,Activa,0,0,CA01,CORE_B
CU001181,PR14,SU0023,CL002230,CLP,2024-12-13,,Activa,0,0.0099,CA05,CORE_A
CU001182,PR04,SU0003,CL000664,MXN,2019-03-17,,Activa,0,0.0334,CA01,CORE_B
CU001183,PR15,SU0048,CL003694,COP,2019-04-07,,Activa,0,0.0373,CA05,CORE_B
CU001184,PR18,SU0015,CL004327,CAD,2022-11-19,,Activa,0,0.0151,CA03,CORE_B
CU001185,PR06,SU0026,CL003775,CLP,2022-11-04,,Activa,15704,0.3171,CA01,CORE_A
CU001186,PR08,SU0046,CL002934,COP,2025-11-22,,Activa,31498,0.2635,CA05,CORE_B
CU001187,PR01,SU0016,CL003561,CAD,2019-02-04,,Activa,0,0,CA05,DIGITAL_CORE
CU001188,PR04,SU0025,CL002466,CLP,2024-07-18,,Activa,0,0.0363,CA01,DIGITAL_CORE
CU001189,PR09,SU0018,CL000521,CAD,2021-09-12,,Activa,31075,0.1402,CA02,DIGITAL_CORE
CU001190,PR02,SU0048,CL001580,COP,2021-10-09,2023-02-03,Cerrada,0,0.0043,CA01,CORE_B
CU001191,PR16,SU0044,CL002980,COP,2020-02-25,2022-06-29,Cerrada,0,0,CA01,DIGITAL_CORE
CU001192,PR10,SU0019,CL000475,CAD,2023-10-16,,Activa,10276,0.0991,CA02,CORE_B
CU001193,PR05,SU0008,CL002590,MXN,2021-05-13,2022-12-03,Cerrada,36283,0.3524,CA05,CORE_A
CU001194,PR04,SU0010,CL002035,MXN,2024-01-27,2024-11-25,Cerrada,0,0.0245,CA05,DIGITAL_CORE
CU001195,PR18,SU0045,CL003103,COP,2025-11-08,,Activa,0,0,CA02,DIGITAL_CORE
CU001196,PR06,SU0028,CL000036,CLP,2020-08-10,,Activa,48540,0.3107,CA01,CORE_B
CU001197,PR18,SU0005,CL001883,MXN,2024-01-15,2024-11-08,Cerrada,0,0.0215,CA02,CORE_A
CU001198,PR01,SU0020,CL003828,CAD,2024-01-12,,Activa,0,0.0021,CA01,CORE_B
CU001199,PR02,SU0021,CL003506,CLP,2024-08-15,,Activa,0,0.0159,CA01,CORE_B
CU001200,PR13,SU0038,CL002857,PEN,2025-01-16,,Activa,2095863,0.1478,CA01,CORE_A
CU001201,PR05,SU0006,CL002384,MXN,2022-11-06,,Activa,102191,0.3529,CA01,DIGITAL_CORE
CU001202,PR17,SU0003,CL000161,MXN,2023-12-23,,Activa,0,0,CA05,DIGITAL_CORE
CU001203,PR16,SU0035,CL001267,PEN,2022-04-14,,Activa,0,0,CA05,CORE_B
CU001204,PR15,SU0011,CL000958,CAD,2022-07-11,,Activa,0,0.0286,CA03,CORE_A
CU001205,PR16,SU0049,CL003302,COP,2021-06-14,,Activa,0,0,CA03,DIGITAL_CORE
CU001206,PR06,SU0033,CL003847,PEN,2025-09-30,,Activa,55235,0.3169,CA01,CORE_A
CU001207,PR07,SU0030,CL003705,CLP,2023-07-18,,Activa,18282,0.2948,CA02,DIGITAL_CORE
CU001208,PR17,SU0021,CL001576,CLP,2021-12-26,,Activa,0,0,CA03,DIGITAL_CORE
CU001209,PR01,SU0019,CL000178,CAD,2024-07-14,,Activa,0,0.0153,CA03,CORE_B
CU001210,PR15,SU0013,CL000112,CAD,2025-05-05,,Activa,0,0.0269,CA02,CORE_B
CU001211,PR18,SU0032,CL000368,PEN,2022-02-02,2023-04-26,Cerrada,0,0.0007,CA02,DIGITAL_CORE
CU001212,PR03,SU0044,CL001144,COP,2023-07-11,,Activa,0,0,CA03,DIGITAL_CORE
CU001213,PR18,SU0046,CL000457,COP,2020-12-07,,Activa,0,0.0221,CA05,CORE_A
CU001214,PR08,SU0040,CL000212,PEN,2020-01-09,,Activa,13496,0.2554,CA02,DIGITAL_CORE
CU001215,PR13,SU0008,CL004081,MXN,2024-07-27,,Activa,8355796,0.151,CA03,CORE_B
CU001216,PR02,SU0048,CL000170,COP,2024-05-30,,Activa,0,0.0186,CA03,DIGITAL_CORE
CU001217,PR13,SU0002,CL003497,MXN,2024-06-03,,Activa,453132,0.1257,CA05,DIGITAL_CORE
CU001218,PR08,SU0025,CL004347,CLP,2024-08-26,,Activa,5304,0.2263,CA05,DIGITAL_CORE
CU001219,PR04,SU0039,CL000839,PEN,2022-06-22,,Activa,0,0.0307,CA01,DIGITAL_CORE
CU001220,PR18,SU0013,CL002373,CAD,2023-07-03,,Activa,0,0,CA05,DIGITAL_CORE
CU001221,PR16,SU0021,CL000099,CLP,2021-01-10,,Activa,0,0.0193,CA05,CORE_A
CU001222,PR15,SU0050,CL001710,COP,2022-02-25,,Activa,0,0.0423,CA01,DIGITAL_CORE
CU001223,PR09,SU0006,CL002817,MXN,2019-06-17,,Activa,75710,0.1718,CA05,CORE_A
CU001224,PR09,SU0031,CL002041,PEN,2019-04-07,,Activa,461924,0.1621,CA05,DIGITAL_CORE
CU001225,PR11,SU0022,CL000681,CLP,2024-04-23,,Activa,0,0.0057,CA05,CORE_B
CU001226,PR09,SU0019,CL003645,CAD,2019-03-28,,Activa,246309,0.1584,CA05,CORE_B
CU001227,PR01,SU0033,CL001089,PEN,2025-04-12,,Activa,0,0,CA05,CORE_A
CU001228,PR18,SU0039,CL001039,PEN,2023-01-01,,Activa,0,0,CA02,CORE_B
CU001229,PR03,SU0050,CL003657,COP,2024-02-13,,Activa,0,0.0167,CA02,DIGITAL_CORE
CU001230,PR04,SU0012,CL001342,CAD,2022-05-29,,Activa,0,0.0373,CA01,CORE_B
CU001231,PR12,SU0046,CL004073,COP,2024-10-11,,Activa,114933,0.1924,CA01,CORE_A
CU001232,PR01,SU0035,CL003791,PEN,2025-05-25,,Activa,0,0.015,CA03,CORE_B
CU001233,PR16,SU0036,CL002534,PEN,2024-03-02,,Activa,0,0.0133,CA02,CORE_A
CU001234,PR15,SU0034,CL000216,PEN,2025-04-06,,Activa,0,0.0289,CA05,CORE_B
CU001235,PR04,SU0020,CL004035,CAD,2022-11-24,2023-05-04,Cerrada,0,0.0406,CA01,CORE_A
CU001236,PR06,SU0039,CL000517,PEN,2022-09-12,,Activa,12539,0.3294,CA01,CORE_A
CU001237,PR07,SU0041,CL003057,COP,2022-10-13,,Activa,29009,0.2715,CA05,DIGITAL_CORE
CU001238,PR08,SU0027,CL002486,CLP,2019-01-27,2019-06-11,Cerrada,89155,0.2448,CA02,DIGITAL_CORE
CU001239,PR18,SU0026,CL001301,CLP,2022-01-26,,Activa,0,0.0222,CA01,DIGITAL_CORE
CU001240,PR05,SU0043,CL000251,COP,2020-10-24,,Activa,5032,0.3523,CA05,DIGITAL_CORE
CU001241,PR15,SU0048,CL003900,COP,2022-06-02,,Activa,0,0.0318,CA05,CORE_A
CU001242,PR05,SU0034,CL001202,PEN,2019-11-30,,Activa,116508,0.3834,CA05,CORE_A
CU001243,PR08,SU0038,CL002032,PEN,2021-09-22,,Activa,86452,0.2417,CA01,DIGITAL_CORE
CU001244,PR04,SU0044,CL004068,COP,2021-06-01,,Activa,0,0.0453,CA01,DIGITAL_CORE
CU001245,PR04,SU0037,CL001982,PEN,2025-04-14,2025-12-20,Cerrada,0,0.0475,CA03,CORE_A
CU001246,PR10,SU0032,CL000027,PEN,2024-02-04,,Activa,92201,0.0862,CA02,CORE_B
CU001247,PR08,SU0002,CL003962,MXN,2023-05-13,,Activa,65592,0.2492,CA05,DIGITAL_CORE
CU001248,PR16,SU0021,CL004222,CLP,2020-01-22,,Activa,0,0.0083,CA03,CORE_B
CU001249,PR03,SU0044,CL003472,COP,2019-02-18,,Activa,0,0,CA03,CORE_A
CU001250,PR09,SU0035,CL003735,PEN,2022-04-08,,Activa,27170,0.1727,CA05,CORE_B
CU001251,PR01,SU0049,CL001297,COP,2024-03-22,,Activa,0,0,CA05,DIGITAL_CORE
CU001252,PR18,SU0008,CL003380,MXN,2021-08-22,,Activa,0,0.0071,CA05,DIGITAL_CORE
CU001253,PR18,SU0044,CL002751,COP,2025-02-25,,Activa,0,0.0036,CA01,DIGITAL_CORE
CU001254,PR18,SU0022,CL004109,CLP,2023-02-27,,Activa,0,0,CA05,DIGITAL_CORE
CU001255,PR12,SU0013,CL003284,CAD,2021-09-02,,Activa,5611628,0.1839,CA02,CORE_B
CU001256,PR15,SU0021,CL002380,CLP,2024-08-06,,Activa,0,0.0574,CA01,CORE_A
CU001257,PR09,SU0041,CL000678,COP,2023-06-26,2023-11-06,Cerrada,11194,0.1428,CA01,CORE_A
CU001258,PR01,SU0046,CL001887,COP,2021-05-20,,Activa,0,0.0107,CA03,CORE_A
CU001259,PR07,SU0033,CL001688,PEN,2022-01-25,,Activa,346671,0.3025,CA01,CORE_A
CU001260,PR06,SU0036,CL000763,PEN,2025-09-06,,Activa,182346,0.3293,CA05,CORE_B
CU001261,PR08,SU0025,CL004374,CLP,2024-11-02,,Activa,17805,0.2253,CA01,CORE_A
CU001262,PR05,SU0020,CL002560,CAD,2025-05-22,,Activa,9307,0.377,CA01,CORE_B
CU001263,PR16,SU0045,CL003564,COP,2021-09-29,,Activa,0,0,CA05,CORE_A
CU001264,PR18,SU0039,CL000340,PEN,2025-03-22,,Activa,0,0.0145,CA02,CORE_A
CU001265,PR04,SU0039,CL003537,PEN,2024-12-08,,Activa,0,0.0392,CA05,DIGITAL_CORE
CU001266,PR18,SU0036,CL000419,PEN,2021-10-13,,Activa,0,0.0163,CA05,CORE_B
CU001267,PR07,SU0022,CL003173,CLP,2024-05-26,,Activa,48612,0.2941,CA03,CORE_B
CU001268,PR15,SU0033,CL001913,PEN,2025-08-05,,Activa,0,0.0646,CA05,CORE_A
CU001269,PR09,SU0029,CL001948,CLP,2022-01-09,,Activa,4737,0.1598,CA02,DIGITAL_CORE
CU001270,PR01,SU0047,CL001389,COP,2023-11-08,,Activa,0,0.0118,CA05,DIGITAL_CORE
CU001271,PR18,SU0019,CL003091,CAD,2024-02-05,,Activa,0,0.0116,CA01,CORE_A
CU001272,PR01,SU0028,CL002020,CLP,2019-03-30,,Activa,0,0,CA01,CORE_A
CU001273,PR08,SU0040,CL003154,PEN,2025-05-27,,Activa,59112,0.2597,CA03,DIGITAL_CORE
CU001274,PR02,SU0047,CL004393,COP,2024-10-21,,Activa,0,0.0183,CA05,CORE_B
CU001275,PR05,SU0042,CL002432,COP,2022-11-12,,Activa,73187,0.3703,CA05,DIGITAL_CORE
CU001276,PR09,SU0008,CL004096,MXN,2019-11-10,,Activa,28101,0.1705,CA01,DIGITAL_CORE
CU001277,PR04,SU0017,CL001947,CAD,2019-06-29,,Activa,0,0.0197,CA03,DIGITAL_CORE
CU001278,PR16,SU0045,CL000463,COP,2024-04-13,,Activa,0,0,CA05,CORE_A
CU001279,PR18,SU0043,CL004490,COP,2024-04-01,,Activa,0,0.0061,CA05,CORE_A
CU001280,PR18,SU0027,CL002754,CLP,2022-12-18,2024-04-24,Cerrada,0,0,CA01,CORE_A
CU001281,PR03,SU0004,CL002330,MXN,2020-10-12,,Activa,0,0.0268,CA05,CORE_B
CU001282,PR16,SU0029,CL003642,CLP,2021-09-23,,Activa,0,0.0193,CA03,DIGITAL_CORE
CU001283,PR09,SU0009,CL003110,MXN,2022-01-24,,Activa,150239,0.1465,CA01,DIGITAL_CORE
CU001284,PR18,SU0015,CL003358,CAD,2020-09-23,,Activa,0,0,CA01,CORE_B
CU001285,PR07,SU0033,CL004115,PEN,2024-11-06,,Activa,9051,0.2886,CA01,DIGITAL_CORE
CU001286,PR17,SU0028,CL000017,CLP,2023-10-19,,Activa,0,0.0069,CA05,CORE_B
CU001287,PR03,SU0024,CL002790,CLP,2018-12-24,,Activa,0,0.0209,CA03,DIGITAL_CORE
CU001288,PR13,SU0001,CL000815,MXN,2020-07-26,,Activa,185429,0.1395,CA05,CORE_B
CU001289,PR10,SU0040,CL002534,PEN,2022-08-13,,Activa,12822,0.1038,CA01,CORE_B
CU001290,PR09,SU0009,CL001339,MXN,2023-03-14,,Activa,25305,0.1519,CA05,DIGITAL_CORE
CU001291,PR02,SU0038,CL001677,PEN,2020-12-01,,Activa,0,0,CA05,CORE_A
CU001292,PR01,SU0031,CL001255,PEN,2021-03-31,,Activa,0,0.0196,CA03,CORE_B
CU001293,PR01,SU0019,CL002560,CAD,2024-07-06,,Activa,0,0,CA05,DIGITAL_CORE
CU001294,PR04,SU0018,CL002299,CAD,2025-03-08,,Activa,0,0.0303,CA01,DIGITAL_CORE
CU001295,PR09,SU0031,CL000859,PEN,2024-03-10,,Bloqueada,36357,0.1526,CA01,DIGITAL_CORE
CU001296,PR12,SU0004,CL003583,MXN,2025-02-08,,Activa,751868,0.1789,CA01,DIGITAL_CORE
CU001297,PR06,SU0039,CL001035,PEN,2020-11-21,,Activa,334161,0.3223,CA02,CORE_B
CU001298,PR06,SU0029,CL000464,CLP,2023-01-04,,Activa,16568,0.313,CA05,DIGITAL_CORE
CU001299,PR18,SU0011,CL004280,CAD,2022-07-27,,Activa,0,0.005,CA01,CORE_B
CU001300,PR14,SU0023,CL000849,CLP,2025-01-22,,Activa,0,0,CA03,DIGITAL_CORE
CU001301,PR16,SU0022,CL003521,CLP,2019-11-03,,Activa,0,0,CA05,CORE_A
CU001302,PR15,SU0048,CL000114,COP,2020-05-17,,Activa,0,0.0511,CA01,DIGITAL_CORE
CU001303,PR02,SU0009,CL001961,MXN,2025-07-13,,Activa,0,0.0119,CA02,DIGITAL_CORE
CU001304,PR13,SU0001,CL001551,MXN,2022-11-23,2024-08-04,Cerrada,387188,0.1629,CA01,DIGITAL_CORE
CU001305,PR02,SU0016,CL001932,CAD,2022-04-12,2023-07-13,Cerrada,0,0,CA03,CORE_A
CU001306,PR18,SU0013,CL001852,CAD,2025-09-15,,Activa,0,0.0196,CA05,DIGITAL_CORE
CU001307,PR10,SU0007,CL000981,MXN,2025-08-05,,Activa,9331,0.1099,CA01,CORE_B
CU001308,PR10,SU0039,CL001467,PEN,2024-01-07,2025-11-26,Cerrada,15025,0.0884,CA05,DIGITAL_CORE
CU001309,PR01,SU0032,CL001618,PEN,2021-07-21,,Activa,0,0.0024,CA05,CORE_A
CU001310,PR07,SU0022,CL003754,CLP,2025-10-23,,Activa,18701,0.2813,CA01,CORE_B
CU001311,PR07,SU0027,CL000594,CLP,2024-11-20,,Activa,25290,0.2824,CA05,DIGITAL_CORE
CU001312,PR03,SU0011,CL000757,CAD,2025-06-05,,Activa,0,0.0173,CA01,CORE_A
CU001313,PR06,SU0045,CL001397,COP,2025-03-01,,Activa,16625,0.3189,CA01,CORE_B
CU001314,PR06,SU0034,CL002529,PEN,2022-11-30,,Activa,6235,0.3198,CA05,CORE_A
CU001315,PR07,SU0004,CL001923,MXN,2020-03-13,,Activa,16669,0.2688,CA05,CORE_A
CU001316,PR15,SU0008,CL001570,MXN,2024-04-16,,Activa,0,0.0613,CA01,DIGITAL_CORE
CU001317,PR16,SU0004,CL001727,MXN,2025-02-02,,Activa,0,0.0068,CA01,CORE_B
CU001318,PR06,SU0020,CL003502,CAD,2025-02-23,,Activa,20402,0.3109,CA05,CORE_B
CU001319,PR16,SU0006,CL001482,MXN,2022-05-19,,Activa,0,0.0128,CA05,CORE_A
CU001320,PR16,SU0042,CL003047,COP,2024-03-27,,Activa,0,0.0084,CA01,CORE_B
CU001321,PR18,SU0044,CL003330,COP,2020-04-16,,Activa,0,0,CA01,DIGITAL_CORE
CU001322,PR09,SU0003,CL004041,MXN,2023-06-02,,Activa,254798,0.1684,CA01,DIGITAL_CORE
CU001323,PR15,SU0018,CL000561,CAD,2023-10-25,,Activa,0,0.0373,CA05,CORE_B
CU001324,PR08,SU0007,CL003578,MXN,2022-03-16,,Activa,12796,0.2525,CA05,DIGITAL_CORE
CU001325,PR04,SU0050,CL000310,COP,2025-02-06,,Activa,0,0.0286,CA01,CORE_A
CU001326,PR02,SU0046,CL000321,COP,2019-05-28,,Activa,0,0.0012,CA05,CORE_B
CU001327,PR08,SU0007,CL003790,MXN,2025-06-20,,Activa,20323,0.2469,CA01,CORE_A
CU001328,PR08,SU0014,CL003257,CAD,2025-04-17,,Activa,16080,0.2265,CA05,CORE_A
CU001329,PR07,SU0011,CL000055,CAD,2019-11-29,,Activa,5293,0.3027,CA02,DIGITAL_CORE
CU001330,PR16,SU0012,CL004280,CAD,2021-09-12,,Activa,0,0,CA01,CORE_B
CU001331,PR02,SU0036,CL003434,PEN,2025-07-21,,Activa,0,0.0015,CA01,CORE_A
CU001332,PR18,SU0046,CL002875,COP,2025-05-05,,Activa,0,0,CA02,DIGITAL_CORE
CU001333,PR11,SU0025,CL002230,CLP,2023-07-14,,Activa,0,0.0173,CA05,CORE_B
CU001334,PR03,SU0027,CL002206,CLP,2025-05-30,,Activa,0,0.0279,CA05,CORE_B
CU001335,PR03,SU0010,CL000003,MXN,2024-11-15,,Activa,0,0,CA05,CORE_A
CU001336,PR03,SU0036,CL002849,PEN,2023-06-11,,Activa,0,0.0106,CA05,CORE_B
CU001337,PR04,SU0044,CL002361,COP,2022-03-28,,Activa,0,0.0154,CA03,CORE_B
CU001338,PR07,SU0026,CL001119,CLP,2023-08-28,,Activa,91254,0.295,CA01,CORE_B
CU001339,PR09,SU0010,CL003082,MXN,2018-12-29,,Activa,31939,0.1565,CA01,CORE_B
CU001340,PR16,SU0039,CL001374,PEN,2022-12-12,,Activa,0,0.0006,CA01,CORE_A
CU001341,PR04,SU0028,CL000690,CLP,2019-10-23,,Activa,0,0.0533,CA05,CORE_B
CU001342,PR06,SU0032,CL001567,PEN,2025-10-23,,Activa,10343,0.3157,CA02,CORE_B
CU001343,PR10,SU0034,CL003913,PEN,2025-07-20,,Activa,6389,0.1117,CA01,CORE_A
CU001344,PR09,SU0007,CL001394,MXN,2024-08-07,,Activa,6308,0.1747,CA02,CORE_B
CU001345,PR07,SU0050,CL003997,COP,2022-05-20,,Activa,131508,0.2974,CA05,DIGITAL_CORE
CU001346,PR08,SU0042,CL004104,COP,2022-04-26,,Activa,53122,0.2492,CA01,CORE_B
CU001347,PR06,SU0043,CL002389,COP,2025-10-07,,Activa,243745,0.3423,CA01,CORE_A
CU001348,PR15,SU0018,CL000700,CAD,2023-11-11,,Activa,0,0.0626,CA01,DIGITAL_CORE
CU001349,PR10,SU0049,CL003817,COP,2024-06-23,,Activa,190591,0.1101,CA02,CORE_A
CU001350,PR09,SU0011,CL002839,CAD,2023-07-17,,Activa,26620,0.1426,CA02,DIGITAL_CORE
CU001351,PR15,SU0033,CL004336,PEN,2025-05-20,,Activa,0,0.0384,CA05,CORE_A
CU001352,PR14,SU0013,CL002877,CAD,2025-08-14,,Activa,0,0.0044,CA01,CORE_A
CU001353,PR16,SU0041,CL000083,COP,2022-02-18,,Activa,0,0.005,CA05,CORE_A
CU001354,PR16,SU0037,CL004391,PEN,2023-07-25,,Activa,0,0,CA01,CORE_A
CU001355,PR09,SU0030,CL000892,CLP,2021-03-18,,Activa,227480,0.1645,CA03,CORE_B
CU001356,PR02,SU0005,CL003933,MXN,2024-05-06,,Activa,0,0.0159,CA01,CORE_B
CU001357,PR18,SU0032,CL004454,PEN,2021-09-30,,Activa,0,0,CA03,CORE_A
CU001358,PR03,SU0042,CL004007,COP,2020-07-06,,Activa,0,0.0257,CA05,CORE_B
CU001359,PR06,SU0029,CL000034,CLP,2025-05-12,,Activa,39784,0.3309,CA02,CORE_B
CU001360,PR02,SU0009,CL000384,MXN,2019-01-23,,Activa,0,0.0105,CA01,CORE_A
CU001361,PR07,SU0003,CL002736,MXN,2025-02-14,,Activa,4905,0.2936,CA05,CORE_B
CU001362,PR08,SU0036,CL000907,PEN,2025-03-08,,Activa,17602,0.253,CA02,CORE_B
CU001363,PR05,SU0045,CL003833,COP,2021-10-12,,Activa,27568,0.3492,CA05,CORE_A
CU001364,PR08,SU0002,CL002507,MXN,2021-09-28,,Activa,27879,0.251,CA01,DIGITAL_CORE
CU001365,PR05,SU0022,CL001053,CLP,2025-02-10,,Activa,56192,0.3715,CA01,DIGITAL_CORE
CU001366,PR18,SU0018,CL002286,CAD,2024-10-08,,Activa,0,0,CA03,DIGITAL_CORE
CU001367,PR05,SU0032,CL000291,PEN,2023-10-29,,Activa,8592,0.3701,CA01,CORE_A
CU001368,PR03,SU0004,CL004089,MXN,2023-09-25,,Activa,0,0.0037,CA02,CORE_A
CU001369,PR15,SU0027,CL001662,CLP,2022-03-28,,Activa,0,0.0436,CA05,DIGITAL_CORE
CU001370,PR02,SU0043,CL003114,COP,2024-01-25,,Activa,0,0,CA01,CORE_B
CU001371,PR02,SU0009,CL001973,MXN,2023-08-17,,Activa,0,0.0035,CA02,CORE_B
CU001372,PR06,SU0006,CL002227,MXN,2023-01-07,,Activa,9438,0.3415,CA01,CORE_B
CU001373,PR10,SU0028,CL001398,CLP,2023-03-08,,Activa,33810,0.123,CA01,DIGITAL_CORE
CU001374,PR07,SU0031,CL003085,PEN,2021-08-29,,Activa,18960,0.2742,CA03,DIGITAL_CORE
CU001375,PR09,SU0003,CL001552,MXN,2023-07-03,,Activa,56673,0.1502,CA01,CORE_A
CU001376,PR05,SU0038,CL003711,PEN,2025-07-28,,Activa,11327,0.3678,CA05,CORE_A
CU001377,PR16,SU0004,CL003655,MXN,2023-06-23,,Activa,0,0,CA03,DIGITAL_CORE
CU001378,PR01,SU0049,CL003190,COP,2025-06-26,,Activa,0,0.0126,CA05,DIGITAL_CORE
CU001379,PR04,SU0015,CL001166,CAD,2020-04-25,,Activa,0,0.0276,CA02,CORE_B
CU001380,PR09,SU0049,CL003597,COP,2022-05-04,,Activa,237456,0.1396,CA05,DIGITAL_CORE
CU001381,PR12,SU0003,CL004053,MXN,2020-07-27,,Activa,11521533,0.1934,CA01,DIGITAL_CORE
CU001382,PR18,SU0012,CL001348,CAD,2022-12-24,,Activa,0,0.0214,CA03,DIGITAL_CORE
CU001383,PR08,SU0009,CL001390,MXN,2021-03-04,,Activa,67275,0.2393,CA05,DIGITAL_CORE
CU001384,PR03,SU0013,CL002946,CAD,2025-04-07,,Activa,0,0.005,CA05,CORE_A
CU001385,PR10,SU0015,CL003646,CAD,2019-04-15,,Activa,5944,0.0997,CA01,CORE_A
CU001386,PR16,SU0003,CL003563,MXN,2022-07-15,,Activa,0,0,CA01,CORE_B
CU001387,PR06,SU0026,CL001418,CLP,2022-10-11,,Activa,6799,0.3444,CA02,CORE_A
CU001388,PR02,SU0015,CL002454,CAD,2025-09-15,,Activa,0,0.0091,CA01,CORE_B
CU001389,PR15,SU0032,CL002546,PEN,2022-12-11,,Activa,0,0.0403,CA02,CORE_B
CU001390,PR02,SU0017,CL001974,CAD,2025-10-19,,Activa,0,0.0076,CA03,CORE_B
CU001391,PR12,SU0017,CL002005,CAD,2024-02-04,,Activa,2626033,0.2033,CA02,CORE_A
CU001392,PR12,SU0027,CL001360,CLP,2024-03-21,,Activa,248064,0.2035,CA02,DIGITAL_CORE
CU001393,PR14,SU0036,CL003868,PEN,2020-06-23,,Activa,0,0.0029,CA05,DIGITAL_CORE
CU001394,PR18,SU0018,CL001841,CAD,2020-05-06,,Activa,0,0.0053,CA03,DIGITAL_CORE
CU001395,PR07,SU0027,CL001070,CLP,2019-07-18,,Activa,29311,0.2664,CA01,CORE_A
CU001396,PR16,SU0016,CL000333,CAD,2024-07-15,,Activa,0,0.0167,CA05,CORE_B
CU001397,PR16,SU0009,CL000135,MXN,2020-05-07,,Activa,0,0,CA01,CORE_A
CU001398,PR15,SU0023,CL004161,CLP,2020-03-06,,Activa,0,0.0375,CA01,CORE_A
CU001399,PR15,SU0016,CL003605,CAD,2023-10-03,,Activa,0,0.0265,CA05,CORE_A
CU001400,PR11,SU0020,CL002421,CAD,2023-09-29,,Activa,0,0.0169,CA01,CORE_B
CU001401,PR04,SU0036,CL001267,PEN,2022-02-12,,Activa,0,0.0393,CA01,CORE_B
CU001402,PR18,SU0021,CL001709,CLP,2024-05-22,,Activa,0,0.0106,CA05,DIGITAL_CORE
CU001403,PR08,SU0036,CL002615,PEN,2024-08-26,,Activa,3981,0.2304,CA05,CORE_A
CU001404,PR09,SU0011,CL002424,CAD,2025-02-03,,Activa,275902,0.1491,CA05,CORE_B
CU001405,PR05,SU0013,CL000582,CAD,2025-02-26,,Activa,95580,0.3745,CA05,CORE_A
CU001406,PR18,SU0027,CL000547,CLP,2019-11-02,,Activa,0,0,CA01,CORE_B
CU001407,PR03,SU0020,CL003714,CAD,2024-06-12,,Activa,0,0.0141,CA05,CORE_A
CU001408,PR10,SU0030,CL000381,CLP,2023-08-25,,Activa,33697,0.107,CA05,DIGITAL_CORE
CU001409,PR05,SU0010,CL000686,MXN,2023-02-10,,Activa,19994,0.3534,CA05,CORE_A
CU001410,PR02,SU0041,CL002353,COP,2021-11-23,,Activa,0,0.0144,CA03,CORE_B
CU001411,PR10,SU0018,CL001050,CAD,2024-10-14,,Activa,27445,0.0885,CA01,CORE_A
CU001412,PR02,SU0015,CL002842,CAD,2021-12-02,,Activa,0,0,CA05,DIGITAL_CORE
CU001413,PR15,SU0021,CL003743,CLP,2020-11-23,,Activa,0,0.0644,CA05,CORE_A
CU001414,PR18,SU0043,CL000321,COP,2019-07-04,,Activa,0,0.0083,CA05,DIGITAL_CORE
CU001415,PR05,SU0004,CL003840,MXN,2025-05-19,,Activa,169966,0.3709,CA05,CORE_B
CU001416,PR16,SU0015,CL000543,CAD,2023-06-06,,Activa,0,0,CA05,DIGITAL_CORE
CU001417,PR10,SU0023,CL002959,CLP,2024-06-14,,Activa,12573,0.0981,CA05,CORE_B
CU001418,PR02,SU0014,CL002154,CAD,2021-02-25,,Activa,0,0,CA01,CORE_A
CU001419,PR10,SU0026,CL004174,CLP,2025-10-29,,Activa,14032,0.1241,CA01,CORE_A
CU001420,PR15,SU0032,CL002333,PEN,2023-02-23,,Activa,0,0.0406,CA01,CORE_A
CU001421,PR09,SU0004,CL000494,MXN,2020-04-22,,Activa,2708,0.1468,CA01,DIGITAL_CORE
CU001422,PR08,SU0010,CL002338,MXN,2020-03-28,,Activa,30477,0.2475,CA03,CORE_A
CU001423,PR05,SU0042,CL000223,COP,2019-08-06,,Activa,19931,0.3798,CA05,CORE_A
CU001424,PR01,SU0012,CL002268,CAD,2021-02-06,,Activa,0,0.0205,CA01,CORE_A
CU001425,PR04,SU0037,CL000888,PEN,2021-10-08,,Activa,0,0.0164,CA01,CORE_B
CU001426,PR09,SU0026,CL002374,CLP,2022-07-03,,Activa,9061,0.1574,CA05,DIGITAL_CORE
CU001427,PR02,SU0004,CL000046,MXN,2021-06-21,,Activa,0,0.0057,CA02,CORE_B
CU001428,PR10,SU0040,CL003340,PEN,2020-12-11,,Activa,12256,0.0922,CA01,CORE_B
CU001429,PR02,SU0019,CL002623,CAD,2022-06-20,,Activa,0,0,CA05,CORE_A
CU001430,PR18,SU0002,CL002302,MXN,2025-06-19,,Activa,0,0.0006,CA01,DIGITAL_CORE
CU001431,PR05,SU0026,CL000607,CLP,2024-11-18,,Bloqueada,18292,0.3648,CA03,CORE_B
CU001432,PR18,SU0013,CL002268,CAD,2022-10-25,,Activa,0,0.0063,CA05,CORE_A
CU001433,PR05,SU0011,CL004038,CAD,2023-05-24,,Activa,66294,0.3504,CA05,CORE_A
CU001434,PR10,SU0033,CL001334,PEN,2021-02-10,,Activa,32367,0.1124,CA05,CORE_A
CU001435,PR08,SU0026,CL000287,CLP,2025-09-29,,Activa,25917,0.2317,CA05,DIGITAL_CORE
CU001436,PR13,SU0043,CL002162,COP,2022-10-11,,Activa,574758,0.1291,CA01,DIGITAL_CORE
CU001437,PR06,SU0001,CL003624,MXN,2024-08-07,,Activa,26409,0.3072,CA01,CORE_B
CU001438,PR01,SU0048,CL002836,COP,2025-08-25,,Activa,0,0.0183,CA05,CORE_B
CU001439,PR04,SU0027,CL001860,CLP,2023-08-24,,Activa,0,0.0213,CA05,CORE_B
CU001440,PR15,SU0043,CL002420,COP,2025-04-14,,Activa,0,0.0585,CA03,DIGITAL_CORE
CU001441,PR09,SU0042,CL004247,COP,2023-06-10,,Activa,28811,0.1504,CA05,CORE_B
CU001442,PR03,SU0046,CL003111,COP,2020-09-30,,Activa,0,0,CA05,CORE_A
CU001443,PR08,SU0011,CL001141,CAD,2019-06-26,,Activa,14245,0.2613,CA05,DIGITAL_CORE
CU001444,PR15,SU0018,CL001497,CAD,2023-09-12,2024-02-07,Cerrada,0,0.0565,CA05,CORE_B
CU001445,PR16,SU0044,CL001712,COP,2022-07-04,,Activa,0,0,CA05,CORE_B
CU001446,PR13,SU0044,CL003638,COP,2023-01-31,,Activa,11599071,0.1474,CA03,CORE_B
CU001447,PR03,SU0003,CL000818,MXN,2022-09-04,,Activa,0,0.0156,CA05,CORE_B
CU001448,PR01,SU0035,CL001596,PEN,2025-08-12,,Activa,0,0,CA05,CORE_B
CU001449,PR15,SU0027,CL002118,CLP,2023-10-16,,Activa,0,0.0572,CA05,DIGITAL_CORE
CU001450,PR14,SU0003,CL000327,MXN,2022-01-31,,Activa,0,0,CA05,DIGITAL_CORE
CU001451,PR15,SU0025,CL001485,CLP,2020-10-05,,Activa,0,0.0345,CA03,CORE_B
CU001452,PR16,SU0028,CL003728,CLP,2020-12-12,,Activa,0,0.0164,CA01,DIGITAL_CORE
CU001453,PR18,SU0008,CL000963,MXN,2022-08-31,,Activa,0,0.0145,CA01,CORE_A
CU001454,PR16,SU0008,CL001131,MXN,2024-07-25,,Activa,0,0,CA03,CORE_B
CU001455,PR02,SU0002,CL003380,MXN,2024-08-30,,Activa,0,0.0169,CA05,DIGITAL_CORE
CU001456,PR06,SU0022,CL003078,CLP,2025-02-09,,Activa,115016,0.3125,CA01,CORE_A
CU001457,PR09,SU0008,CL003952,MXN,2020-04-20,,Activa,21867,0.157,CA01,CORE_B
CU001458,PR07,SU0023,CL003157,CLP,2025-11-25,,Activa,20144,0.2822,CA02,DIGITAL_CORE
CU001459,PR18,SU0029,CL002130,CLP,2024-02-23,,Activa,0,0,CA01,CORE_A
CU001460,PR05,SU0016,CL000369,CAD,2025-07-30,,Activa,470163,0.365,CA03,DIGITAL_CORE
CU001461,PR06,SU0004,CL001769,MXN,2022-01-05,,Activa,19654,0.3432,CA01,CORE_B
CU001462,PR04,SU0016,CL000189,CAD,2021-12-01,2023-03-06,Cerrada,0,0.027,CA05,CORE_A
CU001463,PR05,SU0050,CL000030,COP,2022-02-13,,Activa,94899,0.3759,CA02,CORE_B
CU001464,PR18,SU0016,CL001855,CAD,2021-04-30,,Bloqueada,0,0.0093,CA05,CORE_A
CU001465,PR18,SU0021,CL003265,CLP,2019-10-22,,Activa,0,0.0219,CA05,CORE_A
CU001466,PR18,SU0024,CL002264,CLP,2023-02-04,,Activa,0,0.0221,CA05,CORE_A
CU001467,PR03,SU0036,CL000164,PEN,2022-10-27,,Activa,0,0.0141,CA05,CORE_B
CU001468,PR01,SU0042,CL004364,COP,2025-04-27,,Activa,0,0,CA01,CORE_A
CU001469,PR05,SU0029,CL001465,CLP,2023-08-04,,Activa,25487,0.3475,CA05,DIGITAL_CORE
CU001470,PR02,SU0004,CL000510,MXN,2023-07-07,,Activa,0,0,CA01,DIGITAL_CORE
CU001471,PR18,SU0040,CL000045,PEN,2022-03-21,,Activa,0,0.0019,CA05,CORE_A
CU001472,PR18,SU0043,CL002170,COP,2022-10-10,2024-01-15,Cerrada,0,0.0049,CA02,CORE_B
CU001473,PR05,SU0032,CL002388,PEN,2020-04-12,,Activa,30505,0.3602,CA05,CORE_B
CU001474,PR18,SU0039,CL002158,PEN,2025-02-04,,Activa,0,0.0177,CA02,DIGITAL_CORE
CU001475,PR17,SU0048,CL003155,COP,2025-02-21,,Activa,0,0.0029,CA05,DIGITAL_CORE
CU001476,PR18,SU0035,CL001022,PEN,2021-12-25,,Activa,0,0.019,CA02,CORE_B
CU001477,PR03,SU0035,CL002811,PEN,2023-04-20,,Activa,0,0,CA03,DIGITAL_CORE
CU001478,PR15,SU0011,CL000577,CAD,2025-05-31,,Activa,0,0.0332,CA03,DIGITAL_CORE
CU001479,PR18,SU0028,CL002453,CLP,2018-12-16,,Activa,0,0,CA02,DIGITAL_CORE
CU001480,PR01,SU0037,CL001721,PEN,2025-07-03,,Activa,0,0,CA01,DIGITAL_CORE
CU001481,PR04,SU0040,CL000562,PEN,2022-04-02,,Activa,0,0.0309,CA03,DIGITAL_CORE
CU001482,PR11,SU0022,CL002558,CLP,2020-06-08,,Activa,0,0.0076,CA01,DIGITAL_CORE
CU001483,PR14,SU0016,CL004410,CAD,2022-08-16,,Activa,0,0,CA01,CORE_A
CU001484,PR07,SU0037,CL000658,PEN,2022-05-13,,Activa,23249,0.3035,CA05,CORE_B
CU001485,PR05,SU0009,CL001559,MXN,2025-05-20,,Activa,13259,0.3527,CA01,CORE_A
CU001486,PR15,SU0004,CL001292,MXN,2025-06-13,,Activa,0,0.0575,CA05,CORE_A
CU001487,PR16,SU0006,CL003460,MXN,2023-11-23,,Activa,0,0,CA02,CORE_A
CU001488,PR10,SU0015,CL001302,CAD,2024-06-02,,Activa,15320,0.1162,CA05,CORE_B
CU001489,PR01,SU0021,CL000394,CLP,2022-08-09,,Activa,0,0,CA02,DIGITAL_CORE
CU001490,PR03,SU0026,CL003506,CLP,2024-04-29,,Activa,0,0.0051,CA05,CORE_B
CU001491,PR08,SU0029,CL003653,CLP,2024-11-23,,Activa,45124,0.2291,CA05,CORE_A
CU001492,PR06,SU0006,CL004384,MXN,2022-06-02,,Activa,94507,0.3068,CA05,CORE_A
CU001493,PR02,SU0035,CL000356,PEN,2024-05-24,,Bloqueada,0,0.0207,CA05,CORE_B
CU001494,PR07,SU0025,CL003218,CLP,2019-07-30,,Activa,46235,0.2826,CA05,DIGITAL_CORE
CU001495,PR04,SU0024,CL001850,CLP,2025-11-06,,Activa,0,0.0536,CA05,CORE_A
CU001496,PR17,SU0015,CL004203,CAD,2022-03-02,,Activa,0,0,CA02,DIGITAL_CORE
CU001497,PR17,SU0046,CL000870,COP,2020-11-10,,Activa,0,0,CA05,CORE_B
CU001498,PR03,SU0034,CL003135,PEN,2020-01-15,,Activa,0,0.023,CA03,DIGITAL_CORE
CU001499,PR08,SU0022,CL000141,CLP,2019-09-23,2022-02-11,Cerrada,17243,0.2502,CA02,CORE_B
CU001500,PR08,SU0035,CL001159,PEN,2024-08-13,,Activa,4528,0.2402,CA05,DIGITAL_CORE
CU001501,PR05,SU0033,CL004372,PEN,2022-07-17,,Activa,42073,0.354,CA05,CORE_B
CU001502,PR18,SU0011,CL002395,CAD,2025-07-09,,Activa,0,0.0158,CA03,CORE_B
CU001503,PR04,SU0016,CL004343,CAD,2020-05-19,,Activa,0,0.0494,CA02,DIGITAL_CORE
CU001504,PR13,SU0028,CL002230,CLP,2019-12-01,,Activa,482190,0.1307,CA05,CORE_A
CU001505,PR08,SU0013,CL003812,CAD,2020-12-14,,Activa,6666,0.2416,CA05,CORE_B
CU001506,PR01,SU0028,CL003565,CLP,2020-07-08,,Activa,0,0.0098,CA05,CORE_B
CU001507,PR01,SU0036,CL004012,PEN,2021-04-15,,Activa,0,0.0151,CA03,DIGITAL_CORE
CU001508,PR08,SU0007,CL001864,MXN,2021-11-23,,Bloqueada,4190,0.2444,CA05,CORE_A
CU001509,PR01,SU0021,CL001781,CLP,2024-02-06,,Activa,0,0,CA05,CORE_A
CU001510,PR10,SU0036,CL003559,PEN,2022-03-28,,Activa,2326,0.0961,CA05,CORE_A
CU001511,PR18,SU0003,CL000137,MXN,2024-06-12,,Activa,0,0,CA05,CORE_A
CU001512,PR04,SU0031,CL000907,PEN,2022-06-04,,Activa,0,0.0386,CA05,CORE_A
CU001513,PR10,SU0050,CL002273,COP,2024-05-24,,Activa,45150,0.0928,CA02,CORE_B
CU001514,PR06,SU0030,CL001808,CLP,2021-08-09,,Activa,434031,0.3355,CA02,CORE_A
CU001515,PR04,SU0019,CL004110,CAD,2021-01-28,,Bloqueada,0,0.0357,CA02,CORE_B
CU001516,PR18,SU0012,CL004473,CAD,2024-11-26,,Activa,0,0,CA02,CORE_B
CU001517,PR16,SU0047,CL004228,COP,2022-11-09,2024-11-24,Cerrada,0,0,CA01,DIGITAL_CORE
CU001518,PR15,SU0050,CL002287,COP,2025-02-04,,Activa,0,0.0479,CA01,DIGITAL_CORE
CU001519,PR16,SU0007,CL002463,MXN,2021-01-05,,Activa,0,0.0177,CA01,DIGITAL_CORE
CU001520,PR05,SU0021,CL001080,CLP,2021-07-29,,Activa,55344,0.3524,CA02,CORE_B
CU001521,PR10,SU0030,CL000306,CLP,2020-07-10,,Activa,9738,0.1065,CA05,CORE_B
CU001522,PR05,SU0020,CL001365,CAD,2019-10-29,,Activa,31052,0.3455,CA05,DIGITAL_CORE
CU001523,PR09,SU0023,CL000127,CLP,2023-09-08,,Activa,77141,0.1673,CA01,DIGITAL_CORE
CU001524,PR14,SU0026,CL000033,CLP,2021-10-27,,Activa,0,0,CA05,CORE_A
CU001525,PR08,SU0019,CL003797,CAD,2024-09-17,,Activa,20163,0.2613,CA01,DIGITAL_CORE
CU001526,PR07,SU0049,CL003106,COP,2023-09-05,,Activa,6765,0.2901,CA01,CORE_B
CU001527,PR18,SU0031,CL001546,PEN,2022-03-02,2023-12-15,Cerrada,0,0.0237,CA01,DIGITAL_CORE
CU001528,PR03,SU0018,CL000533,CAD,2025-08-23,,Activa,0,0,CA05,CORE_A
CU001529,PR05,SU0012,CL000122,CAD,2023-10-27,,Activa,22489,0.363,CA01,CORE_A
CU001530,PR01,SU0042,CL001192,COP,2022-06-23,,Activa,0,0.01,CA05,CORE_A
CU001531,PR07,SU0033,CL000035,PEN,2024-05-16,,Activa,56492,0.2687,CA01,DIGITAL_CORE
CU001532,PR16,SU0014,CL003441,CAD,2023-08-02,,Activa,0,0,CA05,CORE_B
CU001533,PR08,SU0027,CL004394,CLP,2023-04-30,,Activa,23639,0.2499,CA01,CORE_B
CU001534,PR15,SU0031,CL000505,PEN,2023-12-23,2025-08-16,Cerrada,0,0.0289,CA05,CORE_A
CU001535,PR08,SU0002,CL004054,MXN,2022-06-26,,Activa,18760,0.2287,CA05,DIGITAL_CORE
CU001536,PR16,SU0031,CL002701,PEN,2021-05-01,,Activa,0,0.0121,CA01,DIGITAL_CORE
CU001537,PR02,SU0018,CL003069,CAD,2025-08-27,,Activa,0,0,CA05,DIGITAL_CORE
CU001538,PR01,SU0018,CL001403,CAD,2023-12-07,,Activa,0,0.0205,CA01,DIGITAL_CORE
CU001539,PR15,SU0034,CL000227,PEN,2022-01-22,,Activa,0,0.0617,CA01,DIGITAL_CORE
CU001540,PR15,SU0029,CL001393,CLP,2023-10-01,,Activa,0,0.0572,CA05,CORE_A
CU001541,PR18,SU0001,CL002071,MXN,2022-11-16,2025-02-12,Cerrada,0,0.0172,CA01,DIGITAL_CORE
CU001542,PR16,SU0019,CL001366,CAD,2023-04-25,,Activa,0,0.0137,CA03,DIGITAL_CORE
CU001543,PR02,SU0020,CL003605,CAD,2025-08-26,,Activa,0,0,CA01,CORE_B
CU001544,PR16,SU0049,CL001256,COP,2024-11-20,,Activa,0,0,CA01,CORE_A
CU001545,PR17,SU0010,CL003917,MXN,2024-02-23,,Activa,0,0,CA05,DIGITAL_CORE
CU001546,PR15,SU0018,CL001588,CAD,2023-09-25,,Activa,0,0.0507,CA05,DIGITAL_CORE
CU001547,PR03,SU0007,CL003803,MXN,2020-09-27,,Activa,0,0,CA05,DIGITAL_CORE
CU001548,PR15,SU0035,CL001687,PEN,2019-05-29,,Activa,0,0.027,CA01,CORE_A
CU001549,PR08,SU0050,CL000265,COP,2025-09-19,,Activa,41022,0.2367,CA03,CORE_A
CU001550,PR18,SU0019,CL000377,CAD,2025-01-12,,Activa,0,0.0081,CA02,DIGITAL_CORE
CU001551,PR15,SU0027,CL002441,CLP,2024-10-12,,Activa,0,0.0378,CA05,DIGITAL_CORE
CU001552,PR04,SU0045,CL003865,COP,2019-05-30,,Bloqueada,0,0.0328,CA02,CORE_A
CU001553,PR03,SU0023,CL001476,CLP,2025-09-20,,Activa,0,0.0191,CA05,CORE_B
CU001554,PR17,SU0027,CL000922,CLP,2023-06-21,,Activa,0,0.0138,CA01,CORE_B
CU001555,PR18,SU0026,CL001474,CLP,2022-11-10,,Activa,0,0,CA02,CORE_B
CU001556,PR06,SU0046,CL002115,COP,2020-08-19,,Activa,26140,0.3326,CA01,DIGITAL_CORE
CU001557,PR14,SU0028,CL003999,CLP,2020-02-22,,Activa,0,0,CA03,CORE_B
CU001558,PR18,SU0003,CL004160,MXN,2024-05-11,,Activa,0,0.0149,CA03,DIGITAL_CORE
CU001559,PR18,SU0004,CL002472,MXN,2019-11-22,,Activa,0,0.0066,CA01,CORE_A
CU001560,PR08,SU0007,CL001062,MXN,2021-08-04,,Activa,3110,0.2294,CA02,CORE_B
CU001561,PR15,SU0030,CL003061,CLP,2025-10-27,,Activa,0,0.0573,CA03,CORE_B
CU001562,PR15,SU0037,CL001976,PEN,2022-01-08,,Activa,0,0.0557,CA05,CORE_B
CU001563,PR10,SU0032,CL000886,PEN,2023-02-20,,Activa,76098,0.101,CA05,CORE_A
CU001564,PR03,SU0042,CL004037,COP,2024-11-18,,Activa,0,0.0246,CA01,CORE_A
CU001565,PR16,SU0038,CL001635,PEN,2023-10-05,,Activa,0,0.0135,CA01,CORE_B
CU001566,PR16,SU0047,CL001014,COP,2025-05-19,,Activa,0,0,CA05,CORE_B
CU001567,PR18,SU0003,CL004101,MXN,2022-07-28,,Activa,0,0,CA01,DIGITAL_CORE
CU001568,PR18,SU0002,CL004388,MXN,2025-05-23,,Activa,0,0.0212,CA03,DIGITAL_CORE
CU001569,PR13,SU0036,CL001524,PEN,2019-10-27,,Activa,725073,0.1501,CA01,CORE_A
CU001570,PR18,SU0013,CL001928,CAD,2023-11-24,,Activa,0,0.0046,CA05,CORE_A
CU001571,PR14,SU0028,CL003239,CLP,2019-03-29,,Activa,0,0.02,CA05,CORE_B
CU001572,PR15,SU0022,CL000332,CLP,2019-11-29,,Activa,0,0.0373,CA01,DIGITAL_CORE
CU001573,PR14,SU0021,CL003429,CLP,2023-08-14,,Activa,0,0,CA03,CORE_A
CU001574,PR18,SU0029,CL004113,CLP,2024-11-28,,Activa,0,0.015,CA01,CORE_B
CU001575,PR18,SU0047,CL001858,COP,2023-12-28,,Activa,0,0.0074,CA03,CORE_A
CU001576,PR18,SU0031,CL000886,PEN,2021-07-07,,Activa,0,0,CA05,CORE_A
CU001577,PR16,SU0034,CL000472,PEN,2022-11-06,,Activa,0,0.0029,CA03,CORE_A
CU001578,PR02,SU0022,CL000718,CLP,2024-11-02,,Activa,0,0,CA05,DIGITAL_CORE
CU001579,PR16,SU0008,CL001402,MXN,2019-09-09,,Activa,0,0.0095,CA01,CORE_B
CU001580,PR18,SU0001,CL001994,MXN,2020-02-27,,Activa,0,0.0145,CA01,CORE_B
CU001581,PR07,SU0021,CL002754,CLP,2023-02-18,,Activa,16276,0.2654,CA02,DIGITAL_CORE
CU001582,PR03,SU0043,CL003240,COP,2023-10-23,,Activa,0,0,CA05,DIGITAL_CORE
CU001583,PR02,SU0048,CL001323,COP,2020-11-30,,Activa,0,0.0172,CA05,CORE_B
CU001584,PR09,SU0005,CL000335,MXN,2024-08-18,,Activa,17133,0.1656,CA05,CORE_B
CU001585,PR18,SU0029,CL000489,CLP,2024-01-05,,Activa,0,0,CA02,CORE_A
CU001586,PR07,SU0014,CL003908,CAD,2023-08-29,,Activa,39422,0.2784,CA05,CORE_A
CU001587,PR15,SU0021,CL003677,CLP,2023-11-06,,Activa,0,0.0599,CA01,DIGITAL_CORE
CU001588,PR05,SU0019,CL000232,CAD,2022-05-03,,Activa,37999,0.3464,CA01,DIGITAL_CORE
CU001589,PR01,SU0037,CL004046,PEN,2023-03-25,,Activa,0,0,CA01,CORE_A
CU001590,PR11,SU0011,CL003783,CAD,2024-05-25,,Activa,0,0,CA03,CORE_A
CU001591,PR16,SU0030,CL004488,CLP,2019-12-24,,Activa,0,0,CA05,CORE_B
CU001592,PR09,SU0004,CL004316,MXN,2022-07-12,,Activa,35636,0.1547,CA01,CORE_B
CU001593,PR06,SU0008,CL002866,MXN,2019-03-12,,Activa,12882,0.3195,CA05,DIGITAL_CORE
CU001594,PR10,SU0002,CL001272,MXN,2023-05-03,,Activa,22325,0.0995,CA05,CORE_B
CU001595,PR08,SU0038,CL001618,PEN,2022-12-10,,Activa,26543,0.2381,CA05,CORE_A
CU001596,PR02,SU0049,CL003230,COP,2019-10-30,,Activa,0,0,CA01,DIGITAL_CORE
CU001597,PR08,SU0004,CL001872,MXN,2021-03-23,,Activa,27105,0.2486,CA05,CORE_A
CU001598,PR04,SU0043,CL001357,COP,2023-04-27,,Activa,0,0.0422,CA05,CORE_B
CU001599,PR02,SU0017,CL003091,CAD,2021-09-02,,Activa,0,0,CA05,DIGITAL_CORE
CU001600,PR13,SU0039,CL004312,PEN,2025-08-22,,Activa,344101,0.1277,CA01,CORE_B
CU001601,PR15,SU0019,CL000467,CAD,2025-08-22,,Activa,0,0.0383,CA01,CORE_B
CU001602,PR18,SU0033,CL001039,PEN,2024-10-04,,Activa,0,0.011,CA01,CORE_A
CU001603,PR05,SU0040,CL001919,PEN,2025-11-01,,Activa,24057,0.35,CA03,CORE_A
CU001604,PR16,SU0002,CL004146,MXN,2024-10-31,,Activa,0,0.003,CA05,CORE_B
CU001605,PR02,SU0015,CL003646,CAD,2019-07-18,,Activa,0,0.002,CA01,CORE_A
CU001606,PR02,SU0034,CL003984,PEN,2024-01-29,,Activa,0,0.0095,CA05,DIGITAL_CORE
CU001607,PR16,SU0026,CL001409,CLP,2021-12-19,,Activa,0,0,CA01,DIGITAL_CORE
CU001608,PR04,SU0019,CL003746,CAD,2023-12-17,,Activa,0,0.0268,CA02,DIGITAL_CORE
CU001609,PR03,SU0043,CL000688,COP,2022-12-19,,Activa,0,0,CA01,CORE_A
CU001610,PR07,SU0012,CL003381,CAD,2020-05-07,,Activa,11468,0.2697,CA01,CORE_A
CU001611,PR06,SU0030,CL002356,CLP,2021-05-09,,Activa,53534,0.3428,CA05,DIGITAL_CORE
CU001612,PR02,SU0002,CL004160,MXN,2024-10-10,,Activa,0,0,CA03,CORE_B
CU001613,PR07,SU0046,CL003197,COP,2025-09-18,,Activa,404615,0.2719,CA05,DIGITAL_CORE
CU001614,PR06,SU0029,CL003187,CLP,2023-03-23,,Activa,15992,0.3319,CA01,CORE_B
CU001615,PR03,SU0014,CL004398,CAD,2022-12-04,,Activa,0,0.0002,CA05,CORE_B
CU001616,PR18,SU0039,CL003164,PEN,2019-09-15,,Activa,0,0.0016,CA01,DIGITAL_CORE
CU001617,PR03,SU0017,CL000055,CAD,2024-12-23,,Activa,0,0.0151,CA01,CORE_A
CU001618,PR04,SU0017,CL004261,CAD,2023-09-20,,Activa,0,0.0281,CA05,CORE_B
CU001619,PR18,SU0011,CL003810,CAD,2022-03-13,,Activa,0,0,CA03,DIGITAL_CORE
CU001620,PR18,SU0005,CL000526,MXN,2023-05-14,,Activa,0,0.0159,CA01,CORE_B
CU001621,PR18,SU0023,CL001716,CLP,2024-09-19,,Activa,0,0,CA02,DIGITAL_CORE
CU001622,PR08,SU0003,CL001961,MXN,2020-05-14,,Activa,85854,0.2629,CA02,CORE_B
CU001623,PR08,SU0016,CL003023,CAD,2022-08-09,,Activa,85977,0.2527,CA03,CORE_B
CU001624,PR03,SU0035,CL003874,PEN,2020-07-02,,Activa,0,0.0112,CA03,CORE_B
CU001625,PR08,SU0046,CL001887,COP,2021-06-13,,Activa,279792,0.2319,CA03,DIGITAL_CORE
CU001626,PR06,SU0035,CL001135,PEN,2024-09-01,,Activa,141039,0.3116,CA01,CORE_A
CU001627,PR06,SU0007,CL004101,MXN,2022-08-07,,Activa,18043,0.3401,CA01,DIGITAL_CORE
CU001628,PR09,SU0020,CL000241,CAD,2021-08-01,,Activa,55938,0.1704,CA03,DIGITAL_CORE
CU001629,PR16,SU0030,CL002093,CLP,2024-12-27,,Activa,0,0,CA01,CORE_B
CU001630,PR14,SU0014,CL002877,CAD,2020-04-20,,Activa,0,0.0093,CA05,DIGITAL_CORE
CU001631,PR05,SU0009,CL000362,MXN,2022-07-13,,Activa,19040,0.367,CA01,CORE_B
CU001632,PR10,SU0032,CL002481,PEN,2023-01-06,,Activa,90586,0.0894,CA05,CORE_A
CU001633,PR18,SU0038,CL003849,PEN,2023-01-14,,Activa,0,0,CA03,CORE_B
CU001634,PR01,SU0008,CL001309,MXN,2023-02-27,,Activa,0,0,CA01,CORE_A
CU001635,PR18,SU0014,CL002675,CAD,2021-07-21,,Activa,0,0,CA01,CORE_A
CU001636,PR18,SU0016,CL001348,CAD,2020-07-26,,Activa,0,0,CA02,DIGITAL_CORE
CU001637,PR08,SU0015,CL003883,CAD,2024-04-19,,Activa,8588,0.2355,CA05,CORE_A
CU001638,PR18,SU0045,CL004010,COP,2023-03-17,,Activa,0,0.0222,CA01,CORE_A
CU001639,PR14,SU0029,CL003171,CLP,2024-08-17,,Activa,0,0.0149,CA05,CORE_B
CU001640,PR09,SU0020,CL002738,CAD,2020-02-03,,Activa,21002,0.1359,CA01,DIGITAL_CORE
CU001641,PR06,SU0009,CL000774,MXN,2021-02-11,,Activa,247984,0.3093,CA01,DIGITAL_CORE
CU001642,PR09,SU0015,CL000582,CAD,2023-03-14,,Bloqueada,86176,0.1624,CA03,DIGITAL_CORE
CU001643,PR09,SU0035,CL001763,PEN,2023-02-23,,Activa,208054,0.1577,CA05,CORE_B
CU001644,PR16,SU0009,CL002445,MXN,2025-02-24,,Activa,0,0.0102,CA01,CORE_A
CU001645,PR18,SU0043,CL001578,COP,2022-08-01,,Activa,0,0,CA05,CORE_A
CU001646,PR09,SU0018,CL002904,CAD,2022-04-02,,Activa,20240,0.1576,CA05,CORE_A
CU001647,PR08,SU0027,CL002487,CLP,2023-10-30,2025-09-11,Cerrada,2324,0.2559,CA01,DIGITAL_CORE
CU001648,PR08,SU0020,CL001879,CAD,2023-09-30,,Activa,2213,0.2358,CA02,CORE_B
CU001649,PR05,SU0035,CL000731,PEN,2024-08-14,,Activa,184036,0.3464,CA05,CORE_B
CU001650,PR15,SU0003,CL003626,MXN,2023-04-12,,Activa,0,0.0336,CA01,CORE_A
CU001651,PR04,SU0010,CL004371,MXN,2021-10-20,,Activa,0,0.0514,CA05,DIGITAL_CORE
CU001652,PR01,SU0048,CL003747,COP,2025-02-04,,Activa,0,0,CA02,DIGITAL_CORE
CU001653,PR03,SU0008,CL000772,MXN,2023-12-15,,Activa,0,0.0275,CA03,CORE_A
CU001654,PR16,SU0043,CL003352,COP,2024-02-20,,Activa,0,0,CA05,CORE_A
CU001655,PR06,SU0040,CL002034,PEN,2021-12-05,,Activa,290470,0.3375,CA01,DIGITAL_CORE
CU001656,PR09,SU0024,CL004061,CLP,2023-08-20,2025-07-10,Cerrada,12944,0.1476,CA01,CORE_B
CU001657,PR15,SU0009,CL000611,MXN,2025-02-09,,Activa,0,0.0368,CA01,CORE_B
CU001658,PR16,SU0010,CL003796,MXN,2022-08-26,,Activa,0,0.0023,CA03,CORE_B
CU001659,PR06,SU0014,CL000144,CAD,2023-10-08,,Activa,63344,0.3364,CA05,CORE_A
CU001660,PR18,SU0029,CL001169,CLP,2023-03-10,,Activa,0,0.0026,CA05,CORE_B
CU001661,PR07,SU0008,CL002332,MXN,2025-02-15,,Activa,18909,0.3013,CA03,CORE_B
CU001662,PR15,SU0008,CL001196,MXN,2023-06-26,,Bloqueada,0,0.029,CA01,CORE_B
CU001663,PR15,SU0042,CL002654,COP,2023-07-22,,Activa,0,0.062,CA05,DIGITAL_CORE
CU001664,PR11,SU0048,CL003555,COP,2025-04-17,,Activa,0,0.0051,CA01,CORE_B
CU001665,PR01,SU0022,CL003684,CLP,2025-07-22,,Activa,0,0,CA05,CORE_B
CU001666,PR03,SU0049,CL000716,COP,2024-02-05,,Activa,0,0.0143,CA05,CORE_B
CU001667,PR18,SU0023,CL003634,CLP,2021-06-14,,Activa,0,0.0202,CA03,DIGITAL_CORE
CU001668,PR15,SU0021,CL001576,CLP,2024-10-29,,Activa,0,0.0376,CA05,DIGITAL_CORE
CU001669,PR17,SU0021,CL003989,CLP,2022-02-04,2023-05-21,Cerrada,0,0,CA05,DIGITAL_CORE
CU001670,PR05,SU0043,CL002495,COP,2019-10-14,,Activa,28205,0.3728,CA01,CORE_A
CU001671,PR09,SU0028,CL000892,CLP,2025-01-02,,Activa,382989,0.1523,CA03,CORE_B
CU001672,PR16,SU0030,CL000712,CLP,2024-06-27,,Activa,0,0.0178,CA03,CORE_A
CU001673,PR04,SU0040,CL004242,PEN,2019-10-25,,Activa,0,0.0227,CA03,DIGITAL_CORE
CU001674,PR05,SU0028,CL003802,CLP,2021-05-22,2022-03-23,Cerrada,10810,0.376,CA05,CORE_A
CU001675,PR15,SU0015,CL003337,CAD,2022-06-02,,Activa,0,0.0417,CA05,CORE_B
CU001676,PR06,SU0009,CL004316,MXN,2021-03-31,,Activa,36409,0.3331,CA05,CORE_A
CU001677,PR09,SU0043,CL004301,COP,2025-09-16,,Activa,99831,0.1609,CA03,DIGITAL_CORE
CU001678,PR04,SU0013,CL001974,CAD,2025-04-21,,Bloqueada,0,0.031,CA02,DIGITAL_CORE
CU001679,PR11,SU0015,CL004447,CAD,2020-05-06,,Activa,0,0.0068,CA05,CORE_B
CU001680,PR15,SU0002,CL002216,MXN,2023-08-16,,Activa,0,0.0298,CA05,DIGITAL_CORE
CU001681,PR12,SU0045,CL000421,COP,2025-11-02,,Activa,8752295,0.1864,CA05,CORE_A
CU001682,PR09,SU0002,CL002474,MXN,2020-05-28,,Activa,27270,0.1696,CA03,DIGITAL_CORE
CU001683,PR07,SU0020,CL004440,CAD,2023-01-19,2024-07-04,Cerrada,464943,0.2659,CA01,DIGITAL_CORE
CU001684,PR18,SU0028,CL004500,CLP,2022-03-01,,Activa,0,0,CA03,CORE_B
CU001685,PR02,SU0018,CL001232,CAD,2025-05-15,,Activa,0,0.0072,CA05,DIGITAL_CORE
CU001686,PR16,SU0038,CL003195,PEN,2023-04-09,,Activa,0,0,CA05,CORE_B
CU001687,PR12,SU0027,CL003572,CLP,2019-04-30,,Activa,11638528,0.1723,CA01,CORE_A
CU001688,PR09,SU0016,CL003293,CAD,2023-10-07,,Activa,62826,0.1427,CA01,CORE_A
CU001689,PR18,SU0023,CL002588,CLP,2022-09-23,,Activa,0,0,CA05,DIGITAL_CORE
CU001690,PR02,SU0035,CL002724,PEN,2022-05-05,,Activa,0,0,CA01,CORE_A
CU001691,PR18,SU0039,CL002526,PEN,2022-10-05,2024-09-05,Cerrada,0,0,CA05,CORE_A
CU001692,PR01,SU0021,CL003623,CLP,2019-05-05,,Activa,0,0.0193,CA05,CORE_A
CU001693,PR04,SU0022,CL001083,CLP,2025-04-10,,Activa,0,0.0157,CA03,CORE_B
CU001694,PR18,SU0026,CL001258,CLP,2021-02-22,,Activa,0,0,CA05,CORE_B
CU001695,PR05,SU0036,CL003800,PEN,2019-06-28,,Activa,26409,0.3609,CA01,CORE_A
CU001696,PR01,SU0046,CL001313,COP,2022-10-28,,Activa,0,0,CA05,DIGITAL_CORE
CU001697,PR05,SU0016,CL001932,CAD,2019-10-16,,Activa,25181,0.3752,CA02,CORE_B
CU001698,PR07,SU0033,CL003052,PEN,2022-08-13,,Activa,8727,0.2704,CA05,CORE_A
CU001699,PR15,SU0024,CL004354,CLP,2023-08-11,,Activa,0,0.0537,CA05,CORE_A
CU001700,PR02,SU0025,CL000015,CLP,2022-04-27,,Activa,0,0.0191,CA05,CORE_A
CU001701,PR03,SU0024,CL001572,CLP,2021-08-22,,Activa,0,0.0082,CA01,CORE_A
CU001702,PR08,SU0027,CL000767,CLP,2024-09-15,,Activa,49847,0.2503,CA03,CORE_A
CU001703,PR04,SU0002,CL004348,MXN,2023-01-13,,Activa,0,0.0308,CA05,DIGITAL_CORE
CU001704,PR08,SU0004,CL003686,MXN,2021-08-16,,Activa,48671,0.2457,CA01,CORE_A
CU001705,PR07,SU0032,CL001145,PEN,2024-02-07,,Activa,63177,0.2739,CA05,DIGITAL_CORE
CU001706,PR11,SU0047,CL000149,COP,2024-03-23,,Activa,0,0.0037,CA01,CORE_B
CU001707,PR09,SU0021,CL004024,CLP,2023-10-16,,Activa,19580,0.1727,CA05,DIGITAL_CORE
CU001708,PR06,SU0050,CL002909,COP,2022-02-11,,Activa,176621,0.3291,CA01,CORE_A
CU001709,PR04,SU0050,CL000897,COP,2022-02-22,,Activa,0,0.0298,CA01,DIGITAL_CORE
CU001710,PR06,SU0045,CL004455,COP,2024-04-21,,Bloqueada,32715,0.3269,CA05,CORE_B
CU001711,PR16,SU0044,CL000997,COP,2025-08-31,,Activa,0,0,CA05,DIGITAL_CORE
CU001712,PR07,SU0026,CL001169,CLP,2021-04-08,,Activa,8603,0.3023,CA02,CORE_A
CU001713,PR18,SU0013,CL001817,CAD,2023-01-23,2025-03-31,Cerrada,0,0,CA05,DIGITAL_CORE
CU001714,PR01,SU0045,CL002138,COP,2019-11-13,,Activa,0,0.0001,CA02,CORE_A
CU001715,PR10,SU0044,CL000708,COP,2025-08-12,,Activa,136607,0.0858,CA05,CORE_A
CU001716,PR18,SU0042,CL003747,COP,2023-01-30,,Activa,0,0.0124,CA05,CORE_A
CU001717,PR08,SU0050,CL002660,COP,2019-11-27,,Activa,8670,0.2254,CA01,CORE_B
CU001718,PR08,SU0038,CL004046,PEN,2022-01-05,,Activa,4548,0.2436,CA05,DIGITAL_CORE
CU001719,PR18,SU0017,CL003394,CAD,2023-09-09,,Activa,0,0.0182,CA03,CORE_A
CU001720,PR15,SU0020,CL003250,CAD,2021-01-31,,Activa,0,0.0265,CA01,DIGITAL_CORE
CU001721,PR12,SU0005,CL001830,MXN,2025-01-11,,Activa,1456236,0.1695,CA05,CORE_B
CU001722,PR18,SU0017,CL000193,CAD,2023-03-29,,Activa,0,0,CA02,DIGITAL_CORE
CU001723,PR07,SU0027,CL001620,CLP,2024-09-22,,Activa,6656,0.2979,CA01,DIGITAL_CORE
CU001724,PR03,SU0035,CL002467,PEN,2023-01-06,,Activa,0,0.0172,CA05,CORE_A
CU001725,PR09,SU0013,CL003696,CAD,2022-05-09,,Activa,40544,0.1658,CA01,DIGITAL_CORE
CU001726,PR06,SU0003,CL001761,MXN,2024-02-11,,Activa,18827,0.3254,CA01,CORE_B
CU001727,PR11,SU0041,CL001188,COP,2024-05-09,,Activa,0,0.0136,CA01,CORE_A
CU001728,PR15,SU0045,CL003459,COP,2024-05-11,,Activa,0,0.0629,CA05,CORE_A
CU001729,PR07,SU0030,CL002834,CLP,2021-09-19,2023-08-12,Cerrada,147265,0.2867,CA02,CORE_B
CU001730,PR18,SU0022,CL000444,CLP,2020-07-06,,Activa,0,0.0047,CA01,CORE_A
CU001731,PR18,SU0019,CL002844,CAD,2020-12-30,,Activa,0,0,CA01,CORE_B
CU001732,PR12,SU0019,CL001560,CAD,2020-10-21,,Activa,369770,0.1723,CA01,CORE_A
CU001733,PR18,SU0030,CL004111,CLP,2024-08-18,,Activa,0,0.0223,CA01,DIGITAL_CORE
CU001734,PR03,SU0019,CL000488,CAD,2025-11-21,,Activa,0,0,CA01,DIGITAL_CORE
CU001735,PR07,SU0020,CL002787,CAD,2022-04-22,,Activa,31010,0.2858,CA01,CORE_B
CU001736,PR07,SU0027,CL001606,CLP,2025-08-18,,Activa,51964,0.2755,CA01,CORE_B
CU001737,PR08,SU0022,CL001642,CLP,2022-10-15,,Activa,47818,0.2312,CA01,DIGITAL_CORE
CU001738,PR15,SU0024,CL001713,CLP,2021-08-29,,Activa,0,0.0595,CA05,CORE_B
CU001739,PR18,SU0003,CL003845,MXN,2025-11-01,,Activa,0,0.0112,CA02,CORE_B
CU001740,PR04,SU0028,CL001485,CLP,2019-10-01,,Activa,0,0.0316,CA05,DIGITAL_CORE
CU001741,PR01,SU0008,CL002167,MXN,2022-01-15,,Activa,0,0.0081,CA05,DIGITAL_CORE
CU001742,PR18,SU0049,CL003609,COP,2025-11-24,,Activa,0,0.0031,CA02,CORE_A
CU001743,PR06,SU0033,CL002697,PEN,2023-12-05,,Activa,6758,0.3364,CA01,DIGITAL_CORE
CU001744,PR04,SU0024,CL002275,CLP,2023-09-19,,Activa,0,0.0354,CA05,DIGITAL_CORE
CU001745,PR16,SU0043,CL003817,COP,2021-07-08,2022-09-01,Cerrada,0,0,CA02,DIGITAL_CORE
CU001746,PR09,SU0047,CL002067,COP,2022-03-11,,Activa,346466,0.1583,CA01,DIGITAL_CORE
CU001747,PR02,SU0046,CL002706,COP,2024-02-22,,Activa,0,0,CA02,CORE_A
CU001748,PR08,SU0022,CL002962,CLP,2025-08-07,,Activa,14959,0.2491,CA01,CORE_B
CU001749,PR07,SU0028,CL000651,CLP,2021-01-04,,Bloqueada,17121,0.2871,CA01,DIGITAL_CORE
CU001750,PR04,SU0008,CL001372,MXN,2021-12-23,,Activa,0,0.0277,CA01,CORE_A
CU001751,PR10,SU0022,CL001316,CLP,2025-10-07,,Activa,9298,0.1185,CA01,CORE_A
CU001752,PR09,SU0049,CL000468,COP,2022-07-08,,Activa,31882,0.1366,CA02,CORE_A
CU001753,PR06,SU0036,CL002190,PEN,2022-06-16,2023-11-09,Cerrada,48919,0.3096,CA05,CORE_B
CU001754,PR13,SU0044,CL002657,COP,2020-09-14,,Activa,522801,0.1563,CA01,DIGITAL_CORE
CU001755,PR02,SU0006,CL003686,MXN,2022-03-19,,Activa,0,0,CA02,DIGITAL_CORE
CU001756,PR05,SU0043,CL002223,COP,2023-07-15,,Activa,70433,0.3592,CA02,CORE_B
CU001757,PR03,SU0039,CL000593,PEN,2025-03-21,,Activa,0,0.0114,CA03,DIGITAL_CORE
CU001758,PR08,SU0020,CL000113,CAD,2020-07-24,,Activa,80074,0.2485,CA02,CORE_B
CU001759,PR01,SU0047,CL001555,COP,2023-05-01,,Activa,0,0.0075,CA05,CORE_B
CU001760,PR01,SU0007,CL001026,MXN,2021-10-03,,Activa,0,0.0011,CA01,CORE_B
CU001761,PR15,SU0031,CL002412,PEN,2025-01-05,,Activa,0,0.0597,CA05,CORE_A
CU001762,PR04,SU0021,CL000995,CLP,2023-07-25,,Activa,0,0.0483,CA01,CORE_A
CU001763,PR12,SU0001,CL004077,MXN,2024-09-27,,Activa,310827,0.1894,CA01,CORE_B
CU001764,PR12,SU0015,CL001074,CAD,2021-08-15,,Activa,571334,0.1953,CA02,CORE_A
CU001765,PR05,SU0037,CL001795,PEN,2024-06-06,,Activa,58566,0.3708,CA05,CORE_A
CU001766,PR02,SU0010,CL004365,MXN,2021-06-18,,Activa,0,0.0091,CA03,CORE_B
CU001767,PR01,SU0021,CL003671,CLP,2025-02-26,,Activa,0,0,CA05,CORE_A
CU001768,PR18,SU0019,CL004232,CAD,2021-09-06,,Activa,0,0,CA01,CORE_B
CU001769,PR11,SU0015,CL001497,CAD,2023-03-16,,Activa,0,0,CA05,CORE_A
CU001770,PR16,SU0018,CL002454,CAD,2022-04-24,,Activa,0,0.0067,CA02,DIGITAL_CORE
CU001771,PR03,SU0042,CL003539,COP,2024-02-24,,Activa,0,0,CA01,CORE_B
CU001772,PR18,SU0011,CL001777,CAD,2023-01-07,,Activa,0,0,CA03,CORE_B
CU001773,PR18,SU0031,CL001246,PEN,2025-04-30,,Activa,0,0.02,CA02,CORE_B
CU001774,PR03,SU0012,CL000302,CAD,2021-06-22,,Activa,0,0.0185,CA01,CORE_B
CU001775,PR02,SU0021,CL003780,CLP,2019-02-12,,Activa,0,0.0148,CA01,DIGITAL_CORE
CU001776,PR06,SU0007,CL001564,MXN,2022-06-19,,Activa,21229,0.305,CA01,DIGITAL_CORE
CU001777,PR16,SU0019,CL000727,CAD,2022-06-09,,Activa,0,0,CA01,DIGITAL_CORE
CU001778,PR13,SU0013,CL001837,CAD,2021-10-31,,Activa,108995,0.1495,CA05,DIGITAL_CORE
CU001779,PR08,SU0013,CL001810,CAD,2020-05-22,,Activa,12394,0.2483,CA05,DIGITAL_CORE
CU001780,PR09,SU0042,CL004181,COP,2021-12-21,,Activa,30843,0.1665,CA05,DIGITAL_CORE
CU001781,PR18,SU0050,CL000025,COP,2025-06-27,,Activa,0,0,CA05,CORE_A
CU001782,PR17,SU0005,CL003423,MXN,2023-12-23,,Activa,0,0,CA01,CORE_A
CU001783,PR06,SU0021,CL001753,CLP,2021-09-27,,Activa,20256,0.3225,CA03,DIGITAL_CORE
CU001784,PR02,SU0048,CL003449,COP,2025-05-25,,Activa,0,0.0111,CA01,CORE_A
CU001785,PR16,SU0011,CL004227,CAD,2019-01-06,,Activa,0,0,CA01,CORE_B
CU001786,PR04,SU0034,CL002296,PEN,2020-08-01,,Activa,0,0.0481,CA02,CORE_B
CU001787,PR05,SU0048,CL002535,COP,2024-04-16,,Activa,14524,0.3697,CA05,DIGITAL_CORE
CU001788,PR15,SU0039,CL004105,PEN,2019-07-10,,Activa,0,0.0427,CA01,DIGITAL_CORE
CU001789,PR07,SU0043,CL000873,COP,2022-03-17,,Activa,118055,0.2701,CA05,CORE_B
CU001790,PR03,SU0035,CL003711,PEN,2023-07-11,,Activa,0,0,CA01,CORE_B
CU001791,PR03,SU0038,CL000069,PEN,2021-02-02,2023-01-29,Cerrada,0,0.0234,CA01,DIGITAL_CORE
CU001792,PR04,SU0007,CL003725,MXN,2024-07-10,,Activa,0,0.0389,CA01,CORE_A
CU001793,PR02,SU0018,CL004030,CAD,2024-12-30,,Activa,0,0.0004,CA05,DIGITAL_CORE
CU001794,PR06,SU0003,CL000344,MXN,2023-07-11,,Activa,63659,0.3346,CA02,DIGITAL_CORE
CU001795,PR09,SU0011,CL001241,CAD,2025-03-11,,Activa,66103,0.1703,CA01,DIGITAL_CORE
CU001796,PR03,SU0013,CL002285,CAD,2023-11-08,,Activa,0,0.0233,CA01,DIGITAL_CORE
CU001797,PR02,SU0004,CL001778,MXN,2024-12-14,,Activa,0,0.0075,CA05,DIGITAL_CORE
CU001798,PR17,SU0013,CL000208,CAD,2022-01-26,,Activa,0,0,CA05,CORE_A
CU001799,PR18,SU0050,CL002631,COP,2023-08-22,,Activa,0,0,CA05,DIGITAL_CORE
CU001800,PR08,SU0019,CL004305,CAD,2024-10-10,,Activa,142411,0.2607,CA02,CORE_A
CU001801,PR09,SU0029,CL003360,CLP,2023-09-02,,Activa,14695,0.1623,CA05,CORE_A
CU001802,PR09,SU0039,CL003102,PEN,2024-06-06,,Bloqueada,18173,0.1397,CA05,DIGITAL_CORE
CU001803,PR02,SU0029,CL002790,CLP,2019-12-26,,Activa,0,0.0031,CA03,DIGITAL_CORE
CU001804,PR06,SU0013,CL002072,CAD,2022-12-26,2023-07-22,Cerrada,113362,0.3141,CA05,CORE_A
CU001805,PR05,SU0008,CL003658,MXN,2024-03-16,,Activa,9630,0.3556,CA05,CORE_B
CU001806,PR10,SU0026,CL003339,CLP,2025-11-23,,Activa,42978,0.1232,CA03,CORE_B
CU001807,PR12,SU0026,CL000922,CLP,2024-01-25,,Activa,64160,0.1868,CA01,CORE_B
CU001808,PR16,SU0038,CL000070,PEN,2021-11-14,2023-11-17,Cerrada,0,0.0062,CA01,CORE_A
CU001809,PR01,SU0015,CL003696,CAD,2024-02-12,,Activa,0,0,CA01,CORE_B
CU001810,PR15,SU0027,CL000273,CLP,2025-06-09,,Activa,0,0.0582,CA05,CORE_A
CU001811,PR03,SU0008,CL003058,MXN,2021-11-28,,Activa,0,0.0115,CA05,DIGITAL_CORE
CU001812,PR04,SU0008,CL000490,MXN,2025-05-05,,Activa,0,0.0158,CA05,CORE_B
CU001813,PR16,SU0023,CL000743,CLP,2021-07-06,2022-02-27,Cerrada,0,0,CA05,CORE_B
CU001814,PR10,SU0023,CL001908,CLP,2019-02-26,,Activa,60227,0.1109,CA03,CORE_A
CU001815,PR16,SU0043,CL002435,COP,2021-04-02,,Activa,0,0,CA01,CORE_B
CU001816,PR09,SU0030,CL003904,CLP,2022-07-13,,Activa,57883,0.1483,CA05,DIGITAL_CORE
CU001817,PR07,SU0022,CL004215,CLP,2025-07-06,,Activa,16725,0.2726,CA01,CORE_A
CU001818,PR17,SU0038,CL003081,PEN,2020-10-06,,Activa,0,0.0177,CA03,CORE_B
CU001819,PR18,SU0031,CL000504,PEN,2024-02-07,,Activa,0,0.0135,CA02,CORE_B
CU001820,PR07,SU0032,CL002943,PEN,2024-04-11,,Activa,20332,0.269,CA05,CORE_A
CU001821,PR07,SU0019,CL000459,CAD,2023-05-31,,Activa,36618,0.2825,CA05,CORE_B
CU001822,PR01,SU0042,CL002019,COP,2023-04-30,,Activa,0,0,CA01,CORE_B
CU001823,PR06,SU0001,CL000534,MXN,2025-10-30,,Activa,34810,0.3089,CA05,DIGITAL_CORE
CU001824,PR16,SU0025,CL001494,CLP,2023-05-01,,Activa,0,0.0021,CA03,DIGITAL_CORE
CU001825,PR10,SU0001,CL000793,MXN,2022-10-18,,Activa,118641,0.1106,CA01,DIGITAL_CORE
CU001826,PR02,SU0037,CL004046,PEN,2020-03-02,,Activa,0,0,CA05,CORE_B
CU001827,PR05,SU0018,CL000091,CAD,2024-11-02,,Activa,31942,0.3787,CA03,DIGITAL_CORE
CU001828,PR10,SU0039,CL001523,PEN,2025-10-23,,Activa,10468,0.1015,CA05,DIGITAL_CORE
CU001829,PR09,SU0046,CL003814,COP,2023-10-26,,Activa,13050,0.1466,CA01,CORE_B
CU001830,PR02,SU0020,CL001931,CAD,2023-08-16,,Activa,0,0.0034,CA05,DIGITAL_CORE
CU001831,PR06,SU0048,CL000235,COP,2025-08-31,,Activa,199929,0.3268,CA02,CORE_B
CU001832,PR18,SU0030,CL001121,CLP,2021-08-16,,Activa,0,0,CA05,CORE_A
CU001833,PR15,SU0011,CL003406,CAD,2025-09-19,,Activa,0,0.0631,CA01,DIGITAL_CORE
CU001834,PR10,SU0028,CL003118,CLP,2024-11-29,,Activa,378963,0.0939,CA01,DIGITAL_CORE
CU001835,PR18,SU0004,CL000652,MXN,2022-05-02,,Activa,0,0,CA01,CORE_B
CU001836,PR05,SU0023,CL001825,CLP,2025-01-16,,Activa,10477,0.3693,CA05,DIGITAL_CORE
CU001837,PR06,SU0012,CL003646,CAD,2023-05-08,,Activa,4462,0.327,CA05,DIGITAL_CORE
CU001838,PR01,SU0027,CL003844,CLP,2021-03-30,,Activa,0,0.0075,CA01,CORE_A
CU001839,PR17,SU0039,CL003447,PEN,2025-03-07,,Activa,0,0.0002,CA05,DIGITAL_CORE
CU001840,PR01,SU0003,CL003962,MXN,2023-09-13,,Activa,0,0,CA01,CORE_B
CU001841,PR16,SU0040,CL000043,PEN,2022-11-30,,Activa,0,0.0098,CA01,CORE_A
CU001842,PR15,SU0010,CL003690,MXN,2022-08-04,,Activa,0,0.0406,CA05,CORE_B
CU001843,PR06,SU0013,CL001930,CAD,2025-07-21,,Activa,55585,0.3125,CA02,DIGITAL_CORE
CU001844,PR06,SU0008,CL002241,MXN,2024-03-28,,Activa,86347,0.3102,CA01,CORE_A
CU001845,PR06,SU0041,CL002726,COP,2023-09-15,,Activa,114063,0.3376,CA05,CORE_B
CU001846,PR12,SU0038,CL003447,PEN,2022-09-18,,Activa,4435168,0.1873,CA02,CORE_A
CU001847,PR02,SU0013,CL002931,CAD,2019-07-30,,Activa,0,0.0019,CA05,DIGITAL_CORE
CU001848,PR04,SU0002,CL001542,MXN,2022-06-28,,Activa,0,0.0329,CA05,CORE_A
CU001849,PR08,SU0011,CL002670,CAD,2020-11-19,,Activa,88268,0.2535,CA05,CORE_B
CU001850,PR09,SU0007,CL001788,MXN,2023-03-02,,Activa,28672,0.1706,CA01,CORE_A
CU001851,PR17,SU0003,CL001073,MXN,2020-08-12,,Activa,0,0,CA05,CORE_B
CU001852,PR14,SU0045,CL001435,COP,2021-10-07,,Activa,0,0.0048,CA02,CORE_A
CU001853,PR16,SU0043,CL001580,COP,2023-09-04,,Activa,0,0.0028,CA01,CORE_A
CU001854,PR14,SU0015,CL003596,CAD,2023-11-09,2024-05-14,Cerrada,0,0,CA03,DIGITAL_CORE
CU001855,PR04,SU0005,CL001639,MXN,2022-01-07,,Activa,0,0.0236,CA01,DIGITAL_CORE
CU001856,PR15,SU0019,CL001909,CAD,2021-12-16,,Activa,0,0.0288,CA05,DIGITAL_CORE
CU001857,PR10,SU0034,CL002075,PEN,2023-08-18,,Activa,38314,0.1107,CA05,CORE_A
CU001858,PR18,SU0036,CL002741,PEN,2020-10-18,,Activa,0,0,CA02,CORE_B
CU001859,PR15,SU0046,CL003090,COP,2022-04-21,,Activa,0,0.0381,CA01,CORE_A
CU001860,PR13,SU0025,CL001882,CLP,2022-01-07,,Activa,11182493,0.1587,CA05,CORE_B
CU001861,PR03,SU0040,CL003913,PEN,2025-08-05,,Activa,0,0.0166,CA05,DIGITAL_CORE
CU001862,PR15,SU0022,CL002246,CLP,2023-01-06,,Activa,0,0.0298,CA01,DIGITAL_CORE
CU001863,PR03,SU0035,CL002816,PEN,2023-02-28,,Activa,0,0.0088,CA01,CORE_B
CU001864,PR08,SU0014,CL003963,CAD,2025-07-10,,Activa,24486,0.2565,CA01,CORE_B
CU001865,PR10,SU0035,CL004329,PEN,2023-04-27,,Activa,117138,0.1037,CA05,DIGITAL_CORE
CU001866,PR15,SU0035,CL000045,PEN,2024-01-14,,Activa,0,0.0546,CA05,DIGITAL_CORE
CU001867,PR01,SU0023,CL001053,CLP,2023-12-08,,Activa,0,0.0082,CA05,CORE_A
CU001868,PR15,SU0004,CL001628,MXN,2023-04-07,,Activa,0,0.0552,CA01,DIGITAL_CORE
CU001869,PR11,SU0011,CL003985,CAD,2021-05-01,,Activa,0,0.003,CA05,CORE_B
CU001870,PR18,SU0013,CL002616,CAD,2020-03-11,,Activa,0,0,CA05,DIGITAL_CORE
CU001871,PR08,SU0004,CL000746,MXN,2024-04-01,2025-08-07,Cerrada,214172,0.238,CA01,CORE_B
CU001872,PR08,SU0024,CL001465,CLP,2020-04-30,,Activa,23009,0.2593,CA05,DIGITAL_CORE
CU001873,PR16,SU0018,CL002560,CAD,2021-06-01,,Activa,0,0.0082,CA01,CORE_A
CU001874,PR15,SU0018,CL002153,CAD,2024-12-26,,Activa,0,0.0315,CA05,CORE_B
CU001875,PR06,SU0025,CL001488,CLP,2021-06-21,,Activa,5207,0.3197,CA05,CORE_A
CU001876,PR03,SU0018,CL001189,CAD,2020-10-14,,Activa,0,0.0276,CA02,CORE_A
CU001877,PR05,SU0004,CL004160,MXN,2020-12-30,,Activa,87538,0.375,CA01,CORE_B
CU001878,PR09,SU0003,CL002525,MXN,2024-05-03,,Activa,20617,0.1481,CA05,DIGITAL_CORE
CU001879,PR18,SU0006,CL000360,MXN,2024-10-05,,Activa,0,0.0211,CA05,CORE_A
CU001880,PR18,SU0001,CL003918,MXN,2019-06-12,,Activa,0,0.0169,CA05,CORE_B
CU001881,PR14,SU0023,CL002794,CLP,2022-09-12,,Activa,0,0,CA05,CORE_A
CU001882,PR15,SU0025,CL000884,CLP,2025-03-06,,Activa,0,0.0493,CA05,CORE_A
CU001883,PR01,SU0023,CL002466,CLP,2023-06-08,,Activa,0,0.0076,CA05,DIGITAL_CORE
CU001884,PR07,SU0048,CL003817,COP,2019-01-26,,Activa,134530,0.2739,CA02,CORE_B
CU001885,PR13,SU0033,CL004221,PEN,2024-06-26,,Activa,11725718,0.1498,CA05,CORE_B
CU001886,PR18,SU0040,CL002513,PEN,2021-05-02,,Activa,0,0.0131,CA02,CORE_A
CU001887,PR06,SU0029,CL001195,CLP,2024-10-09,,Activa,50124,0.3139,CA05,CORE_B
CU001888,PR15,SU0046,CL002737,COP,2020-10-12,,Activa,0,0.0475,CA01,CORE_B
CU001889,PR10,SU0050,CL003302,COP,2021-04-08,,Activa,53302,0.1113,CA03,DIGITAL_CORE
CU001890,PR18,SU0001,CL000355,MXN,2023-09-19,,Bloqueada,0,0,CA01,CORE_B
CU001891,PR05,SU0031,CL004293,PEN,2023-09-17,,Activa,49379,0.349,CA01,CORE_A
CU001892,PR13,SU0027,CL002098,CLP,2020-06-21,,Activa,1038156,0.1437,CA05,CORE_A
CU001893,PR01,SU0031,CL001466,PEN,2025-11-27,,Activa,0,0,CA01,CORE_A
CU001894,PR08,SU0028,CL003662,CLP,2022-12-10,,Activa,29177,0.2418,CA05,DIGITAL_CORE
CU001895,PR10,SU0004,CL002338,MXN,2019-08-24,,Activa,40610,0.1201,CA05,DIGITAL_CORE
CU001896,PR18,SU0045,CL000396,COP,2020-11-21,,Activa,0,0.0015,CA05,CORE_A
CU001897,PR05,SU0018,CL002285,CAD,2024-01-23,,Activa,17052,0.3703,CA01,CORE_A
CU001898,PR04,SU0038,CL002547,PEN,2023-04-18,,Activa,0,0.0422,CA05,CORE_A
CU001899,PR18,SU0031,CL000758,PEN,2022-04-15,,Activa,0,0.0064,CA02,CORE_B
CU001900,PR17,SU0015,CL003998,CAD,2021-07-13,,Activa,0,0,CA05,DIGITAL_CORE
CU001901,PR13,SU0020,CL002696,CAD,2024-11-17,,Activa,1915541,0.1388,CA01,DIGITAL_CORE
CU001902,PR04,SU0019,CL004178,CAD,2024-06-04,,Activa,0,0.0239,CA03,CORE_A
CU001903,PR09,SU0005,CL002988,MXN,2020-09-11,,Activa,15507,0.1501,CA01,DIGITAL_CORE
CU001904,PR05,SU0032,CL003984,PEN,2024-08-15,,Activa,23627,0.3491,CA03,DIGITAL_CORE
CU001905,PR05,SU0015,CL001029,CAD,2023-10-04,,Activa,5730,0.3715,CA03,DIGITAL_CORE
CU001906,PR17,SU0037,CL004285,PEN,2021-04-04,,Activa,0,0,CA02,CORE_A
CU001907,PR02,SU0038,CL000900,PEN,2024-01-27,,Activa,0,0.0096,CA03,DIGITAL_CORE
CU001908,PR10,SU0028,CL001985,CLP,2024-08-23,,Activa,31958,0.094,CA05,DIGITAL_CORE
CU001909,PR01,SU0006,CL001354,MXN,2021-04-01,,Activa,0,0.0202,CA05,CORE_A
CU001910,PR04,SU0039,CL003622,PEN,2020-07-25,2023-01-03,Cerrada,0,0.042,CA01,DIGITAL_CORE
CU001911,PR03,SU0040,CL004438,PEN,2023-01-10,,Activa,0,0.0054,CA01,CORE_A
CU001912,PR13,SU0024,CL001306,CLP,2020-03-07,,Activa,341179,0.1274,CA02,DIGITAL_CORE
CU001913,PR13,SU0009,CL001830,MXN,2019-11-30,,Activa,2672357,0.1619,CA01,DIGITAL_CORE
CU001914,PR17,SU0036,CL002187,PEN,2021-08-26,,Activa,0,0,CA01,DIGITAL_CORE
CU001915,PR01,SU0028,CL001200,CLP,2025-07-03,,Bloqueada,0,0,CA05,CORE_A
CU001916,PR01,SU0027,CL003934,CLP,2023-04-17,,Activa,0,0.0027,CA05,CORE_B
CU001917,PR15,SU0020,CL001336,CAD,2023-04-16,,Activa,0,0.0402,CA01,DIGITAL_CORE
CU001918,PR13,SU0035,CL002259,PEN,2025-04-26,,Activa,1085360,0.1324,CA03,CORE_A
CU001919,PR10,SU0035,CL001866,PEN,2023-10-12,,Activa,32114,0.0921,CA05,DIGITAL_CORE
CU001920,PR09,SU0022,CL004230,CLP,2022-12-28,,Activa,86553,0.155,CA01,CORE_A
CU001921,PR18,SU0017,CL002269,CAD,2019-11-06,,Activa,0,0.0217,CA02,CORE_B
CU001922,PR14,SU0023,CL000509,CLP,2020-02-07,2020-07-15,Cerrada,0,0.0156,CA01,CORE_A
CU001923,PR09,SU0004,CL002576,MXN,2022-05-28,,Activa,50362,0.1726,CA05,DIGITAL_CORE
CU001924,PR15,SU0034,CL002037,PEN,2021-04-08,,Activa,0,0.0618,CA01,CORE_B
CU001925,PR17,SU0022,CL001113,CLP,2022-08-18,,Activa,0,0,CA01,DIGITAL_CORE
CU001926,PR01,SU0005,CL002891,MXN,2020-09-10,2021-03-10,Cerrada,0,0,CA03,DIGITAL_CORE
CU001927,PR18,SU0002,CL003526,MXN,2025-10-21,,Activa,0,0,CA03,CORE_B
CU001928,PR14,SU0012,CL000615,CAD,2024-05-28,,Activa,0,0,CA05,CORE_A
CU001929,PR05,SU0019,CL003000,CAD,2025-11-19,,Activa,41713,0.3776,CA01,CORE_B
CU001930,PR08,SU0028,CL001175,CLP,2023-02-12,,Activa,117645,0.2569,CA01,DIGITAL_CORE
CU001931,PR09,SU0004,CL001309,MXN,2020-03-24,,Activa,52993,0.1446,CA03,CORE_B
CU001932,PR15,SU0041,CL001643,COP,2023-08-01,,Activa,0,0.0335,CA01,CORE_A
CU001933,PR04,SU0027,CL000444,CLP,2021-02-01,,Activa,0,0.0427,CA05,CORE_B
CU001934,PR05,SU0050,CL001401,COP,2020-10-09,,Activa,20885,0.3545,CA05,CORE_B
CU001935,PR01,SU0014,CL001150,CAD,2021-06-14,,Activa,0,0,CA01,CORE_B
CU001936,PR18,SU0038,CL000724,PEN,2020-06-21,,Activa,0,0.0095,CA03,CORE_A
CU001937,PR14,SU0026,CL002543,CLP,2025-08-28,,Activa,0,0,CA01,CORE_A
CU001938,PR18,SU0045,CL002315,COP,2023-02-03,2023-10-15,Cerrada,0,0.001,CA01,CORE_B
CU001939,PR06,SU0012,CL002910,CAD,2024-08-23,,Activa,38071,0.337,CA05,CORE_A
CU001940,PR09,SU0037,CL000928,PEN,2025-10-03,,Activa,11540,0.1653,CA03,CORE_A
CU001941,PR02,SU0046,CL001099,COP,2021-11-28,,Activa,0,0,CA05,CORE_A
CU001942,PR13,SU0009,CL002607,MXN,2020-03-23,,Activa,11259617,0.129,CA03,DIGITAL_CORE
CU001943,PR08,SU0012,CL000816,CAD,2019-10-26,,Activa,36823,0.2407,CA01,DIGITAL_CORE
CU001944,PR18,SU0015,CL001545,CAD,2024-11-26,,Activa,0,0,CA02,DIGITAL_CORE
CU001945,PR04,SU0049,CL003143,COP,2019-07-25,,Bloqueada,0,0.0233,CA03,CORE_A
CU001946,PR08,SU0001,CL003809,MXN,2022-04-30,,Activa,39503,0.2477,CA02,DIGITAL_CORE
CU001947,PR16,SU0035,CL002333,PEN,2023-04-29,,Bloqueada,0,0,CA01,CORE_A
CU001948,PR18,SU0046,CL000972,COP,2020-08-12,,Activa,0,0.0093,CA03,CORE_B
CU001949,PR10,SU0030,CL000660,CLP,2024-09-11,,Activa,58584,0.1214,CA03,DIGITAL_CORE
CU001950,PR18,SU0036,CL002377,PEN,2021-02-10,,Activa,0,0.0068,CA01,DIGITAL_CORE
CU001951,PR06,SU0025,CL001814,CLP,2021-01-24,,Activa,3535,0.3377,CA05,CORE_B
CU001952,PR15,SU0044,CL002396,COP,2020-11-06,,Activa,0,0.058,CA05,DIGITAL_CORE
CU001953,PR02,SU0014,CL000386,CAD,2024-10-17,,Activa,0,0,CA01,CORE_A
CU001954,PR05,SU0001,CL002705,MXN,2025-10-19,,Activa,15695,0.3618,CA01,CORE_B
CU001955,PR06,SU0027,CL000679,CLP,2024-10-29,,Activa,5899,0.332,CA05,DIGITAL_CORE
CU001956,PR04,SU0028,CL003598,CLP,2021-03-17,,Activa,0,0.0281,CA01,CORE_B
CU001957,PR07,SU0044,CL004462,COP,2019-05-16,,Activa,20744,0.2959,CA03,CORE_A
CU001958,PR10,SU0003,CL001528,MXN,2021-08-04,,Activa,27312,0.1211,CA05,CORE_B
CU001959,PR09,SU0009,CL002460,MXN,2019-10-06,,Activa,12591,0.1632,CA05,DIGITAL_CORE
CU001960,PR08,SU0042,CL004087,COP,2023-10-19,2025-12-19,Cerrada,559779,0.2352,CA02,CORE_B
CU001961,PR18,SU0006,CL002470,MXN,2024-02-10,,Activa,0,0,CA01,DIGITAL_CORE
CU001962,PR09,SU0019,CL001782,CAD,2020-03-27,,Activa,85255,0.1676,CA01,CORE_A
CU001963,PR05,SU0044,CL001983,COP,2025-04-15,,Activa,5308,0.369,CA01,CORE_B
CU001964,PR15,SU0036,CL000813,PEN,2022-10-03,,Activa,0,0.0319,CA05,CORE_A
CU001965,PR09,SU0031,CL000456,PEN,2020-03-20,,Activa,41972,0.1363,CA01,CORE_A
CU001966,PR18,SU0003,CL001165,MXN,2021-11-09,,Activa,0,0.01,CA03,CORE_A
CU001967,PR18,SU0035,CL003382,PEN,2021-07-22,,Activa,0,0.0046,CA03,CORE_A
CU001968,PR16,SU0020,CL003953,CAD,2021-03-08,,Activa,0,0,CA05,CORE_A
CU001969,PR16,SU0012,CL000775,CAD,2023-09-12,,Activa,0,0.0101,CA03,CORE_B
CU001970,PR18,SU0034,CL004322,PEN,2025-09-17,,Activa,0,0,CA01,DIGITAL_CORE
CU001971,PR05,SU0037,CL000060,PEN,2020-04-20,,Activa,18085,0.3759,CA01,CORE_A
CU001972,PR07,SU0006,CL001636,MXN,2023-10-24,,Bloqueada,10913,0.279,CA05,CORE_B
CU001973,PR10,SU0039,CL001512,PEN,2025-07-05,,Activa,37008,0.1011,CA05,DIGITAL_CORE
CU001974,PR09,SU0002,CL000422,MXN,2024-06-29,,Activa,60010,0.1386,CA05,CORE_B
CU001975,PR06,SU0039,CL003926,PEN,2021-06-23,,Activa,6420,0.3387,CA01,CORE_B
CU001976,PR16,SU0006,CL003986,MXN,2024-04-06,,Activa,0,0.0104,CA01,CORE_A
CU001977,PR11,SU0044,CL003638,COP,2020-08-29,,Activa,0,0.0108,CA02,CORE_B
CU001978,PR17,SU0029,CL003594,CLP,2023-10-29,,Activa,0,0.0049,CA01,CORE_B
CU001979,PR10,SU0025,CL003225,CLP,2021-06-22,,Activa,16306,0.0956,CA05,DIGITAL_CORE
CU001980,PR14,SU0001,CL003423,MXN,2023-01-19,,Activa,0,0.0094,CA05,CORE_A
CU001981,PR16,SU0016,CL000913,CAD,2020-11-26,,Activa,0,0,CA03,CORE_A
CU001982,PR02,SU0036,CL003548,PEN,2024-02-27,,Activa,0,0.0099,CA01,DIGITAL_CORE
CU001983,PR02,SU0019,CL003299,CAD,2023-02-19,,Activa,0,0,CA05,DIGITAL_CORE
CU001984,PR03,SU0003,CL000374,MXN,2021-05-20,,Activa,0,0.0187,CA05,CORE_B
CU001985,PR01,SU0029,CL000950,CLP,2023-01-02,,Activa,0,0,CA03,CORE_A
CU001986,PR05,SU0031,CL004454,PEN,2023-05-11,,Activa,52854,0.3651,CA02,CORE_A
CU001987,PR15,SU0039,CL003719,PEN,2022-09-03,,Activa,0,0.0321,CA05,DIGITAL_CORE
CU001988,PR09,SU0007,CL001413,MXN,2021-12-07,,Activa,6317,0.1377,CA01,DIGITAL_CORE
CU001989,PR07,SU0009,CL002163,MXN,2025-01-14,2025-06-28,Cerrada,7699,0.2819,CA03,CORE_A
CU001990,PR08,SU0011,CL003209,CAD,2023-12-17,,Activa,7825,0.23,CA01,CORE_A
CU001991,PR05,SU0039,CL003550,PEN,2019-09-22,,Activa,12699,0.3451,CA01,CORE_B
CU001992,PR15,SU0011,CL004400,CAD,2024-07-22,,Activa,0,0.0628,CA01,DIGITAL_CORE
CU001993,PR18,SU0038,CL002712,PEN,2022-12-28,,Activa,0,0,CA02,CORE_B
CU001994,PR13,SU0007,CL004380,MXN,2020-02-19,,Activa,240348,0.1622,CA05,CORE_A
CU001995,PR05,SU0001,CL002625,MXN,2025-01-14,,Activa,334700,0.356,CA05,CORE_B
CU001996,PR05,SU0018,CL004311,CAD,2025-10-23,,Activa,159451,0.3535,CA01,DIGITAL_CORE
CU001997,PR03,SU0043,CL001458,COP,2022-09-04,,Activa,0,0.0099,CA05,DIGITAL_CORE
CU001998,PR18,SU0020,CL003826,CAD,2022-10-14,,Activa,0,0.0192,CA05,DIGITAL_CORE
CU001999,PR01,SU0013,CL003761,CAD,2025-07-16,,Activa,0,0,CA05,DIGITAL_CORE
CU002000,PR10,SU0015,CL002560,CAD,2023-04-24,,Activa,67407,0.1121,CA01,DIGITAL_CORE
CU002001,PR10,SU0006,CL000506,MXN,2024-08-06,,Activa,206915,0.0905,CA05,DIGITAL_CORE
CU002002,PR12,SU0002,CL001827,MXN,2022-05-16,,Activa,391280,0.1912,CA01,CORE_B
CU002003,PR18,SU0012,CL003023,CAD,2023-11-28,,Activa,0,0,CA03,CORE_B
CU002004,PR18,SU0011,CL004398,CAD,2022-11-18,,Activa,0,0.0079,CA02,CORE_B
CU002005,PR03,SU0048,CL003462,COP,2024-03-29,,Activa,0,0.0035,CA05,CORE_B
CU002006,PR16,SU0021,CL001498,CLP,2019-12-10,,Activa,0,0,CA05,DIGITAL_CORE
CU002007,PR14,SU0008,CL004459,MXN,2024-01-30,,Activa,0,0.0038,CA05,CORE_A
CU002008,PR18,SU0007,CL003437,MXN,2021-12-04,,Activa,0,0,CA05,CORE_B
CU002009,PR04,SU0016,CL000144,CAD,2024-12-01,,Activa,0,0.0184,CA05,CORE_B
CU002010,PR01,SU0026,CL001053,CLP,2024-04-11,,Activa,0,0.0146,CA01,CORE_A
CU002011,PR10,SU0042,CL001578,COP,2023-02-06,,Activa,32138,0.0976,CA01,DIGITAL_CORE
CU002012,PR08,SU0040,CL001659,PEN,2023-12-15,,Activa,72169,0.2396,CA02,CORE_A
CU002013,PR18,SU0039,CL003559,PEN,2024-04-19,,Activa,0,0,CA01,DIGITAL_CORE
CU002014,PR01,SU0031,CL003570,PEN,2022-04-30,,Activa,0,0.0111,CA05,DIGITAL_CORE
CU002015,PR12,SU0011,CL001926,CAD,2025-06-10,,Activa,623474,0.1674,CA02,CORE_B
CU002016,PR02,SU0017,CL002594,CAD,2021-10-09,,Activa,0,0,CA01,DIGITAL_CORE
CU002017,PR18,SU0011,CL002107,CAD,2025-06-24,,Activa,0,0.0117,CA01,CORE_B
CU002018,PR08,SU0015,CL000313,CAD,2021-06-25,,Activa,2282,0.237,CA05,CORE_B
CU002019,PR16,SU0011,CL001190,CAD,2021-05-10,,Activa,0,0,CA03,CORE_B
CU002020,PR11,SU0036,CL003574,PEN,2020-06-28,,Activa,0,0.0196,CA01,DIGITAL_CORE
CU002021,PR18,SU0001,CL004160,MXN,2021-01-18,,Activa,0,0.0019,CA03,CORE_A
CU002022,PR06,SU0016,CL004463,CAD,2021-09-22,,Activa,22811,0.3146,CA03,CORE_B
CU002023,PR17,SU0034,CL004336,PEN,2021-12-11,,Activa,0,0.0032,CA05,CORE_A
CU002024,PR01,SU0017,CL000086,CAD,2025-02-20,,Activa,0,0,CA03,DIGITAL_CORE
CU002025,PR18,SU0020,CL000076,CAD,2024-03-30,,Activa,0,0,CA03,CORE_A
CU002026,PR15,SU0021,CL003506,CLP,2023-09-05,,Activa,0,0.0579,CA05,CORE_B
CU002027,PR18,SU0032,CL002530,PEN,2025-08-04,,Activa,0,0.0095,CA02,CORE_A
CU002028,PR09,SU0011,CL001201,CAD,2020-06-20,,Activa,38921,0.1737,CA05,CORE_A
CU002029,PR13,SU0042,CL002402,COP,2023-01-21,,Activa,559877,0.1414,CA01,CORE_A
CU002030,PR17,SU0020,CL003895,CAD,2019-04-11,,Activa,0,0,CA05,DIGITAL_CORE
CU002031,PR08,SU0044,CL004486,COP,2023-11-01,,Activa,12339,0.2482,CA05,CORE_B
CU002032,PR15,SU0009,CL002343,MXN,2022-03-16,,Bloqueada,0,0.0615,CA03,CORE_A
CU002033,PR09,SU0019,CL004463,CAD,2023-03-11,,Activa,8280,0.1569,CA03,CORE_B
CU002034,PR09,SU0040,CL000670,PEN,2021-10-18,,Activa,16690,0.1534,CA02,CORE_B
CU002035,PR15,SU0021,CL002819,CLP,2024-05-03,,Activa,0,0.0537,CA05,DIGITAL_CORE
CU002036,PR09,SU0041,CL001969,COP,2022-10-01,,Activa,135471,0.1562,CA01,CORE_A
CU002037,PR09,SU0021,CL001730,CLP,2024-04-18,,Activa,115287,0.1447,CA05,CORE_A
CU002038,PR02,SU0021,CL001876,CLP,2023-10-15,,Activa,0,0,CA05,CORE_B
CU002039,PR03,SU0007,CL003962,MXN,2022-07-29,,Activa,0,0.011,CA05,CORE_B
CU002040,PR10,SU0018,CL002147,CAD,2023-10-22,,Activa,47931,0.0962,CA01,DIGITAL_CORE
CU002041,PR04,SU0023,CL003208,CLP,2024-10-01,,Activa,0,0.0208,CA02,CORE_A
CU002042,PR02,SU0042,CL002776,COP,2025-05-04,,Activa,0,0,CA05,CORE_A
CU002043,PR18,SU0024,CL002370,CLP,2023-02-22,,Activa,0,0,CA03,DIGITAL_CORE
CU002044,PR15,SU0008,CL000866,MXN,2020-08-14,,Activa,0,0.0331,CA01,CORE_B
CU002045,PR10,SU0014,CL003406,CAD,2021-08-08,,Activa,272519,0.0897,CA01,DIGITAL_CORE
CU002046,PR18,SU0029,CL003520,CLP,2022-11-30,,Activa,0,0,CA05,CORE_B
CU002047,PR09,SU0043,CL000751,COP,2025-07-20,,Activa,5577,0.1382,CA03,CORE_A
CU002048,PR09,SU0012,CL003736,CAD,2024-05-07,2025-02-18,Cerrada,160109,0.1477,CA02,DIGITAL_CORE
CU002049,PR18,SU0041,CL003090,COP,2025-10-16,,Activa,0,0,CA03,DIGITAL_CORE
CU002050,PR04,SU0036,CL003397,PEN,2024-03-19,,Activa,0,0.0291,CA05,DIGITAL_CORE
CU002051,PR03,SU0045,CL000559,COP,2020-08-05,,Activa,0,0,CA05,CORE_A
CU002052,PR14,SU0010,CL001311,MXN,2019-11-13,,Activa,0,0,CA05,CORE_B
CU002053,PR17,SU0013,CL000666,CAD,2023-12-24,,Activa,0,0.0082,CA03,DIGITAL_CORE
CU002054,PR16,SU0030,CL001808,CLP,2022-12-28,,Activa,0,0.015,CA02,DIGITAL_CORE
CU002055,PR11,SU0003,CL003745,MXN,2024-07-03,,Activa,0,0,CA05,CORE_B
CU002056,PR14,SU0032,CL002778,PEN,2023-08-11,,Activa,0,0,CA05,CORE_B
CU002057,PR01,SU0002,CL002016,MXN,2019-07-18,,Activa,0,0.0019,CA03,CORE_A
CU002058,PR13,SU0004,CL000741,MXN,2022-07-27,,Activa,182473,0.1647,CA05,CORE_A
CU002059,PR04,SU0044,CL000551,COP,2025-10-06,,Activa,0,0.0417,CA01,CORE_B
CU002060,PR16,SU0013,CL003341,CAD,2022-08-01,,Activa,0,0.0134,CA05,CORE_B
CU002061,PR02,SU0047,CL002399,COP,2023-01-16,,Activa,0,0.0041,CA01,CORE_B
CU002062,PR02,SU0041,CL004264,COP,2019-11-15,,Activa,0,0,CA05,CORE_A
CU002063,PR15,SU0006,CL003421,MXN,2023-05-06,,Activa,0,0.053,CA05,DIGITAL_CORE
CU002064,PR18,SU0011,CL001968,CAD,2025-05-15,,Activa,0,0.0208,CA02,CORE_B
CU002065,PR07,SU0014,CL001095,CAD,2018-12-13,,Activa,66133,0.291,CA01,CORE_B
CU002066,PR09,SU0043,CL000546,COP,2025-06-26,,Activa,13996,0.1428,CA01,CORE_B
CU002067,PR18,SU0005,CL000791,MXN,2021-12-14,,Activa,0,0.0239,CA03,CORE_A
CU002068,PR15,SU0025,CL001439,CLP,2025-11-21,,Activa,0,0.0644,CA03,DIGITAL_CORE
CU002069,PR05,SU0013,CL001043,CAD,2023-01-15,,Activa,8523,0.3595,CA01,CORE_A
CU002070,PR14,SU0043,CL004073,COP,2020-09-18,,Activa,0,0.0077,CA01,CORE_A
CU002071,PR15,SU0002,CL003266,MXN,2025-05-23,,Activa,0,0.0326,CA03,DIGITAL_CORE
CU002072,PR01,SU0014,CL002196,CAD,2024-10-15,,Activa,0,0,CA05,CORE_B
CU002073,PR16,SU0018,CL002304,CAD,2024-05-20,,Activa,0,0,CA01,CORE_B
CU002074,PR05,SU0011,CL003430,CAD,2024-03-29,,Activa,13177,0.3693,CA02,DIGITAL_CORE
CU002075,PR09,SU0044,CL001563,COP,2025-04-10,,Activa,33003,0.157,CA01,DIGITAL_CORE
CU002076,PR15,SU0043,CL000916,COP,2021-09-27,,Activa,0,0.0375,CA01,CORE_B
CU002077,PR02,SU0032,CL003379,PEN,2025-10-28,,Activa,0,0.0211,CA03,DIGITAL_CORE
CU002078,PR18,SU0039,CL000212,PEN,2020-07-02,,Activa,0,0,CA05,CORE_B
CU002079,PR05,SU0021,CL002703,CLP,2023-01-02,,Activa,149542,0.3495,CA03,CORE_A
CU002080,PR16,SU0041,CL003352,COP,2024-10-11,,Activa,0,0.0161,CA02,DIGITAL_CORE
CU002081,PR01,SU0041,CL002772,COP,2022-06-30,,Activa,0,0,CA01,CORE_A
CU002082,PR02,SU0001,CL000465,MXN,2023-09-24,2025-04-16,Cerrada,0,0.0213,CA03,CORE_A
CU002083,PR12,SU0012,CL003834,CAD,2021-01-24,,Activa,388789,0.1761,CA01,CORE_A
CU002084,PR06,SU0037,CL003601,PEN,2021-06-19,,Activa,8264,0.3371,CA05,CORE_A
CU002085,PR10,SU0050,CL000723,COP,2022-07-27,,Activa,8939,0.0994,CA05,CORE_B
CU002086,PR12,SU0040,CL000623,PEN,2023-12-30,,Activa,168882,0.187,CA05,CORE_A
CU002087,PR10,SU0022,CL001814,CLP,2024-02-08,,Activa,2232,0.1194,CA05,CORE_A
CU002088,PR17,SU0020,CL001127,CAD,2022-04-15,,Activa,0,0,CA05,DIGITAL_CORE
CU002089,PR03,SU0008,CL002073,MXN,2023-10-08,,Activa,0,0.0018,CA05,DIGITAL_CORE
CU002090,PR02,SU0039,CL000784,PEN,2023-08-10,2024-08-26,Cerrada,0,0,CA01,CORE_B
CU002091,PR06,SU0011,CL003698,CAD,2025-01-11,,Activa,36514,0.3164,CA02,DIGITAL_CORE
CU002092,PR01,SU0009,CL003495,MXN,2024-08-14,,Activa,0,0.0075,CA01,CORE_A
CU002093,PR06,SU0029,CL001116,CLP,2022-11-30,,Activa,10470,0.3241,CA01,DIGITAL_CORE
CU002094,PR12,SU0004,CL001129,MXN,2019-11-17,,Activa,848012,0.182,CA05,CORE_A
CU002095,PR06,SU0041,CL004183,COP,2023-11-27,,Activa,25367,0.3259,CA01,DIGITAL_CORE
CU002096,PR10,SU0030,CL002437,CLP,2025-09-01,,Activa,20389,0.0894,CA01,DIGITAL_CORE
CU002097,PR10,SU0026,CL001385,CLP,2021-05-31,,Activa,10504,0.091,CA05,CORE_A
CU002098,PR08,SU0036,CL002597,PEN,2020-08-18,,Activa,61629,0.2308,CA05,CORE_A
CU002099,PR07,SU0012,CL003299,CAD,2024-09-14,,Activa,25304,0.2994,CA05,CORE_A
CU002100,PR04,SU0010,CL003811,MXN,2022-02-16,,Activa,0,0.04,CA01,DIGITAL_CORE
CU002101,PR06,SU0047,CL000942,COP,2022-07-04,,Activa,76860,0.3164,CA01,CORE_B
CU002102,PR06,SU0026,CL000738,CLP,2023-02-14,,Activa,18394,0.3241,CA05,CORE_B
CU002103,PR18,SU0012,CL003703,CAD,2024-10-16,,Activa,0,0.0033,CA01,DIGITAL_CORE
CU002104,PR03,SU0025,CL003669,CLP,2023-10-19,,Activa,0,0,CA01,CORE_B
CU002105,PR02,SU0004,CL003084,MXN,2024-03-25,2025-07-24,Cerrada,0,0.016,CA01,CORE_A
CU002106,PR08,SU0029,CL002122,CLP,2023-11-27,,Activa,98963,0.2283,CA05,DIGITAL_CORE
CU002107,PR08,SU0012,CL000775,CAD,2021-02-28,,Activa,36300,0.2429,CA03,CORE_B
CU002108,PR16,SU0040,CL000323,PEN,2025-06-05,,Activa,0,0,CA05,CORE_B
CU002109,PR16,SU0009,CL003902,MXN,2024-08-24,,Activa,0,0.0161,CA05,CORE_A
CU002110,PR18,SU0012,CL003025,CAD,2025-10-07,,Bloqueada,0,0.0017,CA02,DIGITAL_CORE
CU002111,PR14,SU0037,CL003092,PEN,2023-05-11,,Activa,0,0,CA01,CORE_B
CU002112,PR18,SU0014,CL001530,CAD,2022-05-15,2024-08-30,Cerrada,0,0.0023,CA03,CORE_B
CU002113,PR08,SU0038,CL002075,PEN,2022-09-22,,Activa,17267,0.2527,CA01,CORE_B
CU002114,PR16,SU0020,CL003315,CAD,2021-09-01,,Activa,0,0,CA05,DIGITAL_CORE
CU002115,PR08,SU0011,CL004038,CAD,2024-01-16,,Activa,99992,0.2583,CA03,CORE_A
CU002116,PR18,SU0015,CL001050,CAD,2025-10-22,,Bloqueada,0,0.0226,CA01,DIGITAL_CORE
CU002117,PR17,SU0047,CL001823,COP,2019-12-30,,Activa,0,0,CA01,CORE_A
CU002118,PR07,SU0034,CL002672,PEN,2020-10-05,,Activa,13138,0.3006,CA01,DIGITAL_CORE
CU002119,PR15,SU0027,CL004205,CLP,2020-10-23,,Activa,0,0.0549,CA01,CORE_B
CU002120,PR18,SU0047,CL003472,COP,2021-11-13,,Activa,0,0.0224,CA02,CORE_A
CU002121,PR18,SU0020,CL001358,CAD,2025-11-04,,Activa,0,0.0187,CA03,CORE_A
CU002122,PR17,SU0003,CL004286,MXN,2020-10-01,2021-07-02,Cerrada,0,0.0148,CA01,CORE_A
CU002123,PR18,SU0043,CL002170,COP,2025-09-25,,Activa,0,0.0204,CA03,CORE_A
CU002124,PR01,SU0029,CL002758,CLP,2023-05-03,,Activa,0,0,CA05,DIGITAL_CORE
CU002125,PR03,SU0033,CL001359,PEN,2025-03-23,,Activa,0,0.0261,CA05,DIGITAL_CORE
CU002126,PR04,SU0023,CL001964,CLP,2024-05-17,,Activa,0,0.0356,CA01,CORE_B
CU002127,PR04,SU0019,CL000633,CAD,2025-03-13,,Activa,0,0.0284,CA05,CORE_B
CU002128,PR15,SU0032,CL003458,PEN,2024-02-27,,Activa,0,0.027,CA03,DIGITAL_CORE
CU002129,PR18,SU0050,CL001078,COP,2020-04-17,,Activa,0,0.0081,CA03,CORE_A
CU002130,PR18,SU0018,CL002609,CAD,2022-05-07,,Activa,0,0.0173,CA02,CORE_A
CU002131,PR03,SU0002,CL002586,MXN,2023-08-05,,Activa,0,0.0158,CA05,DIGITAL_CORE
CU002132,PR18,SU0030,CL002459,CLP,2020-09-23,,Activa,0,0.0215,CA05,DIGITAL_CORE
CU002133,PR04,SU0047,CL001099,COP,2025-03-04,,Activa,0,0.0497,CA05,CORE_B
CU002134,PR02,SU0040,CL001373,PEN,2023-04-12,,Activa,0,0,CA01,CORE_A
CU002135,PR07,SU0049,CL003577,COP,2023-12-09,,Activa,15715,0.288,CA01,DIGITAL_CORE
CU002136,PR03,SU0004,CL004005,MXN,2019-11-28,,Activa,0,0,CA02,DIGITAL_CORE
CU002137,PR16,SU0022,CL001387,CLP,2025-02-17,,Activa,0,0,CA01,CORE_A
CU002138,PR08,SU0029,CL000383,CLP,2019-12-09,,Activa,47616,0.2374,CA03,CORE_A
CU002139,PR01,SU0046,CL001419,COP,2022-07-11,,Activa,0,0.001,CA05,CORE_A
CU002140,PR02,SU0029,CL001110,CLP,2023-05-13,,Activa,0,0.0084,CA01,CORE_A
CU002141,PR10,SU0047,CL001395,COP,2021-10-26,,Activa,131193,0.0984,CA01,CORE_A
CU002142,PR15,SU0047,CL001256,COP,2023-11-30,,Activa,0,0.0269,CA02,CORE_A
CU002143,PR04,SU0001,CL003233,MXN,2021-10-22,,Activa,0,0.034,CA05,CORE_A
CU002144,PR09,SU0020,CL001953,CAD,2023-03-17,,Activa,115029,0.1663,CA01,CORE_B
CU002145,PR17,SU0021,CL002175,CLP,2025-03-08,,Activa,0,0,CA05,CORE_A
CU002146,PR07,SU0036,CL000947,PEN,2025-07-13,,Activa,447678,0.2852,CA05,CORE_A
CU002147,PR02,SU0003,CL002767,MXN,2025-01-16,,Activa,0,0,CA01,DIGITAL_CORE
CU002148,PR04,SU0041,CL001381,COP,2022-03-01,,Activa,0,0.0374,CA05,DIGITAL_CORE
CU002149,PR09,SU0032,CL003022,PEN,2022-06-14,,Activa,6662,0.1639,CA05,CORE_A
CU002150,PR16,SU0014,CL003441,CAD,2023-02-22,,Activa,0,0.0141,CA05,DIGITAL_CORE
CU002151,PR15,SU0019,CL001947,CAD,2025-03-30,,Activa,0,0.0451,CA03,CORE_B
CU002152,PR03,SU0050,CL001128,COP,2025-06-24,,Activa,0,0.0094,CA05,CORE_B
CU002153,PR05,SU0042,CL004001,COP,2021-10-16,,Activa,24440,0.3738,CA05,DIGITAL_CORE
CU002154,PR04,SU0006,CL002035,MXN,2023-07-02,,Activa,0,0.0236,CA01,DIGITAL_CORE
CU002155,PR08,SU0002,CL000853,MXN,2025-11-03,,Activa,88862,0.2622,CA02,CORE_B
CU002156,PR01,SU0036,CL002551,PEN,2022-11-19,,Activa,0,0.0011,CA01,CORE_A
CU002157,PR13,SU0036,CL004399,PEN,2020-08-31,,Activa,6924450,0.1411,CA01,DIGITAL_CORE
CU002158,PR18,SU0029,CL000394,CLP,2020-06-28,,Activa,0,0,CA01,CORE_B
CU002159,PR03,SU0007,CL002722,MXN,2020-08-12,,Activa,0,0.0041,CA03,CORE_B
CU002160,PR18,SU0034,CL003499,PEN,2025-04-26,,Activa,0,0,CA03,DIGITAL_CORE
CU002161,PR01,SU0013,CL003077,CAD,2024-05-12,,Activa,0,0.0141,CA05,DIGITAL_CORE
CU002162,PR04,SU0026,CL002103,CLP,2024-05-01,,Activa,0,0.048,CA01,CORE_A
CU002163,PR18,SU0013,CL003293,CAD,2023-10-12,,Activa,0,0,CA01,CORE_A
CU002164,PR08,SU0039,CL004372,PEN,2023-04-11,,Activa,38884,0.2369,CA05,DIGITAL_CORE
CU002165,PR06,SU0013,CL001475,CAD,2019-10-20,,Activa,32903,0.3149,CA02,CORE_A
CU002166,PR04,SU0043,CL004302,COP,2021-12-12,,Activa,0,0.0165,CA05,DIGITAL_CORE
CU002167,PR11,SU0026,CL000359,CLP,2019-11-08,2022-01-01,Cerrada,0,0,CA05,CORE_B
CU002168,PR05,SU0018,CL001205,CAD,2021-04-10,,Activa,19744,0.3768,CA01,CORE_B
CU002169,PR07,SU0026,CL002790,CLP,2025-07-18,,Activa,45515,0.2959,CA02,DIGITAL_CORE
CU002170,PR08,SU0007,CL002136,MXN,2022-05-30,,Activa,20194,0.2333,CA05,CORE_A
CU002171,PR18,SU0009,CL001004,MXN,2023-10-04,,Activa,0,0.0054,CA02,CORE_A
CU002172,PR03,SU0004,CL000612,MXN,2019-07-06,,Activa,0,0,CA01,CORE_B
CU002173,PR18,SU0003,CL002463,MXN,2022-04-02,,Activa,0,0,CA05,CORE_A
CU002174,PR16,SU0045,CL001945,COP,2022-10-01,,Activa,0,0.0152,CA01,CORE_B
CU002175,PR18,SU0012,CL003736,CAD,2020-02-19,,Activa,0,0,CA03,CORE_A
CU002176,PR08,SU0028,CL001173,CLP,2023-04-26,,Activa,27122,0.2483,CA01,CORE_B
CU002177,PR18,SU0031,CL004326,PEN,2023-07-28,,Activa,0,0.0135,CA01,CORE_A
CU002178,PR05,SU0013,CL004103,CAD,2024-05-14,,Activa,42763,0.3522,CA02,DIGITAL_CORE
CU002179,PR10,SU0022,CL001258,CLP,2019-09-20,,Activa,516016,0.1162,CA01,CORE_A
CU002180,PR15,SU0009,CL000063,MXN,2019-09-27,,Activa,0,0.0393,CA01,DIGITAL_CORE
CU002181,PR10,SU0013,CL002249,CAD,2024-04-18,,Activa,41961,0.1065,CA05,CORE_B
CU002182,PR05,SU0024,CL002540,CLP,2024-03-07,,Activa,35060,0.3746,CA03,CORE_B
CU002183,PR18,SU0032,CL001809,PEN,2022-07-28,,Activa,0,0.0168,CA03,CORE_B
CU002184,PR18,SU0018,CL001189,CAD,2023-07-31,,Activa,0,0,CA02,CORE_B
CU002185,PR15,SU0038,CL001199,PEN,2023-10-23,,Activa,0,0.0625,CA05,CORE_B
CU002186,PR10,SU0006,CL000335,MXN,2025-03-15,,Activa,34872,0.1006,CA05,CORE_A
CU002187,PR06,SU0016,CL003547,CAD,2021-09-30,,Activa,3086,0.3425,CA01,CORE_B
CU002188,PR09,SU0050,CL003316,COP,2020-04-17,,Activa,9823,0.1619,CA05,DIGITAL_CORE
CU002189,PR18,SU0019,CL001550,CAD,2022-07-06,,Activa,0,0,CA01,CORE_A
CU002190,PR07,SU0010,CL003977,MXN,2025-11-23,,Activa,35217,0.2975,CA05,DIGITAL_CORE
CU002191,PR03,SU0010,CL002585,MXN,2022-01-21,,Activa,0,0,CA05,CORE_A
CU002192,PR08,SU0007,CL001966,MXN,2021-05-18,,Bloqueada,3395,0.2573,CA02,CORE_A
CU002193,PR18,SU0032,CL003601,PEN,2025-11-09,,Activa,0,0.0083,CA03,CORE_A
CU002194,PR05,SU0037,CL004256,PEN,2023-05-16,,Activa,16444,0.3526,CA02,DIGITAL_CORE
CU002195,PR01,SU0017,CL002454,CAD,2025-04-28,,Activa,0,0.008,CA03,CORE_B
CU002196,PR03,SU0009,CL000104,MXN,2024-10-26,,Activa,0,0,CA05,DIGITAL_CORE
CU002197,PR08,SU0012,CL003812,CAD,2021-11-15,,Activa,21206,0.2339,CA02,CORE_A
CU002198,PR14,SU0025,CL003088,CLP,2024-08-12,,Activa,0,0,CA05,CORE_A
CU002199,PR08,SU0027,CL000547,CLP,2024-08-16,,Activa,94622,0.2307,CA03,DIGITAL_CORE
CU002200,PR07,SU0020,CL001839,CAD,2023-01-23,,Bloqueada,40234,0.2876,CA01,CORE_A
CU002201,PR18,SU0009,CL001450,MXN,2020-08-29,,Bloqueada,0,0.0231,CA02,CORE_B
CU002202,PR02,SU0030,CL000738,CLP,2023-05-19,,Activa,0,0.0076,CA01,CORE_B
CU002203,PR15,SU0022,CL001656,CLP,2022-02-18,,Activa,0,0.0481,CA01,DIGITAL_CORE
CU002204,PR02,SU0008,CL004387,MXN,2025-05-07,,Activa,0,0,CA03,DIGITAL_CORE
CU002205,PR14,SU0042,CL000347,COP,2023-01-04,,Activa,0,0.0107,CA02,CORE_A
CU002206,PR07,SU0028,CL001075,CLP,2022-04-08,,Activa,11069,0.2726,CA05,CORE_A
CU002207,PR06,SU0023,CL003265,CLP,2025-01-21,,Activa,49814,0.319,CA05,CORE_B
CU002208,PR05,SU0016,CL001515,CAD,2022-09-16,,Activa,6911,0.3817,CA05,CORE_A
CU002209,PR04,SU0038,CL000946,PEN,2023-11-28,,Activa,0,0.0395,CA05,CORE_B
CU002210,PR08,SU0008,CL001821,MXN,2024-12-17,,Activa,12957,0.2606,CA01,DIGITAL_CORE
CU002211,PR07,SU0017,CL001625,CAD,2025-03-14,,Activa,9746,0.2834,CA05,CORE_B
CU002212,PR04,SU0050,CL002371,COP,2024-01-13,,Activa,0,0.021,CA05,DIGITAL_CORE
CU002213,PR03,SU0038,CL001438,PEN,2019-09-10,,Activa,0,0.0097,CA05,DIGITAL_CORE
CU002214,PR03,SU0032,CL003550,PEN,2022-02-13,,Activa,0,0,CA05,CORE_B
CU002215,PR01,SU0009,CL003840,MXN,2024-04-20,,Activa,0,0.0124,CA05,CORE_B
CU002216,PR10,SU0032,CL000784,PEN,2023-08-01,,Activa,293606,0.1092,CA02,DIGITAL_CORE
CU002217,PR03,SU0020,CL003099,CAD,2025-05-27,,Activa,0,0.009,CA05,CORE_B
CU002218,PR01,SU0040,CL003994,PEN,2021-11-19,,Activa,0,0.0033,CA05,CORE_B
CU002219,PR01,SU0027,CL001406,CLP,2025-05-26,,Activa,0,0,CA01,DIGITAL_CORE
CU002220,PR08,SU0034,CL002605,PEN,2022-06-24,,Activa,8939,0.2599,CA02,CORE_A
CU002221,PR08,SU0039,CL002363,PEN,2025-05-05,,Activa,7795,0.264,CA01,CORE_A
CU002222,PR06,SU0020,CL001416,CAD,2025-11-04,,Activa,68867,0.324,CA03,DIGITAL_CORE
CU002223,PR06,SU0034,CL002032,PEN,2024-07-18,,Activa,92605,0.3172,CA05,DIGITAL_CORE
CU002224,PR03,SU0039,CL002624,PEN,2022-12-24,,Activa,0,0.0134,CA01,CORE_B
CU002225,PR05,SU0008,CL003786,MXN,2025-05-11,,Activa,72071,0.3595,CA01,CORE_B
CU002226,PR16,SU0039,CL003622,PEN,2021-03-31,,Activa,0,0.0055,CA05,CORE_B
CU002227,PR08,SU0046,CL003177,COP,2025-05-10,,Activa,37792,0.2325,CA05,DIGITAL_CORE
CU002228,PR12,SU0014,CL002777,CAD,2020-01-31,,Activa,9009260,0.1829,CA02,CORE_B
CU002229,PR01,SU0023,CL002648,CLP,2019-03-02,,Activa,0,0,CA01,DIGITAL_CORE
CU002230,PR04,SU0035,CL000045,PEN,2024-06-10,,Activa,0,0.0219,CA05,CORE_B
CU002231,PR18,SU0005,CL003790,MXN,2020-01-24,,Activa,0,0,CA02,DIGITAL_CORE
CU002232,PR03,SU0037,CL000220,PEN,2023-01-06,,Activa,0,0.0067,CA05,CORE_A
CU002233,PR16,SU0033,CL003402,PEN,2022-11-05,,Activa,0,0,CA05,CORE_B
CU002234,PR18,SU0014,CL002998,CAD,2022-04-29,,Activa,0,0,CA02,CORE_A
CU002235,PR07,SU0005,CL001114,MXN,2019-07-03,,Activa,21450,0.2679,CA05,CORE_A
CU002236,PR18,SU0017,CL002851,CAD,2022-10-09,,Activa,0,0.0114,CA01,CORE_B
CU002237,PR02,SU0004,CL000664,MXN,2019-06-25,,Activa,0,0.001,CA05,DIGITAL_CORE
CU002238,PR09,SU0046,CL002461,COP,2021-12-31,2023-08-19,Cerrada,24183,0.1511,CA03,CORE_B
CU002239,PR16,SU0038,CL003849,PEN,2023-05-09,2025-03-14,Cerrada,0,0.0017,CA03,CORE_A
CU002240,PR18,SU0036,CL003085,PEN,2020-07-19,,Activa,0,0,CA03,DIGITAL_CORE
CU002241,PR18,SU0035,CL003723,PEN,2023-03-18,,Activa,0,0,CA05,CORE_A
CU002242,PR15,SU0034,CL004130,PEN,2025-03-09,,Activa,0,0.0368,CA03,CORE_A
CU002243,PR18,SU0005,CL002448,MXN,2021-05-09,,Activa,0,0,CA02,DIGITAL_CORE
CU002244,PR15,SU0002,CL002404,MXN,2022-10-23,,Activa,0,0.0346,CA01,CORE_A
CU002245,PR18,SU0015,CL003936,CAD,2025-02-15,,Activa,0,0,CA03,CORE_A
CU002246,PR18,SU0017,CL001141,CAD,2024-02-12,,Activa,0,0.0014,CA01,CORE_B
CU002247,PR03,SU0022,CL000756,CLP,2021-11-14,,Activa,0,0.0085,CA01,DIGITAL_CORE
CU002248,PR15,SU0028,CL003388,CLP,2022-03-25,,Activa,0,0.0599,CA01,DIGITAL_CORE
CU002249,PR01,SU0047,CL001353,COP,2023-02-14,2024-06-25,Cerrada,0,0.0207,CA01,CORE_B
CU002250,PR18,SU0030,CL002295,CLP,2024-01-10,,Activa,0,0.0103,CA03,CORE_B
CU002251,PR11,SU0015,CL001752,CAD,2020-11-11,,Activa,0,0,CA01,CORE_B
CU002252,PR14,SU0029,CL002558,CLP,2021-09-19,,Activa,0,0,CA03,CORE_B
CU002253,PR17,SU0035,CL003081,PEN,2023-01-12,,Activa,0,0,CA02,CORE_B
CU002254,PR05,SU0036,CL003359,PEN,2022-09-23,,Activa,321113,0.3762,CA01,DIGITAL_CORE
CU002255,PR05,SU0045,CL004490,COP,2022-03-19,,Activa,40687,0.3849,CA05,CORE_A
CU002256,PR13,SU0031,CL003673,PEN,2020-08-26,,Activa,183154,0.1435,CA05,CORE_B
CU002257,PR10,SU0012,CL001924,CAD,2025-08-27,,Activa,25211,0.1053,CA05,DIGITAL_CORE
CU002258,PR17,SU0039,CL000529,PEN,2024-08-07,,Activa,0,0,CA05,CORE_B
CU002259,PR01,SU0022,CL001330,CLP,2022-11-02,,Activa,0,0.0005,CA01,CORE_A
CU002260,PR09,SU0027,CL004331,CLP,2024-12-27,,Activa,4131,0.1422,CA01,DIGITAL_CORE
CU002261,PR16,SU0048,CL004283,COP,2024-12-14,,Activa,0,0,CA05,CORE_B
CU002262,PR04,SU0045,CL003967,COP,2020-09-08,,Activa,0,0.0503,CA01,DIGITAL_CORE
CU002263,PR16,SU0008,CL000123,MXN,2024-03-16,,Activa,0,0.019,CA05,CORE_A
CU002264,PR04,SU0029,CL002486,CLP,2019-09-11,,Activa,0,0.0536,CA02,CORE_B
CU002265,PR07,SU0046,CL002804,COP,2020-04-13,,Activa,366060,0.2823,CA01,CORE_A
CU002266,PR15,SU0009,CL004096,MXN,2021-02-20,,Activa,0,0.0446,CA01,CORE_B
CU002267,PR10,SU0050,CL002432,COP,2021-10-16,,Activa,10663,0.1155,CA05,CORE_B
CU002268,PR13,SU0013,CL004297,CAD,2023-04-24,,Activa,298327,0.1376,CA03,CORE_A
CU002269,PR01,SU0036,CL001109,PEN,2024-06-22,,Activa,0,0.0158,CA01,CORE_A
CU002270,PR18,SU0011,CL001513,CAD,2025-07-18,,Activa,0,0.0233,CA05,DIGITAL_CORE
CU002271,PR11,SU0024,CL003053,CLP,2024-12-29,,Activa,0,0.0193,CA02,CORE_B
CU002272,PR08,SU0038,CL000106,PEN,2019-09-22,,Activa,16172,0.2366,CA01,DIGITAL_CORE
CU002273,PR16,SU0040,CL003487,PEN,2023-03-16,,Activa,0,0,CA05,DIGITAL_CORE
CU002274,PR17,SU0004,CL000181,MXN,2019-07-17,,Activa,0,0.0126,CA05,CORE_A
CU002275,PR15,SU0019,CL004220,CAD,2022-05-18,,Activa,0,0.0417,CA05,DIGITAL_CORE
CU002276,PR08,SU0040,CL000035,PEN,2025-06-13,,Activa,56747,0.2402,CA05,DIGITAL_CORE
CU002277,PR10,SU0015,CL002329,CAD,2025-08-05,,Activa,29900,0.1031,CA01,DIGITAL_CORE
CU002278,PR16,SU0050,CL003156,COP,2024-06-23,,Activa,0,0,CA01,DIGITAL_CORE
CU002279,PR16,SU0016,CL003797,CAD,2019-12-12,,Activa,0,0.011,CA02,CORE_A
CU002280,PR10,SU0001,CL004207,MXN,2025-11-16,,Activa,285812,0.0973,CA05,DIGITAL_CORE
CU002281,PR18,SU0038,CL000443,PEN,2019-07-05,,Activa,0,0,CA03,DIGITAL_CORE
CU002282,PR15,SU0020,CL001962,CAD,2021-12-29,,Activa,0,0.0467,CA01,CORE_A
CU002283,PR04,SU0018,CL003181,CAD,2020-12-01,,Activa,0,0.046,CA01,CORE_B
CU002284,PR04,SU0031,CL004128,PEN,2023-08-03,,Activa,0,0.0499,CA05,CORE_A
CU002285,PR18,SU0035,CL002089,PEN,2024-10-09,,Activa,0,0,CA01,CORE_B
CU002286,PR08,SU0038,CL003096,PEN,2025-10-16,,Activa,13028,0.2554,CA01,CORE_A
CU002287,PR06,SU0018,CL003269,CAD,2024-10-29,,Activa,15942,0.3378,CA01,CORE_A
CU002288,PR10,SU0036,CL000428,PEN,2025-02-21,,Activa,5220,0.089,CA05,CORE_B
CU002289,PR15,SU0032,CL003447,PEN,2020-09-27,,Activa,0,0.0277,CA02,CORE_B
CU002290,PR10,SU0027,CL001673,CLP,2025-01-29,,Activa,113492,0.1205,CA05,CORE_A
CU002291,PR09,SU0002,CL000229,MXN,2024-09-28,,Activa,40327,0.1506,CA01,DIGITAL_CORE
CU002292,PR15,SU0015,CL004164,CAD,2025-04-26,,Activa,0,0.027,CA02,CORE_B
CU002293,PR03,SU0013,CL000187,CAD,2018-12-07,,Activa,0,0,CA05,DIGITAL_CORE
CU002294,PR04,SU0028,CL000679,CLP,2025-07-11,,Activa,0,0.0549,CA05,DIGITAL_CORE
CU002295,PR10,SU0020,CL001933,CAD,2024-01-05,,Activa,47751,0.1207,CA01,DIGITAL_CORE
CU002296,PR18,SU0049,CL001231,COP,2023-08-12,,Activa,0,0.0017,CA05,DIGITAL_CORE
CU002297,PR15,SU0021,CL001507,CLP,2021-10-16,,Activa,0,0.0353,CA05,DIGITAL_CORE
CU002298,PR05,SU0015,CL000571,CAD,2024-10-29,,Activa,112782,0.3753,CA03,DIGITAL_CORE
CU002299,PR06,SU0027,CL002199,CLP,2021-12-02,,Activa,42473,0.3312,CA05,CORE_A
CU002300,PR15,SU0035,CL002849,PEN,2022-10-03,,Activa,0,0.0289,CA01,DIGITAL_CORE
CU002301,PR01,SU0047,CL000800,COP,2022-07-28,,Activa,0,0.0136,CA05,CORE_A
CU002302,PR10,SU0010,CL002470,MXN,2024-11-26,,Bloqueada,59095,0.0863,CA01,CORE_B
CU002303,PR13,SU0047,CL001291,COP,2023-03-16,,Activa,1174427,0.1411,CA01,DIGITAL_CORE
CU002304,PR15,SU0049,CL001152,COP,2025-04-18,,Activa,0,0.0475,CA05,CORE_A
CU002305,PR01,SU0015,CL002345,CAD,2023-06-09,,Activa,0,0,CA01,CORE_A
CU002306,PR15,SU0025,CL001447,CLP,2025-05-23,,Activa,0,0.0545,CA05,CORE_A
CU002307,PR03,SU0039,CL001421,PEN,2023-04-26,,Activa,0,0,CA05,DIGITAL_CORE
CU002308,PR15,SU0008,CL003479,MXN,2022-01-22,,Activa,0,0.0593,CA05,DIGITAL_CORE
CU002309,PR18,SU0036,CL001407,PEN,2025-11-09,,Activa,0,0,CA01,CORE_B
CU002310,PR16,SU0036,CL004197,PEN,2025-07-25,,Activa,0,0.0135,CA01,CORE_B
CU002311,PR18,SU0038,CL003679,PEN,2024-01-14,,Activa,0,0.0023,CA01,DIGITAL_CORE
CU002312,PR15,SU0010,CL001380,MXN,2020-05-27,,Activa,0,0.0324,CA01,CORE_B
CU002313,PR15,SU0027,CL002505,CLP,2023-08-04,,Activa,0,0.0412,CA01,DIGITAL_CORE
CU002314,PR10,SU0040,CL003533,PEN,2025-10-17,,Activa,285260,0.1015,CA03,CORE_B
CU002315,PR15,SU0005,CL000485,MXN,2022-07-13,,Activa,0,0.061,CA03,CORE_A
CU002316,PR05,SU0005,CL002478,MXN,2024-07-10,,Activa,5156,0.3546,CA01,DIGITAL_CORE
CU002317,PR09,SU0004,CL001568,MXN,2025-06-07,,Activa,47998,0.1645,CA02,CORE_A
CU002318,PR18,SU0036,CL002551,PEN,2022-12-04,,Activa,0,0.0043,CA05,CORE_A
CU002319,PR08,SU0008,CL001402,MXN,2023-05-27,,Activa,8926,0.265,CA05,CORE_B
CU002320,PR04,SU0037,CL000915,PEN,2021-03-02,,Activa,0,0.022,CA03,DIGITAL_CORE
CU002321,PR16,SU0027,CL001367,CLP,2022-10-13,,Activa,0,0,CA01,DIGITAL_CORE
CU002322,PR07,SU0008,CL000717,MXN,2021-08-05,2023-12-09,Cerrada,8627,0.283,CA05,CORE_A
CU002323,PR04,SU0012,CL003299,CAD,2023-06-19,2024-05-01,Cerrada,0,0.0392,CA01,CORE_A
CU002324,PR07,SU0045,CL002830,COP,2024-07-08,,Activa,22833,0.2975,CA02,CORE_A
CU002325,PR12,SU0006,CL001774,MXN,2019-08-30,,Activa,197460,0.1873,CA03,DIGITAL_CORE
CU002326,PR06,SU0006,CL003563,MXN,2022-05-23,,Activa,2814,0.3158,CA01,DIGITAL_CORE
CU002327,PR07,SU0034,CL003094,PEN,2023-10-29,,Activa,10640,0.2987,CA03,CORE_A
CU002328,PR01,SU0026,CL001083,CLP,2024-10-19,,Activa,0,0.0135,CA01,CORE_B
CU002329,PR05,SU0031,CL002578,PEN,2025-11-03,,Activa,4714,0.367,CA01,CORE_A
CU002330,PR05,SU0018,CL004110,CAD,2023-01-05,,Activa,66967,0.3731,CA01,CORE_A
CU002331,PR02,SU0033,CL002568,PEN,2021-07-03,,Activa,0,0.0046,CA01,CORE_B
CU002332,PR10,SU0016,CL004339,CAD,2022-12-03,,Activa,4431,0.1043,CA05,CORE_A
CU002333,PR03,SU0037,CL002190,PEN,2023-11-13,,Activa,0,0.0221,CA01,CORE_A
CU002334,PR18,SU0007,CL002059,MXN,2022-12-26,,Activa,0,0,CA01,DIGITAL_CORE
CU002335,PR10,SU0002,CL000032,MXN,2021-02-20,,Activa,95156,0.0917,CA05,CORE_A
CU002336,PR01,SU0039,CL001824,PEN,2021-07-21,,Activa,0,0,CA05,DIGITAL_CORE
CU002337,PR02,SU0018,CL004107,CAD,2024-02-18,,Activa,0,0.0018,CA01,CORE_B
CU002338,PR09,SU0034,CL002668,PEN,2022-03-31,,Activa,3684,0.1723,CA05,DIGITAL_CORE
CU002339,PR12,SU0002,CL001311,MXN,2022-07-02,,Activa,509552,0.1859,CA05,DIGITAL_CORE
CU002340,PR04,SU0007,CL003790,MXN,2020-12-12,,Activa,0,0.0271,CA02,CORE_B
CU002341,PR13,SU0012,CL001560,CAD,2018-12-21,,Activa,461587,0.1467,CA03,CORE_A
CU002342,PR18,SU0013,CL000199,CAD,2024-11-12,,Activa,0,0.0153,CA01,CORE_A
CU002343,PR18,SU0006,CL002472,MXN,2019-07-10,,Activa,0,0,CA01,CORE_B
CU002344,PR12,SU0035,CL000564,PEN,2025-08-03,,Activa,335969,0.183,CA01,CORE_A
CU002345,PR14,SU0049,CL001633,COP,2019-08-04,2020-11-28,Cerrada,0,0.0194,CA02,CORE_A
CU002346,PR15,SU0039,CL003343,PEN,2022-11-22,,Activa,0,0.0626,CA01,CORE_B
CU002347,PR13,SU0004,CL004380,MXN,2024-09-05,,Activa,456686,0.1541,CA02,CORE_A
CU002348,PR01,SU0026,CL003844,CLP,2021-08-01,,Activa,0,0,CA01,CORE_B
CU002349,PR03,SU0029,CL003078,CLP,2020-07-16,,Activa,0,0.0149,CA05,DIGITAL_CORE
CU002350,PR01,SU0046,CL001061,COP,2022-12-11,2023-08-30,Cerrada,0,0,CA05,CORE_B
CU002351,PR07,SU0046,CL001071,COP,2023-04-22,,Activa,50960,0.281,CA01,CORE_B
CU002352,PR10,SU0009,CL001096,MXN,2025-11-07,,Activa,40799,0.0931,CA05,CORE_B
CU002353,PR06,SU0025,CL003363,CLP,2019-05-12,,Activa,156325,0.3449,CA03,CORE_B
CU002354,PR16,SU0009,CL002579,MXN,2024-12-07,,Activa,0,0.0141,CA05,CORE_A
CU002355,PR11,SU0007,CL003440,MXN,2021-01-08,,Activa,0,0.0132,CA01,CORE_B
CU002356,PR02,SU0031,CL003995,PEN,2021-03-22,,Activa,0,0.0059,CA01,CORE_A
CU002357,PR02,SU0007,CL000610,MXN,2023-05-26,2024-11-05,Cerrada,0,0.0116,CA05,CORE_A
CU002358,PR18,SU0027,CL001169,CLP,2020-04-05,,Activa,0,0.0133,CA01,CORE_A
CU002359,PR05,SU0032,CL002826,PEN,2023-09-10,,Activa,26963,0.3577,CA05,DIGITAL_CORE
CU002360,PR03,SU0013,CL003317,CAD,2025-08-01,,Activa,0,0,CA02,DIGITAL_CORE
CU002361,PR04,SU0042,CL002631,COP,2019-08-23,,Activa,0,0.0459,CA05,CORE_B
CU002362,PR05,SU0010,CL003898,MXN,2025-09-13,,Activa,6798,0.3824,CA02,CORE_B
CU002363,PR06,SU0034,CL001282,PEN,2024-07-27,,Activa,28625,0.3417,CA01,CORE_A
CU002364,PR05,SU0007,CL000360,MXN,2024-08-31,,Activa,43637,0.3618,CA01,CORE_B
CU002365,PR01,SU0025,CL001948,CLP,2020-03-30,,Activa,0,0,CA03,CORE_A
CU002366,PR16,SU0016,CL004028,CAD,2024-01-19,,Activa,0,0.0098,CA03,CORE_A
CU002367,PR04,SU0014,CL004171,CAD,2024-09-06,,Activa,0,0.0343,CA02,CORE_B
CU002368,PR10,SU0029,CL002881,CLP,2019-04-03,,Activa,4141,0.1175,CA05,CORE_B
CU002369,PR02,SU0008,CL002478,MXN,2022-10-23,,Activa,0,0.0212,CA01,CORE_A
CU002370,PR02,SU0040,CL002449,PEN,2025-09-08,,Activa,0,0,CA05,CORE_A
CU002371,PR04,SU0036,CL001738,PEN,2024-12-16,,Activa,0,0.0247,CA05,CORE_A
CU002372,PR03,SU0022,CL001772,CLP,2021-03-21,,Activa,0,0.0049,CA01,CORE_B
CU002373,PR15,SU0036,CL002672,PEN,2023-07-02,,Activa,0,0.0592,CA01,DIGITAL_CORE
CU002374,PR08,SU0014,CL000284,CAD,2019-05-17,,Activa,12464,0.2336,CA01,DIGITAL_CORE
CU002375,PR18,SU0021,CL000398,CLP,2024-04-11,,Activa,0,0.0143,CA05,CORE_B
CU002376,PR18,SU0015,CL003508,CAD,2023-07-25,,Activa,0,0,CA02,CORE_B
CU002377,PR18,SU0046,CL000240,COP,2024-09-15,,Activa,0,0,CA05,DIGITAL_CORE
CU002378,PR05,SU0030,CL002663,CLP,2022-09-07,,Bloqueada,9373,0.3529,CA01,CORE_A
CU002379,PR07,SU0004,CL003830,MXN,2019-09-16,,Activa,16542,0.2911,CA02,CORE_A
CU002380,PR02,SU0033,CL000990,PEN,2025-07-29,,Activa,0,0.0032,CA03,DIGITAL_CORE
CU002381,PR09,SU0032,CL000742,PEN,2022-08-22,,Activa,44784,0.1733,CA03,DIGITAL_CORE
CU002382,PR10,SU0003,CL000781,MXN,2025-09-29,,Activa,113460,0.0955,CA05,CORE_A
CU002383,PR09,SU0016,CL001348,CAD,2023-04-27,2023-10-15,Cerrada,8405,0.1376,CA03,CORE_A
CU002384,PR18,SU0046,CL000957,COP,2025-08-25,,Activa,0,0.0145,CA02,CORE_B
CU002385,PR08,SU0048,CL003694,COP,2021-07-30,,Activa,75689,0.2307,CA05,DIGITAL_CORE
CU002386,PR05,SU0004,CL002799,MXN,2020-05-26,2021-12-15,Cerrada,32543,0.3774,CA05,DIGITAL_CORE
CU002387,PR18,SU0018,CL001276,CAD,2025-03-09,,Bloqueada,0,0,CA01,CORE_B
CU002388,PR10,SU0043,CL004051,COP,2024-03-08,,Activa,89253,0.0958,CA03,CORE_A
CU002389,PR01,SU0021,CL001566,CLP,2018-12-16,,Activa,0,0,CA01,CORE_B
CU002390,PR18,SU0012,CL002328,CAD,2021-08-09,,Activa,0,0,CA02,CORE_A
CU002391,PR03,SU0003,CL001992,MXN,2022-06-28,,Activa,0,0.0038,CA05,DIGITAL_CORE
CU002392,PR02,SU0033,CL003109,PEN,2021-10-06,,Activa,0,0.0063,CA05,DIGITAL_CORE
CU002393,PR17,SU0024,CL004359,CLP,2021-05-09,,Activa,0,0.0167,CA01,CORE_A
CU002394,PR18,SU0008,CL002095,MXN,2023-01-21,,Activa,0,0,CA05,CORE_B
CU002395,PR14,SU0031,CL000564,PEN,2019-02-16,,Activa,0,0.0125,CA05,CORE_B
CU002396,PR10,SU0029,CL000211,CLP,2023-08-21,,Activa,61000,0.1228,CA05,DIGITAL_CORE
CU002397,PR18,SU0022,CL002493,CLP,2024-05-22,,Activa,0,0.0105,CA05,CORE_B
CU002398,PR16,SU0045,CL000906,COP,2024-01-17,,Activa,0,0,CA05,CORE_A
CU002399,PR10,SU0039,CL002204,PEN,2023-02-19,,Activa,14333,0.1042,CA02,CORE_A
CU002400,PR15,SU0002,CL003727,MXN,2024-06-12,,Activa,0,0.0358,CA01,CORE_B
CU002401,PR15,SU0014,CL002355,CAD,2021-08-12,,Activa,0,0.0466,CA05,CORE_B
CU002402,PR02,SU0043,CL001323,COP,2022-12-17,,Activa,0,0,CA05,CORE_B
CU002403,PR18,SU0010,CL004365,MXN,2022-08-31,,Activa,0,0,CA05,CORE_B
CU002404,PR01,SU0022,CL001351,CLP,2024-05-10,,Activa,0,0.0182,CA05,CORE_B
CU002405,PR15,SU0005,CL003558,MXN,2020-10-23,,Activa,0,0.0381,CA05,DIGITAL_CORE
CU002406,PR12,SU0020,CL004203,CAD,2023-01-23,,Activa,833439,0.1785,CA03,CORE_A
CU002407,PR01,SU0016,CL003896,CAD,2022-07-01,,Activa,0,0.0143,CA03,DIGITAL_CORE
CU002408,PR08,SU0024,CL001818,CLP,2022-07-31,,Activa,37339,0.2252,CA01,DIGITAL_CORE
CU002409,PR07,SU0021,CL004374,CLP,2025-10-19,,Activa,17363,0.2866,CA05,CORE_A
CU002410,PR18,SU0020,CL004110,CAD,2021-06-29,,Activa,0,0.0041,CA02,DIGITAL_CORE
CU002411,PR15,SU0034,CL003487,PEN,2023-06-03,,Activa,0,0.047,CA01,CORE_B
CU002412,PR18,SU0018,CL004028,CAD,2025-04-20,,Activa,0,0.003,CA03,DIGITAL_CORE
CU002413,PR04,SU0048,CL004199,COP,2020-12-17,,Activa,0,0.0184,CA01,DIGITAL_CORE
CU002414,PR18,SU0047,CL003396,COP,2024-08-06,,Activa,0,0,CA02,CORE_A
CU002415,PR04,SU0003,CL004419,MXN,2023-07-13,,Activa,0,0.0213,CA03,CORE_A
CU002416,PR14,SU0017,CL003367,CAD,2023-08-29,,Activa,0,0,CA01,CORE_B
CU002417,PR15,SU0020,CL002211,CAD,2023-09-06,,Activa,0,0.04,CA01,DIGITAL_CORE
CU002418,PR03,SU0010,CL003296,MXN,2022-04-20,,Activa,0,0.0231,CA01,CORE_A
CU002419,PR02,SU0013,CL003696,CAD,2023-10-16,,Activa,0,0,CA05,CORE_B
CU002420,PR15,SU0004,CL004461,MXN,2023-11-03,,Activa,0,0.0386,CA01,CORE_A
CU002421,PR18,SU0037,CL000035,PEN,2021-09-03,,Activa,0,0.0168,CA01,CORE_B
CU002422,PR05,SU0017,CL000852,CAD,2023-08-03,,Activa,8701,0.3719,CA05,CORE_A
CU002423,PR03,SU0028,CL001206,CLP,2025-09-02,,Activa,0,0.0222,CA05,DIGITAL_CORE
CU002424,PR17,SU0033,CL001822,PEN,2024-04-16,,Activa,0,0,CA05,DIGITAL_CORE
CU002425,PR18,SU0005,CL003242,MXN,2021-01-14,,Activa,0,0,CA05,DIGITAL_CORE
CU002426,PR08,SU0050,CL001698,COP,2022-09-11,,Activa,62100,0.2502,CA01,CORE_B
CU002427,PR07,SU0004,CL002995,MXN,2023-08-14,,Activa,71298,0.3043,CA01,CORE_A
CU002428,PR16,SU0001,CL002954,MXN,2024-09-23,,Activa,0,0,CA01,CORE_B
CU002429,PR09,SU0036,CL002872,PEN,2020-09-23,2021-08-17,Cerrada,278065,0.1627,CA03,CORE_B
CU002430,PR18,SU0041,CL000956,COP,2021-05-25,,Activa,0,0,CA01,CORE_B
CU002431,PR18,SU0011,CL003277,CAD,2023-07-30,,Activa,0,0.0187,CA02,DIGITAL_CORE
CU002432,PR06,SU0017,CL001651,CAD,2021-07-17,,Activa,21601,0.318,CA02,DIGITAL_CORE
CU002433,PR07,SU0002,CL002081,MXN,2023-04-01,,Activa,45151,0.2653,CA05,CORE_B
CU002434,PR02,SU0023,CL003505,CLP,2022-12-07,,Activa,0,0.0119,CA01,CORE_A
CU002435,PR10,SU0020,CL003430,CAD,2024-02-07,,Activa,42098,0.1063,CA03,CORE_B
CU002436,PR09,SU0001,CL001036,MXN,2023-01-12,2023-07-22,Cerrada,17306,0.1587,CA01,CORE_A
CU002437,PR16,SU0039,CL001987,PEN,2022-03-02,,Activa,0,0.0031,CA01,CORE_A
CU002438,PR17,SU0001,CL000926,MXN,2025-07-12,,Activa,0,0,CA03,DIGITAL_CORE
CU002439,PR05,SU0038,CL002349,PEN,2025-01-14,,Activa,2311,0.3474,CA05,CORE_B
CU002440,PR04,SU0024,CL001692,CLP,2019-05-20,,Activa,0,0.0189,CA03,CORE_B
CU002441,PR18,SU0020,CL004404,CAD,2024-11-29,,Activa,0,0.0138,CA02,DIGITAL_CORE
CU002442,PR18,SU0027,CL000469,CLP,2023-09-14,,Activa,0,0.0229,CA01,CORE_B
CU002443,PR13,SU0008,CL001897,MXN,2025-07-18,,Activa,141126,0.1524,CA01,DIGITAL_CORE
CU002444,PR18,SU0048,CL003992,COP,2022-05-14,,Activa,0,0.0045,CA01,CORE_B
CU002445,PR06,SU0008,CL000391,MXN,2025-07-11,,Activa,75421,0.3418,CA05,CORE_B
CU002446,PR16,SU0041,CL001555,COP,2024-02-09,,Activa,0,0.0111,CA05,DIGITAL_CORE
CU002447,PR11,SU0022,CL001455,CLP,2025-02-07,,Activa,0,0,CA01,CORE_A
CU002448,PR03,SU0008,CL000366,MXN,2025-07-20,,Activa,0,0.0058,CA05,DIGITAL_CORE
CU002449,PR08,SU0036,CL001599,PEN,2022-07-26,,Activa,35671,0.2292,CA01,CORE_A
CU002450,PR14,SU0036,CL001383,PEN,2022-07-08,,Activa,0,0.0132,CA05,DIGITAL_CORE
CU002451,PR16,SU0012,CL000024,CAD,2022-10-24,,Activa,0,0.0071,CA05,DIGITAL_CORE
CU002452,PR18,SU0002,CL001873,MXN,2021-11-26,,Activa,0,0.0164,CA02,CORE_A
CU002453,PR06,SU0045,CL001419,COP,2024-01-14,,Activa,11339,0.3416,CA01,DIGITAL_CORE
CU002454,PR18,SU0016,CL003086,CAD,2025-08-18,,Activa,0,0,CA05,CORE_B
CU002455,PR02,SU0026,CL002618,CLP,2020-11-20,,Activa,0,0.0035,CA01,DIGITAL_CORE
CU002456,PR13,SU0030,CL003973,CLP,2022-11-02,,Activa,6578589,0.1485,CA05,CORE_B
CU002457,PR07,SU0020,CL003158,CAD,2025-08-18,,Activa,26175,0.2882,CA05,CORE_B
CU002458,PR03,SU0020,CL000293,CAD,2025-03-06,,Activa,0,0,CA05,CORE_B
CU002459,PR18,SU0039,CL001295,PEN,2025-03-03,,Activa,0,0.0179,CA05,CORE_B
CU002460,PR15,SU0018,CL000570,CAD,2020-06-17,,Activa,0,0.063,CA03,DIGITAL_CORE
CU002461,PR12,SU0010,CL000307,MXN,2024-10-09,,Activa,245239,0.1951,CA05,CORE_B
CU002462,PR01,SU0030,CL000348,CLP,2023-05-08,,Activa,0,0.0132,CA05,CORE_B
CU002463,PR04,SU0030,CL001054,CLP,2024-06-15,,Activa,0,0.0252,CA02,CORE_A
CU002464,PR05,SU0020,CL004110,CAD,2023-03-12,2025-05-30,Cerrada,21689,0.381,CA03,CORE_A
CU002465,PR04,SU0019,CL004296,CAD,2025-06-03,,Activa,0,0.05,CA05,CORE_B
CU002466,PR18,SU0013,CL001142,CAD,2025-02-04,,Activa,0,0,CA02,CORE_A
CU002467,PR06,SU0026,CL000831,CLP,2020-12-19,,Activa,14609,0.3298,CA01,CORE_A
CU002468,PR09,SU0007,CL003014,MXN,2021-12-25,2023-08-22,Cerrada,16183,0.1546,CA01,CORE_A
CU002469,PR15,SU0015,CL002113,CAD,2024-03-16,,Activa,0,0.0543,CA05,CORE_A
CU002470,PR02,SU0032,CL001431,PEN,2025-03-11,,Activa,0,0.0062,CA05,DIGITAL_CORE
CU002471,PR04,SU0030,CL001912,CLP,2025-08-07,,Activa,0,0.0349,CA03,CORE_A
CU002472,PR04,SU0004,CL002579,MXN,2023-06-12,,Activa,0,0.0358,CA05,CORE_A
CU002473,PR10,SU0012,CL000965,CAD,2021-05-11,2022-04-22,Cerrada,37097,0.1147,CA01,CORE_B
CU002474,PR09,SU0028,CL001384,CLP,2024-03-18,,Activa,7501,0.147,CA05,CORE_A
CU002475,PR10,SU0048,CL002240,COP,2022-07-29,,Activa,14905,0.1005,CA01,CORE_A
CU002476,PR02,SU0010,CL002743,MXN,2020-11-22,,Activa,0,0,CA05,DIGITAL_CORE
CU002477,PR02,SU0032,CL002168,PEN,2022-11-01,,Activa,0,0.0039,CA05,DIGITAL_CORE
CU002478,PR16,SU0017,CL002249,CAD,2022-10-07,,Activa,0,0,CA03,DIGITAL_CORE
CU002479,PR18,SU0031,CL002712,PEN,2023-02-20,2023-08-24,Cerrada,0,0,CA02,DIGITAL_CORE
CU002480,PR07,SU0030,CL003886,CLP,2025-07-05,,Activa,58075,0.2777,CA01,CORE_B
CU002481,PR17,SU0048,CL000149,COP,2025-07-12,,Activa,0,0,CA03,CORE_A
CU002482,PR12,SU0042,CL000114,COP,2019-03-23,,Activa,377786,0.2029,CA05,CORE_A
CU002483,PR03,SU0002,CL003242,MXN,2020-12-06,,Activa,0,0.0036,CA01,CORE_A
CU002484,PR08,SU0014,CL003454,CAD,2022-02-28,,Activa,17834,0.2475,CA05,CORE_B
CU002485,PR14,SU0003,CL002261,MXN,2021-12-27,,Activa,0,0.0117,CA02,DIGITAL_CORE
CU002486,PR01,SU0042,CL003459,COP,2020-12-31,,Activa,0,0.0011,CA01,DIGITAL_CORE
CU002487,PR15,SU0004,CL001615,MXN,2024-11-08,,Activa,0,0.0267,CA05,CORE_A
CU002488,PR13,SU0017,CL002634,CAD,2024-05-01,,Activa,198238,0.145,CA05,CORE_B
CU002489,PR15,SU0020,CL002541,CAD,2023-03-07,,Activa,0,0.0365,CA01,CORE_B
CU002490,PR06,SU0039,CL001510,PEN,2025-02-04,,Activa,54159,0.3193,CA01,DIGITAL_CORE
CU002491,PR16,SU0031,CL002672,PEN,2019-04-29,,Activa,0,0,CA01,DIGITAL_CORE
CU002492,PR18,SU0029,CL002264,CLP,2025-08-15,,Activa,0,0.0138,CA05,CORE_B
CU002493,PR15,SU0036,CL002712,PEN,2021-07-19,,Activa,0,0.0365,CA01,CORE_A
CU002494,PR02,SU0048,CL001260,COP,2022-07-17,,Activa,0,0,CA01,CORE_A
CU002495,PR03,SU0027,CL004198,CLP,2024-08-29,,Bloqueada,0,0.021,CA02,CORE_B
CU002496,PR18,SU0008,CL003416,MXN,2024-07-30,,Activa,0,0.0063,CA03,CORE_A
CU002497,PR06,SU0020,CL003307,CAD,2023-07-02,,Bloqueada,289470,0.3094,CA02,CORE_A
CU002498,PR09,SU0010,CL000351,MXN,2025-09-03,,Activa,11696,0.1742,CA01,CORE_A
CU002499,PR08,SU0025,CL000547,CLP,2022-04-26,,Activa,132787,0.2576,CA05,DIGITAL_CORE
CU002500,PR02,SU0019,CL004045,CAD,2019-10-12,,Bloqueada,0,0.0101,CA01,CORE_B
CU002501,PR06,SU0018,CL000094,CAD,2025-11-11,,Activa,18039,0.3153,CA03,DIGITAL_CORE
CU002502,PR03,SU0006,CL000635,MXN,2024-04-29,,Activa,0,0,CA01,CORE_A
CU002503,PR07,SU0039,CL001030,PEN,2024-11-14,,Activa,55948,0.2768,CA01,CORE_B
CU002504,PR04,SU0004,CL004036,MXN,2023-03-13,,Activa,0,0.0483,CA05,DIGITAL_CORE
CU002505,PR18,SU0005,CL002964,MXN,2020-06-07,,Activa,0,0.0193,CA05,CORE_A
CU002506,PR09,SU0032,CL004256,PEN,2022-07-27,,Activa,21519,0.163,CA03,DIGITAL_CORE
CU002507,PR15,SU0001,CL003925,MXN,2019-09-20,,Activa,0,0.0405,CA02,CORE_A
CU002508,PR18,SU0040,CL000108,PEN,2025-03-03,,Activa,0,0.0135,CA03,DIGITAL_CORE
CU002509,PR06,SU0014,CL002415,CAD,2022-08-25,,Activa,33083,0.3216,CA01,CORE_B
CU002510,PR17,SU0025,CL001360,CLP,2023-11-18,,Activa,0,0.0079,CA03,DIGITAL_CORE
CU002511,PR05,SU0003,CL002309,MXN,2025-04-13,,Activa,53735,0.3711,CA02,CORE_B
CU002512,PR02,SU0010,CL002312,MXN,2023-04-19,,Bloqueada,0,0.0011,CA01,CORE_A
CU002513,PR02,SU0014,CL001358,CAD,2025-07-02,,Activa,0,0.0086,CA03,CORE_B
CU002514,PR01,SU0007,CL001568,MXN,2023-10-08,,Activa,0,0.0081,CA05,DIGITAL_CORE
CU002515,PR07,SU0019,CL001744,CAD,2024-02-26,,Activa,7385,0.3043,CA05,CORE_B
CU002516,PR18,SU0009,CL004044,MXN,2020-04-23,,Activa,0,0.0003,CA05,CORE_A
CU002517,PR18,SU0017,CL000331,CAD,2020-05-30,,Activa,0,0,CA01,DIGITAL_CORE
CU002518,PR06,SU0010,CL001382,MXN,2024-12-13,,Activa,14515,0.3211,CA02,CORE_B
CU002519,PR03,SU0010,CL002964,MXN,2025-05-12,,Activa,0,0.0097,CA05,CORE_B
CU002520,PR06,SU0035,CL001159,PEN,2020-02-16,,Activa,17083,0.325,CA05,CORE_B
CU002521,PR08,SU0026,CL003775,CLP,2025-08-24,,Activa,9625,0.2321,CA01,CORE_A
CU002522,PR18,SU0006,CL003495,MXN,2019-06-12,,Activa,0,0,CA02,CORE_B
CU002523,PR18,SU0038,CL003607,PEN,2025-08-24,,Activa,0,0.0031,CA03,CORE_B
CU002524,PR09,SU0013,CL001232,CAD,2024-12-25,,Activa,8968,0.1437,CA05,CORE_B
CU002525,PR03,SU0024,CL002947,CLP,2020-03-10,,Activa,0,0,CA05,CORE_B
CU002526,PR01,SU0002,CL001649,MXN,2025-09-27,,Activa,0,0.0191,CA05,DIGITAL_CORE
CU002527,PR07,SU0006,CL004430,MXN,2023-03-13,,Activa,18858,0.2955,CA05,DIGITAL_CORE
CU002528,PR08,SU0025,CL000092,CLP,2024-07-06,,Activa,40501,0.257,CA01,DIGITAL_CORE
CU002529,PR06,SU0017,CL000094,CAD,2019-11-22,,Activa,8513,0.344,CA03,DIGITAL_CORE
CU002530,PR04,SU0026,CL004483,CLP,2023-02-13,,Activa,0,0.0516,CA05,CORE_A
CU002531,PR12,SU0025,CL002845,CLP,2024-01-02,,Activa,49727,0.1722,CA05,CORE_A
CU002532,PR15,SU0032,CL000529,PEN,2025-10-23,,Activa,0,0.0625,CA01,CORE_B
CU002533,PR16,SU0016,CL003663,CAD,2021-03-21,,Activa,0,0.018,CA02,DIGITAL_CORE
CU002534,PR01,SU0047,CL003853,COP,2023-07-06,,Activa,0,0,CA01,DIGITAL_CORE
CU002535,PR15,SU0016,CL001150,CAD,2024-03-12,,Activa,0,0.0564,CA01,DIGITAL_CORE
CU002536,PR10,SU0025,CL002602,CLP,2019-04-28,,Activa,453176,0.0922,CA01,CORE_B
CU002537,PR01,SU0018,CL001366,CAD,2022-12-24,,Activa,0,0,CA03,CORE_B
CU002538,PR05,SU0019,CL000268,CAD,2020-05-11,,Activa,19305,0.3473,CA01,DIGITAL_CORE
CU002539,PR09,SU0023,CL003632,CLP,2019-04-21,,Activa,12354,0.1699,CA05,CORE_B
CU002540,PR07,SU0050,CL003731,COP,2021-09-25,,Activa,60240,0.3038,CA05,DIGITAL_CORE
CU002541,PR10,SU0048,CL000025,COP,2023-06-23,,Activa,324098,0.1224,CA05,DIGITAL_CORE
CU002542,PR04,SU0040,CL004355,PEN,2023-06-04,,Activa,0,0.0295,CA01,CORE_A
CU002543,PR14,SU0005,CL001292,MXN,2023-11-01,,Activa,0,0.0099,CA01,CORE_B
CU002544,PR08,SU0015,CL001931,CAD,2023-03-21,,Activa,123407,0.2275,CA05,CORE_B
CU002545,PR04,SU0001,CL002434,MXN,2024-11-16,,Activa,0,0.0214,CA01,CORE_A
CU002546,PR07,SU0042,CL000280,COP,2024-07-30,,Activa,51196,0.291,CA01,CORE_B
CU002547,PR13,SU0031,CL002857,PEN,2021-07-03,,Activa,8883502,0.1353,CA05,DIGITAL_CORE
CU002548,PR05,SU0038,CL001988,PEN,2025-01-25,,Activa,8779,0.364,CA01,CORE_A
CU002549,PR08,SU0043,CL000110,COP,2025-04-07,,Activa,53573,0.226,CA01,CORE_B
CU002550,PR03,SU0003,CL003413,MXN,2023-12-13,,Activa,0,0.027,CA05,CORE_A
CU002551,PR04,SU0001,CL002922,MXN,2024-03-29,,Activa,0,0.0448,CA02,CORE_A
CU002552,PR09,SU0004,CL001750,MXN,2023-01-30,,Activa,111664,0.1505,CA01,CORE_A
CU002553,PR11,SU0017,CL001538,CAD,2023-09-12,,Activa,0,0,CA01,CORE_A
CU002554,PR12,SU0008,CL002607,MXN,2019-12-30,,Activa,5228175,0.1807,CA05,DIGITAL_CORE
CU002555,PR03,SU0034,CL001438,PEN,2022-05-02,,Activa,0,0.0225,CA05,DIGITAL_CORE
CU002556,PR03,SU0005,CL004469,MXN,2023-10-05,,Activa,0,0,CA01,CORE_B
CU002557,PR06,SU0034,CL002440,PEN,2023-07-13,,Activa,16902,0.3404,CA05,CORE_A
CU002558,PR08,SU0040,CL000082,PEN,2024-11-29,,Activa,44366,0.2389,CA01,DIGITAL_CORE
CU002559,PR07,SU0033,CL003182,PEN,2021-05-10,,Activa,32446,0.283,CA05,CORE_A
CU002560,PR18,SU0003,CL001888,MXN,2019-10-21,,Activa,0,0,CA05,DIGITAL_CORE
CU002561,PR06,SU0016,CL002841,CAD,2020-01-06,,Activa,2568,0.3252,CA01,CORE_B
CU002562,PR04,SU0016,CL003381,CAD,2025-05-06,,Activa,0,0.0266,CA05,CORE_A
CU002563,PR13,SU0012,CL003576,CAD,2025-02-24,,Activa,831225,0.1558,CA03,CORE_B
CU002564,PR06,SU0013,CL003617,CAD,2025-08-06,,Activa,23560,0.3119,CA01,CORE_B
CU002565,PR02,SU0036,CL002263,PEN,2025-08-19,,Activa,0,0,CA01,CORE_B
CU002566,PR08,SU0001,CL003563,MXN,2020-11-18,,Activa,17703,0.2553,CA05,CORE_B
CU002567,PR13,SU0039,CL004312,PEN,2024-05-28,,Activa,137440,0.1397,CA01,CORE_B
CU002568,PR02,SU0043,CL000392,COP,2022-02-06,,Activa,0,0,CA01,CORE_A
CU002569,PR08,SU0020,CL001008,CAD,2024-03-30,,Activa,19159,0.2493,CA05,DIGITAL_CORE
CU002570,PR12,SU0012,CL002290,CAD,2024-06-06,2025-03-03,Cerrada,581721,0.1754,CA05,DIGITAL_CORE
CU002571,PR08,SU0029,CL004300,CLP,2022-03-01,,Activa,39449,0.2502,CA05,DIGITAL_CORE
CU002572,PR18,SU0017,CL000856,CAD,2024-01-02,,Activa,0,0.0027,CA01,DIGITAL_CORE
CU002573,PR14,SU0031,CL002800,PEN,2022-04-01,,Activa,0,0,CA05,CORE_B
CU002574,PR06,SU0022,CL000694,CLP,2024-08-08,,Activa,63472,0.3294,CA01,DIGITAL_CORE
CU002575,PR04,SU0023,CL003693,CLP,2024-07-15,,Activa,0,0.0416,CA02,DIGITAL_CORE
CU002576,PR03,SU0047,CL002152,COP,2023-12-30,,Activa,0,0.0024,CA02,CORE_B
CU002577,PR01,SU0036,CL000900,PEN,2022-01-20,,Activa,0,0.0113,CA05,CORE_A
CU002578,PR15,SU0041,CL004455,COP,2023-06-27,,Activa,0,0.0269,CA05,CORE_B
CU002579,PR18,SU0009,CL004059,MXN,2022-06-13,,Activa,0,0.0057,CA02,DIGITAL_CORE
CU002580,PR17,SU0049,CL001633,COP,2021-10-01,,Activa,0,0,CA01,CORE_B
CU002581,PR08,SU0007,CL000366,MXN,2025-09-01,,Activa,7308,0.2544,CA05,CORE_B
CU002582,PR12,SU0041,CL000226,COP,2023-02-27,,Activa,3212107,0.1654,CA01,DIGITAL_CORE
CU002583,PR05,SU0034,CL003987,PEN,2020-02-26,,Activa,27300,0.3636,CA05,CORE_A
CU002584,PR14,SU0017,CL002102,CAD,2025-07-12,,Activa,0,0,CA01,DIGITAL_CORE
CU002585,PR11,SU0025,CL000698,CLP,2023-02-17,,Activa,0,0,CA01,CORE_A
CU002586,PR03,SU0008,CL001356,MXN,2023-06-04,,Activa,0,0.0256,CA01,DIGITAL_CORE
CU002587,PR15,SU0013,CL003928,CAD,2024-06-01,2024-12-16,Cerrada,0,0.0317,CA01,CORE_A
CU002588,PR18,SU0038,CL000438,PEN,2020-04-12,,Activa,0,0.0182,CA01,DIGITAL_CORE
CU002589,PR09,SU0038,CL004332,PEN,2022-05-06,,Activa,4290,0.1583,CA05,CORE_A
CU002590,PR18,SU0022,CL002018,CLP,2020-10-07,,Activa,0,0,CA05,CORE_B
CU002591,PR06,SU0019,CL002268,CAD,2019-12-30,,Activa,59802,0.3447,CA01,CORE_A
CU002592,PR15,SU0017,CL004134,CAD,2021-08-14,,Activa,0,0.0316,CA05,DIGITAL_CORE
CU002593,PR05,SU0033,CL000920,PEN,2023-06-08,,Activa,14898,0.3663,CA01,CORE_B
CU002594,PR04,SU0018,CL000331,CAD,2022-10-23,,Activa,0,0.0459,CA05,DIGITAL_CORE
CU002595,PR09,SU0003,CL000791,MXN,2025-08-28,,Activa,19757,0.1537,CA05,CORE_B
CU002596,PR16,SU0019,CL000122,CAD,2022-01-08,,Activa,0,0.0066,CA05,CORE_A
CU002597,PR10,SU0041,CL003619,COP,2021-09-22,,Activa,13715,0.1224,CA05,CORE_B
CU002598,PR04,SU0045,CL003031,COP,2024-07-07,,Activa,0,0.0209,CA01,DIGITAL_CORE
CU002599,PR06,SU0019,CL000293,CAD,2025-03-12,,Activa,3321,0.3408,CA03,DIGITAL_CORE
CU002600,PR04,SU0034,CL002323,PEN,2024-12-06,,Activa,0,0.0384,CA05,CORE_A
CU002601,PR18,SU0017,CL000817,CAD,2023-01-09,,Activa,0,0.0112,CA03,DIGITAL_CORE
CU002602,PR16,SU0032,CL001971,PEN,2020-04-27,,Activa,0,0,CA01,DIGITAL_CORE
CU002603,PR18,SU0043,CL000311,COP,2022-01-14,2024-06-09,Cerrada,0,0.0004,CA03,DIGITAL_CORE
CU002604,PR03,SU0008,CL001608,MXN,2020-02-19,,Activa,0,0,CA02,CORE_A
CU002605,PR02,SU0036,CL003529,PEN,2022-07-13,,Activa,0,0.0199,CA05,CORE_A
CU002606,PR18,SU0049,CL003738,COP,2019-12-24,,Activa,0,0,CA05,DIGITAL_CORE
CU002607,PR14,SU0035,CL000288,PEN,2020-04-17,,Activa,0,0,CA05,CORE_A
CU002608,PR16,SU0020,CL002728,CAD,2025-01-02,,Activa,0,0.0031,CA03,CORE_B
CU002609,PR08,SU0043,CL003130,COP,2023-07-29,,Activa,272428,0.2334,CA01,DIGITAL_CORE
CU002610,PR04,SU0004,CL002925,MXN,2024-11-14,,Activa,0,0.05,CA03,DIGITAL_CORE
CU002611,PR10,SU0023,CL000880,CLP,2023-03-03,,Activa,6305,0.107,CA01,DIGITAL_CORE
CU002612,PR18,SU0036,CL004049,PEN,2018-12-07,,Activa,0,0.023,CA02,CORE_A
CU002613,PR09,SU0034,CL003723,PEN,2025-01-21,,Bloqueada,37176,0.1541,CA05,CORE_A
CU002614,PR18,SU0033,CL002069,PEN,2024-04-24,,Activa,0,0.0007,CA05,CORE_A
CU002615,PR18,SU0001,CL003935,MXN,2023-06-03,,Activa,0,0,CA05,CORE_B
CU002616,PR15,SU0048,CL003616,COP,2021-04-26,,Activa,0,0.0563,CA02,CORE_B
CU002617,PR18,SU0009,CL002081,MXN,2023-05-21,,Activa,0,0,CA05,CORE_B
CU002618,PR07,SU0026,CL003907,CLP,2024-12-17,,Bloqueada,12364,0.2798,CA03,CORE_A
CU002619,PR16,SU0027,CL003652,CLP,2023-11-07,,Activa,0,0,CA01,DIGITAL_CORE
CU002620,PR18,SU0028,CL002716,CLP,2022-08-10,,Activa,0,0.0059,CA05,DIGITAL_CORE
CU002621,PR08,SU0006,CL001888,MXN,2022-12-25,,Activa,45824,0.2641,CA02,CORE_A
CU002622,PR03,SU0043,CL000138,COP,2024-10-20,,Activa,0,0.0235,CA01,DIGITAL_CORE
CU002623,PR11,SU0004,CL000953,MXN,2024-01-02,,Activa,0,0,CA05,DIGITAL_CORE
CU002624,PR12,SU0026,CL000359,CLP,2020-11-07,,Activa,400865,0.1972,CA01,DIGITAL_CORE
CU002625,PR02,SU0015,CL004170,CAD,2020-04-06,2021-06-10,Cerrada,0,0,CA05,CORE_A
CU002626,PR04,SU0011,CL001536,CAD,2021-09-15,,Activa,0,0.048,CA01,CORE_A
CU002627,PR02,SU0003,CL003326,MXN,2019-05-02,,Activa,0,0,CA02,CORE_B
CU002628,PR10,SU0044,CL000051,COP,2021-07-13,,Activa,9046,0.092,CA05,CORE_A
CU002629,PR12,SU0006,CL002404,MXN,2025-09-15,,Activa,659622,0.1902,CA05,CORE_B
CU002630,PR14,SU0047,CL002757,COP,2019-08-27,,Activa,0,0.0165,CA01,CORE_A
CU002631,PR17,SU0041,CL003914,COP,2018-12-31,,Activa,0,0,CA05,CORE_A
CU002632,PR08,SU0017,CL002805,CAD,2022-02-23,,Activa,25967,0.2264,CA05,DIGITAL_CORE
CU002633,PR06,SU0032,CL002551,PEN,2024-03-03,,Activa,86002,0.344,CA01,CORE_B
CU002634,PR08,SU0027,CL003225,CLP,2023-07-07,,Activa,29405,0.2444,CA01,CORE_B
CU002635,PR09,SU0012,CL003714,CAD,2024-07-02,,Activa,22514,0.17,CA01,CORE_B
CU002636,PR15,SU0027,CL000812,CLP,2021-01-25,,Activa,0,0.0297,CA03,CORE_B
CU002637,PR05,SU0046,CL001401,COP,2024-04-16,,Activa,13391,0.3732,CA01,CORE_B
CU002638,PR05,SU0045,CL001518,COP,2022-12-05,,Activa,46542,0.3847,CA01,DIGITAL_CORE
CU002639,PR09,SU0032,CL002236,PEN,2025-02-15,,Activa,11641,0.1476,CA05,CORE_A
CU002640,PR15,SU0025,CL004015,CLP,2025-09-17,,Activa,0,0.0642,CA05,CORE_B
CU002641,PR15,SU0018,CL002718,CAD,2021-04-19,,Activa,0,0.0308,CA05,DIGITAL_CORE
CU002642,PR06,SU0045,CL003757,COP,2021-12-24,,Activa,37122,0.3106,CA05,CORE_B
CU002643,PR03,SU0048,CL001555,COP,2022-08-17,,Activa,0,0.0249,CA01,DIGITAL_CORE
CU002644,PR15,SU0031,CL000566,PEN,2023-11-24,,Activa,0,0.0401,CA01,CORE_A
CU002645,PR04,SU0018,CL001915,CAD,2024-04-28,,Activa,0,0.0535,CA01,DIGITAL_CORE
CU002646,PR01,SU0005,CL000461,MXN,2020-11-02,,Activa,0,0.0128,CA05,CORE_A
CU002647,PR18,SU0015,CL001530,CAD,2023-09-21,,Activa,0,0.0211,CA05,CORE_A
CU002648,PR07,SU0006,CL004251,MXN,2022-05-07,,Activa,77713,0.3036,CA02,CORE_B
CU002649,PR10,SU0041,CL004051,COP,2020-01-17,,Activa,20371,0.1086,CA05,CORE_B
CU002650,PR02,SU0018,CL000132,CAD,2021-06-02,,Activa,0,0.0021,CA02,CORE_B
CU002651,PR12,SU0037,CL003412,PEN,2019-06-18,,Activa,340016,0.1698,CA01,DIGITAL_CORE
CU002652,PR09,SU0038,CL000904,PEN,2020-02-07,,Activa,26544,0.1581,CA05,CORE_A
CU002653,PR06,SU0049,CL002119,COP,2022-04-24,,Activa,94702,0.3167,CA01,CORE_A
CU002654,PR08,SU0007,CL000826,MXN,2023-06-07,,Activa,71310,0.257,CA05,DIGITAL_CORE
CU002655,PR18,SU0011,CL002418,CAD,2025-03-23,,Activa,0,0.011,CA02,CORE_B
CU002656,PR07,SU0025,CL001257,CLP,2025-10-13,,Activa,62709,0.2735,CA05,DIGITAL_CORE
CU002657,PR18,SU0028,CL000238,CLP,2025-01-28,,Activa,0,0.0109,CA05,DIGITAL_CORE
CU002658,PR08,SU0018,CL001092,CAD,2024-07-19,,Activa,7394,0.2635,CA03,CORE_B
CU002659,PR02,SU0028,CL001316,CLP,2020-04-11,,Activa,0,0.0136,CA03,CORE_B
CU002660,PR11,SU0002,CL004459,MXN,2020-07-16,,Activa,0,0,CA01,DIGITAL_CORE
CU002661,PR06,SU0049,CL002535,COP,2024-03-13,,Activa,34363,0.3345,CA05,CORE_B
CU002662,PR15,SU0021,CL002122,CLP,2021-03-21,,Activa,0,0.052,CA01,DIGITAL_CORE
CU002663,PR18,SU0002,CL003882,MXN,2019-11-25,,Activa,0,0,CA05,CORE_B
CU002664,PR16,SU0026,CL003389,CLP,2022-03-16,,Activa,0,0,CA01,CORE_B
CU002665,PR10,SU0038,CL001184,PEN,2019-08-25,,Activa,183667,0.0877,CA05,CORE_B
CU002666,PR03,SU0008,CL004426,MXN,2021-08-22,,Activa,0,0,CA05,CORE_A
CU002667,PR02,SU0015,CL003269,CAD,2023-04-11,,Activa,0,0,CA05,CORE_B
CU002668,PR18,SU0034,CL001532,PEN,2022-09-22,2023-06-25,Cerrada,0,0,CA03,CORE_B
CU002669,PR05,SU0042,CL000041,COP,2020-01-27,,Activa,54313,0.3729,CA05,CORE_A
CU002670,PR02,SU0037,CL004105,PEN,2022-06-23,,Activa,0,0,CA01,DIGITAL_CORE
CU002671,PR17,SU0038,CL002148,PEN,2024-07-29,,Activa,0,0,CA01,CORE_B
CU002672,PR12,SU0050,CL003988,COP,2020-02-22,,Activa,781458,0.191,CA02,CORE_A
CU002673,PR10,SU0033,CL001920,PEN,2022-10-13,,Activa,5921,0.1064,CA05,DIGITAL_CORE
CU002674,PR04,SU0026,CL004298,CLP,2020-03-24,,Activa,0,0.0262,CA05,CORE_B
CU002675,PR06,SU0030,CL004408,CLP,2021-12-19,,Activa,8181,0.3195,CA01,CORE_A
CU002676,PR12,SU0031,CL001889,PEN,2019-12-06,,Activa,272678,0.1682,CA05,CORE_B
CU002677,PR04,SU0003,CL002474,MXN,2019-02-04,,Activa,0,0.0372,CA03,DIGITAL_CORE
CU002678,PR06,SU0036,CL001587,PEN,2019-05-13,,Activa,9610,0.3141,CA01,CORE_B
CU002679,PR18,SU0035,CL003094,PEN,2025-03-22,,Activa,0,0.0111,CA03,CORE_A
CU002680,PR10,SU0035,CL000932,PEN,2019-03-14,,Activa,93399,0.0977,CA03,CORE_B
CU002681,PR10,SU0011,CL004385,CAD,2022-11-26,,Activa,4435,0.1231,CA05,DIGITAL_CORE
CU002682,PR15,SU0001,CL002404,MXN,2023-10-23,,Activa,0,0.0392,CA05,CORE_A
CU002683,PR18,SU0013,CL002781,CAD,2021-07-05,,Activa,0,0.0169,CA03,DIGITAL_CORE
CU002684,PR09,SU0040,CL003333,PEN,2022-04-18,2024-06-04,Cerrada,34807,0.1736,CA05,CORE_B
CU002685,PR01,SU0015,CL001366,CAD,2024-05-10,,Activa,0,0,CA03,CORE_A
CU002686,PR16,SU0009,CL001958,MXN,2024-05-04,2025-04-16,Cerrada,0,0,CA01,CORE_A
CU002687,PR03,SU0018,CL003093,CAD,2019-11-26,,Activa,0,0.0102,CA05,DIGITAL_CORE
CU002688,PR09,SU0005,CL000821,MXN,2023-07-11,2025-12-12,Cerrada,458605,0.1475,CA01,DIGITAL_CORE
CU002689,PR10,SU0005,CL003095,MXN,2021-04-16,,Activa,6335,0.1137,CA01,CORE_A
CU002690,PR07,SU0021,CL000995,CLP,2025-10-03,,Activa,108546,0.2659,CA01,CORE_A
CU002691,PR16,SU0022,CL003907,CLP,2019-06-05,,Activa,0,0,CA03,CORE_A
CU002692,PR02,SU0009,CL004223,MXN,2021-08-26,,Activa,0,0,CA01,CORE_A
CU002693,PR18,SU0041,CL003113,COP,2020-07-13,,Activa,0,0.0036,CA05,CORE_A
CU002694,PR06,SU0046,CL001731,COP,2021-03-13,,Activa,72561,0.3356,CA01,CORE_A
CU002695,PR06,SU0005,CL004418,MXN,2020-05-04,,Activa,20138,0.3115,CA05,DIGITAL_CORE
CU002696,PR18,SU0019,CL004216,CAD,2021-12-11,,Activa,0,0,CA01,DIGITAL_CORE
CU002697,PR18,SU0005,CL002516,MXN,2025-01-20,,Activa,0,0,CA01,CORE_A
CU002698,PR06,SU0023,CL002604,CLP,2023-10-18,,Activa,15368,0.3115,CA03,CORE_B
CU002699,PR09,SU0001,CL003095,MXN,2021-06-16,,Activa,7141,0.1628,CA01,CORE_A
CU002700,PR02,SU0014,CL001592,CAD,2024-06-19,,Activa,0,0,CA01,CORE_B
CU002701,PR18,SU0048,CL002315,COP,2025-08-12,,Activa,0,0.0007,CA05,CORE_A
CU002702,PR05,SU0041,CL002170,COP,2023-04-14,,Activa,141650,0.3459,CA03,CORE_A
CU002703,PR11,SU0012,CL002102,CAD,2024-11-29,,Activa,0,0,CA01,DIGITAL_CORE
CU002704,PR18,SU0006,CL003562,MXN,2021-12-12,,Activa,0,0.0196,CA01,DIGITAL_CORE
CU002705,PR10,SU0001,CL001973,MXN,2025-08-05,,Activa,14016,0.1229,CA02,DIGITAL_CORE
CU002706,PR07,SU0029,CL003784,CLP,2025-06-30,,Activa,309727,0.2659,CA01,DIGITAL_CORE
CU002707,PR02,SU0013,CL003376,CAD,2022-10-14,,Activa,0,0,CA03,CORE_A
CU002708,PR03,SU0006,CL002796,MXN,2020-12-27,,Activa,0,0,CA01,CORE_B
CU002709,PR06,SU0031,CL002085,PEN,2020-09-13,,Activa,40618,0.3124,CA01,DIGITAL_CORE
CU002710,PR06,SU0037,CL003897,PEN,2022-10-28,,Activa,220059,0.3394,CA05,DIGITAL_CORE
CU002711,PR03,SU0034,CL000670,PEN,2024-02-07,,Activa,0,0.0053,CA01,CORE_A
CU002712,PR02,SU0050,CL001501,COP,2023-07-14,,Activa,0,0.0206,CA01,CORE_B
CU002713,PR15,SU0026,CL002101,CLP,2020-08-14,,Activa,0,0.0394,CA03,CORE_B
CU002714,PR02,SU0050,CL002208,COP,2022-07-07,,Bloqueada,0,0.0018,CA01,CORE_B
CU002715,PR13,SU0032,CL002148,PEN,2024-06-19,,Activa,4628471,0.1321,CA01,CORE_B
CU002716,PR04,SU0035,CL001787,PEN,2022-09-26,,Activa,0,0.0401,CA05,CORE_A
CU002717,PR18,SU0032,CL000932,PEN,2019-02-16,,Activa,0,0.0181,CA02,CORE_A
CU002718,PR06,SU0001,CL004229,MXN,2021-08-11,,Activa,27266,0.3242,CA05,CORE_B
CU002719,PR05,SU0014,CL003158,CAD,2019-06-17,,Activa,17061,0.3647,CA01,CORE_B
CU002720,PR13,SU0018,CL001755,CAD,2022-09-17,,Activa,3844430,0.1577,CA05,CORE_B
CU002721,PR15,SU0008,CL000657,MXN,2023-07-19,,Activa,0,0.0304,CA05,CORE_B
CU002722,PR18,SU0041,CL002019,COP,2020-12-23,,Activa,0,0,CA01,CORE_B
CU002723,PR16,SU0039,CL000573,PEN,2023-11-26,,Activa,0,0.0083,CA03,CORE_B
CU002724,PR16,SU0036,CL002174,PEN,2023-11-03,,Activa,0,0,CA05,CORE_A
CU002725,PR18,SU0050,CL001242,COP,2022-10-31,,Activa,0,0.0221,CA03,CORE_B
CU002726,PR06,SU0005,CL000818,MXN,2025-02-16,,Activa,10265,0.3402,CA01,CORE_B
CU002727,PR15,SU0035,CL003033,PEN,2022-03-13,,Activa,0,0.031,CA01,CORE_A
CU002728,PR17,SU0008,CL001181,MXN,2024-03-02,,Activa,0,0.0048,CA01,CORE_A
CU002729,PR10,SU0044,CL000314,COP,2024-01-08,,Activa,20425,0.1034,CA03,CORE_B
CU002730,PR07,SU0015,CL004468,CAD,2024-12-11,,Bloqueada,24196,0.2971,CA05,CORE_A
CU002731,PR11,SU0026,CL004186,CLP,2022-10-07,,Activa,0,0.009,CA02,CORE_B
CU002732,PR02,SU0043,CL002928,COP,2022-08-06,,Activa,0,0,CA01,CORE_A
CU002733,PR02,SU0001,CL002448,MXN,2025-07-08,,Activa,0,0.0092,CA03,CORE_A
CU002734,PR16,SU0036,CL000261,PEN,2023-07-30,,Activa,0,0.0052,CA01,DIGITAL_CORE
CU002735,PR18,SU0001,CL004387,MXN,2022-10-19,,Activa,0,0.0013,CA02,CORE_A
CU002736,PR16,SU0021,CL004116,CLP,2025-09-10,,Activa,0,0,CA02,DIGITAL_CORE
CU002737,PR04,SU0011,CL000713,CAD,2023-10-11,,Activa,0,0.02,CA02,CORE_B
CU002738,PR15,SU0026,CL004098,CLP,2020-05-13,,Activa,0,0.0448,CA05,CORE_B
CU002739,PR18,SU0010,CL001654,MXN,2021-12-31,,Activa,0,0.0021,CA05,CORE_B
CU002740,PR18,SU0035,CL000326,PEN,2023-02-11,,Activa,0,0.0237,CA05,CORE_B
CU002741,PR08,SU0006,CL000676,MXN,2023-06-24,2025-11-17,Cerrada,6043,0.2557,CA01,DIGITAL_CORE
CU002742,PR18,SU0026,CL003636,CLP,2024-02-06,,Activa,0,0.0146,CA05,CORE_A
CU002743,PR05,SU0010,CL002121,MXN,2023-11-02,,Activa,29271,0.3529,CA01,DIGITAL_CORE
CU002744,PR12,SU0043,CL003101,COP,2024-06-24,,Activa,93037,0.1975,CA05,CORE_B
CU002745,PR08,SU0006,CL004011,MXN,2024-10-31,,Activa,14460,0.2588,CA03,CORE_B
CU002746,PR18,SU0012,CL002329,CAD,2019-11-10,,Activa,0,0,CA03,CORE_B
CU002747,PR18,SU0014,CL002325,CAD,2019-10-19,,Activa,0,0,CA02,CORE_A
CU002748,PR18,SU0034,CL001721,PEN,2025-03-05,,Activa,0,0,CA02,DIGITAL_CORE
CU002749,PR14,SU0046,CL000380,COP,2019-07-12,,Activa,0,0.0107,CA01,CORE_B
CU002750,PR16,SU0010,CL002625,MXN,2021-09-26,,Activa,0,0.0029,CA01,CORE_B
CU002751,PR04,SU0039,CL001644,PEN,2019-01-18,,Activa,0,0.0445,CA02,CORE_B
CU002752,PR13,SU0005,CL003163,MXN,2023-02-16,,Activa,1893688,0.1353,CA05,DIGITAL_CORE
CU002753,PR09,SU0018,CL003408,CAD,2025-05-15,,Activa,106268,0.1394,CA01,CORE_A
CU002754,PR02,SU0019,CL004019,CAD,2021-04-25,,Activa,0,0,CA02,DIGITAL_CORE
CU002755,PR01,SU0002,CL000465,MXN,2021-03-21,,Activa,0,0,CA03,DIGITAL_CORE
CU002756,PR03,SU0002,CL000315,MXN,2024-07-05,,Activa,0,0,CA05,CORE_B
CU002757,PR06,SU0024,CL004111,CLP,2025-07-31,,Activa,4994,0.3125,CA01,DIGITAL_CORE
CU002758,PR18,SU0032,CL001987,PEN,2024-09-22,,Activa,0,0,CA03,CORE_B
CU002759,PR17,SU0031,CL001574,PEN,2023-11-15,,Activa,0,0.009,CA01,DIGITAL_CORE
CU002760,PR06,SU0037,CL000262,PEN,2022-08-17,,Bloqueada,4769,0.3259,CA01,CORE_A
CU002761,PR18,SU0009,CL002525,MXN,2024-07-17,,Activa,0,0.0224,CA01,CORE_B
CU002762,PR09,SU0018,CL004389,CAD,2020-07-16,,Activa,323405,0.1526,CA01,CORE_B
CU002763,PR04,SU0026,CL002356,CLP,2022-02-22,,Activa,0,0.0324,CA01,CORE_A
CU002764,PR08,SU0027,CL000798,CLP,2025-03-26,,Activa,19956,0.2406,CA03,CORE_B
CU002765,PR06,SU0010,CL003110,MXN,2022-09-28,,Activa,84498,0.3367,CA01,CORE_A
CU002766,PR15,SU0012,CL003072,CAD,2021-05-21,,Activa,0,0.053,CA05,CORE_A
CU002767,PR16,SU0009,CL002783,MXN,2022-12-03,,Activa,0,0,CA05,CORE_B
CU002768,PR08,SU0023,CL000282,CLP,2025-09-30,,Activa,39495,0.2582,CA05,DIGITAL_CORE
CU002769,PR09,SU0012,CL000008,CAD,2024-05-05,,Activa,148013,0.1558,CA03,CORE_B
CU002770,PR18,SU0049,CL003500,COP,2019-08-28,,Activa,0,0.0086,CA02,CORE_A
CU002771,PR09,SU0001,CL000277,MXN,2019-05-28,,Activa,23441,0.1424,CA05,CORE_B
CU002772,PR02,SU0026,CL000961,CLP,2023-10-26,,Activa,0,0.0122,CA01,CORE_B
CU002773,PR04,SU0038,CL003397,PEN,2025-05-03,,Activa,0,0.0466,CA05,CORE_A
CU002774,PR02,SU0024,CL002490,CLP,2021-01-25,,Activa,0,0,CA05,CORE_A
CU002775,PR15,SU0048,CL000251,COP,2019-06-16,,Activa,0,0.0484,CA05,CORE_B
CU002776,PR10,SU0019,CL002670,CAD,2022-05-11,,Activa,67215,0.125,CA01,CORE_B
CU002777,PR15,SU0004,CL002680,MXN,2023-12-18,,Activa,0,0.0546,CA02,CORE_B
CU002778,PR16,SU0036,CL000857,PEN,2023-01-15,,Activa,0,0,CA05,DIGITAL_CORE
CU002779,PR18,SU0007,CL004337,MXN,2023-12-08,,Activa,0,0,CA03,CORE_A
CU002780,PR08,SU0011,CL001179,CAD,2021-10-30,,Activa,25002,0.2508,CA05,CORE_A
CU002781,PR10,SU0024,CL000036,CLP,2021-03-26,,Activa,9414,0.1022,CA01,DIGITAL_CORE
CU002782,PR05,SU0019,CL003885,CAD,2023-05-15,,Activa,5392,0.3618,CA05,CORE_B
CU002783,PR12,SU0008,CL004055,MXN,2023-07-26,,Activa,497361,0.1869,CA01,CORE_B
CU002784,PR15,SU0012,CL001342,CAD,2022-10-25,,Activa,0,0.0562,CA05,DIGITAL_CORE
CU002785,PR18,SU0015,CL004375,CAD,2021-04-15,,Activa,0,0,CA02,CORE_B
CU002786,PR18,SU0002,CL002016,MXN,2023-12-06,,Activa,0,0,CA01,CORE_B
CU002787,PR15,SU0028,CL000092,CLP,2022-08-19,,Activa,0,0.0296,CA01,CORE_B
CU002788,PR18,SU0008,CL001147,MXN,2025-08-08,,Activa,0,0,CA03,CORE_A
CU002789,PR18,SU0015,CL001423,CAD,2024-07-26,,Activa,0,0.0093,CA01,CORE_B
CU002790,PR13,SU0045,CL003637,COP,2024-07-15,,Activa,97865,0.1551,CA01,DIGITAL_CORE
CU002791,PR10,SU0032,CL000027,PEN,2020-02-03,,Activa,102721,0.0905,CA05,CORE_B
CU002792,PR08,SU0009,CL003124,MXN,2022-07-25,,Activa,112500,0.228,CA05,CORE_B
CU002793,PR06,SU0030,CL004018,CLP,2021-01-30,,Activa,41535,0.3221,CA05,CORE_B
CU002794,PR18,SU0030,CL000450,CLP,2022-09-01,,Activa,0,0.0146,CA01,CORE_A
CU002795,PR18,SU0049,CL004238,COP,2022-10-12,,Activa,0,0.0183,CA03,CORE_A
CU002796,PR05,SU0033,CL000904,PEN,2022-06-04,,Activa,18896,0.3613,CA05,DIGITAL_CORE
CU002797,PR09,SU0011,CL000875,CAD,2023-08-14,,Activa,78585,0.1381,CA01,CORE_B
CU002798,PR03,SU0012,CL004467,CAD,2021-05-19,,Activa,0,0.0245,CA05,CORE_B
CU002799,PR16,SU0009,CL003516,MXN,2022-06-14,,Activa,0,0.0022,CA05,CORE_B
CU002800,PR13,SU0040,CL004249,PEN,2022-07-15,,Activa,3228490,0.1392,CA05,CORE_A
CU002801,PR04,SU0024,CL002798,CLP,2020-09-17,,Activa,0,0.0341,CA01,CORE_A
CU002802,PR15,SU0030,CL004444,CLP,2024-06-18,,Activa,0,0.0636,CA01,CORE_B
CU002803,PR15,SU0003,CL001292,MXN,2023-01-10,,Activa,0,0.0349,CA01,CORE_B
CU002804,PR01,SU0043,CL002665,COP,2025-11-10,,Activa,0,0,CA02,CORE_A
CU002805,PR18,SU0018,CL004440,CAD,2022-04-12,,Activa,0,0.0078,CA01,CORE_A
CU002806,PR16,SU0050,CL001322,COP,2019-08-29,,Activa,0,0,CA05,CORE_B
CU002807,PR15,SU0037,CL001869,PEN,2025-01-12,,Activa,0,0.0507,CA01,CORE_B
CU002808,PR15,SU0012,CL000735,CAD,2024-05-31,2025-02-14,Cerrada,0,0.0406,CA05,CORE_A
CU002809,PR06,SU0028,CL002280,CLP,2021-09-24,,Activa,233224,0.3195,CA01,CORE_A
CU002810,PR18,SU0048,CL003012,COP,2022-07-14,,Activa,0,0,CA03,CORE_B
CU002811,PR01,SU0047,CL004062,COP,2025-04-16,,Activa,0,0.0109,CA01,CORE_A
CU002812,PR10,SU0008,CL000177,MXN,2024-03-21,,Activa,9563,0.1035,CA01,CORE_B
CU002813,PR06,SU0020,CL001619,CAD,2023-07-06,,Bloqueada,44568,0.3229,CA01,CORE_A
CU002814,PR02,SU0023,CL000950,CLP,2019-06-01,,Activa,0,0,CA05,CORE_B
CU002815,PR03,SU0026,CL000507,CLP,2022-04-15,,Activa,0,0.0178,CA02,DIGITAL_CORE
CU002816,PR18,SU0003,CL004091,MXN,2025-04-05,,Activa,0,0.0108,CA02,DIGITAL_CORE
CU002817,PR10,SU0008,CL000465,MXN,2024-10-12,,Activa,8907,0.0944,CA02,CORE_B
CU002818,PR08,SU0034,CL000472,PEN,2024-03-12,,Activa,7129,0.2265,CA05,DIGITAL_CORE
CU002819,PR18,SU0004,CL002788,MXN,2020-02-28,,Activa,0,0.0109,CA02,CORE_B
CU002820,PR12,SU0002,CL002105,MXN,2022-05-18,,Activa,269172,0.1989,CA05,CORE_A
CU002821,PR10,SU0022,CL004428,CLP,2024-06-17,,Activa,37410,0.1003,CA05,CORE_B
CU002822,PR10,SU0020,CL004151,CAD,2021-11-29,,Activa,28912,0.1171,CA02,CORE_A
CU002823,PR16,SU0008,CL002220,MXN,2020-03-31,,Activa,0,0.0104,CA01,CORE_A
CU002824,PR04,SU0044,CL001594,COP,2022-04-17,,Activa,0,0.0339,CA02,DIGITAL_CORE
CU002825,PR09,SU0006,CL000129,MXN,2019-07-20,,Activa,74392,0.1707,CA03,CORE_B
CU002826,PR13,SU0004,CL003163,MXN,2019-09-10,,Activa,7112372,0.148,CA01,DIGITAL_CORE
CU002827,PR06,SU0042,CL000916,COP,2019-03-10,,Activa,61799,0.3427,CA05,CORE_A
CU002828,PR13,SU0022,CL001573,CLP,2025-09-15,,Activa,875341,0.1555,CA05,DIGITAL_CORE
CU002829,PR18,SU0024,CL003689,CLP,2019-11-06,2021-02-13,Cerrada,0,0,CA02,CORE_B
CU002830,PR05,SU0027,CL000786,CLP,2023-05-15,,Activa,15804,0.3776,CA01,CORE_B
CU002831,PR07,SU0016,CL004291,CAD,2025-06-24,,Activa,49100,0.2865,CA05,CORE_B
CU002832,PR10,SU0008,CL003321,MXN,2024-04-28,,Activa,154724,0.1131,CA03,CORE_A
CU002833,PR16,SU0044,CL003747,COP,2023-07-29,,Activa,0,0,CA02,CORE_B
CU002834,PR04,SU0014,CL002718,CAD,2024-01-15,,Activa,0,0.045,CA01,CORE_A
CU002835,PR04,SU0040,CL002358,PEN,2025-02-25,,Activa,0,0.0213,CA01,DIGITAL_CORE
CU002836,PR13,SU0030,CL000606,CLP,2021-01-14,,Bloqueada,402047,0.1549,CA05,CORE_B
CU002837,PR18,SU0010,CL000370,MXN,2021-12-04,,Activa,0,0,CA01,CORE_A
CU002838,PR04,SU0032,CL002943,PEN,2024-12-02,,Activa,0,0.0294,CA01,CORE_B
CU002839,PR13,SU0023,CL002948,CLP,2020-10-30,,Activa,438154,0.1512,CA05,CORE_B
CU002840,PR15,SU0017,CL002164,CAD,2019-07-31,,Activa,0,0.0548,CA01,CORE_B
CU002841,PR10,SU0034,CL003573,PEN,2019-11-05,,Activa,20444,0.1001,CA01,CORE_B
CU002842,PR07,SU0036,CL000749,PEN,2020-09-18,,Activa,13190,0.2662,CA05,CORE_B
CU002843,PR01,SU0049,CL000321,COP,2022-09-01,,Activa,0,0,CA01,CORE_A
CU002844,PR08,SU0017,CL001248,CAD,2023-07-03,,Activa,30544,0.2457,CA03,CORE_A
CU002845,PR18,SU0050,CL004097,COP,2019-06-23,,Activa,0,0.0076,CA01,CORE_B
CU002846,PR02,SU0038,CL003122,PEN,2024-01-14,,Activa,0,0.0165,CA02,DIGITAL_CORE
CU002847,PR05,SU0046,CL001501,COP,2025-09-14,,Activa,336487,0.3753,CA05,CORE_B
CU002848,PR15,SU0030,CL002903,CLP,2019-02-05,,Activa,0,0.0351,CA01,CORE_B
CU002849,PR18,SU0047,CL004099,COP,2024-12-11,,Activa,0,0,CA03,DIGITAL_CORE
CU002850,PR13,SU0023,CL000922,CLP,2025-03-05,,Activa,280414,0.1573,CA01,DIGITAL_CORE
CU002851,PR18,SU0042,CL000460,COP,2022-08-19,,Activa,0,0,CA05,DIGITAL_CORE
CU002852,PR02,SU0025,CL002793,CLP,2025-03-03,,Activa,0,0,CA01,CORE_B
CU002853,PR18,SU0009,CL002889,MXN,2025-09-27,,Activa,0,0.0047,CA02,CORE_A
CU002854,PR02,SU0038,CL003397,PEN,2022-12-13,,Activa,0,0,CA05,CORE_B
CU002855,PR03,SU0027,CL002982,CLP,2025-05-05,,Activa,0,0.0057,CA05,DIGITAL_CORE
CU002856,PR11,SU0009,CL000192,MXN,2020-01-24,,Activa,0,0,CA01,CORE_B
CU002857,PR06,SU0017,CL004351,CAD,2019-06-27,,Activa,11652,0.3124,CA03,CORE_B
CU002858,PR16,SU0019,CL000446,CAD,2023-01-09,,Activa,0,0.003,CA01,DIGITAL_CORE
CU002859,PR18,SU0023,CL003118,CLP,2019-09-25,,Activa,0,0.0121,CA05,DIGITAL_CORE
CU002860,PR01,SU0008,CL003104,MXN,2025-05-02,,Activa,0,0,CA05,DIGITAL_CORE
CU002861,PR09,SU0014,CL001896,CAD,2025-03-15,,Activa,14867,0.1572,CA02,CORE_B
CU002862,PR18,SU0048,CL003947,COP,2024-05-31,,Activa,0,0.0112,CA03,CORE_B
CU002863,PR06,SU0030,CL000930,CLP,2024-10-01,,Activa,67129,0.3055,CA01,CORE_A
CU002864,PR18,SU0037,CL003660,PEN,2024-01-27,,Activa,0,0.01,CA05,DIGITAL_CORE
CU002865,PR01,SU0016,CL003822,CAD,2025-06-15,,Activa,0,0.0206,CA05,CORE_B
CU002866,PR09,SU0037,CL000216,PEN,2020-10-24,,Activa,8039,0.1639,CA01,DIGITAL_CORE
CU002867,PR18,SU0004,CL000003,MXN,2022-11-19,,Activa,0,0,CA01,DIGITAL_CORE
CU002868,PR16,SU0008,CL002638,MXN,2019-07-24,,Activa,0,0,CA05,DIGITAL_CORE
CU002869,PR05,SU0050,CL003544,COP,2022-09-29,,Activa,23173,0.3501,CA02,CORE_A
CU002870,PR07,SU0018,CL002373,CAD,2025-11-04,,Activa,15739,0.2825,CA05,DIGITAL_CORE
CU002871,PR06,SU0029,CL001371,CLP,2024-08-12,,Activa,14460,0.3331,CA01,CORE_A
CU002872,PR16,SU0041,CL001535,COP,2025-04-04,,Activa,0,0,CA01,DIGITAL_CORE
CU002873,PR10,SU0034,CL002970,PEN,2023-05-25,,Activa,18195,0.0874,CA01,CORE_B
CU002874,PR16,SU0028,CL002913,CLP,2025-03-27,,Activa,0,0.0125,CA05,CORE_B
CU002875,PR18,SU0032,CL002534,PEN,2022-07-24,,Activa,0,0.0141,CA01,CORE_B
CU002876,PR18,SU0023,CL000778,CLP,2024-08-16,,Activa,0,0.0195,CA05,DIGITAL_CORE
CU002877,PR16,SU0019,CL000217,CAD,2023-07-14,,Activa,0,0.0049,CA01,DIGITAL_CORE
CU002878,PR18,SU0026,CL001845,CLP,2025-10-09,,Activa,0,0,CA03,DIGITAL_CORE
CU002879,PR02,SU0008,CL003977,MXN,2020-02-21,,Activa,0,0.005,CA05,CORE_B
CU002880,PR18,SU0023,CL002320,CLP,2019-12-13,,Activa,0,0.0134,CA02,DIGITAL_CORE
CU002881,PR06,SU0025,CL002640,CLP,2019-05-02,,Activa,44173,0.3329,CA02,CORE_A
CU002882,PR10,SU0025,CL003545,CLP,2021-06-29,,Activa,52455,0.1159,CA01,CORE_B
CU002883,PR03,SU0006,CL001729,MXN,2022-11-20,,Activa,0,0.0123,CA05,CORE_A
CU002884,PR15,SU0037,CL003122,PEN,2019-10-13,,Activa,0,0.051,CA05,CORE_A
CU002885,PR15,SU0023,CL004196,CLP,2023-07-18,,Activa,0,0.0558,CA05,CORE_A
CU002886,PR15,SU0050,CL001775,COP,2022-03-09,,Activa,0,0.035,CA05,DIGITAL_CORE
CU002887,PR03,SU0022,CL000692,CLP,2024-06-01,,Activa,0,0.0227,CA01,CORE_A
CU002888,PR01,SU0045,CL000030,COP,2023-01-02,,Activa,0,0,CA05,CORE_A
CU002889,PR18,SU0024,CL001233,CLP,2025-09-22,,Activa,0,0,CA05,DIGITAL_CORE
CU002890,PR08,SU0042,CL003120,COP,2021-12-05,,Activa,3738,0.2272,CA01,CORE_A
CU002891,PR15,SU0024,CL002548,CLP,2024-09-10,,Activa,0,0.0532,CA01,CORE_B
CU002892,PR04,SU0012,CL002337,CAD,2025-02-13,,Activa,0,0.0262,CA05,DIGITAL_CORE
CU002893,PR06,SU0043,CL003724,COP,2023-10-15,,Activa,15111,0.3283,CA01,CORE_B
CU002894,PR10,SU0022,CL001781,CLP,2023-08-10,,Activa,14379,0.1186,CA05,CORE_A
CU002895,PR01,SU0017,CL003835,CAD,2024-09-14,,Activa,0,0.0025,CA05,CORE_B
CU002896,PR15,SU0028,CL000667,CLP,2020-03-31,,Activa,0,0.0507,CA01,CORE_A
CU002897,PR05,SU0028,CL004482,CLP,2020-11-17,,Activa,288240,0.3668,CA02,DIGITAL_CORE
CU002898,PR07,SU0014,CL003137,CAD,2025-08-20,,Bloqueada,42414,0.2877,CA05,DIGITAL_CORE
CU002899,PR03,SU0004,CL003595,MXN,2025-06-18,,Activa,0,0.0133,CA02,CORE_A
CU002900,PR01,SU0042,CL003143,COP,2022-11-23,,Activa,0,0.0058,CA02,CORE_B
CU002901,PR09,SU0038,CL001168,PEN,2019-10-06,,Activa,14238,0.1571,CA01,DIGITAL_CORE
CU002902,PR04,SU0049,CL003865,COP,2022-06-21,,Activa,0,0.029,CA05,CORE_A
CU002903,PR01,SU0028,CL001146,CLP,2021-07-05,,Activa,0,0,CA02,CORE_B
CU002904,PR07,SU0014,CL000272,CAD,2025-11-06,,Activa,133871,0.2757,CA02,CORE_A
CU002905,PR11,SU0015,CL003730,CAD,2024-03-31,,Activa,0,0.0116,CA03,DIGITAL_CORE
CU002906,PR12,SU0018,CL002500,CAD,2024-10-28,,Activa,734921,0.1761,CA03,DIGITAL_CORE
CU002907,PR18,SU0042,CL003992,COP,2020-05-29,,Activa,0,0,CA02,DIGITAL_CORE
CU002908,PR05,SU0041,CL001340,COP,2020-12-19,,Activa,37191,0.3601,CA05,CORE_B
CU002909,PR04,SU0013,CL001179,CAD,2022-01-09,2024-01-18,Cerrada,0,0.0418,CA05,DIGITAL_CORE
CU002910,PR07,SU0036,CL000106,PEN,2021-12-17,,Activa,7926,0.2857,CA05,CORE_B
CU002911,PR11,SU0011,CL002504,CAD,2024-06-03,,Activa,0,0.0163,CA03,CORE_A
CU002912,PR16,SU0044,CL000041,COP,2022-10-19,,Activa,0,0,CA05,CORE_A
CU002913,PR09,SU0007,CL001125,MXN,2025-03-04,,Activa,8583,0.1656,CA01,CORE_A
CU002914,PR10,SU0029,CL004082,CLP,2020-08-27,,Activa,63789,0.109,CA05,CORE_A
CU002915,PR18,SU0025,CL002160,CLP,2022-04-17,,Activa,0,0,CA03,CORE_B
CU002916,PR10,SU0018,CL003006,CAD,2020-12-09,,Activa,25519,0.0931,CA01,DIGITAL_CORE
CU002917,PR04,SU0010,CL003350,MXN,2020-01-14,,Activa,0,0.05,CA02,DIGITAL_CORE
CU002918,PR05,SU0001,CL003827,MXN,2024-07-16,,Activa,5052,0.361,CA05,CORE_B
CU002919,PR16,SU0020,CL001428,CAD,2019-12-07,,Activa,0,0.0062,CA05,DIGITAL_CORE
CU002920,PR01,SU0016,CL003091,CAD,2024-10-12,,Activa,0,0.0173,CA01,DIGITAL_CORE
CU002921,PR12,SU0004,CL000441,MXN,2025-02-26,,Activa,604168,0.1828,CA05,DIGITAL_CORE
CU002922,PR16,SU0005,CL004430,MXN,2022-02-19,,Activa,0,0.0197,CA05,CORE_A
CU002923,PR09,SU0027,CL002045,CLP,2021-09-19,,Activa,101320,0.1739,CA05,CORE_A
CU002924,PR15,SU0037,CL001126,PEN,2024-04-29,,Activa,0,0.0493,CA05,CORE_B
CU002925,PR18,SU0041,CL000423,COP,2023-11-11,,Activa,0,0.0091,CA02,CORE_B
CU002926,PR01,SU0043,CL002795,COP,2025-01-13,,Activa,0,0,CA02,DIGITAL_CORE
CU002927,PR08,SU0033,CL003676,PEN,2021-06-17,,Activa,85698,0.2509,CA01,CORE_B
CU002928,PR05,SU0022,CL000099,CLP,2025-10-28,,Activa,165007,0.3795,CA01,DIGITAL_CORE
CU002929,PR15,SU0050,CL003724,COP,2025-05-01,,Activa,0,0.0588,CA01,DIGITAL_CORE
CU002930,PR01,SU0020,CL004305,CAD,2025-05-13,,Activa,0,0,CA01,CORE_B
CU002931,PR18,SU0025,CL001742,CLP,2019-10-16,,Activa,0,0,CA03,CORE_B
CU002932,PR06,SU0038,CL004163,PEN,2023-08-24,,Activa,534089,0.3354,CA03,CORE_A
CU002933,PR18,SU0013,CL003740,CAD,2021-07-11,,Activa,0,0,CA03,DIGITAL_CORE
CU002934,PR08,SU0027,CL003545,CLP,2022-09-13,,Activa,39854,0.2418,CA01,CORE_A
CU002935,PR16,SU0032,CL001793,PEN,2019-06-10,,Activa,0,0.0113,CA03,CORE_A
CU002936,PR17,SU0010,CL000998,MXN,2021-10-21,,Activa,0,0.0036,CA05,CORE_B
CU002937,PR02,SU0048,CL000525,COP,2021-08-23,,Activa,0,0.0133,CA02,CORE_B
CU002938,PR05,SU0004,CL000207,MXN,2024-10-20,,Activa,24218,0.3703,CA01,CORE_B
CU002939,PR09,SU0020,CL000852,CAD,2024-08-10,,Activa,31206,0.1625,CA01,DIGITAL_CORE
CU002940,PR18,SU0035,CL003013,PEN,2020-04-14,,Activa,0,0,CA01,CORE_A
CU002941,PR12,SU0042,CL003083,COP,2021-02-12,,Activa,4388928,0.1848,CA01,DIGITAL_CORE
CU002942,PR07,SU0045,CL000280,COP,2024-05-16,,Activa,63457,0.3049,CA01,CORE_B
CU002943,PR09,SU0047,CL001283,COP,2020-08-05,,Activa,14344,0.1534,CA05,CORE_B
CU002944,PR01,SU0029,CL001440,CLP,2020-10-17,,Activa,0,0.0147,CA03,CORE_A
CU002945,PR15,SU0037,CL003254,PEN,2022-01-13,,Activa,0,0.0434,CA01,CORE_A
CU002946,PR01,SU0042,CL000025,COP,2021-05-28,,Activa,0,0,CA05,CORE_A
CU002947,PR07,SU0030,CL004133,CLP,2025-09-18,,Activa,27899,0.2959,CA01,DIGITAL_CORE
CU002948,PR15,SU0029,CL001387,CLP,2020-02-24,2022-01-05,Cerrada,0,0.0293,CA01,CORE_A
CU002949,PR01,SU0050,CL002637,COP,2020-09-26,2023-02-18,Cerrada,0,0,CA05,CORE_B
CU002950,PR10,SU0042,CL003553,COP,2021-06-01,,Activa,6510,0.0894,CA05,CORE_A
CU002951,PR05,SU0033,CL001464,PEN,2024-11-30,,Activa,23612,0.3746,CA05,DIGITAL_CORE
CU002952,PR15,SU0048,CL000972,COP,2024-10-22,,Activa,0,0.0646,CA05,CORE_B
CU002953,PR02,SU0032,CL004293,PEN,2022-02-12,,Activa,0,0,CA01,CORE_B
CU002954,PR17,SU0001,CL000815,MXN,2022-08-21,,Activa,0,0,CA05,DIGITAL_CORE
CU002955,PR10,SU0044,CL002565,COP,2023-05-29,,Activa,388710,0.1244,CA05,CORE_A
CU002956,PR10,SU0025,CL001375,CLP,2022-03-01,,Activa,27007,0.0992,CA01,CORE_B
CU002957,PR14,SU0030,CL002635,CLP,2025-09-26,,Activa,0,0.0006,CA05,DIGITAL_CORE
CU002958,PR01,SU0022,CL000214,CLP,2023-09-17,,Activa,0,0,CA03,DIGITAL_CORE
CU002959,PR16,SU0049,CL000537,COP,2024-11-14,,Activa,0,0,CA05,DIGITAL_CORE
CU002960,PR02,SU0047,CL002656,COP,2025-11-19,,Activa,0,0.0145,CA05,CORE_A
CU002961,PR04,SU0042,CL000699,COP,2020-05-10,,Activa,0,0.0295,CA01,DIGITAL_CORE
CU002962,PR03,SU0019,CL003364,CAD,2022-01-10,,Activa,0,0.0247,CA05,DIGITAL_CORE
CU002963,PR18,SU0035,CL003499,PEN,2021-02-24,,Activa,0,0,CA02,DIGITAL_CORE
CU002964,PR16,SU0014,CL002373,CAD,2022-08-27,,Activa,0,0,CA05,DIGITAL_CORE
CU002965,PR15,SU0001,CL004101,MXN,2021-05-13,,Activa,0,0.039,CA05,DIGITAL_CORE
CU002966,PR06,SU0034,CL004184,PEN,2023-05-13,,Activa,142282,0.3147,CA05,DIGITAL_CORE
CU002967,PR09,SU0031,CL001194,PEN,2021-01-24,,Activa,485983,0.1613,CA05,CORE_A
CU002968,PR05,SU0028,CL000684,CLP,2021-09-14,,Activa,2762,0.3521,CA03,DIGITAL_CORE
CU002969,PR16,SU0001,CL002767,MXN,2024-01-12,2024-07-30,Cerrada,0,0,CA05,DIGITAL_CORE
CU002970,PR01,SU0016,CL001536,CAD,2025-02-08,,Activa,0,0.0154,CA03,DIGITAL_CORE
CU002971,PR18,SU0013,CL001243,CAD,2019-10-20,,Activa,0,0.0052,CA03,DIGITAL_CORE
CU002972,PR02,SU0035,CL003621,PEN,2022-05-10,,Activa,0,0,CA01,CORE_A
CU002973,PR11,SU0030,CL003572,CLP,2021-11-17,,Activa,0,0.0131,CA01,DIGITAL_CORE
CU002974,PR05,SU0001,CL000445,MXN,2020-04-15,,Activa,318479,0.3742,CA01,CORE_B
CU002975,PR05,SU0018,CL004188,CAD,2022-03-06,,Activa,12570,0.3828,CA01,DIGITAL_CORE
CU002976,PR16,SU0039,CL002440,PEN,2021-01-21,,Activa,0,0.0041,CA05,CORE_B
CU002977,PR01,SU0040,CL000630,PEN,2024-11-12,,Activa,0,0.0024,CA05,CORE_A
CU002978,PR01,SU0045,CL000252,COP,2019-08-27,,Activa,0,0.0084,CA01,CORE_B
CU002979,PR03,SU0030,CL002936,CLP,2021-02-22,,Activa,0,0.0265,CA01,DIGITAL_CORE
CU002980,PR16,SU0003,CL001636,MXN,2024-03-21,,Activa,0,0,CA01,CORE_B
CU002981,PR02,SU0027,CL000372,CLP,2023-06-26,,Activa,0,0.0049,CA03,CORE_A
CU002982,PR09,SU0020,CL002299,CAD,2021-10-19,,Activa,43451,0.1511,CA05,CORE_A
CU002983,PR05,SU0015,CL001423,CAD,2024-05-24,,Activa,25345,0.3676,CA01,CORE_A
CU002984,PR07,SU0021,CL001284,CLP,2023-09-02,,Activa,61396,0.2746,CA01,CORE_A
CU002985,PR16,SU0050,CL002854,COP,2024-01-22,,Activa,0,0,CA01,CORE_B
CU002986,PR03,SU0045,CL001655,COP,2022-04-17,,Activa,0,0.0251,CA02,CORE_B
CU002987,PR18,SU0048,CL002797,COP,2024-05-24,,Activa,0,0,CA01,CORE_B
CU002988,PR18,SU0024,CL002128,CLP,2022-11-03,2023-08-06,Cerrada,0,0.0055,CA05,CORE_A
CU002989,PR06,SU0014,CL002390,CAD,2022-02-26,,Activa,19820,0.3372,CA01,CORE_B
CU002990,PR12,SU0012,CL003284,CAD,2025-05-30,,Activa,4742581,0.1711,CA03,CORE_B
CU002991,PR11,SU0009,CL004461,MXN,2023-09-09,,Activa,0,0,CA05,DIGITAL_CORE
CU002992,PR05,SU0050,CL002612,COP,2022-04-20,,Activa,98624,0.38,CA02,CORE_B
CU002993,PR09,SU0028,CL003780,CLP,2023-01-22,,Activa,246911,0.1561,CA01,CORE_A
CU002994,PR13,SU0022,CL001452,CLP,2023-04-09,,Bloqueada,7655012,0.1464,CA05,DIGITAL_CORE
CU002995,PR18,SU0016,CL002325,CAD,2021-08-07,,Activa,0,0.0223,CA01,CORE_B
CU002996,PR06,SU0037,CL002999,PEN,2025-06-12,,Activa,215205,0.3337,CA03,DIGITAL_CORE
CU002997,PR11,SU0006,CL002404,MXN,2021-09-20,,Activa,0,0.0138,CA01,CORE_B
CU002998,PR06,SU0001,CL002114,MXN,2022-02-23,,Activa,91296,0.3211,CA05,CORE_A
CU002999,PR16,SU0035,CL001644,PEN,2021-04-16,,Activa,0,0,CA01,CORE_B
CU003000,PR18,SU0019,CL003753,CAD,2020-08-04,,Activa,0,0,CA02,CORE_B
CU003001,PR07,SU0006,CL003437,MXN,2020-01-30,,Activa,13873,0.2855,CA03,CORE_B
CU003002,PR16,SU0020,CL000187,CAD,2021-05-17,,Activa,0,0.0085,CA05,CORE_A
CU003003,PR06,SU0013,CL002931,CAD,2024-09-08,,Activa,81339,0.3417,CA01,DIGITAL_CORE
CU003004,PR18,SU0042,CL001748,COP,2025-05-10,,Activa,0,0,CA05,DIGITAL_CORE
CU003005,PR05,SU0030,CL002548,CLP,2023-12-03,,Activa,9945,0.3463,CA01,DIGITAL_CORE
CU003006,PR16,SU0048,CL002051,COP,2023-07-04,,Activa,0,0,CA05,DIGITAL_CORE
CU003007,PR06,SU0030,CL003671,CLP,2021-03-13,,Activa,19555,0.3354,CA01,DIGITAL_CORE
CU003008,PR11,SU0001,CL000192,MXN,2023-10-28,,Activa,0,0,CA05,CORE_A
CU003009,PR05,SU0024,CL002160,CLP,2025-03-08,,Activa,24726,0.3661,CA02,DIGITAL_CORE
CU003010,PR09,SU0032,CL003913,PEN,2025-06-11,,Activa,3494,0.1657,CA01,CORE_B
CU003011,PR01,SU0035,CL002921,PEN,2023-08-24,,Activa,0,0.0099,CA02,CORE_B
CU003012,PR06,SU0028,CL000214,CLP,2023-02-10,,Activa,136960,0.3112,CA03,DIGITAL_CORE
CU003013,PR18,SU0022,CL002426,CLP,2023-04-22,,Activa,0,0.0166,CA05,CORE_B
CU003014,PR04,SU0048,CL002737,COP,2023-02-16,,Activa,0,0.0158,CA02,DIGITAL_CORE
CU003015,PR18,SU0011,CL004188,CAD,2025-11-24,,Activa,0,0.0174,CA01,CORE_A
CU003016,PR16,SU0002,CL003678,MXN,2022-05-12,,Activa,0,0,CA05,DIGITAL_CORE
CU003017,PR12,SU0026,CL002948,CLP,2024-07-19,,Activa,902831,0.1863,CA05,CORE_A
CU003018,PR04,SU0048,CL001034,COP,2023-06-16,,Activa,0,0.0535,CA03,CORE_A
CU003019,PR01,SU0035,CL003978,PEN,2024-05-25,,Activa,0,0.0107,CA05,CORE_A
CU003020,PR18,SU0007,CL003921,MXN,2024-04-02,,Activa,0,0.001,CA02,CORE_A
CU003021,PR07,SU0003,CL003042,MXN,2025-07-12,,Activa,13728,0.2747,CA05,CORE_B
CU003022,PR06,SU0006,CL003004,MXN,2021-10-24,2023-03-07,Cerrada,66598,0.3291,CA01,CORE_A
CU003023,PR05,SU0028,CL002015,CLP,2020-05-06,,Bloqueada,17656,0.3694,CA01,CORE_A
CU003024,PR04,SU0003,CL001944,MXN,2025-06-28,2025-11-22,Cerrada,0,0.026,CA05,CORE_B
CU003025,PR02,SU0035,CL002801,PEN,2024-06-17,,Activa,0,0,CA05,CORE_B
CU003026,PR05,SU0031,CL004162,PEN,2023-07-07,,Bloqueada,31973,0.3776,CA01,CORE_A
CU003027,PR14,SU0026,CL004359,CLP,2022-08-07,,Activa,0,0,CA01,DIGITAL_CORE
CU003028,PR18,SU0019,CL002298,CAD,2022-05-28,,Activa,0,0.016,CA02,CORE_B
CU003029,PR15,SU0009,CL000585,MXN,2023-09-24,,Activa,0,0.0328,CA05,CORE_A
CU003030,PR09,SU0002,CL000797,MXN,2023-10-27,,Activa,27464,0.1362,CA03,CORE_A
CU003031,PR18,SU0015,CL000076,CAD,2021-06-26,,Activa,0,0,CA02,CORE_A
CU003032,PR18,SU0049,CL000476,COP,2024-03-15,,Bloqueada,0,0.0021,CA03,CORE_B
CU003033,PR05,SU0040,CL000754,PEN,2021-03-01,,Activa,207503,0.3748,CA05,CORE_A
CU003034,PR18,SU0037,CL004450,PEN,2022-08-05,,Activa,0,0.0179,CA05,CORE_A
CU003035,PR16,SU0006,CL000835,MXN,2021-12-27,,Activa,0,0,CA02,CORE_B
CU003036,PR03,SU0044,CL002189,COP,2022-05-24,,Activa,0,0.0009,CA05,CORE_B
CU003037,PR18,SU0016,CL003076,CAD,2020-11-26,,Activa,0,0.0154,CA05,CORE_A
CU003038,PR18,SU0047,CL000311,COP,2023-04-27,,Activa,0,0.0202,CA01,CORE_A
CU003039,PR15,SU0007,CL003779,MXN,2022-03-21,,Activa,0,0.0475,CA01,DIGITAL_CORE
CU003040,PR09,SU0016,CL002147,CAD,2023-01-06,2025-01-19,Cerrada,33725,0.1632,CA01,CORE_B
CU003041,PR01,SU0040,CL002039,PEN,2020-03-02,,Activa,0,0.0013,CA05,CORE_A
CU003042,PR08,SU0030,CL003225,CLP,2024-04-14,,Activa,19245,0.2329,CA05,CORE_A
CU003043,PR05,SU0003,CL001990,MXN,2024-08-01,,Activa,46995,0.3601,CA05,CORE_B
CU003044,PR08,SU0004,CL001115,MXN,2023-05-20,,Activa,8222,0.2544,CA01,CORE_B
CU003045,PR11,SU0016,CL002111,CAD,2021-06-18,,Activa,0,0,CA01,CORE_B
CU003046,PR04,SU0007,CL000422,MXN,2020-02-06,,Activa,0,0.0447,CA03,DIGITAL_CORE
CU003047,PR18,SU0021,CL002144,CLP,2019-10-09,,Activa,0,0.0159,CA02,CORE_B
CU003048,PR16,SU0033,CL003401,PEN,2025-07-28,,Activa,0,0.0006,CA05,CORE_A
CU003049,PR15,SU0024,CL001321,CLP,2020-10-27,,Activa,0,0.0489,CA01,CORE_B
CU003050,PR01,SU0039,CL001162,PEN,2022-05-23,,Activa,0,0,CA01,CORE_A
CU003051,PR15,SU0010,CL004077,MXN,2023-07-13,,Activa,0,0.0644,CA05,CORE_B
CU003052,PR18,SU0003,CL001547,MXN,2020-11-15,,Activa,0,0.0214,CA05,CORE_B
CU003053,PR12,SU0001,CL002917,MXN,2023-11-11,,Activa,99687,0.1733,CA02,CORE_B
CU003054,PR10,SU0042,CL000298,COP,2023-11-20,,Activa,22170,0.1043,CA05,CORE_A
CU003055,PR10,SU0002,CL001554,MXN,2021-05-26,,Activa,31806,0.1157,CA01,CORE_B
CU003056,PR01,SU0007,CL000267,MXN,2023-06-12,,Activa,0,0,CA05,CORE_B
CU003057,PR08,SU0032,CL001832,PEN,2024-03-08,,Activa,10934,0.2317,CA01,CORE_A
CU003058,PR16,SU0008,CL001131,MXN,2022-09-28,,Activa,0,0.0119,CA03,DIGITAL_CORE
CU003059,PR18,SU0042,CL002138,COP,2019-03-21,,Activa,0,0.017,CA02,CORE_A
CU003060,PR18,SU0049,CL003184,COP,2020-01-08,,Activa,0,0,CA05,CORE_B
CU003061,PR05,SU0047,CL001907,COP,2021-06-21,,Activa,18257,0.3755,CA03,DIGITAL_CORE
CU003062,PR12,SU0034,CL002308,PEN,2024-06-02,,Activa,523136,0.1748,CA01,CORE_A
CU003063,PR18,SU0004,CL002234,MXN,2023-11-18,,Activa,0,0.0164,CA03,CORE_A
CU003064,PR18,SU0048,CL003670,COP,2024-01-10,,Activa,0,0,CA02,CORE_A
CU003065,PR18,SU0002,CL001838,MXN,2022-08-24,,Activa,0,0.0145,CA01,DIGITAL_CORE
CU003066,PR07,SU0003,CL001612,MXN,2020-04-25,,Activa,3096,0.2702,CA01,CORE_B
CU003067,PR09,SU0009,CL000137,MXN,2025-02-13,,Activa,4922,0.1397,CA01,CORE_A
CU003068,PR03,SU0008,CL003134,MXN,2024-11-06,,Activa,0,0.0115,CA01,CORE_A
CU003069,PR18,SU0011,CL000577,CAD,2024-03-05,,Activa,0,0.0171,CA05,DIGITAL_CORE
CU003070,PR09,SU0026,CL003728,CLP,2023-06-22,,Activa,32037,0.1467,CA01,CORE_A
CU003071,PR08,SU0040,CL000646,PEN,2023-04-21,,Activa,13828,0.2373,CA01,CORE_A
CU003072,PR05,SU0014,CL000249,CAD,2019-02-15,,Activa,2889,0.3657,CA01,CORE_A
CU003073,PR07,SU0030,CL004320,CLP,2019-06-11,2021-05-17,Cerrada,13115,0.2779,CA05,CORE_A
CU003074,PR06,SU0031,CL003094,PEN,2023-08-06,,Activa,24470,0.3177,CA02,CORE_B
CU003075,PR02,SU0003,CL001011,MXN,2021-09-29,,Activa,0,0.0197,CA01,CORE_A
CU003076,PR11,SU0004,CL000327,MXN,2023-06-09,,Activa,0,0,CA05,CORE_B
CU003077,PR18,SU0013,CL003086,CAD,2024-10-07,,Activa,0,0,CA05,DIGITAL_CORE
CU003078,PR09,SU0016,CL000086,CAD,2019-05-28,2020-03-03,Cerrada,10929,0.1415,CA03,DIGITAL_CORE
CU003079,PR01,SU0029,CL002252,CLP,2025-04-28,,Activa,0,0.0204,CA05,DIGITAL_CORE
CU003080,PR12,SU0049,CL002162,COP,2021-07-12,,Activa,233980,0.1897,CA05,CORE_A
CU003081,PR10,SU0030,CL001321,CLP,2020-11-04,,Activa,21137,0.1022,CA01,CORE_B
CU003082,PR09,SU0047,CL000244,COP,2025-07-30,2025-11-28,Cerrada,46038,0.1514,CA05,CORE_B
CU003083,PR06,SU0007,CL003778,MXN,2022-04-17,,Activa,104619,0.3378,CA05,CORE_A
CU003084,PR01,SU0025,CL000766,CLP,2025-05-18,,Activa,0,0.0039,CA05,CORE_B
CU003085,PR09,SU0019,CL002337,CAD,2022-10-08,,Activa,16676,0.1472,CA05,CORE_B
CU003086,PR10,SU0028,CL001206,CLP,2022-02-27,,Activa,37743,0.1023,CA01,CORE_B
CU003087,PR08,SU0014,CL003283,CAD,2023-08-15,,Activa,10844,0.2285,CA01,CORE_B
CU003088,PR15,SU0024,CL001756,CLP,2025-05-11,,Activa,0,0.0646,CA05,CORE_B
CU003089,PR05,SU0042,CL001078,COP,2023-06-10,,Activa,64146,0.3843,CA03,CORE_B
CU003090,PR03,SU0004,CL004125,MXN,2020-09-19,,Activa,0,0.0125,CA01,DIGITAL_CORE
CU003091,PR03,SU0018,CL003353,CAD,2024-12-24,,Activa,0,0.0031,CA03,DIGITAL_CORE
CU003092,PR03,SU0011,CL001953,CAD,2020-12-13,,Activa,0,0.0125,CA01,CORE_B
CU003093,PR18,SU0015,CL001664,CAD,2023-12-26,,Activa,0,0.011,CA02,CORE_B
CU003094,PR07,SU0041,CL001091,COP,2024-09-07,,Activa,198939,0.2822,CA01,CORE_B
CU003095,PR18,SU0050,CL000972,COP,2023-02-15,,Activa,0,0.0219,CA05,DIGITAL_CORE
CU003096,PR16,SU0050,CL000957,COP,2024-10-12,,Activa,0,0.0199,CA03,CORE_B
CU003097,PR16,SU0022,CL001816,CLP,2020-11-26,,Activa,0,0,CA01,CORE_B
CU003098,PR18,SU0035,CL001927,PEN,2023-07-09,,Activa,0,0.0069,CA01,CORE_B
CU003099,PR05,SU0024,CL003235,CLP,2020-02-02,,Activa,8852,0.3583,CA05,DIGITAL_CORE
CU003100,PR09,SU0032,CL001035,PEN,2022-01-30,,Activa,206179,0.1664,CA03,CORE_A
CU003101,PR10,SU0023,CL000275,CLP,2023-03-26,,Activa,97892,0.1067,CA01,DIGITAL_CORE
CU003102,PR18,SU0043,CL003393,COP,2022-08-23,,Activa,0,0.0045,CA02,DIGITAL_CORE
CU003103,PR14,SU0027,CL002591,CLP,2023-04-23,,Activa,0,0.0141,CA01,DIGITAL_CORE
CU003104,PR09,SU0001,CL003131,MXN,2023-09-10,,Activa,140756,0.1369,CA01,CORE_A
CU003105,PR11,SU0043,CL001253,COP,2018-11-30,,Activa,0,0.0161,CA01,DIGITAL_CORE
CU003106,PR10,SU0050,CL000563,COP,2023-12-19,,Activa,21068,0.1078,CA05,DIGITAL_CORE
CU003107,PR03,SU0022,CL000914,CLP,2025-10-20,,Activa,0,0.0186,CA05,CORE_B
CU003108,PR18,SU0046,CL003391,COP,2023-12-04,,Activa,0,0.0206,CA03,CORE_B
CU003109,PR08,SU0019,CL003403,CAD,2019-07-06,,Activa,34691,0.2288,CA05,CORE_A
CU003110,PR18,SU0038,CL000928,PEN,2025-09-20,,Activa,0,0,CA03,DIGITAL_CORE
CU003111,PR07,SU0013,CL004278,CAD,2024-02-05,,Activa,32228,0.2849,CA01,DIGITAL_CORE
CU003112,PR02,SU0015,CL001484,CAD,2022-02-14,,Activa,0,0.0012,CA03,DIGITAL_CORE
CU003113,PR01,SU0012,CL001782,CAD,2022-01-07,2024-03-06,Cerrada,0,0,CA01,DIGITAL_CORE
CU003114,PR06,SU0032,CL002271,PEN,2020-08-19,,Activa,86636,0.3087,CA01,CORE_A
CU003115,PR05,SU0038,CL001971,PEN,2021-10-18,,Activa,186541,0.3605,CA01,DIGITAL_CORE
CU003116,PR16,SU0003,CL003909,MXN,2025-03-03,,Activa,0,0,CA01,DIGITAL_CORE
CU003117,PR07,SU0042,CL000579,COP,2025-11-21,,Activa,11106,0.293,CA03,DIGITAL_CORE
CU003118,PR14,SU0029,CL004420,CLP,2023-04-01,,Activa,0,0.0052,CA05,DIGITAL_CORE
CU003119,PR02,SU0017,CL001693,CAD,2024-07-17,,Activa,0,0.0169,CA05,CORE_A
CU003120,PR10,SU0012,CL001933,CAD,2020-11-18,,Activa,41141,0.1036,CA05,CORE_A
CU003121,PR03,SU0028,CL000282,CLP,2023-03-03,,Activa,0,0.004,CA01,CORE_A
CU003122,PR15,SU0042,CL001960,COP,2023-05-12,,Activa,0,0.0631,CA01,CORE_B
CU003123,PR18,SU0021,CL002366,CLP,2022-11-15,,Activa,0,0.0226,CA02,CORE_A
CU003124,PR05,SU0035,CL001901,PEN,2023-02-22,,Activa,52518,0.3719,CA01,CORE_A
CU003125,PR17,SU0016,CL002809,CAD,2023-07-30,,Activa,0,0,CA01,CORE_B
CU003126,PR11,SU0042,CL003555,COP,2023-02-19,,Activa,0,0.0031,CA01,CORE_A
CU003127,PR18,SU0009,CL001667,MXN,2021-08-02,,Activa,0,0,CA01,CORE_A
CU003128,PR08,SU0015,CL000567,CAD,2020-06-23,,Activa,6817,0.2251,CA03,DIGITAL_CORE
CU003129,PR08,SU0040,CL003453,PEN,2019-02-17,,Activa,22478,0.2332,CA05,CORE_A
CU003130,PR10,SU0020,CL004043,CAD,2023-05-19,,Activa,15707,0.0948,CA05,CORE_B
CU003131,PR06,SU0021,CL000282,CLP,2023-02-22,,Activa,20385,0.3076,CA01,CORE_A
CU003132,PR11,SU0002,CL003432,MXN,2019-11-06,,Activa,0,0,CA05,DIGITAL_CORE
CU003133,PR15,SU0008,CL000090,MXN,2023-11-11,,Activa,0,0.0648,CA01,CORE_A
CU003134,PR07,SU0027,CL000599,CLP,2023-01-05,,Activa,29587,0.2866,CA01,CORE_A
CU003135,PR18,SU0018,CL000086,CAD,2022-01-20,,Activa,0,0.0193,CA02,CORE_A
CU003136,PR07,SU0032,CL002236,PEN,2023-08-19,,Activa,14823,0.2743,CA05,CORE_B
CU003137,PR04,SU0045,CL000631,COP,2025-08-23,,Activa,0,0.0292,CA01,CORE_B
CU003138,PR18,SU0045,CL004189,COP,2023-01-03,,Activa,0,0.0096,CA05,CORE_B
CU003139,PR03,SU0030,CL003662,CLP,2023-08-02,,Activa,0,0.0207,CA05,CORE_B
CU003140,PR08,SU0018,CL004327,CAD,2021-05-29,,Activa,22706,0.2456,CA03,DIGITAL_CORE
CU003141,PR11,SU0012,CL001560,CAD,2019-01-07,,Activa,0,0,CA01,CORE_B
CU003142,PR16,SU0013,CL001797,CAD,2025-04-23,,Activa,0,0.0035,CA05,CORE_A
CU003143,PR18,SU0004,CL002922,MXN,2024-11-26,,Activa,0,0,CA03,CORE_B
CU003144,PR13,SU0026,CL002027,CLP,2024-09-09,,Activa,2252696,0.1615,CA05,CORE_B
CU003145,PR07,SU0016,CL001975,CAD,2018-12-20,,Activa,17145,0.303,CA02,CORE_B
CU003146,PR08,SU0044,CL001960,COP,2021-12-10,,Activa,111327,0.2557,CA05,DIGITAL_CORE
CU003147,PR04,SU0003,CL000494,MXN,2024-09-06,,Activa,0,0.0335,CA05,CORE_A
CU003148,PR02,SU0005,CL001750,MXN,2025-07-08,,Activa,0,0,CA01,CORE_B
CU003149,PR10,SU0016,CL001898,CAD,2022-07-03,,Activa,43226,0.1095,CA05,DIGITAL_CORE
CU003150,PR10,SU0040,CL004128,PEN,2024-02-23,,Activa,58974,0.0883,CA05,CORE_A
CU003151,PR18,SU0021,CL000015,CLP,2023-10-09,,Activa,0,0,CA01,DIGITAL_CORE
CU003152,PR05,SU0044,CL002078,COP,2023-12-13,,Activa,13933,0.3659,CA05,CORE_B
CU003153,PR10,SU0028,CL001070,CLP,2021-09-20,,Activa,106441,0.1201,CA01,CORE_B
CU003154,PR06,SU0029,CL002374,CLP,2020-01-15,,Activa,19532,0.3065,CA05,CORE_B
CU003155,PR06,SU0014,CL001995,CAD,2020-07-04,,Activa,30267,0.3302,CA01,DIGITAL_CORE
CU003156,PR09,SU0035,CL003735,PEN,2023-08-29,,Activa,7548,0.1534,CA03,DIGITAL_CORE
CU003157,PR16,SU0003,CL001944,MXN,2024-11-07,,Activa,0,0,CA05,CORE_A
CU003158,PR02,SU0041,CL000463,COP,2024-02-09,,Activa,0,0.0106,CA05,CORE_A
CU003159,PR09,SU0046,CL003755,COP,2021-03-28,,Activa,35892,0.1403,CA05,CORE_B
CU003160,PR09,SU0006,CL000790,MXN,2022-01-01,,Activa,3595,0.1603,CA05,CORE_A
CU003161,PR15,SU0046,CL000301,COP,2023-12-24,,Activa,0,0.0318,CA02,CORE_A
CU003162,PR05,SU0016,CL001874,CAD,2021-11-14,,Activa,36222,0.3604,CA05,CORE_A
CU003163,PR03,SU0005,CL003380,MXN,2021-11-19,,Activa,0,0.0191,CA05,CORE_B
CU003164,PR04,SU0010,CL002896,MXN,2025-04-28,,Activa,0,0.0252,CA02,CORE_B
CU003165,PR10,SU0033,CL001587,PEN,2018-12-22,,Activa,27565,0.1241,CA02,CORE_B
CU003166,PR08,SU0023,CL001771,CLP,2023-05-02,,Activa,28607,0.2625,CA05,CORE_A
CU003167,PR05,SU0036,CL003301,PEN,2023-06-17,,Activa,12145,0.35,CA01,CORE_A
CU003168,PR08,SU0015,CL001029,CAD,2020-06-20,,Activa,4683,0.2291,CA03,CORE_A
CU003169,PR07,SU0001,CL002284,MXN,2024-11-25,,Activa,54313,0.2802,CA01,CORE_B
CU003170,PR18,SU0032,CL004437,PEN,2020-11-24,,Activa,0,0.0057,CA02,CORE_B
CU003171,PR18,SU0031,CL000067,PEN,2022-11-15,,Activa,0,0,CA03,CORE_A
CU003172,PR16,SU0020,CL000827,CAD,2021-05-01,,Activa,0,0,CA03,DIGITAL_CORE
CU003173,PR02,SU0034,CL003723,PEN,2019-12-30,,Activa,0,0,CA01,CORE_A
CU003174,PR06,SU0009,CL003958,MXN,2024-02-17,,Activa,256840,0.3379,CA05,CORE_A
CU003175,PR04,SU0030,CL003940,CLP,2019-03-26,,Activa,0,0.0399,CA02,DIGITAL_CORE
CU003176,PR07,SU0021,CL003990,CLP,2022-06-28,,Activa,9159,0.2681,CA05,CORE_A
CU003177,PR03,SU0032,CL003278,PEN,2025-11-27,,Activa,0,0,CA05,CORE_A
CU003178,PR06,SU0013,CL003603,CAD,2022-10-23,,Activa,2662,0.3273,CA03,CORE_B
CU003179,PR07,SU0041,CL004183,COP,2024-09-30,,Activa,15187,0.3035,CA01,DIGITAL_CORE
CU003180,PR06,SU0007,CL003460,MXN,2025-06-09,,Activa,35674,0.3431,CA02,CORE_B
CU003181,PR09,SU0010,CL003859,MXN,2022-02-23,2022-08-11,Cerrada,59829,0.1464,CA02,CORE_A
CU003182,PR18,SU0008,CL000769,MXN,2021-05-06,,Activa,0,0,CA03,CORE_B
CU003183,PR16,SU0029,CL001642,CLP,2020-12-10,,Activa,0,0,CA05,DIGITAL_CORE
CU003184,PR12,SU0029,CL003973,CLP,2023-03-19,,Bloqueada,3345107,0.1995,CA05,DIGITAL_CORE
CU003185,PR01,SU0023,CL001716,CLP,2023-10-01,,Activa,0,0,CA03,DIGITAL_CORE
CU003186,PR08,SU0048,CL001369,COP,2020-03-07,,Activa,27267,0.265,CA05,DIGITAL_CORE
CU003187,PR06,SU0007,CL002736,MXN,2020-12-04,,Activa,37169,0.3216,CA01,CORE_A
CU003188,PR04,SU0026,CL000053,CLP,2025-01-25,,Activa,0,0.0412,CA03,CORE_B
CU003189,PR17,SU0046,CL003637,COP,2022-09-19,,Activa,0,0,CA01,CORE_B
CU003190,PR18,SU0030,CL004298,CLP,2025-05-27,,Activa,0,0.0019,CA03,CORE_B
CU003191,PR05,SU0027,CL002648,CLP,2024-12-29,,Activa,33820,0.3607,CA05,CORE_A
CU003192,PR09,SU0024,CL000684,CLP,2022-12-16,,Activa,15022,0.16,CA01,CORE_B
CU003193,PR03,SU0003,CL002312,MXN,2024-01-16,,Activa,0,0,CA01,DIGITAL_CORE
CU003194,PR02,SU0006,CL001527,MXN,2025-04-11,,Activa,0,0,CA01,DIGITAL_CORE
CU003195,PR08,SU0034,CL000264,PEN,2023-04-23,2025-05-09,Cerrada,25207,0.2611,CA01,CORE_B
CU003196,PR05,SU0043,CL001801,COP,2025-03-19,,Activa,12902,0.3784,CA01,CORE_A
CU003197,PR12,SU0050,CL000964,COP,2020-06-04,,Activa,220049,0.1876,CA05,DIGITAL_CORE
CU003198,PR07,SU0034,CL001487,PEN,2024-02-17,,Activa,12412,0.2874,CA05,CORE_A
CU003199,PR13,SU0032,CL001759,PEN,2023-01-11,,Activa,554502,0.1588,CA01,DIGITAL_CORE
CU003200,PR06,SU0002,CL004118,MXN,2023-05-01,,Activa,78121,0.3095,CA01,CORE_B
CU003201,PR18,SU0028,CL003185,CLP,2024-06-12,,Activa,0,0.0054,CA03,CORE_B
CU003202,PR02,SU0016,CL002157,CAD,2022-10-05,,Activa,0,0,CA01,CORE_A
CU003203,PR15,SU0024,CL001623,CLP,2024-04-24,,Activa,0,0.0432,CA05,CORE_B
CU003204,PR17,SU0039,CL002517,PEN,2022-12-28,2024-02-25,Cerrada,0,0.0069,CA05,CORE_B
CU003205,PR06,SU0040,CL003536,PEN,2024-01-14,,Activa,93243,0.3312,CA01,CORE_A
CU003206,PR09,SU0009,CL000057,MXN,2024-04-08,,Activa,60448,0.1562,CA05,CORE_B
CU003207,PR16,SU0003,CL004419,MXN,2023-05-13,,Activa,0,0,CA01,CORE_B
CU003208,PR15,SU0042,CL003312,COP,2022-08-10,,Activa,0,0.0511,CA02,CORE_B
CU003209,PR18,SU0042,CL000596,COP,2021-09-21,,Activa,0,0,CA02,DIGITAL_CORE
CU003210,PR18,SU0038,CL002939,PEN,2022-04-17,,Activa,0,0.0176,CA05,CORE_A
CU003211,PR05,SU0011,CL003746,CAD,2021-04-28,,Activa,4310,0.3786,CA03,CORE_B
CU003212,PR18,SU0019,CL001678,CAD,2020-04-07,,Activa,0,0.0026,CA01,DIGITAL_CORE
CU003213,PR08,SU0014,CL002042,CAD,2023-12-17,,Activa,49004,0.2251,CA05,DIGITAL_CORE
CU003214,PR08,SU0011,CL003417,CAD,2019-07-19,,Activa,8966,0.2647,CA05,CORE_B
CU003215,PR05,SU0021,CL000338,CLP,2023-03-02,,Activa,294118,0.3678,CA05,DIGITAL_CORE
CU003216,PR13,SU0009,CL001570,MXN,2025-03-08,,Activa,135953,0.141,CA05,CORE_B
CU003217,PR18,SU0048,CL000408,COP,2025-06-30,,Activa,0,0.0172,CA01,CORE_A
CU003218,PR10,SU0005,CL002203,MXN,2024-04-16,,Activa,44142,0.1009,CA05,CORE_B
CU003219,PR05,SU0038,CL002438,PEN,2022-03-11,,Activa,1764,0.3802,CA02,DIGITAL_CORE
CU003220,PR14,SU0046,CL003739,COP,2025-05-08,,Activa,0,0,CA05,CORE_B
CU003221,PR10,SU0048,CL002887,COP,2025-03-19,,Activa,63721,0.1185,CA01,CORE_A
CU003222,PR18,SU0005,CL000855,MXN,2023-07-01,,Activa,0,0,CA05,DIGITAL_CORE
CU003223,PR13,SU0003,CL000933,MXN,2022-08-31,,Activa,757130,0.1309,CA01,DIGITAL_CORE
CU003224,PR02,SU0015,CL000799,CAD,2024-04-30,,Activa,0,0,CA02,CORE_B
CU003225,PR12,SU0018,CL001626,CAD,2022-03-26,,Bloqueada,4791930,0.1758,CA01,CORE_A
CU003226,PR17,SU0008,CL003276,MXN,2025-01-04,,Bloqueada,0,0.0013,CA01,CORE_A
CU003227,PR05,SU0042,CL000522,COP,2022-05-17,,Activa,37901,0.3821,CA02,DIGITAL_CORE
CU003228,PR16,SU0001,CL001956,MXN,2022-03-27,,Activa,0,0.0152,CA01,CORE_B
CU003229,PR04,SU0018,CL001619,CAD,2019-08-20,,Activa,0,0.0373,CA05,CORE_B
CU003230,PR02,SU0028,CL004347,CLP,2022-07-07,,Activa,0,0,CA05,DIGITAL_CORE
CU003231,PR01,SU0031,CL002712,PEN,2023-04-11,,Activa,0,0.0115,CA03,DIGITAL_CORE
CU003232,PR04,SU0008,CL000781,MXN,2022-08-17,,Activa,0,0.0171,CA03,DIGITAL_CORE
CU003233,PR04,SU0045,CL001553,COP,2023-01-07,,Activa,0,0.0376,CA01,DIGITAL_CORE
CU003234,PR11,SU0006,CL001830,MXN,2021-10-01,,Activa,0,0.0151,CA05,CORE_A
CU003235,PR10,SU0043,CL001582,COP,2022-12-23,,Activa,20746,0.0948,CA03,DIGITAL_CORE
CU003236,PR08,SU0001,CL002652,MXN,2022-03-11,,Activa,20031,0.251,CA03,CORE_B
CU003237,PR17,SU0041,CL000722,COP,2023-01-10,,Activa,0,0.005,CA01,DIGITAL_CORE
CU003238,PR01,SU0049,CL004004,COP,2025-07-02,,Activa,0,0.0085,CA03,CORE_A
CU003239,PR18,SU0016,CL000521,CAD,2022-01-20,,Activa,0,0.0027,CA02,DIGITAL_CORE
CU003240,PR01,SU0016,CL002782,CAD,2020-04-19,,Activa,0,0,CA01,CORE_B
CU003241,PR09,SU0035,CL000200,PEN,2021-11-02,,Activa,283555,0.1407,CA01,CORE_A
CU003242,PR02,SU0048,CL000629,COP,2022-12-15,,Activa,0,0.0064,CA05,CORE_A
CU003243,PR14,SU0022,CL000056,CLP,2022-02-07,,Activa,0,0.0089,CA01,CORE_A
CU003244,PR15,SU0027,CL001439,CLP,2023-05-12,,Activa,0,0.0366,CA03,CORE_B
CU003245,PR09,SU0004,CL000283,MXN,2021-03-28,,Activa,49433,0.1546,CA01,CORE_A
CU003246,PR10,SU0041,CL003060,COP,2021-10-20,,Activa,240142,0.1079,CA05,DIGITAL_CORE
CU003247,PR07,SU0005,CL000598,MXN,2020-01-21,,Activa,98710,0.2957,CA05,DIGITAL_CORE
CU003248,PR11,SU0022,CL001447,CLP,2021-03-17,,Activa,0,0.0152,CA05,CORE_B
CU003249,PR01,SU0037,CL000932,PEN,2020-06-09,,Activa,0,0,CA05,CORE_B
CU003250,PR08,SU0038,CL002023,PEN,2020-10-22,,Activa,79508,0.2399,CA01,CORE_A
CU003251,PR15,SU0048,CL002924,COP,2024-12-07,,Activa,0,0.0438,CA03,DIGITAL_CORE
CU003252,PR15,SU0034,CL000881,PEN,2025-06-26,,Activa,0,0.0616,CA01,CORE_A
CU003253,PR01,SU0041,CL003240,COP,2025-02-09,,Activa,0,0.0159,CA01,CORE_B
CU003254,PR18,SU0015,CL001678,CAD,2022-08-18,,Activa,0,0,CA02,DIGITAL_CORE
CU003255,PR12,SU0046,CL003899,COP,2022-04-05,,Activa,486942,0.1755,CA05,DIGITAL_CORE
CU003256,PR12,SU0044,CL003706,COP,2023-10-20,,Activa,1416478,0.176,CA05,DIGITAL_CORE
CU003257,PR02,SU0010,CL001017,MXN,2025-11-07,,Activa,0,0,CA05,CORE_B
CU003258,PR07,SU0034,CL003711,PEN,2025-08-27,,Activa,35649,0.2773,CA01,CORE_B
CU003259,PR15,SU0044,CL001118,COP,2019-06-12,,Activa,0,0.026,CA05,DIGITAL_CORE
CU003260,PR06,SU0038,CL001491,PEN,2025-09-21,,Activa,50972,0.3219,CA05,CORE_A
CU003261,PR16,SU0043,CL000997,COP,2021-04-16,,Activa,0,0.0081,CA05,DIGITAL_CORE
CU003262,PR06,SU0040,CL004056,PEN,2023-06-13,,Activa,21843,0.3303,CA03,CORE_A
CU003263,PR15,SU0003,CL001980,MXN,2022-07-20,,Activa,0,0.0446,CA05,CORE_A
CU003264,PR05,SU0008,CL002681,MXN,2024-05-31,,Activa,8657,0.3631,CA01,DIGITAL_CORE
CU003265,PR10,SU0048,CL000248,COP,2024-05-28,,Activa,50680,0.1099,CA02,CORE_A
CU003266,PR02,SU0030,CL000444,CLP,2025-01-27,,Activa,0,0,CA05,CORE_B
CU003267,PR18,SU0003,CL002871,MXN,2024-12-02,,Activa,0,0,CA05,DIGITAL_CORE
CU003268,PR15,SU0015,CL002286,CAD,2022-03-31,,Activa,0,0.0282,CA01,DIGITAL_CORE
CU003269,PR01,SU0015,CL002251,CAD,2024-09-03,,Activa,0,0,CA01,CORE_B
CU003270,PR09,SU0045,CL004338,COP,2022-06-08,,Activa,18821,0.1725,CA01,DIGITAL_CORE
CU003271,PR09,SU0045,CL002744,COP,2019-03-04,,Activa,3336,0.1704,CA01,CORE_B
CU003272,PR18,SU0044,CL001998,COP,2023-02-14,,Activa,0,0.0158,CA01,DIGITAL_CORE
CU003273,PR07,SU0005,CL001645,MXN,2019-11-15,,Activa,79307,0.302,CA05,DIGITAL_CORE
CU003274,PR05,SU0025,CL003071,CLP,2023-05-27,,Activa,15580,0.3529,CA02,DIGITAL_CORE
CU003275,PR07,SU0028,CL003598,CLP,2024-05-03,,Activa,125185,0.2836,CA05,CORE_B
CU003276,PR02,SU0014,CL000379,CAD,2019-05-21,,Activa,0,0.0025,CA01,CORE_A
CU003277,PR18,SU0029,CL003862,CLP,2021-10-31,,Bloqueada,0,0.0085,CA03,DIGITAL_CORE
CU003278,PR15,SU0010,CL003026,MXN,2023-06-29,,Activa,0,0.0398,CA03,CORE_B
CU003279,PR02,SU0030,CL003207,CLP,2023-06-21,,Activa,0,0.0083,CA05,DIGITAL_CORE
CU003280,PR06,SU0049,CL003418,COP,2023-01-28,,Activa,17473,0.3338,CA03,DIGITAL_CORE
CU003281,PR04,SU0021,CL002453,CLP,2025-02-12,,Activa,0,0.0526,CA02,CORE_A
CU003282,PR04,SU0038,CL002085,PEN,2024-01-07,,Activa,0,0.0332,CA01,DIGITAL_CORE
CU003283,PR05,SU0046,CL000298,COP,2025-07-19,,Activa,15723,0.3515,CA05,DIGITAL_CORE
CU003284,PR18,SU0005,CL002046,MXN,2024-09-11,,Activa,0,0.0038,CA03,DIGITAL_CORE
CU003285,PR15,SU0021,CL002540,CLP,2019-12-25,2020-11-11,Cerrada,0,0.0633,CA05,DIGITAL_CORE
CU003286,PR18,SU0017,CL000817,CAD,2021-06-20,,Activa,0,0,CA03,CORE_A
CU003287,PR02,SU0013,CL002718,CAD,2020-02-05,,Activa,0,0,CA05,DIGITAL_CORE
CU003288,PR17,SU0047,CL002420,COP,2025-01-18,,Activa,0,0.0158,CA01,CORE_A
CU003289,PR03,SU0022,CL000767,CLP,2024-06-03,,Activa,0,0.0219,CA03,CORE_B
CU003290,PR05,SU0046,CL002795,COP,2025-04-22,,Activa,21984,0.3773,CA01,CORE_B
CU003291,PR04,SU0048,CL002810,COP,2023-04-14,,Activa,0,0.0241,CA05,CORE_A
CU003292,PR07,SU0041,CL004266,COP,2025-01-25,,Activa,30333,0.2767,CA05,CORE_A
CU003293,PR18,SU0013,CL001293,CAD,2020-07-17,,Activa,0,0,CA03,CORE_B
CU003294,PR01,SU0024,CL003188,CLP,2025-09-12,,Activa,0,0.0101,CA02,DIGITAL_CORE
CU003295,PR18,SU0025,CL000648,CLP,2023-04-10,,Activa,0,0.0163,CA05,DIGITAL_CORE
CU003296,PR09,SU0032,CL001467,PEN,2025-07-28,,Activa,21226,0.1483,CA05,CORE_A
CU003297,PR17,SU0010,CL004498,MXN,2023-08-30,,Activa,0,0,CA02,CORE_A
CU003298,PR18,SU0032,CL000809,PEN,2021-04-02,,Activa,0,0.0077,CA03,CORE_A
CU003299,PR18,SU0002,CL000129,MXN,2022-08-01,,Activa,0,0.0226,CA02,CORE_B
CU003300,PR02,SU0047,CL004047,COP,2022-02-22,,Activa,0,0,CA03,DIGITAL_CORE
CU003301,PR01,SU0014,CL003613,CAD,2022-08-09,,Activa,0,0,CA01,CORE_B
CU003302,PR06,SU0025,CL000959,CLP,2020-02-04,,Activa,169893,0.3084,CA05,CORE_A
CU003303,PR03,SU0028,CL003851,CLP,2025-03-24,,Activa,0,0,CA01,CORE_A
CU003304,PR09,SU0010,CL002227,MXN,2020-06-22,,Activa,33044,0.1657,CA05,CORE_A
CU003305,PR14,SU0008,CL002404,MXN,2022-11-14,2025-01-30,Cerrada,0,0.0128,CA01,CORE_B
CU003306,PR15,SU0030,CL003614,CLP,2023-12-28,,Activa,0,0.0433,CA05,CORE_B
CU003307,PR02,SU0038,CL001067,PEN,2022-09-10,,Activa,0,0,CA01,DIGITAL_CORE
CU003308,PR07,SU0023,CL003720,CLP,2025-04-25,,Activa,5548,0.2683,CA05,DIGITAL_CORE
CU003309,PR08,SU0040,CL001018,PEN,2023-04-24,,Activa,137689,0.2556,CA05,CORE_B
CU003310,PR09,SU0015,CL001525,CAD,2025-04-10,,Activa,31281,0.1736,CA01,CORE_B
CU003311,PR13,SU0020,CL001981,CAD,2023-03-13,,Activa,507173,0.1467,CA01,DIGITAL_CORE
CU003312,PR03,SU0049,CL002660,COP,2023-01-05,,Activa,0,0,CA05,CORE_A
CU003313,PR18,SU0048,CL003407,COP,2020-08-08,2022-11-18,Cerrada,0,0.0066,CA02,CORE_B
CU003314,PR01,SU0017,CL003159,CAD,2025-05-27,,Activa,0,0,CA01,CORE_B
CU003315,PR18,SU0032,CL003734,PEN,2021-04-13,,Activa,0,0,CA03,DIGITAL_CORE
CU003316,PR02,SU0045,CL003511,COP,2024-10-16,,Activa,0,0.006,CA01,CORE_B
CU003317,PR04,SU0039,CL003194,PEN,2025-05-23,,Activa,0,0.0534,CA01,CORE_A
CU003318,PR16,SU0040,CL002236,PEN,2019-12-22,,Activa,0,0,CA05,CORE_B
CU003319,PR06,SU0046,CL000162,COP,2023-12-02,,Activa,80611,0.3245,CA05,CORE_A
CU003320,PR10,SU0029,CL004394,CLP,2020-06-12,,Activa,58012,0.1122,CA05,DIGITAL_CORE
CU003321,PR05,SU0023,CL000755,CLP,2025-02-13,,Activa,13017,0.3524,CA05,CORE_A
CU003322,PR06,SU0013,CL003252,CAD,2019-10-31,,Activa,47917,0.3241,CA02,DIGITAL_CORE
CU003323,PR15,SU0028,CL001493,CLP,2022-07-14,,Activa,0,0.0548,CA01,DIGITAL_CORE
CU003324,PR09,SU0023,CL002020,CLP,2025-11-19,,Activa,17780,0.1461,CA05,CORE_A
CU003325,PR02,SU0026,CL003187,CLP,2022-08-21,,Bloqueada,0,0,CA02,CORE_B
CU003326,PR12,SU0005,CL003440,MXN,2025-09-25,,Activa,132463,0.2029,CA01,CORE_B
CU003327,PR05,SU0019,CL002805,CAD,2025-07-21,,Activa,30584,0.3676,CA05,DIGITAL_CORE
CU003328,PR17,SU0003,CL003423,MXN,2025-09-24,,Activa,0,0.0016,CA01,CORE_B
CU003329,PR10,SU0039,CL002943,PEN,2022-08-02,,Activa,15882,0.1112,CA01,CORE_A
CU003330,PR06,SU0036,CL001892,PEN,2021-08-21,,Activa,48634,0.3255,CA05,CORE_A
CU003331,PR18,SU0044,CL001582,COP,2024-02-17,,Activa,0,0.0128,CA02,DIGITAL_CORE
CU003332,PR18,SU0027,CL000172,CLP,2022-12-21,,Activa,0,0.0209,CA05,CORE_B
CU003333,PR08,SU0036,CL004497,PEN,2020-09-25,,Activa,3418,0.2325,CA05,CORE_B
CU003334,PR15,SU0011,CL000541,CAD,2025-10-25,,Activa,0,0.0357,CA05,CORE_A
CU003335,PR09,SU0026,CL002020,CLP,2021-01-28,,Activa,10664,0.1508,CA05,DIGITAL_CORE
CU003336,PR18,SU0021,CL002276,CLP,2024-05-08,,Activa,0,0,CA03,CORE_A
CU003337,PR18,SU0044,CL001369,COP,2024-11-24,,Activa,0,0,CA01,DIGITAL_CORE
CU003338,PR09,SU0005,CL001886,MXN,2025-10-02,,Activa,114238,0.1626,CA03,DIGITAL_CORE
CU003339,PR18,SU0010,CL001954,MXN,2023-03-05,,Activa,0,0.0197,CA01,CORE_A
CU003340,PR18,SU0031,CL001787,PEN,2021-11-11,,Activa,0,0.0099,CA05,CORE_A
CU003341,PR12,SU0006,CL000815,MXN,2020-09-24,,Activa,433392,0.1732,CA05,DIGITAL_CORE
CU003342,PR02,SU0005,CL000968,MXN,2023-07-12,,Activa,0,0.0193,CA05,DIGITAL_CORE
CU003343,PR02,SU0029,CL002825,CLP,2023-07-31,,Activa,0,0.0055,CA05,CORE_B
CU003344,PR03,SU0044,CL003635,COP,2025-03-25,,Activa,0,0,CA05,CORE_B
CU003345,PR15,SU0024,CL001028,CLP,2023-01-18,,Activa,0,0.0443,CA02,DIGITAL_CORE
CU003346,PR05,SU0020,CL000499,CAD,2025-06-05,,Activa,126691,0.3834,CA01,CORE_B
CU003347,PR06,SU0029,CL000348,CLP,2024-02-27,,Activa,63489,0.3345,CA05,CORE_B
CU003348,PR07,SU0041,CL001578,COP,2023-02-12,,Activa,28288,0.2915,CA05,CORE_A
CU003349,PR01,SU0029,CL000250,CLP,2025-05-25,,Activa,0,0,CA01,CORE_B
CU003350,PR01,SU0035,CL001464,PEN,2025-09-06,,Activa,0,0.0048,CA05,CORE_B
CU003351,PR16,SU0049,CL003553,COP,2023-01-24,,Activa,0,0,CA05,DIGITAL_CORE
CU003352,PR03,SU0014,CL001182,CAD,2023-05-09,,Activa,0,0,CA05,CORE_B
CU003353,PR13,SU0005,CL003917,MXN,2020-10-11,,Activa,673645,0.1595,CA01,DIGITAL_CORE
CU003354,PR18,SU0030,CL002144,CLP,2023-03-22,,Activa,0,0,CA05,DIGITAL_CORE
CU003355,PR10,SU0002,CL002925,MXN,2021-02-06,,Activa,323109,0.0931,CA02,CORE_B
CU003356,PR18,SU0027,CL001494,CLP,2023-11-07,,Activa,0,0.0238,CA01,CORE_A
CU003357,PR05,SU0031,CL002300,PEN,2021-11-06,2023-03-31,Cerrada,20790,0.3464,CA05,DIGITAL_CORE
CU003358,PR08,SU0026,CL004386,CLP,2022-08-26,,Activa,59477,0.2342,CA03,CORE_B
CU003359,PR05,SU0033,CL003033,PEN,2025-01-23,,Activa,31930,0.3691,CA05,DIGITAL_CORE
CU003360,PR14,SU0036,CL004312,PEN,2025-01-28,,Activa,0,0.013,CA05,DIGITAL_CORE
CU003361,PR04,SU0009,CL002229,MXN,2018-12-13,,Activa,0,0.0516,CA03,CORE_B
CU003362,PR04,SU0033,CL000915,PEN,2022-12-06,2023-10-29,Cerrada,0,0.0173,CA03,DIGITAL_CORE
CU003363,PR18,SU0008,CL003830,MXN,2023-06-09,,Activa,0,0.0074,CA05,CORE_A
CU003364,PR08,SU0013,CL004375,CAD,2022-12-17,2024-08-18,Cerrada,64819,0.2573,CA01,CORE_A
CU003365,PR04,SU0013,CL000086,CAD,2022-10-04,,Activa,0,0.0256,CA02,CORE_B
CU003366,PR18,SU0048,CL001535,COP,2021-01-20,,Activa,0,0.0159,CA01,CORE_A
CU003367,PR18,SU0049,CL002791,COP,2023-12-03,,Activa,0,0.0135,CA03,CORE_B
CU003368,PR15,SU0032,CL002838,PEN,2022-02-28,,Activa,0,0.0273,CA01,CORE_B
CU003369,PR05,SU0012,CL000086,CAD,2019-12-17,,Activa,19268,0.3567,CA03,DIGITAL_CORE
CU003370,PR10,SU0014,CL002339,CAD,2019-12-29,,Activa,11853,0.1159,CA03,CORE_A
CU003371,PR09,SU0031,CL004341,PEN,2022-09-08,,Activa,196276,0.1571,CA01,CORE_B
CU003372,PR03,SU0049,CL000089,COP,2021-02-01,,Activa,0,0.0016,CA05,DIGITAL_CORE
CU003373,PR09,SU0022,CL000617,CLP,2024-10-12,,Activa,24342,0.1369,CA05,DIGITAL_CORE
CU003374,PR01,SU0010,CL002338,MXN,2019-01-15,,Activa,0,0,CA02,CORE_B
CU003375,PR18,SU0012,CL003089,CAD,2023-04-15,,Activa,0,0,CA03,CORE_B
CU003376,PR18,SU0026,CL003851,CLP,2024-10-08,,Activa,0,0,CA03,CORE_B
CU003377,PR08,SU0022,CL002364,CLP,2024-01-27,,Activa,47480,0.2589,CA03,CORE_A
CU003378,PR02,SU0043,CL003345,COP,2023-06-20,2023-12-31,Cerrada,0,0,CA05,CORE_A
CU003379,PR07,SU0046,CL003514,COP,2023-10-27,,Activa,60902,0.2865,CA05,DIGITAL_CORE
CU003380,PR06,SU0007,CL000201,MXN,2023-03-09,,Bloqueada,6251,0.3217,CA03,CORE_A
CU003381,PR15,SU0035,CL003278,PEN,2025-02-24,,Activa,0,0.0463,CA01,DIGITAL_CORE
CU003382,PR03,SU0014,CL000268,CAD,2021-05-10,,Activa,0,0.0068,CA01,CORE_A
CU003383,PR06,SU0046,CL003433,COP,2022-09-20,,Activa,6335,0.3241,CA01,CORE_A
CU003384,PR04,SU0036,CL000442,PEN,2023-05-19,,Activa,0,0.0412,CA05,CORE_B
CU003385,PR18,SU0023,CL002370,CLP,2023-06-29,,Activa,0,0,CA03,DIGITAL_CORE
CU003386,PR10,SU0011,CL003879,CAD,2025-08-18,,Activa,240108,0.1187,CA02,DIGITAL_CORE
CU003387,PR08,SU0018,CL002265,CAD,2019-10-05,,Activa,12261,0.252,CA03,CORE_B
CU003388,PR02,SU0028,CL002992,CLP,2025-11-02,,Activa,0,0,CA05,CORE_B
CU003389,PR05,SU0029,CL000607,CLP,2023-12-19,,Activa,27250,0.3632,CA02,CORE_A
CU003390,PR18,SU0020,CL003456,CAD,2019-09-10,,Activa,0,0.0169,CA05,CORE_B
CU003391,PR03,SU0005,CL001886,MXN,2022-08-02,,Activa,0,0,CA02,CORE_A
CU003392,PR01,SU0043,CL000047,COP,2021-09-15,,Activa,0,0.0155,CA01,CORE_A
CU003393,PR09,SU0021,CL001963,CLP,2024-10-24,,Activa,4772,0.1661,CA01,DIGITAL_CORE
CU003394,PR03,SU0023,CL001054,CLP,2023-05-22,,Activa,0,0,CA03,CORE_B
CU003395,PR02,SU0020,CL000409,CAD,2022-05-06,,Activa,0,0,CA03,DIGITAL_CORE
CU003396,PR07,SU0047,CL000497,COP,2023-11-13,,Activa,193848,0.2681,CA05,DIGITAL_CORE
CU003397,PR18,SU0043,CL000688,COP,2020-05-13,,Activa,0,0.0138,CA05,DIGITAL_CORE
CU003398,PR18,SU0006,CL003442,MXN,2022-09-05,,Activa,0,0.0167,CA01,DIGITAL_CORE
CU003399,PR03,SU0002,CL000721,MXN,2023-10-01,,Activa,0,0.0254,CA05,CORE_A
CU003400,PR08,SU0038,CL001370,PEN,2023-01-01,,Activa,234294,0.2508,CA03,DIGITAL_CORE
CU003401,PR02,SU0043,CL004228,COP,2023-03-24,,Activa,0,0.0165,CA05,DIGITAL_CORE
CU003402,PR01,SU0012,CL001305,CAD,2021-11-18,2022-04-05,Cerrada,0,0.0076,CA05,CORE_B
CU003403,PR05,SU0010,CL003390,MXN,2022-09-09,,Activa,53033,0.3835,CA05,CORE_B
CU003404,PR18,SU0031,CL004184,PEN,2023-10-19,,Activa,0,0,CA02,DIGITAL_CORE
CU003405,PR07,SU0046,CL003240,COP,2022-02-07,,Activa,60423,0.2939,CA05,CORE_B
CU003406,PR01,SU0019,CL001885,CAD,2025-02-15,,Activa,0,0.0045,CA05,CORE_B
CU003407,PR11,SU0018,CL000514,CAD,2022-08-31,,Activa,0,0.0053,CA05,CORE_A
CU003408,PR05,SU0023,CL001465,CLP,2019-02-16,,Activa,40367,0.3772,CA05,CORE_B
CU003409,PR05,SU0007,CL000682,MXN,2025-03-06,,Activa,9711,0.3629,CA01,DIGITAL_CORE
CU003410,PR14,SU0046,CL002613,COP,2022-03-19,,Activa,0,0,CA02,CORE_B
CU003411,PR18,SU0027,CL001825,CLP,2022-05-31,,Activa,0,0.0227,CA01,CORE_B
CU003412,PR07,SU0002,CL002071,MXN,2021-05-13,,Activa,28214,0.2876,CA02,CORE_A
CU003413,PR18,SU0043,CL002797,COP,2023-08-10,,Activa,0,0.0206,CA01,CORE_B
CU003414,PR10,SU0050,CL004008,COP,2020-11-29,,Activa,282154,0.1061,CA05,DIGITAL_CORE
CU003415,PR18,SU0019,CL001947,CAD,2021-09-28,,Activa,0,0.0076,CA05,CORE_B
CU003416,PR06,SU0041,CL000631,COP,2024-12-15,,Activa,152645,0.3276,CA05,CORE_B
CU003417,PR06,SU0037,CL003289,PEN,2019-08-03,,Activa,62438,0.3195,CA01,CORE_A
CU003418,PR06,SU0009,CL004388,MXN,2023-08-19,,Activa,61352,0.3099,CA03,DIGITAL_CORE
CU003419,PR06,SU0034,CL002482,PEN,2024-08-19,2025-02-04,Cerrada,83314,0.3403,CA01,DIGITAL_CORE
CU003420,PR03,SU0016,CL004452,CAD,2023-11-19,,Activa,0,0.016,CA01,CORE_A
CU003421,PR05,SU0006,CL002856,MXN,2024-02-08,,Bloqueada,47691,0.356,CA01,CORE_A
CU003422,PR06,SU0046,CL000350,COP,2023-07-03,,Activa,37759,0.3334,CA05,CORE_B
CU003423,PR09,SU0011,CL000582,CAD,2024-06-17,,Activa,63998,0.1541,CA01,CORE_B
CU003424,PR15,SU0036,CL003773,PEN,2021-07-10,,Activa,0,0.0276,CA05,CORE_A
CU003425,PR09,SU0025,CL003045,CLP,2019-05-03,2021-06-01,Cerrada,51590,0.161,CA05,DIGITAL_CORE
CU003426,PR13,SU0026,CL000405,CLP,2021-02-07,,Activa,529153,0.1503,CA01,CORE_B
CU003427,PR04,SU0006,CL003251,MXN,2020-12-28,,Activa,0,0.0549,CA01,CORE_B
CU003428,PR01,SU0001,CL002049,MXN,2022-01-05,,Activa,0,0.0096,CA01,CORE_B
CU003429,PR10,SU0007,CL000104,MXN,2020-12-24,,Bloqueada,16937,0.1008,CA05,DIGITAL_CORE
CU003430,PR13,SU0020,CL002290,CAD,2025-11-25,,Activa,72285,0.1519,CA01,CORE_A
CU003431,PR18,SU0050,CL003593,COP,2022-11-09,,Activa,0,0.0112,CA05,CORE_B
CU003432,PR03,SU0026,CL004024,CLP,2023-08-05,,Activa,0,0,CA01,CORE_A
CU003433,PR01,SU0019,CL004178,CAD,2025-03-31,,Activa,0,0,CA03,CORE_A
CU003434,PR09,SU0015,CL002659,CAD,2024-06-18,,Activa,82551,0.1512,CA02,CORE_A
CU003435,PR07,SU0023,CL000471,CLP,2019-03-08,,Activa,4385,0.3015,CA05,CORE_A
CU003436,PR10,SU0018,CL004092,CAD,2024-04-07,,Activa,5567,0.1151,CA02,CORE_B
CU003437,PR07,SU0028,CL002026,CLP,2023-01-26,,Activa,255381,0.2786,CA01,CORE_B
CU003438,PR09,SU0002,CL003898,MXN,2023-01-02,,Activa,11004,0.1379,CA01,CORE_A
CU003439,PR16,SU0020,CL003508,CAD,2024-09-06,,Activa,0,0.0084,CA03,CORE_A
CU003440,PR08,SU0040,CL003723,PEN,2022-04-27,,Activa,9509,0.2585,CA05,CORE_A
CU003441,PR18,SU0009,CL002762,MXN,2025-03-08,,Activa,0,0.0057,CA05,CORE_A
CU003442,PR01,SU0027,CL003288,CLP,2021-06-11,,Activa,0,0.0197,CA05,CORE_B
CU003443,PR16,SU0016,CL002382,CAD,2025-08-01,,Activa,0,0,CA01,DIGITAL_CORE
CU003444,PR18,SU0011,CL003542,CAD,2025-07-05,,Activa,0,0.009,CA03,DIGITAL_CORE
CU003445,PR04,SU0042,CL000466,COP,2025-01-25,,Activa,0,0.0436,CA01,DIGITAL_CORE
CU003446,PR05,SU0004,CL001564,MXN,2023-03-20,,Activa,30138,0.3681,CA01,DIGITAL_CORE
CU003447,PR16,SU0014,CL004088,CAD,2024-01-11,,Activa,0,0.0102,CA03,CORE_B
CU003448,PR04,SU0026,CL000448,CLP,2023-05-10,,Activa,0,0.0188,CA01,DIGITAL_CORE
CU003449,PR15,SU0012,CL002932,CAD,2025-04-29,,Activa,0,0.0255,CA05,CORE_B
CU003450,PR15,SU0024,CL001786,CLP,2023-05-01,,Activa,0,0.0549,CA01,CORE_B
CU003451,PR08,SU0044,CL001429,COP,2019-02-11,,Activa,33372,0.2483,CA03,CORE_B
CU003452,PR15,SU0008,CL003522,MXN,2024-02-14,,Activa,0,0.0636,CA03,CORE_A
CU003453,PR15,SU0016,CL002931,CAD,2023-09-12,,Activa,0,0.0295,CA01,DIGITAL_CORE
CU003454,PR16,SU0043,CL002444,COP,2023-09-05,,Activa,0,0.0027,CA01,CORE_A
CU003455,PR09,SU0033,CL001696,PEN,2023-03-25,,Activa,139565,0.1455,CA05,CORE_B
CU003456,PR18,SU0046,CL001144,COP,2022-03-05,,Activa,0,0.0007,CA02,CORE_B
CU003457,PR09,SU0048,CL002002,COP,2022-09-18,,Activa,31299,0.1546,CA05,CORE_B
CU003458,PR06,SU0001,CL003840,MXN,2021-10-23,,Activa,29346,0.3066,CA01,CORE_B
CU003459,PR18,SU0027,CL000290,CLP,2023-03-08,,Activa,0,0,CA05,DIGITAL_CORE
CU003460,PR01,SU0035,CL001396,PEN,2019-01-08,,Activa,0,0.0194,CA05,CORE_B
CU003461,PR12,SU0049,CL004066,COP,2025-04-05,,Activa,332641,0.1654,CA01,DIGITAL_CORE
CU003462,PR01,SU0017,CL003036,CAD,2025-07-24,,Activa,0,0,CA05,CORE_A
CU003463,PR01,SU0004,CL001600,MXN,2022-07-26,,Activa,0,0,CA05,CORE_B
CU003464,PR02,SU0005,CL003764,MXN,2023-07-11,,Bloqueada,0,0,CA05,CORE_A
CU003465,PR02,SU0020,CL003406,CAD,2022-03-13,,Activa,0,0,CA01,CORE_A
CU003466,PR02,SU0038,CL003711,PEN,2025-02-18,,Activa,0,0,CA01,DIGITAL_CORE
CU003467,PR18,SU0032,CL002397,PEN,2024-03-24,,Activa,0,0.0037,CA02,DIGITAL_CORE
CU003468,PR02,SU0037,CL000545,PEN,2025-10-27,,Activa,0,0.0151,CA05,CORE_A
CU003469,PR15,SU0031,CL004130,PEN,2025-03-15,,Activa,0,0.0401,CA03,CORE_A
CU003470,PR05,SU0039,CL000035,PEN,2021-10-10,,Activa,32425,0.3518,CA01,CORE_A
CU003471,PR05,SU0005,CL004442,MXN,2021-02-16,,Activa,40216,0.3645,CA05,DIGITAL_CORE
CU003472,PR18,SU0017,CL002929,CAD,2021-11-05,,Activa,0,0,CA01,CORE_A
CU003473,PR06,SU0041,CL003292,COP,2025-11-22,,Activa,73875,0.3212,CA02,DIGITAL_CORE
CU003474,PR05,SU0003,CL000963,MXN,2023-02-04,,Activa,6814,0.3838,CA03,CORE_B
CU003475,PR12,SU0019,CL001290,CAD,2024-01-05,,Activa,770994,0.1744,CA05,DIGITAL_CORE
CU003476,PR02,SU0026,CL000597,CLP,2024-04-26,,Activa,0,0.0012,CA05,DIGITAL_CORE
CU003477,PR04,SU0005,CL004425,MXN,2022-07-06,,Activa,0,0.0494,CA01,CORE_B
CU003478,PR03,SU0044,CL003024,COP,2020-08-27,,Activa,0,0.0075,CA01,CORE_A
CU003479,PR05,SU0046,CL001183,COP,2023-02-20,,Activa,127903,0.3451,CA01,CORE_B
CU003480,PR09,SU0009,CL001410,MXN,2025-04-24,,Activa,423561,0.1691,CA02,DIGITAL_CORE
CU003481,PR02,SU0048,CL004376,COP,2025-02-28,,Activa,0,0,CA05,DIGITAL_CORE
CU003482,PR02,SU0021,CL003218,CLP,2025-07-31,,Activa,0,0.0144,CA01,DIGITAL_CORE
CU003483,PR02,SU0044,CL001641,COP,2025-04-02,,Activa,0,0.0018,CA01,DIGITAL_CORE
CU003484,PR14,SU0003,CL002608,MXN,2020-03-12,,Activa,0,0,CA05,DIGITAL_CORE
CU003485,PR04,SU0042,CL001446,COP,2019-10-23,,Activa,0,0.0266,CA05,CORE_A
CU003486,PR04,SU0039,CL000498,PEN,2021-12-02,,Activa,0,0.0517,CA05,DIGITAL_CORE
CU003487,PR11,SU0024,CL002903,CLP,2023-11-27,,Activa,0,0,CA01,DIGITAL_CORE
CU003488,PR01,SU0003,CL002753,MXN,2023-02-20,2025-03-22,Cerrada,0,0.0006,CA05,CORE_A
CU003489,PR17,SU0019,CL000147,CAD,2025-02-07,,Activa,0,0,CA01,CORE_B
CU003490,PR10,SU0003,CL002232,MXN,2019-10-17,2020-07-01,Cerrada,7654,0.0901,CA01,CORE_A
CU003491,PR02,SU0029,CL001860,CLP,2024-10-24,,Activa,0,0,CA01,CORE_B
CU003492,PR02,SU0020,CL004307,CAD,2025-03-13,,Bloqueada,0,0.009,CA05,DIGITAL_CORE
CU003493,PR03,SU0019,CL003364,CAD,2023-07-15,2024-10-31,Cerrada,0,0.0214,CA01,DIGITAL_CORE
CU003494,PR17,SU0037,CL000288,PEN,2024-08-09,2025-12-17,Cerrada,0,0.0028,CA02,DIGITAL_CORE
CU003495,PR07,SU0045,CL002665,COP,2023-11-19,,Activa,171734,0.2867,CA05,CORE_A
CU003496,PR07,SU0015,CL001661,CAD,2021-05-19,,Activa,76122,0.2771,CA05,CORE_B
CU003497,PR01,SU0028,CL001609,CLP,2025-01-12,,Activa,0,0,CA05,CORE_B
CU003498,PR09,SU0009,CL001645,MXN,2023-01-29,,Activa,95852,0.1399,CA01,DIGITAL_CORE
CU003499,PR02,SU0003,CL001583,MXN,2020-07-15,,Activa,0,0.0059,CA05,DIGITAL_CORE
CU003500,PR05,SU0006,CL001226,MXN,2025-02-12,,Activa,35374,0.3791,CA05,CORE_A
CU003501,PR18,SU0047,CL000242,COP,2019-11-29,,Activa,0,0,CA03,CORE_B
CU003502,PR08,SU0006,CL001769,MXN,2021-12-17,,Activa,51836,0.2323,CA01,CORE_B
CU003503,PR06,SU0035,CL000060,PEN,2025-01-27,,Activa,35562,0.3412,CA01,CORE_B
CU003504,PR08,SU0021,CL001398,CLP,2022-05-07,,Activa,27612,0.2398,CA01,CORE_B
CU003505,PR15,SU0036,CL004361,PEN,2021-09-01,,Activa,0,0.0505,CA02,CORE_A
CU003506,PR16,SU0030,CL003288,CLP,2023-07-30,,Activa,0,0.0054,CA05,CORE_A
CU003507,PR11,SU0040,CL004399,PEN,2024-10-29,,Activa,0,0,CA01,CORE_B
CU003508,PR06,SU0042,CL004427,COP,2023-10-17,,Activa,97454,0.341,CA02,DIGITAL_CORE
CU003509,PR06,SU0032,CL002943,PEN,2019-02-25,,Activa,18290,0.3302,CA05,CORE_B
CU003510,PR15,SU0026,CL000624,CLP,2025-06-17,,Activa,0,0.0305,CA01,CORE_B
CU003511,PR18,SU0049,CL004213,COP,2024-03-28,,Activa,0,0.0151,CA01,CORE_A
CU003512,PR04,SU0010,CL002821,MXN,2020-08-14,,Activa,0,0.0327,CA02,CORE_A
CU003513,PR14,SU0025,CL001851,CLP,2023-06-28,,Activa,0,0.015,CA01,CORE_B
CU003514,PR11,SU0013,CL000776,CAD,2025-04-09,,Activa,0,0.007,CA01,DIGITAL_CORE
CU003515,PR09,SU0043,CL001580,COP,2025-02-10,,Activa,4983,0.159,CA01,CORE_A
CU003516,PR16,SU0033,CL004303,PEN,2024-02-24,,Activa,0,0,CA01,CORE_B
CU003517,PR15,SU0006,CL002730,MXN,2022-03-06,,Activa,0,0.0336,CA01,DIGITAL_CORE
CU003518,PR02,SU0020,CL002107,CAD,2024-01-11,,Activa,0,0,CA05,CORE_B
CU003519,PR04,SU0012,CL002880,CAD,2021-06-19,,Activa,0,0.018,CA01,CORE_B
CU003520,PR03,SU0003,CL003578,MXN,2021-09-11,,Activa,0,0,CA01,CORE_A
CU003521,PR06,SU0043,CL003396,COP,2025-07-02,,Activa,20925,0.3154,CA01,CORE_A
CU003522,PR16,SU0027,CL001195,CLP,2023-11-12,,Activa,0,0.0137,CA01,DIGITAL_CORE
CU003523,PR02,SU0042,CL000361,COP,2020-03-14,,Activa,0,0,CA01,CORE_A
CU003524,PR06,SU0047,CL003539,COP,2023-06-04,,Activa,123389,0.3432,CA05,DIGITAL_CORE
CU003525,PR10,SU0043,CL003231,COP,2024-05-27,,Activa,13446,0.1164,CA05,DIGITAL_CORE
CU003526,PR03,SU0044,CL001071,COP,2019-09-15,,Activa,0,0,CA05,DIGITAL_CORE
CU003527,PR09,SU0044,CL003156,COP,2023-10-23,,Activa,78235,0.1455,CA05,CORE_A
CU003528,PR10,SU0040,CL001901,PEN,2021-09-18,,Activa,35323,0.1086,CA05,DIGITAL_CORE
CU003529,PR07,SU0009,CL003212,MXN,2022-10-30,,Activa,26819,0.2928,CA05,CORE_B
CU003530,PR09,SU0043,CL004433,COP,2025-07-02,,Activa,89492,0.1531,CA01,CORE_B
CU003531,PR10,SU0044,CL003192,COP,2022-03-09,,Activa,36523,0.12,CA01,DIGITAL_CORE
CU003532,PR07,SU0034,CL003550,PEN,2021-12-02,,Activa,8184,0.2669,CA05,CORE_B
CU003533,PR10,SU0003,CL002403,MXN,2021-11-09,,Activa,37648,0.0871,CA05,CORE_B
CU003534,PR15,SU0009,CL003438,MXN,2025-03-05,,Activa,0,0.0491,CA03,CORE_B
CU003535,PR06,SU0009,CL003690,MXN,2023-10-06,,Activa,188989,0.3397,CA05,CORE_A
CU003536,PR18,SU0019,CL000734,CAD,2025-08-09,,Activa,0,0,CA02,DIGITAL_CORE
CU003537,PR18,SU0048,CL002314,COP,2020-03-05,,Activa,0,0,CA05,CORE_A
CU003538,PR18,SU0016,CL002368,CAD,2023-05-19,,Activa,0,0.019,CA01,DIGITAL_CORE
CU003539,PR05,SU0015,CL000576,CAD,2025-06-19,,Activa,102959,0.3711,CA03,CORE_B
CU003540,PR04,SU0035,CL002512,PEN,2023-03-02,2024-11-17,Cerrada,0,0.0261,CA01,CORE_A
CU003541,PR04,SU0008,CL000548,MXN,2024-10-17,,Activa,0,0.0263,CA05,CORE_A
CU003542,PR03,SU0018,CL000132,CAD,2021-04-30,,Activa,0,0.012,CA03,DIGITAL_CORE
CU003543,PR02,SU0019,CL000535,CAD,2023-02-04,,Activa,0,0,CA05,CORE_A
CU003544,PR03,SU0036,CL002481,PEN,2023-05-29,,Activa,0,0,CA05,CORE_A
CU003545,PR05,SU0013,CL002781,CAD,2022-09-20,,Activa,57395,0.3495,CA05,DIGITAL_CORE
CU003546,PR10,SU0027,CL003503,CLP,2025-04-13,,Activa,14767,0.0988,CA05,CORE_A
CU003547,PR01,SU0001,CL003727,MXN,2023-01-02,,Activa,0,0,CA05,CORE_A
CU003548,PR04,SU0028,CL003041,CLP,2023-09-11,,Activa,0,0.0547,CA02,CORE_A
CU003549,PR01,SU0007,CL001343,MXN,2022-06-28,,Activa,0,0,CA05,CORE_B
CU003550,PR05,SU0021,CL000300,CLP,2021-10-12,,Activa,45698,0.3591,CA05,DIGITAL_CORE
CU003551,PR18,SU0013,CL003974,CAD,2023-10-10,,Activa,0,0.006,CA05,CORE_B
CU003552,PR15,SU0002,CL001300,MXN,2025-04-12,,Activa,0,0.0455,CA01,CORE_B
CU003553,PR01,SU0035,CL002388,PEN,2021-03-23,,Activa,0,0,CA01,CORE_A
CU003554,PR10,SU0011,CL001968,CAD,2023-08-03,,Activa,18422,0.118,CA05,CORE_B
CU003555,PR12,SU0047,CL000705,COP,2020-12-12,,Activa,4262686,0.1657,CA05,CORE_B
CU003556,PR11,SU0039,CL000270,PEN,2019-05-02,,Activa,0,0,CA01,CORE_B
CU003557,PR07,SU0046,CL002924,COP,2020-03-13,,Activa,17995,0.3032,CA02,CORE_B
CU003558,PR09,SU0013,CL003663,CAD,2024-05-29,,Activa,100341,0.1543,CA05,DIGITAL_CORE
CU003559,PR18,SU0022,CL003188,CLP,2025-07-26,,Activa,0,0.0086,CA05,DIGITAL_CORE
CU003560,PR03,SU0036,CL002479,PEN,2024-09-17,,Activa,0,0.0083,CA01,CORE_B
CU003561,PR11,SU0027,CL002635,CLP,2022-03-03,,Activa,0,0,CA03,CORE_B
CU003562,PR02,SU0009,CL004367,MXN,2019-09-27,,Activa,0,0,CA05,DIGITAL_CORE
CU003563,PR01,SU0003,CL001170,MXN,2019-11-05,,Activa,0,0.0128,CA01,DIGITAL_CORE
CU003564,PR06,SU0010,CL003717,MXN,2020-07-28,,Activa,16014,0.3435,CA01,CORE_A
CU003565,PR17,SU0002,CL003626,MXN,2023-12-19,,Activa,0,0,CA01,CORE_A
CU003566,PR15,SU0033,CL000602,PEN,2024-11-24,,Activa,0,0.0321,CA01,CORE_A
CU003567,PR11,SU0039,CL002219,PEN,2021-04-09,,Activa,0,0.0061,CA01,CORE_A
CU003568,PR03,SU0006,CL002317,MXN,2019-04-06,,Activa,0,0.0266,CA01,CORE_A
CU003569,PR07,SU0018,CL002582,CAD,2018-12-29,,Activa,8065,0.292,CA01,DIGITAL_CORE
CU003570,PR02,SU0021,CL003636,CLP,2023-07-11,,Activa,0,0.0191,CA01,CORE_B
CU003571,PR02,SU0008,CL003131,MXN,2023-10-20,,Activa,0,0,CA05,CORE_A
CU003572,PR15,SU0041,CL004066,COP,2025-01-05,,Activa,0,0.0385,CA01,CORE_A
CU003573,PR08,SU0016,CL003323,CAD,2019-09-16,,Activa,17198,0.2333,CA05,DIGITAL_CORE
CU003574,PR15,SU0017,CL003701,CAD,2021-07-26,,Activa,0,0.0461,CA05,CORE_A
CU003575,PR06,SU0042,CL001294,COP,2020-10-25,,Activa,83784,0.3406,CA03,DIGITAL_CORE
CU003576,PR02,SU0040,CL002467,PEN,2022-07-23,,Activa,0,0.0127,CA01,CORE_B
CU003577,PR07,SU0032,CL000602,PEN,2021-09-13,,Activa,167319,0.2809,CA01,CORE_B
CU003578,PR16,SU0036,CL004173,PEN,2025-05-16,,Activa,0,0.0053,CA05,CORE_B
CU003579,PR12,SU0023,CL000922,CLP,2024-11-15,,Activa,207125,0.1703,CA01,DIGITAL_CORE
CU003580,PR13,SU0048,CL002847,COP,2020-11-14,,Activa,702257,0.1622,CA05,CORE_B
CU003581,PR02,SU0011,CL001777,CAD,2022-10-18,,Activa,0,0,CA03,CORE_A
CU003582,PR17,SU0032,CL003412,PEN,2023-02-01,,Activa,0,0,CA05,CORE_A
CU003583,PR15,SU0048,CL001676,COP,2021-11-21,,Activa,0,0.0397,CA01,CORE_A
CU003584,PR14,SU0012,CL004410,CAD,2021-11-26,,Activa,0,0.0088,CA01,CORE_B
CU003585,PR01,SU0007,CL001862,MXN,2025-06-25,,Activa,0,0.0024,CA05,DIGITAL_CORE
CU003586,PR03,SU0042,CL002435,COP,2019-09-27,,Activa,0,0,CA05,CORE_B
CU003587,PR16,SU0033,CL001618,PEN,2024-05-08,,Activa,0,0.002,CA05,CORE_B
CU003588,PR18,SU0029,CL003360,CLP,2022-01-23,,Activa,0,0,CA03,CORE_A
CU003589,PR06,SU0006,CL001372,MXN,2023-04-15,,Activa,12387,0.3295,CA01,CORE_B
CU003590,PR04,SU0023,CL000590,CLP,2021-02-13,,Activa,0,0.0302,CA01,CORE_A
CU003591,PR18,SU0021,CL002245,CLP,2025-07-07,,Activa,0,0,CA02,CORE_B
CU003592,PR16,SU0030,CL003248,CLP,2022-07-08,,Activa,0,0,CA01,DIGITAL_CORE
CU003593,PR09,SU0040,CL003571,PEN,2024-06-18,,Activa,13498,0.1607,CA03,CORE_A
CU003594,PR08,SU0019,CL001614,CAD,2025-03-31,,Activa,136847,0.2437,CA03,DIGITAL_CORE
CU003595,PR07,SU0021,CL003210,CLP,2024-11-19,,Activa,3631,0.2964,CA01,CORE_B
CU003596,PR03,SU0030,CL001233,CLP,2023-09-02,,Activa,0,0.0004,CA01,CORE_A
CU003597,PR18,SU0029,CL004198,CLP,2025-02-24,,Activa,0,0.0145,CA05,CORE_B
CU003598,PR06,SU0050,CL000093,COP,2023-02-11,,Activa,22048,0.3284,CA01,DIGITAL_CORE
CU003599,PR10,SU0026,CL001153,CLP,2025-09-09,,Activa,75985,0.0856,CA05,DIGITAL_CORE
CU003600,PR04,SU0030,CL000338,CLP,2024-07-10,,Activa,0,0.0268,CA01,CORE_B
CU003601,PR07,SU0010,CL000312,MXN,2025-05-16,,Activa,27593,0.3041,CA01,DIGITAL_CORE
CU003602,PR18,SU0022,CL002295,CLP,2024-10-04,,Activa,0,0,CA01,CORE_B
CU003603,PR01,SU0023,CL002239,CLP,2020-02-02,,Activa,0,0.0019,CA01,CORE_A
CU003604,PR18,SU0040,CL003314,PEN,2020-08-28,,Activa,0,0.0169,CA01,CORE_B
CU003605,PR10,SU0003,CL002145,MXN,2022-03-07,,Activa,5056,0.1158,CA05,CORE_B
CU003606,PR04,SU0001,CL003149,MXN,2021-12-15,,Activa,0,0.0205,CA05,DIGITAL_CORE
CU003607,PR14,SU0029,CL002818,CLP,2020-05-26,,Activa,0,0.0184,CA01,CORE_A
CU003608,PR08,SU0025,CL002901,CLP,2019-11-02,,Activa,44471,0.2319,CA05,CORE_A
CU003609,PR07,SU0024,CL002026,CLP,2025-11-01,,Activa,131494,0.2971,CA05,CORE_A
CU003610,PR08,SU0042,CL000023,COP,2024-03-05,,Activa,21247,0.241,CA01,DIGITAL_CORE
CU003611,PR10,SU0033,CL001282,PEN,2023-03-30,,Activa,41636,0.1137,CA01,CORE_A
CU003612,PR09,SU0008,CL000791,MXN,2023-10-19,,Activa,6254,0.1597,CA02,CORE_B
CU003613,PR09,SU0034,CL001596,PEN,2024-04-28,,Activa,8025,0.1705,CA05,DIGITAL_CORE
CU003614,PR18,SU0015,CL002410,CAD,2021-04-24,,Activa,0,0.0142,CA01,CORE_B
CU003615,PR08,SU0039,CL003861,PEN,2023-02-27,,Activa,11057,0.2562,CA01,DIGITAL_CORE
CU003616,PR02,SU0040,CL000857,PEN,2025-09-14,,Activa,0,0,CA05,DIGITAL_CORE
CU003617,PR15,SU0030,CL003705,CLP,2025-05-13,,Activa,0,0.0411,CA02,DIGITAL_CORE
CU003618,PR03,SU0022,CL001751,CLP,2021-02-10,,Activa,0,0.009,CA05,CORE_B
CU003619,PR01,SU0016,CL002382,CAD,2025-10-31,,Activa,0,0.0061,CA05,CORE_A
CU003620,PR17,SU0025,CL000509,CLP,2020-04-18,,Activa,0,0,CA01,DIGITAL_CORE
CU003621,PR09,SU0046,CL001264,COP,2022-08-29,2023-02-17,Cerrada,21411,0.1593,CA01,CORE_A
CU003622,PR01,SU0006,CL001300,MXN,2025-08-12,,Activa,0,0.0173,CA01,CORE_B
CU003623,PR10,SU0027,CL002895,CLP,2023-10-23,,Activa,28689,0.1119,CA01,CORE_B
CU003624,PR05,SU0009,CL000213,MXN,2023-04-19,,Activa,16450,0.381,CA01,DIGITAL_CORE
CU003625,PR18,SU0036,CL001902,PEN,2023-12-01,,Activa,0,0,CA03,CORE_B
CU003626,PR05,SU0041,CL003997,COP,2021-11-29,2023-08-23,Cerrada,67589,0.378,CA05,DIGITAL_CORE
CU003627,PR01,SU0014,CL004291,CAD,2023-02-07,,Activa,0,0.0012,CA01,DIGITAL_CORE
CU003628,PR18,SU0039,CL004478,PEN,2022-11-20,,Activa,0,0,CA01,DIGITAL_CORE
CU003629,PR09,SU0008,CL004430,MXN,2021-06-06,,Activa,14021,0.1543,CA05,CORE_A
CU003630,PR15,SU0050,CL000978,COP,2022-02-12,,Activa,0,0.032,CA05,CORE_B
CU003631,PR03,SU0033,CL000472,PEN,2021-01-14,,Activa,0,0.0104,CA03,CORE_A
CU003632,PR18,SU0040,CL003874,PEN,2020-03-06,,Activa,0,0,CA02,CORE_B
CU003633,PR14,SU0015,CL003730,CAD,2022-08-02,,Activa,0,0.0077,CA03,CORE_B
CU003634,PR09,SU0031,CL002816,PEN,2024-04-10,,Activa,28373,0.1747,CA05,CORE_B
CU003635,PR02,SU0032,CL002263,PEN,2021-09-24,,Activa,0,0,CA05,CORE_B
CU003636,PR10,SU0009,CL004020,MXN,2025-01-29,,Activa,12771,0.0973,CA05,CORE_B
CU003637,PR18,SU0025,CL001212,CLP,2025-01-06,,Activa,0,0,CA01,CORE_A
CU003638,PR18,SU0022,CL003264,CLP,2024-09-06,,Activa,0,0.0155,CA03,DIGITAL_CORE
CU003639,PR15,SU0036,CL003537,PEN,2022-08-06,,Activa,0,0.0518,CA02,CORE_A
CU003640,PR18,SU0034,CL001215,PEN,2020-04-18,,Activa,0,0.0043,CA05,CORE_A
CU003641,PR01,SU0034,CL003709,PEN,2024-07-14,2025-02-06,Cerrada,0,0.0184,CA01,DIGITAL_CORE
CU003642,PR04,SU0038,CL000329,PEN,2021-08-04,,Activa,0,0.0355,CA05,DIGITAL_CORE
CU003643,PR14,SU0031,CL000844,PEN,2022-03-29,,Activa,0,0,CA01,CORE_A
CU003644,PR15,SU0034,CL001835,PEN,2022-01-29,2023-04-12,Cerrada,0,0.0475,CA02,CORE_B
CU003645,PR09,SU0012,CL002244,CAD,2025-05-08,,Activa,283684,0.1706,CA03,CORE_A
CU003646,PR03,SU0047,CL004490,COP,2023-06-23,,Activa,0,0.0055,CA05,CORE_B
CU003647,PR03,SU0025,CL002483,CLP,2025-07-03,,Activa,0,0.0045,CA05,CORE_B
CU003648,PR06,SU0045,CL001801,COP,2021-06-27,,Activa,31109,0.3103,CA01,DIGITAL_CORE
CU003649,PR11,SU0039,CL000669,PEN,2020-01-01,,Activa,0,0,CA05,CORE_A
CU003650,PR02,SU0044,CL002907,COP,2024-06-20,,Activa,0,0.0017,CA05,CORE_B
CU003651,PR05,SU0011,CL003019,CAD,2023-05-02,,Activa,25292,0.3678,CA05,CORE_B
CU003652,PR13,SU0047,CL000870,COP,2021-05-19,,Activa,8958325,0.1276,CA01,DIGITAL_CORE
CU003653,PR09,SU0028,CL003749,CLP,2019-09-05,,Activa,65354,0.1732,CA03,CORE_A
CU003654,PR04,SU0006,CL001265,MXN,2024-07-23,,Activa,0,0.0439,CA05,CORE_B
CU003655,PR09,SU0010,CL000808,MXN,2023-07-24,,Activa,100517,0.1367,CA05,CORE_A
CU003656,PR07,SU0016,CL004352,CAD,2022-03-10,,Activa,110281,0.2745,CA05,CORE_B
CU003657,PR09,SU0036,CL002915,PEN,2023-12-29,,Activa,32204,0.1637,CA01,DIGITAL_CORE
CU003658,PR01,SU0008,CL002288,MXN,2025-03-03,,Activa,0,0,CA05,DIGITAL_CORE
CU003659,PR09,SU0002,CL002055,MXN,2024-12-04,,Activa,3986,0.1476,CA05,CORE_A
CU003660,PR13,SU0048,CL002611,COP,2025-03-20,,Activa,34961,0.129,CA01,CORE_A
CU003661,PR05,SU0030,CL000141,CLP,2024-01-21,,Activa,9925,0.3489,CA03,DIGITAL_CORE
CU003662,PR16,SU0049,CL004338,COP,2021-02-25,2023-04-10,Cerrada,0,0,CA03,CORE_A
CU003663,PR13,SU0050,CL001633,COP,2024-04-11,,Activa,4330786,0.1298,CA03,CORE_B
CU003664,PR18,SU0002,CL003882,MXN,2024-03-24,,Activa,0,0,CA03,DIGITAL_CORE
CU003665,PR09,SU0042,CL001939,COP,2019-04-03,,Activa,6991,0.1413,CA05,CORE_A
CU003666,PR18,SU0028,CL004015,CLP,2022-07-06,,Activa,0,0.002,CA05,CORE_A
CU003667,PR04,SU0015,CL000209,CAD,2021-06-03,,Activa,0,0.0472,CA05,CORE_B
CU003668,PR15,SU0019,CL001634,CAD,2021-09-11,,Activa,0,0.0388,CA01,DIGITAL_CORE
CU003669,PR12,SU0010,CL004055,MXN,2025-07-09,,Activa,1099991,0.1882,CA03,CORE_A
CU003670,PR18,SU0011,CL002269,CAD,2023-12-07,,Activa,0,0.0235,CA03,CORE_B
CU003671,PR10,SU0041,CL003941,COP,2025-05-21,,Activa,90601,0.1015,CA02,DIGITAL_CORE
CU003672,PR12,SU0015,CL001752,CAD,2024-03-24,,Activa,599353,0.1812,CA05,CORE_B
CU003673,PR01,SU0029,CL000785,CLP,2023-11-01,,Activa,0,0,CA03,CORE_B
CU003674,PR04,SU0024,CL003944,CLP,2023-06-04,,Activa,0,0.0217,CA01,CORE_A
CU003675,PR03,SU0009,CL001728,MXN,2022-05-20,,Activa,0,0,CA03,CORE_B
CU003676,PR05,SU0004,CL000835,MXN,2020-12-01,,Activa,51042,0.3719,CA02,CORE_A
CU003677,PR05,SU0026,CL002206,CLP,2023-05-24,,Activa,33089,0.345,CA05,CORE_A
CU003678,PR06,SU0005,CL003026,MXN,2025-10-17,,Activa,32470,0.3195,CA05,CORE_B
CU003679,PR03,SU0022,CL003186,CLP,2024-06-25,,Activa,0,0.0115,CA01,DIGITAL_CORE
CU003680,PR14,SU0018,CL003831,CAD,2020-06-21,,Activa,0,0.0084,CA02,CORE_A
CU003681,PR06,SU0013,CL003887,CAD,2023-04-22,,Activa,10349,0.3095,CA01,CORE_A
CU003682,PR10,SU0050,CL002078,COP,2021-01-17,,Activa,5507,0.1209,CA05,CORE_A
CU003683,PR02,SU0002,CL004340,MXN,2022-04-18,,Activa,0,0.0149,CA01,CORE_A
CU003684,PR01,SU0001,CL002536,MXN,2024-12-16,,Activa,0,0.0025,CA01,CORE_B
CU003685,PR04,SU0018,CL003696,CAD,2022-01-01,,Activa,0,0.0376,CA01,DIGITAL_CORE
CU003686,PR03,SU0041,CL002399,COP,2019-02-17,,Activa,0,0.016,CA05,CORE_B
CU003687,PR16,SU0048,CL001643,COP,2023-03-18,,Activa,0,0,CA05,CORE_A
CU003688,PR15,SU0015,CL001205,CAD,2023-10-28,,Activa,0,0.0376,CA01,CORE_A
CU003689,PR13,SU0024,CL001455,CLP,2024-11-04,,Activa,215799,0.1504,CA05,DIGITAL_CORE
CU003690,PR15,SU0008,CL000815,MXN,2023-08-12,,Bloqueada,0,0.0596,CA01,CORE_B
CU003691,PR16,SU0015,CL002056,CAD,2019-11-15,,Activa,0,0.0016,CA01,CORE_B
CU003692,PR02,SU0032,CL003073,PEN,2019-09-04,,Activa,0,0.0079,CA01,CORE_A
CU003693,PR18,SU0014,CL004307,CAD,2019-03-04,,Activa,0,0,CA01,CORE_B
CU003694,PR02,SU0010,CL004426,MXN,2024-11-20,,Activa,0,0.0004,CA01,CORE_B
CU003695,PR04,SU0039,CL003161,PEN,2022-08-14,2024-01-05,Cerrada,0,0.0444,CA01,CORE_A
CU003696,PR02,SU0030,CL001781,CLP,2025-02-18,,Activa,0,0,CA01,CORE_A
CU003697,PR17,SU0005,CL003626,MXN,2025-01-13,,Activa,0,0.0182,CA05,CORE_B
CU003698,PR05,SU0042,CL001543,COP,2022-10-05,,Activa,10568,0.3742,CA05,CORE_B
CU003699,PR03,SU0041,CL004254,COP,2019-11-06,,Activa,0,0.0082,CA02,CORE_A
CU003700,PR10,SU0039,CL000121,PEN,2021-02-19,,Activa,37926,0.1193,CA01,DIGITAL_CORE
CU003701,PR04,SU0010,CL002228,MXN,2021-06-17,,Activa,0,0.0189,CA05,CORE_B
CU003702,PR07,SU0004,CL000370,MXN,2023-12-20,,Activa,36897,0.2826,CA02,DIGITAL_CORE
CU003703,PR09,SU0028,CL004083,CLP,2024-06-28,,Activa,48426,0.1507,CA01,CORE_B
CU003704,PR15,SU0005,CL002434,MXN,2021-06-17,,Activa,0,0.0384,CA05,CORE_B
CU003705,PR18,SU0042,CL001907,COP,2019-05-24,,Activa,0,0.0003,CA03,CORE_B
CU003706,PR01,SU0029,CL001703,CLP,2021-03-03,2023-06-22,Cerrada,0,0,CA01,DIGITAL_CORE
CU003707,PR06,SU0010,CL001959,MXN,2023-02-24,,Activa,32942,0.3121,CA05,CORE_A
CU003708,PR12,SU0047,CL000705,COP,2020-08-20,,Activa,1192389,0.2005,CA01,CORE_A
CU003709,PR03,SU0038,CL003246,PEN,2023-02-04,,Activa,0,0,CA05,DIGITAL_CORE
CU003710,PR04,SU0003,CL004479,MXN,2020-11-05,,Activa,0,0.0275,CA02,CORE_A
CU003711,PR08,SU0019,CL000004,CAD,2021-03-10,,Activa,8249,0.2271,CA01,DIGITAL_CORE
CU003712,PR07,SU0018,CL001928,CAD,2022-11-30,2023-10-26,Cerrada,46493,0.2681,CA01,DIGITAL_CORE
CU003713,PR01,SU0039,CL001202,PEN,2023-10-13,,Activa,0,0.0203,CA01,DIGITAL_CORE
CU003714,PR08,SU0030,CL000872,CLP,2023-11-08,,Activa,11948,0.2454,CA05,DIGITAL_CORE
CU003715,PR16,SU0005,CL000515,MXN,2021-12-30,,Activa,0,0,CA05,CORE_B
CU003716,PR18,SU0048,CL000093,COP,2022-03-20,,Activa,0,0,CA05,DIGITAL_CORE
CU003717,PR06,SU0046,CL003184,COP,2020-01-30,,Activa,8361,0.3195,CA01,CORE_B
CU003718,PR18,SU0006,CL002783,MXN,2021-08-26,,Activa,0,0.0101,CA01,CORE_B
CU003719,PR10,SU0047,CL001972,COP,2020-03-26,,Activa,24666,0.0991,CA05,DIGITAL_CORE
CU003720,PR03,SU0036,CL003719,PEN,2025-07-24,,Activa,0,0,CA01,CORE_B
CU003721,PR07,SU0031,CL002296,PEN,2023-03-28,,Activa,115743,0.27,CA03,CORE_B
CU003722,PR08,SU0041,CL001500,COP,2022-05-26,,Bloqueada,23162,0.25,CA02,CORE_A
CU003723,PR07,SU0027,CL002480,CLP,2025-03-05,,Activa,13229,0.2734,CA02,CORE_A
CU003724,PR15,SU0027,CL004111,CLP,2022-11-26,,Activa,0,0.0485,CA05,CORE_A
CU003725,PR15,SU0013,CL000333,CAD,2025-01-07,,Activa,0,0.0373,CA01,DIGITAL_CORE
CU003726,PR16,SU0010,CL003918,MXN,2019-01-04,,Bloqueada,0,0.0089,CA01,CORE_B
CU003727,PR13,SU0003,CL000953,MXN,2022-09-12,,Activa,593496,0.1639,CA05,CORE_A
CU003728,PR03,SU0030,CL001784,CLP,2024-07-22,,Activa,0,0.0239,CA01,DIGITAL_CORE
CU003729,PR05,SU0020,CL002998,CAD,2021-07-29,,Activa,112727,0.3781,CA05,CORE_A
CU003730,PR14,SU0006,CL003145,MXN,2023-05-31,,Activa,0,0.005,CA01,CORE_A
CU003731,PR18,SU0043,CL001861,COP,2025-07-13,,Activa,0,0,CA02,DIGITAL_CORE
CU003732,PR12,SU0027,CL003020,CLP,2025-10-15,,Activa,202466,0.1863,CA03,DIGITAL_CORE
CU003733,PR17,SU0033,CL002187,PEN,2023-08-31,,Activa,0,0.0123,CA05,CORE_A
CU003734,PR08,SU0032,CL000346,PEN,2019-06-17,,Activa,11267,0.247,CA01,DIGITAL_CORE
CU003735,PR01,SU0032,CL002918,PEN,2025-04-29,,Activa,0,0,CA03,CORE_B
CU003736,PR01,SU0037,CL001102,PEN,2022-12-09,,Activa,0,0.0012,CA05,DIGITAL_CORE
CU003737,PR10,SU0031,CL001178,PEN,2021-10-14,,Activa,33012,0.0858,CA01,CORE_A
CU003738,PR06,SU0027,CL000289,CLP,2025-03-16,,Activa,82825,0.3095,CA01,CORE_B
CU003739,PR14,SU0008,CL000307,MXN,2024-04-25,,Activa,0,0,CA05,DIGITAL_CORE
CU003740,PR02,SU0032,CL000809,PEN,2020-08-13,,Activa,0,0,CA03,CORE_B
CU003741,PR16,SU0041,CL004246,COP,2022-08-02,,Activa,0,0,CA05,CORE_A
CU003742,PR08,SU0032,CL002672,PEN,2024-02-25,,Activa,18041,0.2394,CA05,DIGITAL_CORE
CU003743,PR15,SU0044,CL000910,COP,2024-10-24,,Activa,0,0.056,CA05,DIGITAL_CORE
CU003744,PR06,SU0047,CL002287,COP,2020-03-26,,Activa,43459,0.3446,CA05,CORE_A
CU003745,PR05,SU0033,CL004378,PEN,2023-09-22,2025-01-12,Cerrada,3052,0.3782,CA01,CORE_A
CU003746,PR16,SU0015,CL002251,CAD,2025-06-01,,Activa,0,0.0079,CA05,CORE_A
CU003747,PR18,SU0009,CL001273,MXN,2021-07-03,,Activa,0,0,CA01,CORE_A
CU003748,PR11,SU0018,CL003586,CAD,2024-01-03,,Activa,0,0,CA01,CORE_A
CU003749,PR01,SU0020,CL000491,CAD,2024-04-03,,Activa,0,0,CA01,CORE_A
CU003750,PR15,SU0027,CL002985,CLP,2023-06-30,,Activa,0,0.0564,CA01,CORE_B
CU003751,PR16,SU0041,CL003262,COP,2021-03-22,,Activa,0,0.0095,CA05,CORE_B
CU003752,PR07,SU0015,CL002056,CAD,2024-03-25,,Activa,14535,0.3039,CA01,CORE_A
CU003753,PR04,SU0025,CL003203,CLP,2019-04-05,,Activa,0,0.0189,CA03,DIGITAL_CORE
CU003754,PR18,SU0002,CL002516,MXN,2022-06-09,,Bloqueada,0,0,CA03,CORE_B
CU003755,PR08,SU0021,CL003188,CLP,2023-06-11,,Activa,118601,0.2416,CA05,CORE_A
CU003756,PR09,SU0024,CL001398,CLP,2022-05-16,,Activa,16636,0.1614,CA01,CORE_A
CU003757,PR14,SU0032,CL003524,PEN,2025-02-06,,Activa,0,0,CA05,CORE_A
CU003758,PR08,SU0028,CL001816,CLP,2021-08-19,,Activa,44462,0.2541,CA01,DIGITAL_CORE
CU003759,PR02,SU0006,CL004102,MXN,2021-05-28,,Activa,0,0,CA05,DIGITAL_CORE
CU003760,PR01,SU0022,CL003862,CLP,2024-10-16,,Activa,0,0.016,CA02,CORE_A
CU003761,PR01,SU0014,CL003896,CAD,2023-12-02,,Activa,0,0.014,CA03,CORE_B
CU003762,PR04,SU0006,CL003110,MXN,2022-03-07,,Activa,0,0.0335,CA03,DIGITAL_CORE
CU003763,PR10,SU0033,CL002034,PEN,2025-06-19,,Activa,397016,0.1005,CA05,DIGITAL_CORE
CU003764,PR07,SU0022,CL001811,CLP,2020-11-29,,Activa,17761,0.2843,CA01,CORE_B
CU003765,PR04,SU0028,CL000644,CLP,2024-02-08,,Activa,0,0.0272,CA01,CORE_B
CU003766,PR03,SU0002,CL000818,MXN,2024-06-17,,Activa,0,0.0095,CA01,CORE_B
CU003767,PR09,SU0019,CL001130,CAD,2023-07-20,,Activa,53865,0.1397,CA01,CORE_A
CU003768,PR08,SU0007,CL002096,MXN,2025-02-17,,Activa,52079,0.2629,CA05,DIGITAL_CORE
CU003769,PR18,SU0026,CL004245,CLP,2024-05-29,,Activa,0,0.0088,CA02,DIGITAL_CORE
CU003770,PR09,SU0035,CL003869,PEN,2024-10-03,,Activa,40676,0.1634,CA03,CORE_B
CU003771,PR07,SU0043,CL003396,COP,2024-10-01,,Activa,25108,0.2832,CA02,DIGITAL_CORE
CU003772,PR14,SU0010,CL004498,MXN,2023-08-10,,Activa,0,0,CA02,DIGITAL_CORE
CU003773,PR07,SU0023,CL001786,CLP,2024-09-22,,Activa,111466,0.2719,CA01,DIGITAL_CORE
CU003774,PR06,SU0012,CL000116,CAD,2025-11-09,,Activa,15531,0.313,CA01,DIGITAL_CORE
CU003775,PR07,SU0031,CL002094,PEN,2022-01-02,,Activa,32368,0.2651,CA01,CORE_B
CU003776,PR13,SU0034,CL000270,PEN,2025-07-05,,Activa,2288630,0.1479,CA05,DIGITAL_CORE
CU003777,PR09,SU0038,CL000792,PEN,2024-06-22,,Activa,2157,0.1506,CA05,DIGITAL_CORE
CU003778,PR02,SU0044,CL002780,COP,2021-12-25,,Activa,0,0.0004,CA01,DIGITAL_CORE
CU003779,PR16,SU0039,CL004439,PEN,2022-04-26,,Activa,0,0,CA01,CORE_A
CU003780,PR05,SU0027,CL001088,CLP,2024-04-02,,Activa,10962,0.3776,CA01,DIGITAL_CORE
CU003781,PR16,SU0044,CL000170,COP,2025-05-22,,Activa,0,0.0074,CA02,CORE_A
CU003782,PR09,SU0029,CL003361,CLP,2024-04-28,,Activa,73861,0.1695,CA05,CORE_B
CU003783,PR04,SU0015,CL002129,CAD,2022-08-08,,Activa,0,0.0438,CA01,CORE_A
CU003784,PR08,SU0019,CL003133,CAD,2024-02-02,2025-05-17,Cerrada,8852,0.2584,CA01,CORE_B
CU003785,PR03,SU0044,CL001666,COP,2020-06-09,2022-03-21,Cerrada,0,0.0192,CA05,DIGITAL_CORE
CU003786,PR01,SU0019,CL002454,CAD,2025-07-30,,Activa,0,0.0045,CA03,DIGITAL_CORE
CU003787,PR06,SU0002,CL004112,MXN,2022-06-18,,Activa,6839,0.3313,CA05,DIGITAL_CORE
CU003788,PR11,SU0027,CL003028,CLP,2021-05-12,,Activa,0,0,CA02,CORE_A
CU003789,PR06,SU0034,CL001567,PEN,2020-03-13,,Activa,50718,0.3072,CA02,CORE_B
CU003790,PR05,SU0010,CL001944,MXN,2023-03-01,,Activa,428969,0.372,CA01,CORE_A
CU003791,PR03,SU0043,CL002642,COP,2024-09-22,,Activa,0,0.0006,CA01,CORE_B
CU003792,PR17,SU0004,CL002001,MXN,2021-03-23,,Bloqueada,0,0.0196,CA05,DIGITAL_CORE
CU003793,PR09,SU0002,CL002586,MXN,2024-09-27,,Activa,54200,0.1742,CA03,CORE_A
CU003794,PR18,SU0038,CL002513,PEN,2024-09-02,,Activa,0,0.0149,CA01,CORE_B
CU003795,PR18,SU0049,CL001535,COP,2020-10-06,,Activa,0,0,CA05,CORE_B
CU003796,PR09,SU0034,CL004416,PEN,2020-08-06,,Activa,26012,0.1486,CA05,DIGITAL_CORE
CU003797,PR08,SU0044,CL002019,COP,2020-04-12,,Activa,101202,0.2531,CA05,CORE_A
CU003798,PR06,SU0042,CL002159,COP,2024-02-29,,Activa,6069,0.315,CA01,CORE_B
CU003799,PR10,SU0008,CL000583,MXN,2025-08-24,,Activa,77849,0.0977,CA05,CORE_A
CU003800,PR16,SU0016,CL000331,CAD,2024-11-16,,Activa,0,0,CA01,CORE_A
CU003801,PR09,SU0013,CL001928,CAD,2021-04-29,,Bloqueada,21283,0.1426,CA01,DIGITAL_CORE
CU003802,PR08,SU0024,CL003886,CLP,2023-06-24,2024-10-09,Cerrada,28140,0.2502,CA01,CORE_B
CU003803,PR08,SU0042,CL002430,COP,2023-08-31,,Activa,21109,0.2457,CA01,CORE_A
CU003804,PR09,SU0008,CL000528,MXN,2025-05-01,,Activa,5451,0.1693,CA02,CORE_A
CU003805,PR15,SU0019,CL003059,CAD,2023-01-20,,Activa,0,0.0401,CA05,DIGITAL_CORE
CU003806,PR07,SU0048,CL001690,COP,2020-02-13,,Activa,20682,0.2941,CA05,CORE_B
CU003807,PR15,SU0011,CL000132,CAD,2023-11-19,,Activa,0,0.0482,CA03,CORE_A
CU003808,PR08,SU0044,CL003114,COP,2024-08-16,,Activa,259762,0.2464,CA05,DIGITAL_CORE
CU003809,PR07,SU0021,CL000214,CLP,2024-07-01,,Activa,19263,0.2807,CA03,CORE_B
CU003810,PR07,SU0008,CL001554,MXN,2019-12-22,,Activa,35953,0.2738,CA05,DIGITAL_CORE
CU003811,PR04,SU0006,CL003821,MXN,2025-06-18,,Activa,0,0.0484,CA01,CORE_A
CU003812,PR06,SU0040,CL004242,PEN,2024-01-11,,Activa,24819,0.3088,CA01,DIGITAL_CORE
CU003813,PR16,SU0048,CL003031,COP,2025-07-23,,Activa,0,0.0156,CA01,CORE_B
CU003814,PR05,SU0035,CL003359,PEN,2023-12-10,,Activa,533565,0.3737,CA05,CORE_A
CU003815,PR09,SU0045,CL002243,COP,2022-02-16,,Activa,111548,0.1603,CA01,CORE_A
CU003816,PR08,SU0003,CL000746,MXN,2025-01-22,,Activa,228701,0.2498,CA01,CORE_A
CU003817,PR04,SU0043,CL000361,COP,2025-05-17,,Activa,0,0.0538,CA05,DIGITAL_CORE
CU003818,PR02,SU0040,CL003549,PEN,2019-01-22,,Activa,0,0.0208,CA05,CORE_B
CU003819,PR02,SU0037,CL002662,PEN,2025-11-15,,Activa,0,0.0209,CA05,CORE_B
CU003820,PR08,SU0021,CL000054,CLP,2020-12-04,2021-06-09,Cerrada,2234,0.2437,CA02,CORE_B
CU003821,PR15,SU0007,CL001965,MXN,2024-11-08,,Activa,0,0.0425,CA01,CORE_A
CU003822,PR16,SU0029,CL004272,CLP,2019-02-10,,Bloqueada,0,0.0183,CA01,CORE_B
CU003823,PR04,SU0009,CL000157,MXN,2023-06-05,,Activa,0,0.043,CA05,DIGITAL_CORE
CU003824,PR16,SU0019,CL002475,CAD,2021-02-28,,Activa,0,0,CA05,CORE_A
CU003825,PR03,SU0028,CL001488,CLP,2020-08-02,,Activa,0,0,CA01,CORE_B
CU003826,PR03,SU0012,CL003797,CAD,2023-07-18,,Activa,0,0.0269,CA03,DIGITAL_CORE
CU003827,PR09,SU0041,CL000016,COP,2020-09-17,,Activa,4738,0.1405,CA01,CORE_A
CU003828,PR05,SU0006,CL001821,MXN,2023-07-15,,Activa,7497,0.3616,CA01,DIGITAL_CORE
CU003829,PR02,SU0026,CL001028,CLP,2023-03-21,,Activa,0,0.0116,CA03,CORE_B
CU003830,PR18,SU0029,CL002426,CLP,2023-04-06,,Activa,0,0.0174,CA03,CORE_B
CU003831,PR12,SU0035,CL004406,PEN,2020-09-25,,Activa,426794,0.1984,CA01,CORE_B
CU003832,PR07,SU0030,CL001321,CLP,2023-11-17,,Activa,10431,0.2929,CA01,DIGITAL_CORE
CU003833,PR11,SU0020,CL002111,CAD,2021-05-03,,Activa,0,0.02,CA05,CORE_A
CU003834,PR07,SU0018,CL000353,CAD,2025-10-03,,Activa,50136,0.2864,CA01,CORE_B
CU003835,PR18,SU0044,CL000997,COP,2020-06-21,,Activa,0,0.0015,CA03,CORE_B
CU003836,PR16,SU0012,CL000726,CAD,2025-11-16,,Activa,0,0,CA02,DIGITAL_CORE
CU003837,PR18,SU0021,CL003399,CLP,2025-02-05,,Activa,0,0,CA03,CORE_A
CU003838,PR18,SU0018,CL000055,CAD,2020-01-16,,Activa,0,0.0091,CA01,DIGITAL_CORE
CU003839,PR02,SU0035,CL002850,PEN,2022-09-21,2024-01-18,Cerrada,0,0.0035,CA05,CORE_B
CU003840,PR17,SU0002,CL000933,MXN,2025-04-10,,Activa,0,0,CA05,CORE_A
CU003841,PR15,SU0041,CL002869,COP,2023-03-04,,Activa,0,0.0538,CA01,CORE_A
CU003842,PR07,SU0005,CL000836,MXN,2023-02-18,,Activa,46572,0.3034,CA01,CORE_B
CU003843,PR16,SU0021,CL000767,CLP,2022-06-25,,Activa,0,0,CA05,CORE_B
CU003844,PR03,SU0011,CL000140,CAD,2020-02-01,,Activa,0,0,CA02,CORE_A
CU003845,PR07,SU0034,CL000074,PEN,2023-06-20,,Activa,7617,0.2685,CA01,CORE_A
CU003846,PR14,SU0007,CL004380,MXN,2023-04-03,,Activa,0,0.0102,CA01,DIGITAL_CORE
CU003847,PR01,SU0048,CL001694,COP,2024-11-03,,Activa,0,0.0072,CA01,CORE_B
CU003848,PR05,SU0044,CL003393,COP,2024-11-01,,Activa,161187,0.3479,CA03,CORE_A
CU003849,PR01,SU0005,CL001138,MXN,2023-09-03,,Activa,0,0.0085,CA01,CORE_A
CU003850,PR01,SU0028,CL000053,CLP,2021-06-16,,Activa,0,0.0016,CA02,CORE_B
CU003851,PR18,SU0002,CL003015,MXN,2021-06-01,,Activa,0,0,CA01,CORE_B
CU003852,PR09,SU0001,CL003956,MXN,2024-08-13,,Activa,33951,0.1403,CA05,DIGITAL_CORE
CU003853,PR15,SU0032,CL000857,PEN,2024-02-14,,Activa,0,0.0297,CA05,DIGITAL_CORE
CU003854,PR02,SU0029,CL000709,CLP,2025-10-30,,Activa,0,0,CA05,DIGITAL_CORE
CU003855,PR05,SU0007,CL000986,MXN,2022-04-30,,Activa,17680,0.3666,CA02,CORE_A
CU003856,PR04,SU0010,CL003038,MXN,2019-08-15,,Activa,0,0.0439,CA05,DIGITAL_CORE
CU003857,PR02,SU0040,CL004416,PEN,2022-03-04,,Activa,0,0.015,CA01,DIGITAL_CORE
CU003858,PR18,SU0010,CL000283,MXN,2025-06-23,,Activa,0,0.0069,CA01,DIGITAL_CORE
CU003859,PR18,SU0022,CL003483,CLP,2018-11-28,,Activa,0,0.0175,CA03,CORE_B
CU003860,PR13,SU0050,CL002396,COP,2019-07-28,,Activa,409626,0.1427,CA05,CORE_A
CU003861,PR12,SU0018,CL003284,CAD,2024-08-22,,Activa,9172867,0.1909,CA05,DIGITAL_CORE
CU003862,PR18,SU0032,CL004437,PEN,2023-11-16,,Activa,0,0.0211,CA02,CORE_A
CU003863,PR02,SU0018,CL004143,CAD,2025-11-29,,Activa,0,0,CA03,DIGITAL_CORE
CU003864,PR05,SU0042,CL000266,COP,2024-10-29,,Activa,16816,0.3517,CA05,CORE_A
CU003865,PR08,SU0038,CL003960,PEN,2020-04-25,,Activa,126884,0.2554,CA05,DIGITAL_CORE
CU003866,PR12,SU0032,CL003721,PEN,2025-04-29,,Activa,552835,0.1948,CA05,CORE_A
CU003867,PR18,SU0008,CL003859,MXN,2023-05-24,,Activa,0,0.0228,CA05,DIGITAL_CORE
CU003868,PR01,SU0039,CL001084,PEN,2021-04-17,,Activa,0,0,CA05,DIGITAL_CORE
CU003869,PR08,SU0016,CL003547,CAD,2022-08-26,,Activa,9893,0.2528,CA05,CORE_A
CU003870,PR04,SU0003,CL003476,MXN,2024-11-25,,Activa,0,0.0493,CA02,DIGITAL_CORE
CU003871,PR08,SU0002,CL001522,MXN,2025-10-29,,Activa,263381,0.2548,CA05,CORE_A
CU003872,PR08,SU0046,CL001553,COP,2022-11-22,,Activa,17673,0.2438,CA01,CORE_A
CU003873,PR02,SU0033,CL001030,PEN,2025-04-26,,Activa,0,0.011,CA01,DIGITAL_CORE
CU003874,PR01,SU0034,CL001805,PEN,2019-12-11,,Activa,0,0,CA02,CORE_A
CU003875,PR15,SU0028,CL001028,CLP,2023-12-20,2024-07-10,Cerrada,0,0.0336,CA02,CORE_B
CU003876,PR03,SU0004,CL000295,MXN,2019-12-20,,Activa,0,0.0204,CA01,DIGITAL_CORE
CU003877,PR18,SU0028,CL000878,CLP,2024-06-11,,Activa,0,0.0157,CA05,CORE_B
CU003878,PR07,SU0030,CL000766,CLP,2023-11-18,,Activa,276400,0.2888,CA05,DIGITAL_CORE
CU003879,PR09,SU0050,CL002549,COP,2021-02-01,2023-07-15,Cerrada,99098,0.1591,CA05,DIGITAL_CORE
CU003880,PR15,SU0014,CL001141,CAD,2020-10-28,,Activa,0,0.0433,CA05,CORE_B
CU003881,PR09,SU0001,CL001838,MXN,2025-05-19,,Activa,31167,0.1674,CA02,CORE_A
CU003882,PR10,SU0037,CL001516,PEN,2021-06-26,,Activa,7493,0.0916,CA01,DIGITAL_CORE
CU003883,PR11,SU0046,CL000662,COP,2023-02-21,,Activa,0,0.0171,CA05,DIGITAL_CORE
CU003884,PR09,SU0031,CL004391,PEN,2020-02-07,,Activa,464354,0.1532,CA01,CORE_B
CU003885,PR06,SU0035,CL003144,PEN,2023-09-14,,Activa,26836,0.3343,CA01,DIGITAL_CORE
CU003886,PR18,SU0009,CL001165,MXN,2020-09-07,,Activa,0,0,CA02,CORE_A
CU003887,PR09,SU0029,CL003481,CLP,2024-01-08,,Activa,11539,0.1661,CA05,CORE_A
CU003888,PR15,SU0031,CL002574,PEN,2023-08-08,,Activa,0,0.057,CA05,CORE_A
CU003889,PR09,SU0001,CL002241,MXN,2025-09-02,,Activa,87256,0.1612,CA01,CORE_A
CU003890,PR01,SU0016,CL002815,CAD,2022-08-21,,Bloqueada,0,0.0143,CA05,CORE_A
CU003891,PR16,SU0010,CL003366,MXN,2020-02-22,,Activa,0,0,CA05,CORE_B
CU003892,PR13,SU0043,CL000380,COP,2018-12-29,,Activa,1387807,0.1403,CA05,CORE_A
CU003893,PR16,SU0029,CL002862,CLP,2023-11-21,,Activa,0,0,CA01,CORE_A
CU003894,PR18,SU0040,CL003582,PEN,2025-03-01,,Activa,0,0,CA01,CORE_B
CU003895,PR03,SU0033,CL003164,PEN,2022-12-08,,Activa,0,0.0137,CA05,CORE_B
CU003896,PR18,SU0042,CL001259,COP,2022-10-04,,Activa,0,0.0146,CA01,CORE_B
CU003897,PR10,SU0041,CL000497,COP,2022-04-22,,Activa,50492,0.0883,CA01,CORE_B
CU003898,PR06,SU0011,CL001917,CAD,2023-04-17,,Bloqueada,4626,0.3194,CA05,DIGITAL_CORE
CU003899,PR10,SU0020,CL002147,CAD,2023-11-23,,Activa,59628,0.1162,CA05,CORE_A
CU003900,PR06,SU0005,CL001564,MXN,2021-03-26,2022-05-08,Cerrada,60704,0.3193,CA05,DIGITAL_CORE
CU003901,PR04,SU0023,CL000714,CLP,2021-07-16,,Activa,0,0.0399,CA05,CORE_A
CU003902,PR10,SU0020,CL002898,CAD,2019-11-10,2020-09-06,Cerrada,9250,0.1098,CA05,DIGITAL_CORE
CU003903,PR10,SU0024,CL004157,CLP,2023-10-16,,Activa,18820,0.0923,CA01,CORE_A
CU003904,PR12,SU0001,CL002423,MXN,2019-02-15,,Activa,266917,0.1951,CA01,CORE_A
CU003905,PR06,SU0038,CL000920,PEN,2023-04-17,,Activa,14359,0.3232,CA05,CORE_A
CU003906,PR07,SU0011,CL003341,CAD,2020-11-10,2021-10-17,Cerrada,12951,0.2844,CA01,CORE_A
CU003907,PR02,SU0008,CL000682,MXN,2025-02-21,,Bloqueada,0,0.0137,CA01,DIGITAL_CORE
CU003908,PR08,SU0022,CL002206,CLP,2025-03-05,,Activa,18609,0.2385,CA01,DIGITAL_CORE
CU003909,PR18,SU0035,CL003468,PEN,2025-01-14,,Activa,0,0,CA01,CORE_A
CU003910,PR10,SU0046,CL002572,COP,2021-07-30,,Activa,107125,0.118,CA01,DIGITAL_CORE
CU003911,PR08,SU0004,CL001226,MXN,2025-03-30,,Activa,40204,0.2507,CA02,CORE_B
CU003912,PR13,SU0032,CL002301,PEN,2024-02-09,,Activa,9846384,0.1488,CA01,CORE_A
CU003913,PR06,SU0020,CL003002,CAD,2022-06-15,,Activa,7405,0.3147,CA05,DIGITAL_CORE
CU003914,PR07,SU0030,CL004409,CLP,2022-12-04,,Activa,445135,0.2876,CA01,CORE_A
CU003915,PR05,SU0039,CL004026,PEN,2024-07-01,,Activa,417326,0.3727,CA01,CORE_A
CU003916,PR12,SU0034,CL000167,PEN,2019-09-25,,Activa,219275,0.1971,CA03,DIGITAL_CORE
CU003917,PR11,SU0018,CL001926,CAD,2023-10-31,,Activa,0,0,CA02,CORE_A
CU003918,PR02,SU0003,CL003169,MXN,2025-01-21,,Activa,0,0,CA01,DIGITAL_CORE
CU003919,PR08,SU0034,CL000975,PEN,2025-11-21,,Activa,6672,0.2349,CA05,CORE_B
CU003920,PR18,SU0017,CL001166,CAD,2023-04-25,,Activa,0,0,CA01,CORE_B
CU003921,PR01,SU0016,CL000158,CAD,2022-03-11,,Activa,0,0,CA02,DIGITAL_CORE
CU003922,PR07,SU0022,CL004109,CLP,2022-05-24,,Activa,8050,0.2687,CA02,CORE_A
CU003923,PR01,SU0047,CL000699,COP,2024-11-07,,Activa,0,0.0038,CA01,CORE_A
CU003924,PR01,SU0042,CL001323,COP,2022-05-14,,Activa,0,0,CA05,DIGITAL_CORE
CU003925,PR07,SU0015,CL002532,CAD,2022-06-12,,Activa,5712,0.282,CA01,DIGITAL_CORE
CU003926,PR18,SU0025,CL003866,CLP,2024-07-12,,Activa,0,0,CA02,CORE_A
CU003927,PR05,SU0033,CL001832,PEN,2024-10-07,,Activa,16469,0.3774,CA05,DIGITAL_CORE
CU003928,PR18,SU0012,CL003603,CAD,2023-08-23,,Activa,0,0,CA02,CORE_A
CU003929,PR07,SU0037,CL003894,PEN,2020-10-31,,Activa,51386,0.3011,CA01,CORE_B
CU003930,PR07,SU0010,CL003294,MXN,2022-07-15,,Activa,101428,0.2848,CA05,CORE_B
CU003931,PR01,SU0014,CL000094,CAD,2024-04-25,,Activa,0,0,CA02,CORE_A
CU003932,PR18,SU0047,CL000311,COP,2020-01-30,,Activa,0,0,CA05,CORE_A
CU003933,PR13,SU0006,CL004286,MXN,2024-06-08,,Activa,323737,0.1565,CA05,CORE_A
CU003934,PR02,SU0021,CL003322,CLP,2024-12-31,,Activa,0,0,CA02,CORE_A
CU003935,PR06,SU0004,CL002270,MXN,2024-03-25,,Activa,25713,0.3243,CA01,CORE_B
CU003936,PR11,SU0044,CL002162,COP,2025-06-02,,Activa,0,0.012,CA01,CORE_B
CU003937,PR15,SU0019,CL002298,CAD,2019-11-30,,Activa,0,0.0571,CA03,CORE_B
CU003938,PR18,SU0018,CL003408,CAD,2021-07-01,,Activa,0,0,CA01,DIGITAL_CORE
CU003939,PR05,SU0038,CL000881,PEN,2019-08-29,,Activa,7564,0.3473,CA05,CORE_A
CU003940,PR04,SU0005,CL002049,MXN,2019-12-31,,Activa,0,0.0499,CA05,CORE_A
CU003941,PR08,SU0022,CL000689,CLP,2025-05-20,,Activa,5905,0.2381,CA01,DIGITAL_CORE
CU003942,PR12,SU0006,CL001830,MXN,2022-12-09,,Activa,711505,0.1774,CA01,DIGITAL_CORE
CU003943,PR18,SU0042,CL002760,COP,2024-01-29,,Activa,0,0.0173,CA01,CORE_B
CU003944,PR06,SU0026,CL002258,CLP,2019-10-25,,Activa,120085,0.3441,CA01,CORE_A
CU003945,PR02,SU0031,CL003468,PEN,2021-12-17,,Activa,0,0,CA05,DIGITAL_CORE
CU003946,PR10,SU0005,CL002357,MXN,2020-04-01,,Activa,18084,0.0887,CA01,DIGITAL_CORE
CU003947,PR01,SU0038,CL001197,PEN,2025-11-09,,Activa,0,0,CA05,CORE_B
CU003948,PR17,SU0045,CL001012,COP,2020-11-10,,Activa,0,0.0065,CA05,CORE_A
CU003949,PR03,SU0041,CL002354,COP,2022-08-16,,Activa,0,0,CA01,CORE_A
CU003950,PR18,SU0034,CL001546,PEN,2025-03-11,,Activa,0,0,CA05,DIGITAL_CORE
CU003951,PR01,SU0015,CL002325,CAD,2019-10-11,,Activa,0,0,CA02,CORE_B
CU003952,PR18,SU0038,CL004341,PEN,2024-12-31,,Activa,0,0,CA05,CORE_A
CU003953,PR09,SU0032,CL001266,PEN,2019-06-19,,Activa,13822,0.1431,CA05,CORE_A
CU003954,PR07,SU0007,CL004131,MXN,2023-08-15,,Activa,21944,0.2744,CA05,DIGITAL_CORE
CU003955,PR05,SU0025,CL004083,CLP,2024-01-28,,Activa,116714,0.3467,CA05,CORE_B
CU003956,PR14,SU0008,CL003068,MXN,2023-07-17,,Activa,0,0,CA01,CORE_B
CU003957,PR09,SU0040,CL003125,PEN,2021-05-16,,Activa,92782,0.1398,CA01,CORE_B
CU003958,PR14,SU0024,CL000224,CLP,2021-11-01,2022-03-13,Cerrada,0,0,CA02,CORE_B
CU003959,PR06,SU0036,CL001220,PEN,2023-05-06,,Activa,346378,0.3059,CA01,DIGITAL_CORE
CU003960,PR03,SU0002,CL003873,MXN,2024-09-14,,Activa,0,0.0108,CA01,DIGITAL_CORE
CU003961,PR06,SU0026,CL002962,CLP,2022-10-16,,Activa,26642,0.3053,CA01,CORE_A
CU003962,PR10,SU0043,CL004247,COP,2021-11-27,,Activa,29219,0.1037,CA01,CORE_A
CU003963,PR16,SU0030,CL002118,CLP,2025-05-24,,Activa,0,0.0112,CA02,CORE_A
CU003964,PR06,SU0040,CL002970,PEN,2022-04-05,,Activa,17987,0.3434,CA01,DIGITAL_CORE
CU003965,PR10,SU0025,CL004214,CLP,2025-03-08,,Bloqueada,14176,0.0945,CA01,CORE_B
CU003966,PR04,SU0041,CL000613,COP,2024-02-02,,Activa,0,0.026,CA05,CORE_A
CU003967,PR03,SU0003,CL002891,MXN,2022-11-24,,Activa,0,0.021,CA02,CORE_A
CU003968,PR10,SU0022,CL003632,CLP,2025-09-18,,Activa,11625,0.1228,CA05,DIGITAL_CORE
CU003969,PR12,SU0007,CL001073,MXN,2024-05-22,,Activa,297996,0.2018,CA02,CORE_B
CU003970,PR06,SU0045,CL000736,COP,2021-10-11,,Activa,14044,0.332,CA01,DIGITAL_CORE
CU003971,PR08,SU0008,CL002576,MXN,2023-03-23,,Activa,99132,0.2297,CA01,DIGITAL_CORE
CU003972,PR02,SU0017,CL003444,CAD,2023-10-03,,Bloqueada,0,0,CA05,CORE_A
CU003973,PR11,SU0013,CL002707,CAD,2023-11-10,,Activa,0,0,CA01,DIGITAL_CORE
CU003974,PR08,SU0044,CL002667,COP,2021-04-25,,Activa,13964,0.2417,CA01,CORE_B
CU003975,PR14,SU0043,CL004369,COP,2022-01-15,,Activa,0,0.01,CA01,DIGITAL_CORE
CU003976,PR15,SU0043,CL001672,COP,2024-01-29,,Activa,0,0.0295,CA05,CORE_B
CU003977,PR03,SU0006,CL003820,MXN,2025-11-22,,Activa,0,0,CA05,CORE_A
CU003978,PR10,SU0010,CL002690,MXN,2023-08-30,,Activa,2565,0.1209,CA01,CORE_B
CU003979,PR16,SU0028,CL003990,CLP,2023-10-23,,Activa,0,0.0063,CA05,CORE_B
CU003980,PR18,SU0004,CL001728,MXN,2024-05-17,,Activa,0,0.0227,CA03,CORE_B
CU003981,PR09,SU0042,CL002656,COP,2021-12-02,,Activa,21804,0.154,CA05,CORE_B
CU003982,PR02,SU0018,CL002289,CAD,2025-07-18,,Activa,0,0.0124,CA02,CORE_A
CU003983,PR07,SU0034,CL001913,PEN,2023-11-14,,Activa,27471,0.2784,CA01,DIGITAL_CORE
CU003984,PR15,SU0045,CL000935,COP,2025-07-29,,Activa,0,0.0434,CA01,CORE_A
CU003985,PR10,SU0042,CL001312,COP,2023-12-02,,Activa,20494,0.0927,CA02,CORE_B
CU003986,PR15,SU0034,CL003135,PEN,2022-08-30,,Activa,0,0.0408,CA03,CORE_A
CU003987,PR03,SU0037,CL002034,PEN,2019-06-29,,Activa,0,0.0137,CA05,CORE_B
CU003988,PR10,SU0048,CL003854,COP,2024-11-05,,Activa,17895,0.1139,CA05,CORE_A
CU003989,PR09,SU0016,CL004000,CAD,2025-02-13,,Activa,40808,0.143,CA05,DIGITAL_CORE
CU003990,PR07,SU0047,CL000321,COP,2020-07-22,,Activa,12915,0.2658,CA01,DIGITAL_CORE
CU003991,PR13,SU0014,CL001127,CAD,2024-05-28,,Activa,4117532,0.1408,CA01,DIGITAL_CORE
CU003992,PR10,SU0046,CL003309,COP,2024-03-23,,Activa,23477,0.1196,CA01,CORE_B
CU003993,PR06,SU0012,CL001050,CAD,2020-01-01,2021-10-10,Cerrada,11210,0.3308,CA05,CORE_A
CU003994,PR03,SU0046,CL002806,COP,2023-09-29,,Activa,0,0,CA05,CORE_B
CU003995,PR16,SU0031,CL004242,PEN,2020-11-26,,Activa,0,0,CA02,CORE_A
CU003996,PR18,SU0008,CL000789,MXN,2021-09-30,2022-01-30,Cerrada,0,0.0194,CA03,CORE_A
CU003997,PR10,SU0024,CL003261,CLP,2022-11-06,,Activa,27427,0.1058,CA01,CORE_A
CU003998,PR04,SU0001,CL004102,MXN,2022-09-03,,Activa,0,0.0204,CA05,DIGITAL_CORE
CU003999,PR16,SU0006,CL002743,MXN,2021-12-15,,Activa,0,0.0059,CA01,CORE_A
CU004000,PR10,SU0035,CL001197,PEN,2022-05-11,,Activa,8064,0.0866,CA01,CORE_A
CU004001,PR01,SU0004,CL003562,MXN,2025-11-02,,Activa,0,0.0038,CA03,CORE_B
CU004002,PR06,SU0050,CL003472,COP,2022-08-01,2023-08-12,Cerrada,103641,0.3307,CA01,DIGITAL_CORE
CU004003,PR15,SU0003,CL001289,MXN,2023-07-08,,Activa,0,0.0298,CA01,CORE_A
CU004004,PR18,SU0016,CL002619,CAD,2022-06-02,,Activa,0,0.0124,CA05,CORE_B
CU004005,PR05,SU0012,CL003376,CAD,2018-12-28,,Bloqueada,34268,0.3683,CA02,CORE_B
CU004006,PR07,SU0040,CL002662,PEN,2021-03-17,,Activa,19783,0.3039,CA01,CORE_A
CU004007,PR18,SU0013,CL002298,CAD,2025-05-22,,Activa,0,0,CA02,CORE_A
CU004008,PR04,SU0001,CL000625,MXN,2022-11-02,,Activa,0,0.024,CA03,DIGITAL_CORE
CU004009,PR15,SU0048,CL003708,COP,2023-12-20,,Activa,0,0.0376,CA05,CORE_A
CU004010,PR17,SU0043,CL002396,COP,2020-08-19,,Activa,0,0.0079,CA01,CORE_B
CU004011,PR01,SU0026,CL002466,CLP,2024-10-27,,Activa,0,0,CA05,CORE_A
CU004012,PR16,SU0019,CL004217,CAD,2025-11-06,,Activa,0,0.0129,CA02,CORE_A
CU004013,PR04,SU0011,CL004417,CAD,2020-04-08,,Activa,0,0.0198,CA05,CORE_A
CU004014,PR18,SU0023,CL001783,CLP,2025-01-02,,Activa,0,0.0013,CA02,CORE_A
CU004015,PR09,SU0012,CL001657,CAD,2024-08-23,,Activa,6112,0.1434,CA02,CORE_B
CU004016,PR11,SU0038,CL003412,PEN,2025-01-01,,Activa,0,0,CA01,CORE_B
CU004017,PR18,SU0034,CL002930,PEN,2020-04-23,,Activa,0,0.0089,CA02,CORE_A
CU004018,PR18,SU0030,CL003862,CLP,2021-06-20,,Activa,0,0.0176,CA05,DIGITAL_CORE
CU004019,PR07,SU0049,CL001340,COP,2021-08-30,2022-03-08,Cerrada,25291,0.2771,CA01,CORE_A
CU004020,PR08,SU0009,CL000652,MXN,2024-06-17,,Activa,14248,0.2539,CA01,CORE_A
CU004021,PR06,SU0010,CL003786,MXN,2020-07-02,,Activa,139232,0.3382,CA05,CORE_A
CU004022,PR17,SU0033,CL003003,PEN,2022-11-12,,Activa,0,0,CA01,CORE_B
CU004023,PR16,SU0009,CL001925,MXN,2024-09-25,,Activa,0,0.0192,CA01,DIGITAL_CORE
CU004024,PR15,SU0023,CL001081,CLP,2022-01-28,,Activa,0,0.0458,CA03,CORE_A
CU004025,PR14,SU0034,CL002222,PEN,2024-02-21,,Activa,0,0.0131,CA02,CORE_B
CU004026,PR15,SU0045,CL003101,COP,2023-11-22,,Activa,0,0.0547,CA03,DIGITAL_CORE
CU004027,PR15,SU0006,CL003686,MXN,2019-02-17,,Activa,0,0.0527,CA05,CORE_B
CU004028,PR18,SU0007,CL002497,MXN,2019-10-15,,Activa,0,0.0108,CA05,DIGITAL_CORE
CU004029,PR08,SU0037,CL000602,PEN,2025-10-13,,Activa,34506,0.2431,CA01,CORE_B
CU004030,PR08,SU0015,CL002592,CAD,2025-03-21,,Activa,127733,0.2616,CA01,DIGITAL_CORE
CU004031,PR18,SU0041,CL002149,COP,2025-09-18,,Activa,0,0.0145,CA05,CORE_B
CU004032,PR09,SU0038,CL003335,PEN,2022-11-23,,Activa,296251,0.1409,CA05,DIGITAL_CORE
CU004033,PR15,SU0002,CL003200,MXN,2020-07-11,2022-04-08,Cerrada,0,0.0322,CA01,DIGITAL_CORE
CU004034,PR08,SU0013,CL003896,CAD,2020-04-06,,Activa,15575,0.2629,CA03,CORE_B
CU004035,PR11,SU0003,CL002442,MXN,2022-12-02,,Activa,0,0,CA01,CORE_A
CU004036,PR10,SU0037,CL001668,PEN,2025-01-12,,Activa,24091,0.1014,CA05,CORE_B
CU004037,PR17,SU0025,CL002818,CLP,2021-04-08,,Activa,0,0,CA05,CORE_B
CU004038,PR04,SU0008,CL001444,MXN,2022-08-26,,Activa,0,0.0344,CA01,DIGITAL_CORE
CU004039,PR14,SU0036,CL002187,PEN,2022-01-10,,Activa,0,0.0056,CA01,CORE_B
CU004040,PR01,SU0032,CL003801,PEN,2022-07-01,,Activa,0,0,CA01,DIGITAL_CORE
CU004041,PR15,SU0024,CL001317,CLP,2020-08-09,,Activa,0,0.0412,CA05,CORE_A
CU004042,PR18,SU0039,CL001208,PEN,2021-06-12,,Activa,0,0.0074,CA05,CORE_A
CU004043,PR15,SU0025,CL000424,CLP,2019-09-17,,Activa,0,0.0444,CA05,DIGITAL_CORE
CU004044,PR15,SU0047,CL000248,COP,2023-07-05,,Activa,0,0.0329,CA02,CORE_A
CU004045,PR18,SU0008,CL003952,MXN,2024-11-27,,Activa,0,0.0042,CA05,CORE_B
CU004046,PR12,SU0023,CL000359,CLP,2025-02-04,,Activa,357898,0.1795,CA05,CORE_A
CU004047,PR03,SU0046,CL000897,COP,2023-09-29,,Activa,0,0,CA01,CORE_B
CU004048,PR05,SU0025,CL002905,CLP,2025-03-21,,Activa,35756,0.3511,CA01,CORE_B
CU004049,PR08,SU0011,CL003963,CAD,2023-07-25,,Activa,5195,0.2547,CA01,DIGITAL_CORE
CU004050,PR18,SU0008,CL001895,MXN,2022-06-08,,Activa,0,0,CA02,CORE_B
CU004051,PR18,SU0002,CL003272,MXN,2025-08-04,,Activa,0,0.0229,CA05,CORE_A
CU004052,PR08,SU0041,CL000674,COP,2019-03-08,,Activa,4650,0.258,CA01,CORE_A
CU004053,PR18,SU0040,CL003874,PEN,2023-02-13,,Activa,0,0.0218,CA01,CORE_B
CU004054,PR10,SU0049,CL000867,COP,2023-10-24,,Activa,16652,0.1231,CA01,CORE_A
CU004055,PR16,SU0017,CL000044,CAD,2019-05-27,,Activa,0,0.0163,CA02,CORE_B
CU004056,PR15,SU0024,CL001284,CLP,2025-01-31,,Activa,0,0.0317,CA05,CORE_B
CU004057,PR08,SU0023,CL003185,CLP,2025-11-27,,Activa,268100,0.2381,CA01,CORE_A
CU004058,PR07,SU0038,CL000724,PEN,2021-05-13,,Activa,102689,0.3005,CA05,CORE_B
CU004059,PR11,SU0030,CL000882,CLP,2024-05-20,,Activa,0,0,CA05,CORE_A
CU004060,PR08,SU0026,CL001156,CLP,2023-01-07,,Activa,312620,0.2471,CA05,CORE_B
CU004061,PR14,SU0003,CL004279,MXN,2023-07-19,,Activa,0,0.0122,CA02,CORE_A
CU004062,PR04,SU0037,CL000082,PEN,2025-01-14,,Activa,0,0.0372,CA01,DIGITAL_CORE
CU004063,PR17,SU0028,CL001836,CLP,2021-05-04,,Activa,0,0.0013,CA05,CORE_A
CU004064,PR08,SU0045,CL002469,COP,2023-06-16,,Bloqueada,163387,0.2501,CA05,CORE_B
CU004065,PR01,SU0011,CL000817,CAD,2022-11-18,2024-09-11,Cerrada,0,0,CA03,DIGITAL_CORE
CU004066,PR08,SU0007,CL000454,MXN,2020-04-07,,Activa,21873,0.2629,CA01,DIGITAL_CORE
CU004067,PR18,SU0003,CL002474,MXN,2024-06-02,,Activa,0,0,CA05,CORE_B
CU004068,PR18,SU0041,CL003175,COP,2023-03-16,,Activa,0,0.0193,CA05,DIGITAL_CORE
CU004069,PR04,SU0024,CL000569,CLP,2024-11-23,,Activa,0,0.0208,CA01,CORE_B
CU004070,PR15,SU0044,CL000643,COP,2022-02-25,,Activa,0,0.0475,CA01,CORE_A
CU004071,PR03,SU0031,CL000881,PEN,2025-01-21,,Activa,0,0.0022,CA01,CORE_A
CU004072,PR10,SU0002,CL001992,MXN,2021-06-17,,Activa,16129,0.0931,CA05,DIGITAL_CORE
CU004073,PR02,SU0042,CL002371,COP,2023-06-07,,Activa,0,0.0089,CA01,DIGITAL_CORE
CU004074,PR07,SU0037,CL003229,PEN,2025-02-13,,Activa,17889,0.2884,CA02,CORE_B
CU004075,PR15,SU0039,CL002883,PEN,2025-08-10,,Activa,0,0.0364,CA05,DIGITAL_CORE
CU004076,PR06,SU0021,CL003281,CLP,2022-11-22,,Activa,11885,0.3275,CA05,CORE_B
CU004077,PR05,SU0018,CL003137,CAD,2020-11-13,,Activa,44095,0.3479,CA05,DIGITAL_CORE
CU004078,PR02,SU0046,CL004476,COP,2022-06-09,,Activa,0,0,CA01,CORE_A
CU004079,PR07,SU0024,CL000289,CLP,2025-11-07,,Activa,63014,0.3005,CA01,DIGITAL_CORE
CU004080,PR09,SU0039,CL000387,PEN,2023-10-19,,Activa,71116,0.144,CA01,CORE_A
CU004081,PR01,SU0011,CL002699,CAD,2021-09-10,2023-03-02,Cerrada,0,0.0025,CA01,CORE_B
CU004082,PR10,SU0028,CL002093,CLP,2023-07-09,,Activa,120608,0.1137,CA05,CORE_A
CU004083,PR06,SU0017,CL003592,CAD,2024-11-12,,Activa,8317,0.3385,CA02,CORE_A
CU004084,PR17,SU0022,CL003404,CLP,2024-02-26,2024-09-25,Cerrada,0,0.0047,CA01,DIGITAL_CORE
CU004085,PR06,SU0021,CL002704,CLP,2022-09-02,,Activa,179993,0.3154,CA01,CORE_A
CU004086,PR11,SU0021,CL002645,CLP,2020-03-18,,Activa,0,0,CA05,CORE_B
CU004087,PR15,SU0003,CL001349,MXN,2021-09-17,,Activa,0,0.0465,CA05,DIGITAL_CORE
CU004088,PR12,SU0021,CL003765,CLP,2025-09-08,,Activa,973857,0.1734,CA05,DIGITAL_CORE
CU004089,PR16,SU0018,CL002178,CAD,2023-07-12,2025-11-05,Cerrada,0,0.0182,CA05,CORE_B
CU004090,PR07,SU0016,CL002855,CAD,2021-07-03,,Activa,42033,0.2964,CA01,CORE_B
CU004091,PR09,SU0028,CL003579,CLP,2025-01-01,,Activa,64140,0.144,CA03,CORE_B
CU004092,PR16,SU0013,CL001624,CAD,2023-08-14,,Activa,0,0,CA01,CORE_A
CU004093,PR18,SU0014,CL004075,CAD,2024-11-23,,Activa,0,0.0041,CA03,CORE_A
CU004094,PR10,SU0037,CL004115,PEN,2025-06-25,,Activa,16457,0.123,CA01,CORE_B
CU004095,PR05,SU0025,CL001742,CLP,2023-06-13,,Activa,21686,0.3743,CA03,CORE_A
CU004096,PR02,SU0048,CL002715,COP,2021-12-08,,Activa,0,0,CA05,DIGITAL_CORE
CU004097,PR10,SU0037,CL002482,PEN,2022-10-08,,Activa,102605,0.1191,CA05,CORE_B
CU004098,PR18,SU0010,CL000657,MXN,2023-03-14,,Activa,0,0,CA01,DIGITAL_CORE
CU004099,PR07,SU0003,CL003870,MXN,2022-04-26,,Activa,9403,0.2771,CA01,CORE_B
CU004100,PR10,SU0011,CL000535,CAD,2025-03-23,,Activa,90807,0.0864,CA05,CORE_B
CU004101,PR08,SU0001,CL000611,MXN,2023-06-19,,Activa,27129,0.2304,CA01,DIGITAL_CORE
CU004102,PR06,SU0040,CL001640,PEN,2023-11-20,,Activa,31737,0.3109,CA01,CORE_A
CU004103,PR18,SU0014,CL000140,CAD,2020-07-29,,Activa,0,0.0168,CA03,DIGITAL_CORE
CU004104,PR18,SU0042,CL001322,COP,2023-07-21,,Activa,0,0,CA01,CORE_A
CU004105,PR01,SU0001,CL003169,MXN,2024-04-14,,Activa,0,0,CA05,CORE_B
CU004106,PR10,SU0032,CL002950,PEN,2023-12-29,,Activa,9821,0.0853,CA01,CORE_B
CU004107,PR18,SU0002,CL002562,MXN,2021-10-21,,Activa,0,0.0129,CA02,CORE_A
CU004108,PR10,SU0006,CL000445,MXN,2021-09-14,,Activa,101241,0.1175,CA01,CORE_A
CU004109,PR16,SU0019,CL001428,CAD,2022-11-16,,Activa,0,0.0116,CA01,CORE_B
CU004110,PR18,SU0038,CL000523,PEN,2024-02-02,2024-07-08,Cerrada,0,0.0162,CA05,CORE_A
CU004111,PR04,SU0002,CL001522,MXN,2025-01-30,,Activa,0,0.0499,CA01,CORE_A
CU004112,PR03,SU0044,CL003817,COP,2022-01-16,,Activa,0,0,CA05,DIGITAL_CORE
CU004113,PR14,SU0045,CL000328,COP,2023-01-05,,Activa,0,0.017,CA05,DIGITAL_CORE
CU004114,PR12,SU0027,CL000710,CLP,2025-05-09,,Activa,121834,0.1721,CA01,DIGITAL_CORE
CU004115,PR18,SU0050,CL000842,COP,2023-02-26,,Activa,0,0,CA01,DIGITAL_CORE
CU004116,PR05,SU0004,CL001098,MXN,2021-08-28,,Activa,35357,0.3791,CA01,CORE_B
CU004117,PR16,SU0027,CL002947,CLP,2018-12-21,,Activa,0,0,CA02,DIGITAL_CORE
CU004118,PR03,SU0042,CL001616,COP,2019-10-28,,Activa,0,0.0246,CA05,DIGITAL_CORE
CU004119,PR08,SU0016,CL001684,CAD,2023-06-03,,Activa,64866,0.2619,CA01,CORE_A
CU004120,PR04,SU0017,CL000199,CAD,2025-05-07,,Activa,0,0.0399,CA01,DIGITAL_CORE
CU004121,PR08,SU0027,CL001437,CLP,2024-07-09,,Activa,353242,0.2554,CA05,DIGITAL_CORE
CU004122,PR18,SU0007,CL001372,MXN,2024-11-24,,Activa,0,0.0143,CA05,DIGITAL_CORE
CU004123,PR16,SU0041,CL003737,COP,2021-02-05,2021-07-20,Cerrada,0,0,CA01,CORE_B
CU004124,PR18,SU0017,CL004468,CAD,2024-03-17,,Activa,0,0,CA02,CORE_B
CU004125,PR10,SU0038,CL003182,PEN,2024-09-15,,Activa,26873,0.0858,CA01,CORE_A
CU004126,PR03,SU0042,CL002552,COP,2020-05-12,,Activa,0,0.0081,CA01,CORE_A
CU004127,PR06,SU0021,CL000692,CLP,2023-09-17,2025-03-03,Cerrada,28854,0.3156,CA05,CORE_B
CU004128,PR05,SU0030,CL003395,CLP,2023-08-31,,Activa,48340,0.3796,CA02,CORE_B
CU004129,PR16,SU0015,CL002592,CAD,2020-05-02,,Activa,0,0,CA01,CORE_B
CU004130,PR04,SU0036,CL002422,PEN,2020-07-01,,Activa,0,0.0397,CA01,CORE_B
CU004131,PR16,SU0047,CL000179,COP,2019-02-07,,Activa,0,0.0196,CA02,CORE_B
CU004132,PR07,SU0021,CL004027,CLP,2025-07-30,,Activa,340113,0.2761,CA05,DIGITAL_CORE
CU004133,PR18,SU0003,CL002205,MXN,2022-10-21,,Activa,0,0,CA05,CORE_B
CU004134,PR11,SU0024,CL000224,CLP,2025-06-08,,Activa,0,0.0149,CA05,CORE_B
CU004135,PR18,SU0001,CL002788,MXN,2020-03-29,,Activa,0,0,CA02,CORE_B
CU004136,PR04,SU0013,CL002142,CAD,2024-12-31,,Activa,0,0.0482,CA03,CORE_B
CU004137,PR03,SU0001,CL001011,MXN,2022-02-11,2023-11-13,Cerrada,0,0,CA01,CORE_B
CU004138,PR05,SU0033,CL001919,PEN,2024-04-16,,Activa,39980,0.3706,CA05,CORE_B
CU004139,PR05,SU0009,CL003528,MXN,2020-12-19,,Activa,13904,0.3844,CA01,CORE_B
CU004140,PR16,SU0025,CL000786,CLP,2025-03-30,,Activa,0,0.0143,CA05,CORE_A
CU004141,PR02,SU0031,CL000159,PEN,2022-03-16,,Activa,0,0,CA01,CORE_A
CU004142,PR09,SU0047,CL004264,COP,2019-10-11,,Activa,12743,0.1506,CA05,CORE_B
CU004143,PR02,SU0001,CL002448,MXN,2022-09-07,,Activa,0,0,CA02,CORE_B
CU004144,PR05,SU0043,CL002914,COP,2020-06-05,,Activa,13216,0.3461,CA01,CORE_B
CU004145,PR03,SU0006,CL001627,MXN,2022-12-13,,Activa,0,0,CA05,CORE_B
CU004146,PR02,SU0026,CL004350,CLP,2019-05-29,,Activa,0,0,CA05,CORE_A
CU004147,PR08,SU0046,CL004246,COP,2019-10-22,,Activa,7340,0.236,CA05,CORE_A
CU004148,PR02,SU0027,CL001167,CLP,2020-12-27,,Activa,0,0.0026,CA01,CORE_B
CU004149,PR10,SU0036,CL004358,PEN,2021-11-05,,Activa,2367,0.0975,CA02,DIGITAL_CORE
CU004150,PR15,SU0032,CL001759,PEN,2019-06-02,,Activa,0,0.0635,CA01,CORE_A
CU004151,PR18,SU0033,CL004056,PEN,2022-05-08,,Activa,0,0.0072,CA05,DIGITAL_CORE
CU004152,PR18,SU0020,CL004398,CAD,2025-06-19,,Activa,0,0,CA02,CORE_A
CU004153,PR16,SU0041,CL001152,COP,2024-11-12,,Activa,0,0,CA01,CORE_A
CU004154,PR16,SU0047,CL000299,COP,2022-08-28,,Activa,0,0.0144,CA05,CORE_A
CU004155,PR15,SU0021,CL001222,CLP,2025-06-05,,Bloqueada,0,0.065,CA05,CORE_A
CU004156,PR16,SU0003,CL000454,MXN,2019-07-04,,Activa,0,0,CA05,DIGITAL_CORE
CU004157,PR07,SU0007,CL002832,MXN,2023-12-02,,Activa,32203,0.3001,CA01,CORE_A
CU004158,PR01,SU0024,CL003041,CLP,2022-04-05,,Activa,0,0,CA02,CORE_B
CU004159,PR15,SU0004,CL003532,MXN,2020-03-19,,Activa,0,0.045,CA01,DIGITAL_CORE
CU004160,PR18,SU0047,CL003836,COP,2025-06-20,,Activa,0,0,CA01,CORE_A
CU004161,PR02,SU0022,CL001929,CLP,2022-12-14,,Activa,0,0,CA05,CORE_B
CU004162,PR05,SU0017,CL001714,CAD,2020-10-23,,Activa,207338,0.3471,CA03,DIGITAL_CORE
CU004163,PR18,SU0034,CL003791,PEN,2022-08-12,,Activa,0,0,CA03,CORE_B
CU004164,PR04,SU0029,CL003844,CLP,2019-03-05,,Activa,0,0.0271,CA05,CORE_B
CU004165,PR10,SU0043,CL000244,COP,2024-03-12,,Activa,51231,0.0964,CA05,CORE_A
CU004166,PR03,SU0027,CL003944,CLP,2020-12-18,,Activa,0,0,CA03,DIGITAL_CORE
CU004167,PR07,SU0034,CL002449,PEN,2019-04-24,,Activa,21003,0.2997,CA05,CORE_A
CU004168,PR11,SU0042,CL000136,COP,2024-08-18,,Activa,0,0.0039,CA01,CORE_A
CU004169,PR09,SU0009,CL001966,MXN,2023-12-26,,Activa,13177,0.14,CA05,CORE_B
CU004170,PR18,SU0017,CL002066,CAD,2025-08-08,,Activa,0,0.0022,CA05,CORE_B
CU004171,PR01,SU0032,CL003584,PEN,2025-08-20,,Activa,0,0.0133,CA01,CORE_B
CU004172,PR01,SU0006,CL000702,MXN,2021-08-30,,Activa,0,0,CA05,DIGITAL_CORE
CU004173,PR03,SU0017,CL003006,CAD,2019-07-25,,Activa,0,0,CA02,DIGITAL_CORE
CU004174,PR06,SU0006,CL002241,MXN,2022-07-12,,Activa,92659,0.3383,CA01,CORE_A
CU004175,PR18,SU0043,CL001256,COP,2023-04-09,,Activa,0,0.0151,CA02,DIGITAL_CORE
CU004176,PR10,SU0025,CL004033,CLP,2025-10-16,,Activa,39032,0.0894,CA01,DIGITAL_CORE
CU004177,PR07,SU0019,CL003385,CAD,2025-04-29,,Activa,16903,0.2798,CA05,DIGITAL_CORE
CU004178,PR18,SU0023,CL002488,CLP,2024-12-21,,Activa,0,0.0162,CA03,CORE_A
CU004179,PR09,SU0020,CL000122,CAD,2025-05-02,,Activa,24402,0.1629,CA01,CORE_A
CU004180,PR18,SU0040,CL004106,PEN,2022-07-30,,Activa,0,0.0172,CA03,DIGITAL_CORE
CU004181,PR15,SU0020,CL004065,CAD,2020-12-05,,Activa,0,0.0425,CA05,CORE_A
CU004182,PR11,SU0036,CL002945,PEN,2021-12-22,,Activa,0,0.006,CA05,CORE_A
CU004183,PR08,SU0046,CL000906,COP,2023-06-07,,Activa,65112,0.237,CA05,DIGITAL_CORE
CU004184,PR18,SU0006,CL004356,MXN,2023-01-19,,Activa,0,0,CA05,DIGITAL_CORE
CU004185,PR02,SU0001,CL000612,MXN,2025-03-27,,Activa,0,0.0066,CA05,DIGITAL_CORE
CU004186,PR18,SU0012,CL004139,CAD,2025-11-29,,Activa,0,0.0141,CA05,CORE_B
CU004187,PR06,SU0010,CL003845,MXN,2024-03-29,,Activa,110454,0.3247,CA03,CORE_A
CU004188,PR06,SU0016,CL003610,CAD,2020-05-23,,Activa,40728,0.3416,CA05,CORE_A
CU004189,PR17,SU0025,CL000710,CLP,2024-07-17,,Activa,0,0.0125,CA05,CORE_B
CU004190,PR17,SU0010,CL003479,MXN,2022-03-18,2024-01-08,Cerrada,0,0,CA01,CORE_B
CU004191,PR09,SU0023,CL002224,CLP,2025-03-06,,Activa,17256,0.1436,CA05,DIGITAL_CORE
CU004192,PR05,SU0024,CL000599,CLP,2023-01-05,2023-09-11,Cerrada,11878,0.361,CA05,DIGITAL_CORE
CU004193,PR18,SU0015,CL002329,CAD,2019-03-13,,Activa,0,0,CA02,CORE_B
CU004194,PR18,SU0013,CL003603,CAD,2024-06-24,,Activa,0,0.0058,CA03,DIGITAL_CORE
CU004195,PR16,SU0038,CL004012,PEN,2020-09-15,,Activa,0,0,CA05,CORE_A
CU004196,PR01,SU0047,CL001607,COP,2025-02-18,,Activa,0,0.0197,CA05,DIGITAL_CORE
CU004197,PR04,SU0031,CL000936,PEN,2020-07-01,,Activa,0,0.0446,CA03,CORE_B
CU004198,PR01,SU0041,CL000311,COP,2021-11-07,,Activa,0,0.0128,CA05,CORE_B
CU004199,PR12,SU0002,CL000197,MXN,2023-03-08,,Activa,409128,0.1966,CA01,DIGITAL_CORE
CU004200,PR06,SU0021,CL002949,CLP,2023-01-24,,Activa,6680,0.331,CA01,CORE_A
CU004201,PR16,SU0013,CL002738,CAD,2023-11-25,,Activa,0,0,CA01,CORE_B
CU004202,PR03,SU0049,CL003557,COP,2021-06-07,2022-04-08,Cerrada,0,0.001,CA05,DIGITAL_CORE
CU004203,PR15,SU0026,CL003973,CLP,2023-09-27,,Activa,0,0.0449,CA05,CORE_A
CU004204,PR10,SU0028,CL003636,CLP,2024-10-15,,Activa,18492,0.1149,CA05,CORE_B
CU004205,PR16,SU0043,CL003741,COP,2021-05-19,,Activa,0,0.0002,CA01,DIGITAL_CORE
CU004206,PR15,SU0023,CL004481,CLP,2023-01-13,,Activa,0,0.047,CA01,CORE_A
CU004207,PR18,SU0042,CL000425,COP,2019-02-20,,Activa,0,0.0034,CA05,DIGITAL_CORE
CU004208,PR06,SU0027,CL002595,CLP,2025-11-28,,Activa,36003,0.311,CA01,CORE_B
CU004209,PR01,SU0020,CL003793,CAD,2025-05-01,,Activa,0,0,CA05,CORE_B
CU004210,PR17,SU0013,CL000519,CAD,2025-07-07,,Activa,0,0,CA05,CORE_A
CU004211,PR04,SU0030,CL003784,CLP,2021-10-20,,Activa,0,0.0184,CA01,DIGITAL_CORE
CU004212,PR01,SU0034,CL003182,PEN,2024-03-05,,Activa,0,0.0083,CA02,CORE_A
CU004213,PR18,SU0049,CL000007,COP,2021-11-06,,Activa,0,0,CA01,DIGITAL_CORE
CU004214,PR09,SU0007,CL000848,MXN,2019-02-09,,Activa,8374,0.1691,CA01,CORE_A
CU004215,PR07,SU0021,CL001722,CLP,2023-01-31,2025-05-12,Cerrada,16101,0.2869,CA01,CORE_B
CU004216,PR04,SU0005,CL002218,MXN,2022-11-02,,Activa,0,0.0548,CA02,CORE_A
CU004217,PR03,SU0001,CL003325,MXN,2024-11-06,,Activa,0,0.0181,CA01,DIGITAL_CORE
CU004218,PR15,SU0034,CL002624,PEN,2024-07-15,,Activa,0,0.034,CA01,CORE_A
CU004219,PR15,SU0025,CL001032,CLP,2023-07-05,,Activa,0,0.0402,CA01,CORE_B
CU004220,PR02,SU0006,CL003678,MXN,2021-06-22,,Activa,0,0.0129,CA05,CORE_B
CU004221,PR06,SU0032,CL003196,PEN,2025-09-28,,Activa,10231,0.3204,CA03,CORE_B
CU004222,PR18,SU0035,CL002358,PEN,2024-05-20,,Activa,0,0.0229,CA05,CORE_A
CU004223,PR15,SU0003,CL001424,MXN,2023-06-07,,Activa,0,0.0596,CA01,CORE_A
CU004224,PR07,SU0009,CL002445,MXN,2025-10-28,,Activa,62293,0.2837,CA05,CORE_A
CU004225,PR18,SU0029,CL001080,CLP,2023-10-18,,Activa,0,0.0175,CA02,CORE_A
CU004226,PR02,SU0004,CL004251,MXN,2023-10-20,,Activa,0,0,CA03,CORE_A
CU004227,PR06,SU0032,CL003582,PEN,2022-06-28,,Activa,35477,0.3144,CA01,CORE_B
CU004228,PR15,SU0027,CL003585,CLP,2019-04-10,,Activa,0,0.0339,CA03,CORE_B
CU004229,PR03,SU0031,CL000602,PEN,2024-04-09,,Activa,0,0.0191,CA05,CORE_A
CU004230,PR16,SU0034,CL002236,PEN,2024-01-22,,Activa,0,0,CA01,CORE_A
CU004231,PR07,SU0029,CL000575,CLP,2025-06-01,,Activa,12833,0.2729,CA03,DIGITAL_CORE
CU004232,PR18,SU0030,CL000831,CLP,2024-01-16,,Activa,0,0.0131,CA05,CORE_B
CU004233,PR02,SU0017,CL002718,CAD,2022-05-08,,Activa,0,0.018,CA01,DIGITAL_CORE
CU004234,PR11,SU0032,CL000167,PEN,2021-03-19,,Activa,0,0,CA02,DIGITAL_CORE
CU004235,PR11,SU0008,CL003604,MXN,2024-01-12,,Activa,0,0,CA05,CORE_B
CU004236,PR17,SU0023,CL001652,CLP,2020-05-28,,Activa,0,0.0094,CA01,CORE_B
CU004237,PR06,SU0047,CL002846,COP,2020-01-25,,Activa,24012,0.308,CA01,CORE_B
CU004238,PR12,SU0014,CL004172,CAD,2022-06-04,,Activa,6404127,0.1692,CA05,DIGITAL_CORE
CU004239,PR08,SU0019,CL000816,CAD,2022-06-27,,Activa,21794,0.2646,CA05,CORE_A
CU004240,PR12,SU0011,CL002102,CAD,2021-03-05,,Activa,12084362,0.1878,CA01,DIGITAL_CORE
CU004241,PR16,SU0027,CL003842,CLP,2025-10-17,,Bloqueada,0,0.0164,CA05,CORE_B
CU004242,PR01,SU0050,CL001231,COP,2023-12-04,,Activa,0,0.0037,CA01,CORE_B
CU004243,PR16,SU0027,CL002959,CLP,2025-11-13,,Activa,0,0.0043,CA05,DIGITAL_CORE
CU004244,PR03,SU0013,CL000727,CAD,2023-09-13,,Activa,0,0.016,CA05,DIGITAL_CORE
CU004245,PR15,SU0023,CL003020,CLP,2022-09-21,,Activa,0,0.0493,CA01,DIGITAL_CORE
CU004246,PR16,SU0001,CL003633,MXN,2021-07-21,,Activa,0,0.0115,CA01,DIGITAL_CORE
CU004247,PR18,SU0028,CL002947,CLP,2024-01-03,,Activa,0,0,CA02,CORE_A
CU004248,PR10,SU0023,CL001772,CLP,2025-02-02,,Activa,16016,0.1153,CA01,CORE_B
CU004249,PR07,SU0022,CL003867,CLP,2021-02-12,,Activa,19246,0.2939,CA05,CORE_A
CU004250,PR04,SU0004,CL001554,MXN,2022-09-18,,Activa,0,0.0321,CA01,DIGITAL_CORE
CU004251,PR10,SU0050,CL000819,COP,2023-10-07,,Activa,73956,0.1129,CA01,DIGITAL_CORE
CU004252,PR18,SU0015,CL001293,CAD,2025-09-10,,Activa,0,0.0117,CA03,CORE_B
CU004253,PR16,SU0019,CL004261,CAD,2021-09-30,,Activa,0,0.0123,CA05,DIGITAL_CORE
CU004254,PR14,SU0045,CL001223,COP,2020-04-14,,Activa,0,0,CA05,CORE_A
CU004255,PR03,SU0035,CL001202,PEN,2020-05-29,,Activa,0,0.0246,CA05,DIGITAL_CORE
CU004256,PR02,SU0016,CL000395,CAD,2024-02-20,,Activa,0,0.0206,CA01,CORE_B
CU004257,PR15,SU0012,CL002503,CAD,2025-03-17,,Activa,0,0.0277,CA05,CORE_A
CU004258,PR15,SU0027,CL001732,CLP,2023-12-13,,Activa,0,0.0441,CA01,DIGITAL_CORE
CU004259,PR09,SU0046,CL001395,COP,2025-04-07,,Activa,96488,0.1619,CA01,DIGITAL_CORE
CU004260,PR08,SU0003,CL001211,MXN,2023-01-18,,Activa,147199,0.2615,CA05,DIGITAL_CORE
CU004261,PR03,SU0041,CL003564,COP,2022-03-17,,Activa,0,0.017,CA05,CORE_B
CU004262,PR02,SU0039,CL004105,PEN,2019-06-26,,Activa,0,0,CA01,DIGITAL_CORE
CU004263,PR02,SU0023,CL002692,CLP,2022-04-06,,Activa,0,0.0143,CA01,CORE_A
CU004264,PR06,SU0048,CL004424,COP,2023-01-17,,Activa,7326,0.3115,CA01,DIGITAL_CORE
CU004265,PR05,SU0032,CL001677,PEN,2024-06-25,,Activa,19102,0.3726,CA03,CORE_A
CU004266,PR16,SU0042,CL003920,COP,2023-02-19,,Activa,0,0,CA01,CORE_B
CU004267,PR18,SU0030,CL000905,CLP,2021-10-25,,Activa,0,0,CA01,CORE_B
CU004268,PR03,SU0031,CL001197,PEN,2024-05-17,,Activa,0,0.0246,CA05,CORE_A
CU004269,PR18,SU0029,CL003185,CLP,2024-09-18,,Activa,0,0.0203,CA05,CORE_B
CU004270,PR07,SU0001,CL001151,MXN,2023-01-05,,Activa,38904,0.2975,CA01,CORE_A
CU004271,PR02,SU0045,CL001149,COP,2025-07-11,,Activa,0,0.02,CA01,DIGITAL_CORE
CU004272,PR13,SU0016,CL003586,CAD,2024-03-12,,Activa,301453,0.1296,CA05,DIGITAL_CORE
CU004273,PR13,SU0020,CL001250,CAD,2021-04-07,,Activa,37546,0.1316,CA05,CORE_A
CU004274,PR15,SU0038,CL003369,PEN,2019-01-05,,Activa,0,0.05,CA01,CORE_B
CU004275,PR10,SU0002,CL001402,MXN,2021-01-05,,Activa,8449,0.1053,CA01,CORE_B
CU004276,PR04,SU0050,CL003329,COP,2025-07-20,,Activa,0,0.0359,CA01,CORE_B
CU004277,PR09,SU0028,CL001735,CLP,2023-12-15,,Activa,28300,0.1433,CA05,CORE_A
CU004278,PR13,SU0022,CL000710,CLP,2021-09-13,2022-11-23,Cerrada,121622,0.1614,CA05,CORE_A
CU004279,PR18,SU0013,CL000293,CAD,2021-04-01,,Activa,0,0,CA02,CORE_B
CU004280,PR01,SU0034,CL001982,PEN,2025-04-23,,Activa,0,0,CA03,CORE_B
CU004281,PR09,SU0012,CL004065,CAD,2022-08-22,,Activa,21868,0.1427,CA01,CORE_A
CU004282,PR02,SU0014,CL002532,CAD,2020-07-31,,Activa,0,0,CA05,DIGITAL_CORE
CU004283,PR11,SU0014,CL000514,CAD,2025-10-19,,Activa,0,0.0069,CA05,DIGITAL_CORE
CU004284,PR02,SU0039,CL003126,PEN,2025-08-20,,Activa,0,0.0081,CA02,DIGITAL_CORE
CU004285,PR02,SU0044,CL000745,COP,2025-04-21,,Activa,0,0.0067,CA05,DIGITAL_CORE
CU004286,PR15,SU0013,CL003835,CAD,2024-12-18,,Bloqueada,0,0.046,CA05,CORE_B
CU004287,PR18,SU0004,CL002678,MXN,2022-05-04,2024-08-26,Cerrada,0,0.0174,CA03,CORE_A
CU004288,PR08,SU0009,CL000201,MXN,2022-09-10,,Activa,7472,0.2436,CA02,DIGITAL_CORE
CU004289,PR16,SU0012,CL002299,CAD,2023-08-31,,Activa,0,0.0003,CA05,CORE_A
CU004290,PR02,SU0034,CL001519,PEN,2024-10-14,,Activa,0,0.0099,CA01,CORE_B
CU004291,PR15,SU0031,CL002684,PEN,2025-06-18,,Activa,0,0.04,CA05,CORE_B
CU004292,PR10,SU0007,CL002330,MXN,2025-10-27,,Activa,15847,0.1048,CA02,CORE_A
CU004293,PR18,SU0039,CL002999,PEN,2021-12-01,,Activa,0,0.0055,CA02,CORE_A
CU004294,PR01,SU0037,CL003742,PEN,2023-11-04,,Activa,0,0,CA01,DIGITAL_CORE
CU004295,PR16,SU0003,CL002216,MXN,2025-08-21,,Activa,0,0,CA01,CORE_B
CU004296,PR04,SU0006,CL001958,MXN,2019-03-30,,Activa,0,0.046,CA05,CORE_B
CU004297,PR18,SU0002,CL002865,MXN,2019-11-21,,Activa,0,0.0132,CA02,CORE_A
CU004298,PR02,SU0025,CL002160,CLP,2024-10-07,,Activa,0,0,CA02,DIGITAL_CORE
CU004299,PR18,SU0043,CL000248,COP,2025-09-07,,Activa,0,0,CA05,CORE_B
CU004300,PR10,SU0030,CL002370,CLP,2025-11-06,,Activa,190896,0.112,CA01,CORE_B
CU004301,PR08,SU0047,CL002916,COP,2021-05-28,,Activa,33462,0.2591,CA05,CORE_A
CU004302,PR16,SU0017,CL004385,CAD,2022-09-26,,Activa,0,0,CA05,DIGITAL_CORE
CU004303,PR09,SU0007,CL003668,MXN,2020-12-20,,Activa,11613,0.1455,CA03,CORE_B
CU004304,PR06,SU0024,CL002018,CLP,2022-02-19,,Activa,7454,0.3331,CA05,CORE_A
CU004305,PR12,SU0021,CL000922,CLP,2024-01-06,,Activa,171506,0.1654,CA05,CORE_B
CU004306,PR08,SU0039,CL003305,PEN,2025-10-24,,Activa,44231,0.2517,CA05,CORE_A
CU004307,PR04,SU0019,CL000186,CAD,2020-04-16,,Activa,0,0.05,CA03,CORE_B
CU004308,PR10,SU0041,CL001504,COP,2024-12-10,,Activa,54169,0.0859,CA05,DIGITAL_CORE
CU004309,PR07,SU0012,CL004467,CAD,2020-03-31,,Activa,17062,0.2687,CA05,CORE_B
CU004310,PR07,SU0024,CL000651,CLP,2020-04-17,,Bloqueada,4485,0.2974,CA01,CORE_B
CU004311,PR15,SU0032,CL002686,PEN,2021-11-30,,Activa,0,0.0497,CA01,CORE_B
CU004312,PR05,SU0014,CL002900,CAD,2024-12-27,,Activa,49669,0.384,CA05,CORE_B
CU004313,PR10,SU0003,CL002307,MXN,2023-02-21,,Activa,34495,0.1203,CA01,CORE_A
CU004314,PR18,SU0023,CL003498,CLP,2021-06-22,,Activa,0,0,CA05,DIGITAL_CORE
CU004315,PR17,SU0022,CL004354,CLP,2024-05-08,,Activa,0,0.0051,CA05,CORE_B
CU004316,PR15,SU0020,CL004031,CAD,2024-07-13,,Activa,0,0.0542,CA01,CORE_B
CU004317,PR07,SU0004,CL001154,MXN,2020-07-22,,Activa,9381,0.2774,CA01,CORE_A
CU004318,PR15,SU0023,CL000539,CLP,2022-09-01,,Activa,0,0.0333,CA05,CORE_B
CU004319,PR16,SU0017,CL003885,CAD,2020-04-16,,Activa,0,0,CA01,DIGITAL_CORE
CU004320,PR09,SU0024,CL001722,CLP,2025-11-03,,Activa,16846,0.1652,CA01,CORE_A
CU004321,PR09,SU0030,CL003990,CLP,2019-05-04,,Activa,28945,0.1561,CA05,DIGITAL_CORE
CU004322,PR12,SU0036,CL002110,PEN,2023-01-17,2025-01-15,Cerrada,619762,0.1713,CA05,CORE_B
CU004323,PR15,SU0014,CL001785,CAD,2025-02-16,,Activa,0,0.0328,CA05,CORE_B
CU004324,PR15,SU0007,CL002141,MXN,2020-03-29,,Activa,0,0.0454,CA01,CORE_B
CU004325,PR18,SU0001,CL001176,MXN,2019-03-26,,Activa,0,0.0147,CA02,CORE_B
CU004326,PR02,SU0001,CL001147,MXN,2022-05-01,,Activa,0,0,CA05,CORE_B
CU004327,PR06,SU0045,CL001705,COP,2020-07-26,,Activa,7474,0.3392,CA01,CORE_A
CU004328,PR08,SU0020,CL004307,CAD,2024-03-30,,Activa,47560,0.2461,CA01,DIGITAL_CORE
CU004329,PR02,SU0038,CL002358,PEN,2022-12-05,,Activa,0,0,CA01,DIGITAL_CORE
CU004330,PR12,SU0018,CL000112,CAD,2022-10-19,,Activa,432199,0.1983,CA01,CORE_A
CU004331,PR02,SU0045,CL000699,COP,2025-03-31,,Activa,0,0.0214,CA05,CORE_B
CU004332,PR08,SU0047,CL001198,COP,2024-02-25,,Activa,48087,0.2278,CA05,CORE_B
CU004333,PR04,SU0015,CL003903,CAD,2019-10-10,,Activa,0,0.0461,CA01,CORE_A
CU004334,PR18,SU0008,CL001868,MXN,2024-12-28,,Activa,0,0.021,CA02,DIGITAL_CORE
CU004335,PR10,SU0045,CL001313,COP,2025-06-10,,Activa,3388,0.0958,CA05,DIGITAL_CORE
CU004336,PR02,SU0026,CL001083,CLP,2024-03-30,,Activa,0,0,CA02,DIGITAL_CORE
CU004337,PR04,SU0030,CL002913,CLP,2023-01-07,,Activa,0,0.0275,CA01,DIGITAL_CORE
CU004338,PR06,SU0021,CL002793,CLP,2025-11-25,,Bloqueada,6887,0.3205,CA05,DIGITAL_CORE
CU004339,PR18,SU0010,CL004425,MXN,2023-04-22,,Activa,0,0.018,CA03,DIGITAL_CORE
CU004340,PR04,SU0048,CL000497,COP,2025-11-21,,Activa,0,0.0369,CA05,CORE_B
CU004341,PR12,SU0037,CL002324,PEN,2019-11-30,,Activa,1525532,0.1699,CA05,CORE_B
CU004342,PR10,SU0047,CL003970,COP,2022-09-20,,Activa,306741,0.1122,CA01,CORE_B
CU004343,PR11,SU0029,CL000014,CLP,2024-06-10,,Activa,0,0,CA01,CORE_B
CU004344,PR18,SU0001,CL004131,MXN,2025-01-30,,Activa,0,0.0238,CA05,CORE_B
CU004345,PR18,SU0038,CL002676,PEN,2024-06-10,,Activa,0,0,CA03,CORE_B
CU004346,PR09,SU0017,CL001785,CAD,2022-08-23,,Activa,43778,0.1412,CA01,CORE_B
CU004347,PR01,SU0017,CL003456,CAD,2023-12-28,,Activa,0,0.0124,CA05,CORE_A
CU004348,PR06,SU0045,CL000468,COP,2022-08-05,,Activa,67857,0.3219,CA02,DIGITAL_CORE
CU004349,PR08,SU0050,CL002152,COP,2024-04-27,,Bloqueada,7251,0.2529,CA03,CORE_A
CU004350,PR15,SU0044,CL000373,COP,2025-09-14,,Activa,0,0.0313,CA01,DIGITAL_CORE
CU004351,PR18,SU0015,CL004421,CAD,2025-06-13,2025-12-03,Cerrada,0,0,CA02,CORE_A
CU004352,PR18,SU0025,CL001277,CLP,2021-08-05,2023-01-14,Cerrada,0,0,CA03,CORE_B
CU004353,PR15,SU0048,CL004191,COP,2022-08-09,,Activa,0,0.0394,CA05,CORE_B
CU004354,PR11,SU0034,CL001391,PEN,2022-03-26,2023-04-17,Cerrada,0,0,CA05,CORE_B
CU004355,PR09,SU0038,CL000823,PEN,2021-12-22,,Activa,46788,0.1659,CA05,CORE_B
CU004356,PR07,SU0019,CL001366,CAD,2024-04-26,,Activa,110007,0.2774,CA01,CORE_B
CU004357,PR03,SU0032,CL003259,PEN,2021-12-29,,Activa,0,0.0014,CA01,CORE_B
CU004358,PR03,SU0026,CL003534,CLP,2024-02-14,,Activa,0,0.0249,CA05,DIGITAL_CORE
CU004359,PR15,SU0008,CL000981,MXN,2023-01-16,,Activa,0,0.0315,CA01,CORE_B
CU004360,PR02,SU0010,CL004469,MXN,2025-11-20,,Activa,0,0,CA01,CORE_B
CU004361,PR05,SU0003,CL002922,MXN,2024-12-23,,Activa,10910,0.3828,CA05,DIGITAL_CORE
CU004362,PR10,SU0006,CL000303,MXN,2025-01-09,,Activa,64021,0.1133,CA05,DIGITAL_CORE
CU004363,PR02,SU0003,CL003788,MXN,2023-03-25,,Activa,0,0,CA02,CORE_B
CU004364,PR04,SU0036,CL003861,PEN,2022-02-08,,Activa,0,0.0249,CA01,CORE_A
CU004365,PR07,SU0027,CL001054,CLP,2022-10-04,,Activa,2343,0.2896,CA03,CORE_B
CU004366,PR17,SU0025,CL000764,CLP,2024-10-10,,Activa,0,0.0055,CA02,CORE_A
CU004367,PR17,SU0002,CL003438,MXN,2023-11-07,,Activa,0,0.0192,CA03,CORE_A
CU004368,PR16,SU0007,CL003898,MXN,2023-05-17,,Activa,0,0.0188,CA03,CORE_B
CU004369,PR10,SU0006,CL004209,MXN,2022-12-02,,Activa,8043,0.1176,CA05,CORE_A
CU004370,PR08,SU0037,CL000967,PEN,2023-04-25,,Bloqueada,4680,0.2327,CA03,DIGITAL_CORE
CU004371,PR04,SU0031,CL003660,PEN,2025-07-29,,Activa,0,0.0328,CA02,CORE_A
CU004372,PR03,SU0038,CL003857,PEN,2024-06-09,,Activa,0,0.0036,CA02,CORE_A
CU004373,PR08,SU0035,CL003116,PEN,2024-02-20,,Activa,20738,0.2276,CA02,CORE_A
CU004374,PR08,SU0025,CL001736,CLP,2021-11-04,,Activa,19038,0.2389,CA05,DIGITAL_CORE
CU004375,PR12,SU0038,CL001921,PEN,2022-05-16,,Activa,3591962,0.204,CA05,CORE_A
CU004376,PR02,SU0021,CL000786,CLP,2018-11-25,,Activa,0,0.0138,CA05,CORE_A
CU004377,PR02,SU0042,CL003906,COP,2024-05-27,,Activa,0,0,CA05,CORE_A
CU004378,PR10,SU0035,CL003237,PEN,2025-07-29,,Activa,89289,0.0917,CA01,CORE_B
CU004379,PR16,SU0006,CL000335,MXN,2024-04-27,,Activa,0,0,CA01,DIGITAL_CORE
CU004380,PR12,SU0012,CL002340,CAD,2024-01-12,,Activa,9228727,0.1772,CA05,CORE_B
CU004381,PR09,SU0034,CL000860,PEN,2024-01-29,,Activa,10611,0.1565,CA05,DIGITAL_CORE
CU004382,PR05,SU0031,CL000904,PEN,2020-05-28,2022-02-27,Cerrada,19202,0.3514,CA01,CORE_A
CU004383,PR03,SU0022,CL002544,CLP,2023-10-30,,Activa,0,0,CA03,CORE_A
CU004384,PR02,SU0016,CL000626,CAD,2023-01-27,,Activa,0,0,CA03,CORE_B
CU004385,PR04,SU0013,CL000825,CAD,2021-02-20,,Activa,0,0.0186,CA02,CORE_B
CU004386,PR05,SU0030,CL000728,CLP,2019-03-12,,Activa,30017,0.3554,CA03,CORE_B
CU004387,PR05,SU0019,CL000825,CAD,2022-11-29,,Bloqueada,6428,0.3767,CA05,DIGITAL_CORE
CU004388,PR05,SU0011,CL000735,CAD,2019-11-16,,Activa,19902,0.3611,CA05,CORE_B
CU004389,PR04,SU0010,CL003655,MXN,2024-02-14,,Activa,0,0.0339,CA05,CORE_B
CU004390,PR09,SU0008,CL003532,MXN,2022-05-23,,Activa,35766,0.1706,CA01,CORE_B
CU004391,PR15,SU0030,CL003710,CLP,2025-05-01,,Activa,0,0.0333,CA01,CORE_B
CU004392,PR02,SU0018,CL002855,CAD,2022-06-09,,Activa,0,0.0004,CA05,DIGITAL_CORE
CU004393,PR07,SU0010,CL002036,MXN,2022-10-28,,Activa,401739,0.2755,CA02,CORE_B
CU004394,PR18,SU0033,CL003453,PEN,2020-10-29,,Activa,0,0.0029,CA03,CORE_B
CU004395,PR18,SU0002,CL003562,MXN,2025-11-04,,Activa,0,0,CA05,CORE_A
CU004396,PR09,SU0022,CL002570,CLP,2021-06-17,,Activa,11592,0.1581,CA01,CORE_A
CU004397,PR18,SU0012,CL003740,CAD,2024-11-13,,Activa,0,0.013,CA03,CORE_A
CU004398,PR01,SU0033,CL000096,PEN,2022-11-24,,Activa,0,0,CA03,CORE_B
CU004399,PR18,SU0019,CL001358,CAD,2025-07-14,,Activa,0,0.0144,CA03,CORE_A
CU004400,PR07,SU0001,CL002722,MXN,2022-03-22,,Activa,101961,0.2792,CA02,CORE_A
CU004401,PR01,SU0017,CL002176,CAD,2023-08-11,,Activa,0,0.009,CA05,CORE_A
CU004402,PR18,SU0035,CL003648,PEN,2025-10-16,,Activa,0,0.0092,CA03,DIGITAL_CORE
CU004403,PR18,SU0010,CL002856,MXN,2022-07-04,,Activa,0,0,CA03,CORE_B
CU004404,PR04,SU0005,CL002958,MXN,2023-09-12,,Activa,0,0.0206,CA01,DIGITAL_CORE
CU004405,PR05,SU0045,CL001389,COP,2024-06-28,,Activa,48162,0.3606,CA05,CORE_B
CU004406,PR02,SU0036,CL002816,PEN,2025-07-18,,Activa,0,0.0155,CA01,DIGITAL_CORE
CU004407,PR04,SU0040,CL002950,PEN,2019-06-12,,Activa,0,0.0321,CA01,CORE_B
CU004408,PR01,SU0025,CL001732,CLP,2024-09-17,,Activa,0,0,CA05,DIGITAL_CORE
CU004409,PR15,SU0003,CL002722,MXN,2023-12-11,,Activa,0,0.0383,CA02,DIGITAL_CORE
CU004410,PR03,SU0001,CL003690,MXN,2020-11-23,,Activa,0,0.0047,CA01,CORE_A
CU004411,PR16,SU0045,CL000834,COP,2022-03-05,,Activa,0,0,CA01,CORE_B
CU004412,PR04,SU0048,CL002987,COP,2023-07-24,,Bloqueada,0,0.0184,CA02,CORE_B
CU004413,PR02,SU0011,CL000875,CAD,2024-03-18,,Activa,0,0.0203,CA05,CORE_B
CU004414,PR15,SU0026,CL004196,CLP,2020-03-30,,Activa,0,0.0525,CA01,CORE_B
CU004415,PR01,SU0038,CL001084,PEN,2024-01-18,,Activa,0,0,CA01,DIGITAL_CORE
CU004416,PR01,SU0029,CL002342,CLP,2022-10-14,,Activa,0,0,CA05,DIGITAL_CORE
CU004417,PR18,SU0008,CL004160,MXN,2025-05-18,,Activa,0,0,CA01,DIGITAL_CORE
CU004418,PR18,SU0003,CL002474,MXN,2023-08-05,,Activa,0,0,CA02,DIGITAL_CORE
CU004419,PR04,SU0004,CL001176,MXN,2024-04-10,,Activa,0,0.0435,CA03,CORE_A
CU004420,PR04,SU0038,CL003719,PEN,2018-12-15,,Activa,0,0.0162,CA01,CORE_B
CU004421,PR03,SU0017,CL004065,CAD,2022-05-28,,Activa,0,0.0002,CA05,DIGITAL_CORE
CU004422,PR11,SU0035,CL002945,PEN,2018-12-06,,Activa,0,0,CA05,CORE_B
CU004423,PR04,SU0048,CL001578,COP,2023-07-16,,Activa,0,0.0345,CA05,CORE_A
CU004424,PR18,SU0019,CL003465,CAD,2022-11-23,,Activa,0,0,CA03,CORE_B
CU004425,PR17,SU0049,CL001344,COP,2019-09-07,2021-12-10,Cerrada,0,0.01,CA05,DIGITAL_CORE
CU004426,PR09,SU0020,CL002137,CAD,2024-04-03,,Activa,18372,0.1399,CA02,DIGITAL_CORE
CU004427,PR15,SU0030,CL000550,CLP,2021-11-20,,Activa,0,0.0553,CA03,DIGITAL_CORE
CU004428,PR18,SU0019,CL001924,CAD,2021-10-06,,Activa,0,0,CA01,CORE_B
CU004429,PR18,SU0006,CL001531,MXN,2020-03-18,,Activa,0,0.0046,CA03,CORE_A
CU004430,PR05,SU0032,CL002643,PEN,2019-07-29,,Activa,49018,0.3674,CA01,DIGITAL_CORE
CU004431,PR18,SU0045,CL001283,COP,2022-09-06,,Activa,0,0.0003,CA01,CORE_B
CU004432,PR03,SU0011,CL003443,CAD,2024-09-23,,Activa,0,0.0064,CA05,CORE_A
CU004433,PR01,SU0001,CL000793,MXN,2024-09-26,,Activa,0,0.0144,CA05,CORE_A
CU004434,PR18,SU0004,CL002743,MXN,2020-06-12,,Activa,0,0.004,CA05,CORE_B
CU004435,PR13,SU0011,CL003675,CAD,2022-06-03,,Activa,440751,0.1457,CA03,DIGITAL_CORE
CU004436,PR07,SU0020,CL002475,CAD,2024-09-24,,Activa,163880,0.2997,CA05,CORE_B
CU004437,PR05,SU0023,CL002622,CLP,2023-06-20,,Activa,62804,0.3833,CA05,DIGITAL_CORE
CU004438,PR05,SU0006,CL003725,MXN,2025-01-03,,Activa,37802,0.3536,CA01,DIGITAL_CORE
CU004439,PR07,SU0049,CL001283,COP,2021-06-21,,Activa,73380,0.2778,CA01,CORE_A
CU004440,PR04,SU0011,CL000142,CAD,2023-10-04,,Activa,0,0.0541,CA03,CORE_A
CU004441,PR01,SU0031,CL002529,PEN,2023-03-21,,Activa,0,0,CA05,CORE_A
CU004442,PR14,SU0038,CL003574,PEN,2025-03-28,,Activa,0,0.0087,CA01,CORE_A
CU004443,PR07,SU0008,CL001906,MXN,2023-12-07,,Activa,15851,0.2884,CA03,CORE_B
CU004444,PR18,SU0035,CL000962,PEN,2021-02-25,,Activa,0,0,CA03,CORE_B
CU004445,PR10,SU0003,CL001271,MXN,2025-07-21,,Activa,7496,0.1182,CA01,CORE_B
CU004446,PR10,SU0031,CL000020,PEN,2022-10-31,2024-08-26,Cerrada,15604,0.1205,CA01,DIGITAL_CORE
CU004447,PR03,SU0019,CL002319,CAD,2019-12-02,,Bloqueada,0,0,CA01,CORE_B
CU004448,PR10,SU0002,CL004044,MXN,2022-11-09,,Activa,11251,0.1132,CA02,DIGITAL_CORE
CU004449,PR09,SU0023,CL003446,CLP,2021-02-21,,Activa,22172,0.1581,CA01,CORE_B
CU004450,PR12,SU0024,CL002689,CLP,2023-09-02,,Activa,534348,0.1926,CA05,CORE_A
CU004451,PR16,SU0037,CL000857,PEN,2024-09-14,,Activa,0,0,CA05,CORE_A
CU004452,PR10,SU0008,CL001711,MXN,2023-08-10,,Activa,216306,0.1101,CA05,CORE_B
CU004453,PR09,SU0016,CL002600,CAD,2023-11-18,,Activa,23938,0.1433,CA01,DIGITAL_CORE
CU004454,PR03,SU0032,CL004321,PEN,2024-01-28,,Activa,0,0.0258,CA01,CORE_A
CU004455,PR03,SU0016,CL003091,CAD,2021-08-29,,Activa,0,0,CA01,CORE_A
CU004456,PR07,SU0042,CL003258,COP,2022-03-28,,Activa,299091,0.2914,CA05,DIGITAL_CORE
CU004457,PR18,SU0037,CL003735,PEN,2023-02-19,,Activa,0,0,CA03,CORE_B
CU004458,PR15,SU0019,CL002963,CAD,2023-10-23,,Activa,0,0.0381,CA05,CORE_A
CU004459,PR08,SU0044,CL000162,COP,2024-01-17,,Activa,117610,0.2623,CA01,CORE_A
CU004460,PR10,SU0041,CL001078,COP,2025-08-13,,Activa,19419,0.0983,CA02,CORE_B
CU004461,PR18,SU0050,CL004373,COP,2019-06-30,,Activa,0,0.0133,CA02,CORE_B
CU004462,PR17,SU0020,CL000591,CAD,2022-04-25,,Activa,0,0,CA01,CORE_B
CU004463,PR02,SU0008,CL001020,MXN,2022-03-12,,Activa,0,0,CA01,CORE_A
CU004464,PR10,SU0001,CL004495,MXN,2025-02-05,,Activa,4874,0.1034,CA01,DIGITAL_CORE
CU004465,PR02,SU0018,CL003077,CAD,2024-06-12,,Activa,0,0,CA05,CORE_B
CU004466,PR08,SU0039,CL000060,PEN,2024-03-04,,Activa,9267,0.2576,CA05,CORE_A
CU004467,PR02,SU0025,CL001479,CLP,2021-05-04,,Activa,0,0.0058,CA01,CORE_A
CU004468,PR06,SU0014,CL003170,CAD,2020-01-21,,Activa,39827,0.3379,CA02,CORE_B
CU004469,PR01,SU0043,CL003712,COP,2024-03-22,,Activa,0,0.0157,CA01,CORE_A
CU004470,PR17,SU0047,CL002757,COP,2018-12-29,,Activa,0,0,CA05,CORE_A
CU004471,PR05,SU0027,CL001155,CLP,2022-09-24,,Activa,7703,0.3699,CA05,CORE_A
CU004472,PR06,SU0038,CL000472,PEN,2021-07-10,,Activa,2017,0.3174,CA05,DIGITAL_CORE
CU004473,PR03,SU0014,CL004085,CAD,2019-02-05,,Bloqueada,0,0,CA05,DIGITAL_CORE
CU004474,PR01,SU0039,CL002647,PEN,2024-09-11,,Activa,0,0,CA05,CORE_B
CU004475,PR04,SU0012,CL002670,CAD,2019-10-23,,Activa,0,0.05,CA01,CORE_B
CU004476,PR09,SU0012,CL002298,CAD,2020-08-14,,Activa,27237,0.1618,CA02,CORE_B
CU004477,PR15,SU0025,CL001455,CLP,2021-10-20,,Activa,0,0.0582,CA01,CORE_A
CU004478,PR01,SU0043,CL004029,COP,2024-08-20,,Activa,0,0,CA05,CORE_B
CU004479,PR09,SU0042,CL002679,COP,2024-11-27,,Activa,20491,0.1437,CA05,CORE_B
CU004480,PR18,SU0045,CL001123,COP,2025-08-12,,Activa,0,0.0229,CA03,CORE_B
CU004481,PR03,SU0005,CL000945,MXN,2022-05-30,,Activa,0,0.0161,CA01,DIGITAL_CORE
CU004482,PR04,SU0047,CL002159,COP,2025-06-09,,Activa,0,0.039,CA05,DIGITAL_CORE
CU004483,PR01,SU0008,CL004388,MXN,2023-02-28,2025-06-09,Cerrada,0,0.0179,CA03,CORE_A
CU004484,PR14,SU0012,CL001336,CAD,2024-04-11,,Activa,0,0,CA05,CORE_B
CU004485,PR12,SU0033,CL002684,PEN,2024-03-17,,Bloqueada,5418164,0.1652,CA01,CORE_A
CU004486,PR12,SU0041,CL002420,COP,2022-02-15,,Activa,478437,0.1766,CA03,CORE_B
CU004487,PR18,SU0026,CL003142,CLP,2023-05-18,,Bloqueada,0,0,CA05,CORE_A
CU004488,PR15,SU0039,CL004438,PEN,2025-09-23,,Activa,0,0.0542,CA05,CORE_A
CU004489,PR17,SU0007,CL002920,MXN,2023-09-13,,Activa,0,0,CA05,CORE_A
CU004490,PR01,SU0024,CL003270,CLP,2024-03-30,,Activa,0,0,CA05,DIGITAL_CORE
CU004491,PR11,SU0005,CL001298,MXN,2020-07-07,,Activa,0,0,CA01,CORE_A
CU004492,PR06,SU0050,CL003060,COP,2020-12-08,,Activa,51314,0.3387,CA05,DIGITAL_CORE
CU004493,PR10,SU0006,CL000554,MXN,2025-02-06,,Activa,50010,0.1094,CA05,CORE_B
CU004494,PR01,SU0014,CL003691,CAD,2021-02-16,,Activa,0,0,CA01,CORE_B
CU004495,PR04,SU0029,CL003320,CLP,2024-02-27,,Activa,0,0.0252,CA01,CORE_B
CU004496,PR07,SU0034,CL003463,PEN,2022-06-08,,Activa,3776,0.2894,CA03,CORE_B
CU004497,PR04,SU0026,CL000569,CLP,2021-04-05,,Activa,0,0.0205,CA05,DIGITAL_CORE
CU004498,PR05,SU0044,CL001288,COP,2021-08-03,,Activa,15963,0.3538,CA01,DIGITAL_CORE
CU004499,PR16,SU0018,CL003215,CAD,2022-05-15,,Activa,0,0.0105,CA01,CORE_B
CU004500,PR14,SU0006,CL001311,MXN,2025-06-09,,Activa,0,0.0187,CA05,DIGITAL_CORE
CU004501,PR10,SU0041,CL001690,COP,2022-01-04,,Activa,17833,0.0897,CA05,CORE_B
CU004502,PR16,SU0017,CL003525,CAD,2023-02-02,,Activa,0,0,CA05,CORE_A
CU004503,PR05,SU0024,CL003877,CLP,2020-09-25,,Activa,17942,0.3496,CA01,CORE_A
CU004504,PR17,SU0028,CL004359,CLP,2020-10-10,,Activa,0,0.0168,CA01,CORE_B
CU004505,PR08,SU0040,CL003214,PEN,2024-11-06,,Activa,63067,0.2537,CA02,DIGITAL_CORE
CU004506,PR09,SU0050,CL002747,COP,2023-07-03,,Activa,9055,0.1664,CA05,CORE_B
CU004507,PR08,SU0012,CL003009,CAD,2024-09-14,,Activa,13237,0.2636,CA03,DIGITAL_CORE
CU004508,PR03,SU0044,CL000425,COP,2018-12-02,,Activa,0,0,CA01,CORE_B
CU004509,PR02,SU0033,CL004012,PEN,2020-07-14,,Activa,0,0.0171,CA02,CORE_A
CU004510,PR07,SU0015,CL001358,CAD,2021-01-03,,Activa,118975,0.2744,CA02,CORE_A
CU004511,PR05,SU0049,CL004393,COP,2022-01-25,,Activa,15104,0.3531,CA05,CORE_B
CU004512,PR02,SU0046,CL003258,COP,2023-07-05,2024-08-12,Cerrada,0,0.018,CA01,CORE_A
CU004513,PR07,SU0037,CL002094,PEN,2021-11-19,,Activa,4495,0.2798,CA05,CORE_A
CU004514,PR04,SU0045,CL002052,COP,2020-04-08,,Activa,0,0.0295,CA05,DIGITAL_CORE
CU004515,PR18,SU0019,CL003932,CAD,2025-10-04,,Bloqueada,0,0,CA03,DIGITAL_CORE
CU004516,PR03,SU0005,CL001390,MXN,2023-11-09,,Activa,0,0.0216,CA05,DIGITAL_CORE
CU004517,PR15,SU0005,CL001410,MXN,2022-10-19,,Activa,0,0.0407,CA01,CORE_A
CU004518,PR05,SU0046,CL000910,COP,2022-03-14,,Activa,25107,0.379,CA01,CORE_A
CU004519,PR12,SU0020,CL002005,CAD,2024-01-04,,Activa,3741483,0.1859,CA03,CORE_B
CU004520,PR13,SU0018,CL003284,CAD,2025-11-29,,Activa,2787841,0.1626,CA02,DIGITAL_CORE
CU004521,PR10,SU0028,CL000238,CLP,2020-01-26,,Activa,69223,0.0896,CA05,CORE_A
CU004522,PR18,SU0018,CL003746,CAD,2018-12-26,,Activa,0,0.0191,CA01,DIGITAL_CORE
CU004523,PR10,SU0018,CL001033,CAD,2019-09-06,,Activa,84717,0.1212,CA01,DIGITAL_CORE
CU004524,PR03,SU0007,CL002084,MXN,2024-01-14,,Activa,0,0.022,CA02,DIGITAL_CORE
CU004525,PR02,SU0039,CL004267,PEN,2025-10-18,,Activa,0,0.017,CA02,CORE_A
CU004526,PR18,SU0008,CL002183,MXN,2023-09-20,,Activa,0,0.0128,CA01,DIGITAL_CORE
CU004527,PR16,SU0019,CL003215,CAD,2024-07-16,,Activa,0,0.0009,CA05,DIGITAL_CORE
CU004528,PR05,SU0033,CL001266,PEN,2021-09-25,,Activa,44716,0.3656,CA01,DIGITAL_CORE
CU004529,PR06,SU0044,CL001674,COP,2023-11-17,,Activa,77744,0.3187,CA01,CORE_B
CU004530,PR03,SU0046,CL002854,COP,2025-07-01,,Activa,0,0,CA01,CORE_B
CU004531,PR06,SU0020,CL001804,CAD,2023-05-27,,Activa,5830,0.3313,CA01,CORE_A
CU004532,PR06,SU0004,CL001015,MXN,2025-01-21,,Activa,47804,0.3241,CA01,CORE_B
CU004533,PR09,SU0016,CL002355,CAD,2023-12-06,,Activa,5874,0.1359,CA01,CORE_B
CU004534,PR10,SU0050,CL004264,COP,2021-12-25,,Activa,124745,0.0945,CA01,CORE_B
CU004535,PR10,SU0026,CL000394,CLP,2021-03-27,,Activa,26195,0.1218,CA03,DIGITAL_CORE
CU004536,PR16,SU0003,CL000639,MXN,2025-05-01,,Activa,0,0.0103,CA02,DIGITAL_CORE
CU004537,PR18,SU0029,CL002622,CLP,2024-12-20,,Activa,0,0,CA01,CORE_A
CU004538,PR08,SU0013,CL001182,CAD,2025-01-05,,Activa,22097,0.2398,CA05,DIGITAL_CORE
CU004539,PR04,SU0044,CL004486,COP,2024-08-14,,Activa,0,0.0448,CA01,DIGITAL_CORE
CU004540,PR18,SU0009,CL002553,MXN,2021-02-14,,Activa,0,0.0009,CA03,CORE_A
CU004541,PR18,SU0035,CL001920,PEN,2021-12-06,,Activa,0,0,CA02,DIGITAL_CORE
CU004542,PR08,SU0043,CL003708,COP,2022-01-20,,Activa,6489,0.2452,CA05,CORE_B
CU004543,PR16,SU0049,CL002656,COP,2020-10-04,,Activa,0,0.0004,CA01,CORE_B
CU004544,PR12,SU0042,CL002682,COP,2021-11-13,,Activa,582929,0.1765,CA01,CORE_B
CU004545,PR04,SU0017,CL003878,CAD,2022-04-12,,Bloqueada,0,0.042,CA01,CORE_B
CU004546,PR18,SU0007,CL004419,MXN,2025-06-04,,Activa,0,0.0047,CA03,CORE_A
CU004547,PR05,SU0023,CL001904,CLP,2022-06-07,,Activa,25750,0.3709,CA05,DIGITAL_CORE
CU004548,PR18,SU0007,CL001813,MXN,2021-07-19,,Activa,0,0,CA02,DIGITAL_CORE
CU004549,PR02,SU0044,CL003285,COP,2024-07-14,,Activa,0,0.0187,CA01,CORE_B
CU004550,PR02,SU0049,CL000867,COP,2022-02-12,,Activa,0,0.0014,CA01,CORE_B
CU004551,PR18,SU0031,CL000428,PEN,2023-01-07,,Activa,0,0.022,CA05,CORE_B
CU004552,PR07,SU0050,CL003692,COP,2025-09-01,,Bloqueada,72519,0.2832,CA01,CORE_B
CU004553,PR01,SU0003,CL003962,MXN,2024-01-20,,Activa,0,0.0205,CA05,CORE_A
CU004554,PR15,SU0030,CL001427,CLP,2019-12-12,,Activa,0,0.0272,CA05,CORE_B
CU004555,PR05,SU0021,CL000095,CLP,2024-03-08,,Activa,74303,0.3585,CA01,CORE_B
CU004556,PR08,SU0003,CL000335,MXN,2020-09-05,,Activa,16777,0.252,CA05,DIGITAL_CORE
CU004557,PR15,SU0011,CL000740,CAD,2022-03-12,,Activa,0,0.0601,CA01,CORE_B
CU004558,PR01,SU0046,CL002243,COP,2020-11-03,,Activa,0,0,CA05,CORE_A
CU004559,PR04,SU0040,CL000809,PEN,2024-08-30,,Activa,0,0.0401,CA02,CORE_A
CU004560,PR10,SU0020,CL000806,CAD,2025-11-11,,Activa,7294,0.0967,CA05,DIGITAL_CORE
CU004561,PR01,SU0035,CL004067,PEN,2024-06-01,,Activa,0,0,CA05,CORE_A
CU004562,PR03,SU0005,CL000157,MXN,2023-01-30,,Activa,0,0,CA01,CORE_B
CU004563,PR10,SU0001,CL002470,MXN,2024-04-04,,Activa,62467,0.1246,CA01,DIGITAL_CORE
CU004564,PR16,SU0002,CL001531,MXN,2019-03-19,,Activa,0,0,CA03,CORE_B
CU004565,PR13,SU0024,CL002100,CLP,2021-03-08,,Activa,414312,0.1327,CA02,CORE_B
CU004566,PR04,SU0029,CL000644,CLP,2021-12-19,,Activa,0,0.0397,CA05,CORE_A
CU004567,PR10,SU0029,CL000275,CLP,2020-11-07,,Activa,70750,0.1087,CA01,CORE_B
CU004568,PR02,SU0019,CL001442,CAD,2023-03-19,,Activa,0,0,CA02,CORE_B
CU004569,PR16,SU0014,CL002523,CAD,2023-02-07,,Activa,0,0.0131,CA01,DIGITAL_CORE
CU004570,PR05,SU0030,CL001903,CLP,2020-10-22,,Activa,35364,0.3634,CA01,CORE_A
CU004571,PR16,SU0030,CL000738,CLP,2023-08-10,,Activa,0,0,CA05,CORE_A
CU004572,PR04,SU0026,CL000372,CLP,2020-08-21,,Activa,0,0.0225,CA03,DIGITAL_CORE
CU004573,PR12,SU0023,CL001603,CLP,2022-11-07,,Activa,630785,0.1716,CA01,CORE_B
CU004574,PR13,SU0032,CL004152,PEN,2022-10-04,,Activa,475446,0.1558,CA05,DIGITAL_CORE
CU004575,PR18,SU0038,CL001746,PEN,2023-09-29,,Activa,0,0,CA03,CORE_A
CU004576,PR18,SU0040,CL003244,PEN,2021-09-09,,Activa,0,0.0066,CA02,CORE_A
CU004577,PR05,SU0047,CL002637,COP,2023-11-17,,Activa,26397,0.3788,CA02,CORE_B
CU004578,PR06,SU0001,CL000600,MXN,2025-06-06,,Activa,36804,0.3156,CA01,CORE_B
CU004579,PR13,SU0021,CL003452,CLP,2019-05-28,,Activa,266956,0.1619,CA01,CORE_A
CU004580,PR18,SU0037,CL000169,PEN,2023-12-19,,Activa,0,0.0204,CA02,CORE_B
CU004581,PR08,SU0013,CL004339,CAD,2023-01-31,,Activa,6143,0.2622,CA01,CORE_B
CU004582,PR06,SU0023,CL002570,CLP,2024-04-13,,Activa,34300,0.3228,CA01,CORE_B
CU004583,PR03,SU0037,CL003033,PEN,2023-11-13,,Activa,0,0.0263,CA01,CORE_B
CU004584,PR10,SU0049,CL001079,COP,2022-01-23,2023-09-12,Cerrada,67290,0.0904,CA01,CORE_B
CU004585,PR09,SU0025,CL004108,CLP,2019-12-25,,Activa,138807,0.147,CA01,CORE_A
CU004586,PR02,SU0015,CL000406,CAD,2022-12-25,,Activa,0,0,CA05,CORE_B
CU004587,PR07,SU0024,CL004018,CLP,2021-04-03,,Activa,26585,0.2816,CA01,DIGITAL_CORE
CU004588,PR15,SU0028,CL002540,CLP,2023-09-25,,Activa,0,0.06,CA02,DIGITAL_CORE
CU004589,PR15,SU0034,CL002023,PEN,2018-12-02,,Activa,0,0.0321,CA01,CORE_B
CU004590,PR01,SU0020,CL003417,CAD,2025-07-20,,Activa,0,0.0053,CA05,CORE_B
CU004591,PR06,SU0008,CL003778,MXN,2025-02-01,,Activa,107400,0.3311,CA01,DIGITAL_CORE
CU004592,PR16,SU0006,CL002460,MXN,2025-05-01,,Activa,0,0,CA05,DIGITAL_CORE
CU004593,PR10,SU0007,CL003938,MXN,2024-01-10,,Activa,12268,0.1127,CA05,CORE_B
CU004594,PR18,SU0002,CL003952,MXN,2023-06-08,,Activa,0,0.0223,CA01,CORE_A
CU004595,PR15,SU0036,CL004303,PEN,2024-02-24,,Activa,0,0.0398,CA01,CORE_A
CU004596,PR10,SU0006,CL001595,MXN,2024-08-31,,Activa,60981,0.1218,CA05,CORE_B
CU004597,PR08,SU0011,CL001043,CAD,2023-04-17,,Activa,26334,0.2391,CA01,CORE_B
CU004598,PR13,SU0007,CL001311,MXN,2024-08-18,,Activa,1195411,0.1497,CA01,CORE_A
CU004599,PR14,SU0012,CL000776,CAD,2021-09-11,,Activa,0,0,CA01,CORE_A
CU004600,PR10,SU0008,CL000686,MXN,2021-03-21,,Activa,5869,0.1145,CA05,CORE_A
CU004601,PR08,SU0038,CL003450,PEN,2023-07-10,,Activa,15989,0.2646,CA01,DIGITAL_CORE
CU004602,PR15,SU0045,CL001518,COP,2024-07-02,,Activa,0,0.0373,CA05,CORE_A
CU004603,PR06,SU0008,CL002956,MXN,2020-09-22,,Activa,15889,0.3316,CA02,CORE_A
CU004604,PR12,SU0016,CL003783,CAD,2019-09-25,,Activa,7175214,0.1869,CA01,CORE_B
CU004605,PR18,SU0011,CL004280,CAD,2020-06-19,,Activa,0,0.0015,CA05,DIGITAL_CORE
CU004606,PR07,SU0046,CL002928,COP,2024-01-27,,Activa,10479,0.2702,CA05,CORE_B
CU004607,PR05,SU0020,CL000894,CAD,2024-09-02,,Activa,7677,0.3632,CA03,CORE_A
CU004608,PR16,SU0035,CL001704,PEN,2021-07-29,,Activa,0,0,CA05,CORE_A
CU004609,PR15,SU0042,CL003580,COP,2023-09-16,,Activa,0,0.0492,CA01,CORE_A
CU004610,PR08,SU0032,CL000947,PEN,2024-10-23,,Activa,255834,0.2351,CA05,DIGITAL_CORE
CU004611,PR01,SU0028,CL002488,CLP,2021-10-25,,Activa,0,0,CA02,CORE_A
CU004612,PR13,SU0005,CL002141,MXN,2019-11-24,,Activa,139590,0.1251,CA01,CORE_A
CU004613,PR11,SU0039,CL001383,PEN,2021-02-14,,Activa,0,0.0195,CA01,CORE_B
CU004614,PR18,SU0036,CL001278,PEN,2024-05-30,,Activa,0,0.0147,CA01,DIGITAL_CORE
CU004615,PR15,SU0036,CL001889,PEN,2020-12-13,,Activa,0,0.0627,CA05,CORE_B
CU004616,PR02,SU0033,CL000143,PEN,2021-06-08,,Activa,0,0,CA01,CORE_B
CU004617,PR04,SU0038,CL003029,PEN,2024-08-18,,Activa,0,0.0525,CA05,CORE_A
CU004618,PR07,SU0044,CL001307,COP,2022-08-06,,Activa,31159,0.2702,CA05,DIGITAL_CORE
CU004619,PR09,SU0026,CL002768,CLP,2022-12-25,,Activa,44256,0.1368,CA01,CORE_A
CU004620,PR18,SU0030,CL002843,CLP,2025-04-15,,Activa,0,0.0152,CA01,CORE_B
CU004621,PR08,SU0040,CL001596,PEN,2022-01-20,,Activa,7617,0.2505,CA05,DIGITAL_CORE
CU004622,PR18,SU0037,CL002789,PEN,2023-11-17,2025-04-04,Cerrada,0,0,CA01,CORE_B
CU004623,PR10,SU0006,CL002736,MXN,2019-09-06,,Activa,18456,0.1127,CA05,CORE_B
CU004624,PR15,SU0006,CL001025,MXN,2024-08-23,,Activa,0,0.0559,CA01,DIGITAL_CORE
CU004625,PR04,SU0026,CL003876,CLP,2022-08-22,,Activa,0,0.032,CA01,CORE_B
CU004626,PR18,SU0013,CL002178,CAD,2022-06-11,,Activa,0,0.0058,CA02,DIGITAL_CORE
CU004627,PR05,SU0044,CL004247,COP,2024-09-12,,Activa,14025,0.3677,CA05,CORE_B
CU004628,PR18,SU0014,CL000645,CAD,2025-06-05,,Activa,0,0.0084,CA01,CORE_A
CU004629,PR09,SU0025,CL004492,CLP,2021-12-28,,Activa,19675,0.1576,CA05,CORE_B
CU004630,PR04,SU0007,CL001170,MXN,2022-06-19,,Activa,0,0.0344,CA01,CORE_A
CU004631,PR05,SU0003,CL000013,MXN,2021-07-02,,Activa,123926,0.3819,CA01,CORE_B
CU004632,PR18,SU0049,CL003435,COP,2025-03-23,,Activa,0,0.0099,CA02,CORE_B
CU004633,PR06,SU0029,CL002648,CLP,2024-04-08,,Activa,13360,0.322,CA01,CORE_A
CU004634,PR15,SU0021,CL000394,CLP,2023-03-31,,Activa,0,0.0555,CA02,CORE_A
CU004635,PR16,SU0027,CL001772,CLP,2021-02-09,,Activa,0,0.0042,CA01,DIGITAL_CORE
CU004636,PR18,SU0028,CL003188,CLP,2024-02-02,,Activa,0,0,CA02,CORE_A
CU004637,PR03,SU0022,CL000756,CLP,2021-05-31,,Activa,0,0,CA05,DIGITAL_CORE
CU004638,PR07,SU0047,CL003190,COP,2025-08-25,,Activa,17918,0.2851,CA05,CORE_A
CU004639,PR04,SU0008,CL002136,MXN,2020-07-13,,Activa,0,0.0253,CA01,DIGITAL_CORE
CU004640,PR06,SU0006,CL001568,MXN,2025-11-20,,Bloqueada,66554,0.344,CA01,CORE_A
CU004641,PR02,SU0026,CL003392,CLP,2024-11-30,,Activa,0,0.0104,CA05,CORE_B
CU004642,PR06,SU0048,CL003329,COP,2021-03-25,,Activa,13421,0.3333,CA01,DIGITAL_CORE
CU004643,PR05,SU0031,CL001492,PEN,2022-10-16,,Activa,251190,0.3716,CA01,CORE_B
CU004644,PR08,SU0016,CL000656,CAD,2021-06-08,,Activa,61457,0.2502,CA05,CORE_B
CU004645,PR08,SU0034,CL001178,PEN,2022-10-19,,Activa,27709,0.2508,CA05,CORE_B
CU004646,PR05,SU0036,CL000731,PEN,2021-11-30,,Activa,169040,0.3695,CA01,DIGITAL_CORE
CU004647,PR14,SU0030,CL001603,CLP,2025-04-12,,Activa,0,0.0001,CA05,CORE_B
CU004648,PR17,SU0013,CL002340,CAD,2020-11-26,,Activa,0,0.0144,CA03,CORE_A
CU004649,PR07,SU0016,CL001550,CAD,2023-05-23,,Activa,27774,0.2782,CA01,CORE_A
CU004650,PR02,SU0005,CL003633,MXN,2019-06-17,,Activa,0,0.0065,CA01,DIGITAL_CORE
CU004651,PR08,SU0001,CL004079,MXN,2022-11-30,2024-10-11,Cerrada,105545,0.2392,CA05,CORE_A
CU004652,PR04,SU0031,CL003182,PEN,2024-06-23,,Activa,0,0.0423,CA03,CORE_B
CU004653,PR16,SU0004,CL000072,MXN,2021-06-14,,Activa,0,0,CA05,CORE_A
CU004654,PR09,SU0030,CL000863,CLP,2021-11-08,,Activa,9097,0.1558,CA01,CORE_B
CU004655,PR18,SU0030,CL002093,CLP,2022-12-20,,Activa,0,0.003,CA05,CORE_B
CU004656,PR10,SU0013,CL000825,CAD,2025-05-19,,Activa,5681,0.1151,CA02,CORE_B
CU004657,PR18,SU0047,CL001313,COP,2024-03-30,,Activa,0,0.0065,CA01,CORE_B
CU004658,PR06,SU0022,CL000009,CLP,2022-07-22,,Bloqueada,75337,0.3425,CA02,DIGITAL_CORE
CU004659,PR12,SU0023,CL003020,CLP,2022-06-05,,Activa,174342,0.1686,CA03,CORE_B
CU004660,PR12,SU0025,CL002845,CLP,2023-03-17,,Activa,269148,0.1698,CA01,CORE_B
CU004661,PR05,SU0040,CL002168,PEN,2019-07-20,,Activa,13250,0.3751,CA01,CORE_A
CU004662,PR18,SU0020,CL001657,CAD,2020-05-09,,Activa,0,0,CA01,DIGITAL_CORE
CU004663,PR13,SU0032,CL003673,PEN,2025-06-16,,Activa,243813,0.1514,CA01,CORE_B
CU004664,PR08,SU0027,CL000872,CLP,2022-05-02,,Activa,3721,0.2587,CA05,CORE_B
CU004665,PR04,SU0017,CL002650,CAD,2024-09-04,,Activa,0,0.0325,CA03,CORE_A
CU004666,PR01,SU0032,CL001278,PEN,2023-01-25,,Activa,0,0,CA03,CORE_B
CU004667,PR03,SU0014,CL001076,CAD,2025-10-22,,Activa,0,0.011,CA01,CORE_B
CU004668,PR10,SU0044,CL001357,COP,2025-06-24,,Activa,25076,0.0906,CA01,CORE_B
CU004669,PR10,SU0010,CL001151,MXN,2023-12-08,,Activa,4185,0.099,CA01,DIGITAL_CORE
CU004670,PR03,SU0020,CL002147,CAD,2022-07-16,,Activa,0,0.0083,CA01,CORE_B
CU004671,PR03,SU0022,CL002936,CLP,2021-09-29,2022-03-24,Cerrada,0,0.0178,CA03,CORE_B
CU004672,PR03,SU0031,CL002662,PEN,2024-07-12,,Activa,0,0.0012,CA01,CORE_B
CU004673,PR13,SU0027,CL002558,CLP,2023-06-28,,Activa,131680,0.1352,CA01,CORE_A
CU004674,PR18,SU0045,CL000235,COP,2023-11-04,,Activa,0,0.0131,CA02,CORE_B
CU004675,PR04,SU0041,CL002928,COP,2023-03-21,,Activa,0,0.0531,CA05,DIGITAL_CORE
CU004676,PR15,SU0029,CL000119,CLP,2019-12-09,,Activa,0,0.0555,CA01,CORE_B
CU004677,PR16,SU0030,CL001736,CLP,2021-06-19,,Activa,0,0,CA05,DIGITAL_CORE
CU004678,PR09,SU0031,CL001003,PEN,2020-11-18,,Activa,5708,0.1496,CA05,DIGITAL_CORE
CU004679,PR15,SU0030,CL000014,CLP,2025-07-05,,Activa,0,0.046,CA01,CORE_A
CU004680,PR10,SU0045,CL004485,COP,2023-09-13,,Activa,39173,0.0899,CA01,CORE_B
CU004681,PR09,SU0026,CL004121,CLP,2023-03-26,,Activa,49624,0.1713,CA01,CORE_A
CU004682,PR03,SU0042,CL002837,COP,2020-07-16,,Activa,0,0,CA01,CORE_A
CU004683,PR08,SU0032,CL003800,PEN,2022-07-28,,Activa,21088,0.2447,CA01,CORE_A
CU004684,PR14,SU0013,CL001074,CAD,2019-09-07,,Activa,0,0.0165,CA01,CORE_B
CU004685,PR18,SU0024,CL003931,CLP,2021-02-21,,Activa,0,0.0216,CA03,CORE_B
CU004686,PR15,SU0033,CL003468,PEN,2023-10-05,,Activa,0,0.0534,CA05,CORE_A
CU004687,PR03,SU0012,CL002382,CAD,2023-12-31,,Activa,0,0.0051,CA01,CORE_A
CU004688,PR16,SU0018,CL003317,CAD,2025-11-03,,Activa,0,0,CA03,DIGITAL_CORE
CU004689,PR18,SU0013,CL003613,CAD,2022-01-22,,Activa,0,0.017,CA03,DIGITAL_CORE
CU004690,PR06,SU0006,CL003272,MXN,2020-06-11,,Activa,17250,0.3172,CA02,CORE_B
CU004691,PR10,SU0043,CL003156,COP,2020-02-10,2020-12-24,Cerrada,31156,0.0956,CA05,CORE_A
CU004692,PR05,SU0036,CL002236,PEN,2025-01-24,,Activa,11072,0.3809,CA05,CORE_B
CU004693,PR07,SU0041,CL003694,COP,2019-07-31,,Activa,95201,0.2732,CA05,CORE_A
CU004694,PR18,SU0036,CL002894,PEN,2023-04-04,,Activa,0,0.0025,CA01,DIGITAL_CORE
CU004695,PR04,SU0026,CL004422,CLP,2025-09-02,,Activa,0,0.0186,CA05,CORE_A
CU004696,PR16,SU0023,CL003227,CLP,2024-10-03,,Activa,0,0,CA05,CORE_A
CU004697,PR15,SU0003,CL002197,MXN,2022-10-09,,Activa,0,0.0493,CA01,DIGITAL_CORE
CU004698,PR18,SU0014,CL002329,CAD,2019-10-10,,Activa,0,0.0033,CA03,CORE_A
CU004699,PR10,SU0032,CL002077,PEN,2025-09-09,,Activa,45750,0.098,CA05,CORE_B
CU004700,PR15,SU0046,CL000707,COP,2020-03-22,,Activa,0,0.0605,CA05,DIGITAL_CORE
CU004701,PR09,SU0041,CL003308,COP,2024-06-08,,Activa,19839,0.1418,CA05,CORE_B
CU004702,PR05,SU0031,CL001030,PEN,2020-11-12,,Activa,31407,0.3549,CA05,CORE_B
CU004703,PR01,SU0025,CL002264,CLP,2023-10-05,,Activa,0,0.0121,CA01,CORE_A
CU004704,PR04,SU0037,CL000269,PEN,2019-08-22,,Activa,0,0.023,CA05,CORE_B
CU004705,PR08,SU0040,CL002333,PEN,2022-12-21,,Activa,20398,0.2649,CA01,CORE_A
CU004706,PR17,SU0022,CL000720,CLP,2018-11-30,,Activa,0,0,CA01,CORE_B
CU004707,PR09,SU0007,CL003558,MXN,2019-12-17,,Activa,231034,0.1448,CA05,DIGITAL_CORE
CU004708,PR09,SU0025,CL001737,CLP,2021-10-21,,Activa,10026,0.1662,CA01,DIGITAL_CORE
CU004709,PR05,SU0013,CL003064,CAD,2024-12-18,,Activa,10486,0.3734,CA01,CORE_B
CU004710,PR15,SU0037,CL003305,PEN,2025-06-17,,Activa,0,0.0464,CA05,CORE_B
CU004711,PR18,SU0023,CL003851,CLP,2025-09-04,,Activa,0,0.0176,CA05,DIGITAL_CORE
CU004712,PR10,SU0046,CL004080,COP,2021-05-18,,Activa,272011,0.1189,CA03,CORE_B
CU004713,PR07,SU0018,CL001947,CAD,2024-08-10,,Bloqueada,11412,0.3037,CA02,CORE_B
CU004714,PR17,SU0045,CL002007,COP,2022-01-15,,Activa,0,0,CA05,CORE_B
CU004715,PR16,SU0034,CL003164,PEN,2023-01-29,,Activa,0,0,CA01,DIGITAL_CORE
CU004716,PR09,SU0020,CL000719,CAD,2023-04-09,,Activa,2991,0.1659,CA01,DIGITAL_CORE
CU004717,PR01,SU0014,CL001699,CAD,2024-02-10,,Activa,0,0,CA05,CORE_A
CU004718,PR18,SU0043,CL001762,COP,2025-08-26,,Activa,0,0,CA01,DIGITAL_CORE
CU004719,PR13,SU0045,CL002162,COP,2025-06-04,,Activa,234814,0.1255,CA05,CORE_B
CU004720,PR13,SU0007,CL000161,MXN,2024-01-17,,Activa,272001,0.1323,CA01,CORE_A
CU004721,PR08,SU0019,CL003610,CAD,2020-11-04,,Activa,13179,0.259,CA05,CORE_A
CU004722,PR01,SU0013,CL001525,CAD,2020-07-10,,Activa,0,0,CA03,DIGITAL_CORE
CU004723,PR03,SU0006,CL001300,MXN,2022-07-28,,Activa,0,0.0081,CA01,CORE_A
CU004724,PR18,SU0018,CL001428,CAD,2019-11-27,,Activa,0,0.0107,CA01,CORE_A
CU004725,PR03,SU0021,CL004370,CLP,2025-04-27,,Activa,0,0.0026,CA05,CORE_B
CU004726,PR09,SU0045,CL004004,COP,2023-10-04,,Activa,17555,0.1507,CA03,CORE_A
CU004727,PR09,SU0011,CL001209,CAD,2019-10-24,,Activa,73783,0.157,CA03,CORE_A
CU004728,PR02,SU0007,CL001424,MXN,2024-04-16,,Activa,0,0,CA05,CORE_A
CU004729,PR03,SU0030,CL000238,CLP,2021-06-12,,Activa,0,0,CA01,CORE_B
CU004730,PR06,SU0018,CL000794,CAD,2019-02-07,,Activa,13206,0.3299,CA01,CORE_B
CU004731,PR09,SU0035,CL000163,PEN,2024-06-30,,Activa,247307,0.137,CA03,CORE_B
CU004732,PR05,SU0044,CL003475,COP,2021-06-28,,Activa,31634,0.3754,CA05,DIGITAL_CORE
CU004733,PR08,SU0007,CL001392,MXN,2020-03-19,2021-06-02,Cerrada,22980,0.2558,CA01,CORE_A
CU004734,PR04,SU0037,CL000823,PEN,2025-02-07,,Activa,0,0.0255,CA05,DIGITAL_CORE
CU004735,PR03,SU0023,CL001124,CLP,2022-02-11,,Activa,0,0,CA05,DIGITAL_CORE
CU004736,PR18,SU0013,CL003841,CAD,2020-03-05,,Activa,0,0.0049,CA05,DIGITAL_CORE
CU004737,PR12,SU0032,CL000270,PEN,2020-08-25,,Activa,5382121,0.2039,CA05,CORE_B
CU004738,PR18,SU0047,CL000179,COP,2025-11-04,,Activa,0,0.0057,CA01,DIGITAL_CORE
CU004739,PR04,SU0005,CL002767,MXN,2025-11-05,,Activa,0,0.0412,CA05,DIGITAL_CORE
CU004740,PR03,SU0026,CL004233,CLP,2024-01-01,,Activa,0,0.0258,CA01,CORE_B
CU004741,PR10,SU0030,CL004350,CLP,2022-05-10,,Activa,369767,0.1228,CA05,CORE_A
CU004742,PR06,SU0033,CL000646,PEN,2019-03-11,,Activa,12272,0.3175,CA01,CORE_A
CU004743,PR07,SU0034,CL000886,PEN,2024-11-01,,Activa,125544,0.2658,CA01,DIGITAL_CORE
CU004744,PR04,SU0025,CL003360,CLP,2024-01-31,,Activa,0,0.0446,CA02,CORE_B
CU004745,PR18,SU0028,CL000214,CLP,2020-03-07,,Activa,0,0.0114,CA03,CORE_B
CU004746,PR03,SU0049,CL003308,COP,2024-01-21,,Activa,0,0,CA01,CORE_A
CU004747,PR15,SU0025,CL003334,CLP,2022-11-14,,Activa,0,0.0505,CA02,CORE_B
CU004748,PR02,SU0034,CL002833,PEN,2024-08-14,,Activa,0,0.0052,CA01,DIGITAL_CORE
CU004749,PR15,SU0005,CL002860,MXN,2025-09-14,,Activa,0,0.054,CA05,DIGITAL_CORE
CU004750,PR08,SU0038,CL004487,PEN,2019-04-01,2020-10-02,Cerrada,129200,0.2326,CA03,CORE_B
CU004751,PR04,SU0037,CL001997,PEN,2020-11-29,,Activa,0,0.0288,CA05,CORE_B
CU004752,PR12,SU0030,CL002845,CLP,2024-09-22,,Activa,223973,0.1948,CA01,DIGITAL_CORE
CU004753,PR15,SU0028,CL002548,CLP,2024-11-04,,Activa,0,0.0615,CA01,CORE_B
CU004754,PR14,SU0014,CL002210,CAD,2021-02-25,,Activa,0,0,CA03,DIGITAL_CORE
CU004755,PR06,SU0023,CL002320,CLP,2021-12-31,,Activa,27823,0.3176,CA02,CORE_A
CU004756,PR01,SU0033,CL001318,PEN,2023-02-10,,Activa,0,0.0047,CA05,DIGITAL_CORE
CU004757,PR03,SU0030,CL003642,CLP,2023-06-28,,Activa,0,0,CA05,CORE_B
CU004758,PR08,SU0025,CL002012,CLP,2024-06-17,,Activa,341688,0.2274,CA05,CORE_A
CU004759,PR15,SU0039,CL003548,PEN,2025-02-15,,Activa,0,0.0649,CA05,CORE_B
CU004760,PR18,SU0003,CL000066,MXN,2020-04-06,,Activa,0,0,CA01,CORE_A
CU004761,PR16,SU0027,CL003886,CLP,2025-04-02,,Activa,0,0.0133,CA05,CORE_B
CU004762,PR13,SU0045,CL000347,COP,2025-10-28,,Activa,575203,0.146,CA05,CORE_B
CU004763,PR18,SU0018,CL004463,CAD,2020-10-27,,Activa,0,0.0149,CA02,DIGITAL_CORE
CU004764,PR08,SU0030,CL004370,CLP,2021-11-25,,Activa,26386,0.2481,CA05,DIGITAL_CORE
CU004765,PR15,SU0015,CL001780,CAD,2023-02-25,,Activa,0,0.0547,CA03,CORE_A
CU004766,PR06,SU0017,CL001462,CAD,2023-10-10,,Activa,8832,0.3362,CA01,CORE_B
CU004767,PR07,SU0019,CL004028,CAD,2024-05-04,,Activa,62585,0.2822,CA01,CORE_A
CU004768,PR01,SU0022,CL004027,CLP,2024-10-14,,Activa,0,0.0139,CA05,CORE_B
CU004769,PR08,SU0011,CL003191,CAD,2022-07-14,,Activa,32894,0.2254,CA05,CORE_B
CU004770,PR05,SU0049,CL001779,COP,2021-07-08,,Activa,25842,0.3811,CA05,CORE_B
CU004771,PR11,SU0016,CL001290,CAD,2023-11-06,,Activa,0,0,CA01,DIGITAL_CORE
CU004772,PR15,SU0014,CL000395,CAD,2022-10-25,,Activa,0,0.0569,CA02,CORE_B
CU004773,PR16,SU0048,CL003881,COP,2023-01-04,,Activa,0,0.0021,CA01,CORE_A
CU004774,PR04,SU0019,CL002910,CAD,2019-05-07,,Activa,0,0.0419,CA02,DIGITAL_CORE
CU004775,PR08,SU0012,CL004217,CAD,2025-08-15,,Activa,54393,0.2385,CA03,CORE_B
CU004776,PR09,SU0043,CL002120,COP,2018-12-18,,Activa,56934,0.1497,CA05,DIGITAL_CORE
CU004777,PR06,SU0021,CL000755,CLP,2024-06-27,2025-10-11,Cerrada,29065,0.3223,CA03,DIGITAL_CORE
CU004778,PR09,SU0001,CL001457,MXN,2024-02-26,,Activa,15732,0.1492,CA01,CORE_A
CU004779,PR03,SU0024,CL002531,CLP,2021-04-23,,Activa,0,0.0131,CA01,CORE_B
CU004780,PR02,SU0045,CL002310,COP,2020-11-18,,Activa,0,0.0076,CA05,CORE_A
CU004781,PR08,SU0042,CL004246,COP,2019-02-22,,Activa,17909,0.2462,CA05,DIGITAL_CORE
CU004782,PR15,SU0018,CL002365,CAD,2022-11-15,,Activa,0,0.0459,CA05,DIGITAL_CORE
CU004783,PR13,SU0018,CL001682,CAD,2022-02-05,,Activa,232804,0.1517,CA01,CORE_B
CU004784,PR01,SU0022,CL002878,CLP,2021-05-14,,Activa,0,0.0117,CA05,CORE_A
CU004785,PR18,SU0009,CL000101,MXN,2025-10-08,,Activa,0,0.013,CA01,CORE_B
CU004786,PR11,SU0020,CL003895,CAD,2022-12-31,,Activa,0,0,CA01,DIGITAL_CORE
CU004787,PR04,SU0024,CL003153,CLP,2022-08-17,,Activa,0,0.0479,CA02,DIGITAL_CORE
CU004788,PR04,SU0005,CL001448,MXN,2023-12-12,,Activa,0,0.0213,CA01,CORE_B
CU004789,PR16,SU0033,CL001466,PEN,2025-05-03,,Bloqueada,0,0,CA05,DIGITAL_CORE
CU004790,PR17,SU0001,CL003338,MXN,2020-05-22,,Activa,0,0.0124,CA05,DIGITAL_CORE
CU004791,PR05,SU0026,CL000680,CLP,2022-07-29,,Activa,48077,0.354,CA02,CORE_B
CU004792,PR18,SU0026,CL003520,CLP,2024-02-11,,Activa,0,0.012,CA03,DIGITAL_CORE
CU004793,PR04,SU0008,CL004316,MXN,2022-08-04,,Activa,0,0.0335,CA05,CORE_B
CU004794,PR10,SU0029,CL001261,CLP,2023-02-03,,Activa,43345,0.1101,CA01,DIGITAL_CORE
CU004795,PR06,SU0007,CL000378,MXN,2025-11-24,,Activa,326797,0.3214,CA02,DIGITAL_CORE
CU004796,PR15,SU0016,CL000999,CAD,2024-12-30,,Activa,0,0.0416,CA05,CORE_A
CU004797,PR07,SU0010,CL002445,MXN,2022-08-20,,Activa,204233,0.2906,CA01,CORE_A
CU004798,PR08,SU0038,CL004268,PEN,2025-03-08,,Activa,27110,0.2396,CA01,CORE_A
CU004799,PR03,SU0034,CL001320,PEN,2022-12-08,,Activa,0,0,CA01,CORE_B
CU004800,PR18,SU0028,CL000172,CLP,2019-06-02,,Activa,0,0,CA01,CORE_A
CU004801,PR18,SU0012,CL004325,CAD,2023-01-04,,Activa,0,0.0133,CA05,CORE_A
CU004802,PR15,SU0021,CL000849,CLP,2023-02-12,,Activa,0,0.0504,CA01,DIGITAL_CORE
CU004803,PR06,SU0033,CL004303,PEN,2023-06-17,,Activa,6643,0.3314,CA01,CORE_A
CU004804,PR18,SU0020,CL000875,CAD,2021-06-02,,Activa,0,0.0042,CA02,CORE_B
CU004805,PR18,SU0012,CL001648,CAD,2022-07-13,,Activa,0,0.0116,CA01,CORE_A
CU004806,PR08,SU0014,CL004468,CAD,2024-10-14,,Activa,74482,0.2405,CA03,CORE_A
CU004807,PR18,SU0036,CL001532,PEN,2024-08-20,,Activa,0,0.0221,CA02,DIGITAL_CORE
CU004808,PR18,SU0016,CL000076,CAD,2022-04-27,,Activa,0,0.0144,CA03,CORE_B
CU004809,PR10,SU0026,CL003071,CLP,2022-02-18,,Activa,31372,0.1238,CA03,CORE_B
CU004810,PR10,SU0038,CL004454,PEN,2022-09-19,,Activa,445002,0.0904,CA01,CORE_A
CU004811,PR15,SU0049,CL002287,COP,2023-01-31,,Activa,0,0.0372,CA05,DIGITAL_CORE
CU004812,PR01,SU0039,CL001102,PEN,2020-02-08,,Activa,0,0.0164,CA01,CORE_A
CU004813,PR06,SU0050,CL002997,COP,2021-06-30,,Activa,5750,0.3122,CA05,CORE_A
CU004814,PR02,SU0029,CL003667,CLP,2024-09-15,,Activa,0,0.0003,CA05,CORE_A
CU004815,PR07,SU0037,CL002397,PEN,2022-10-27,,Activa,29363,0.2784,CA02,CORE_A
CU004816,PR18,SU0040,CL000174,PEN,2019-08-16,,Activa,0,0.0226,CA03,CORE_B
CU004817,PR05,SU0013,CL000794,CAD,2020-05-11,,Activa,38856,0.3626,CA05,CORE_A
CU004818,PR04,SU0042,CL003378,COP,2022-10-19,,Activa,0,0.0346,CA05,DIGITAL_CORE
CU004819,PR03,SU0013,CL004110,CAD,2024-06-03,,Activa,0,0.0116,CA03,CORE_B
CU004820,PR18,SU0019,CL000825,CAD,2022-05-19,,Activa,0,0,CA02,CORE_B
CU004821,PR16,SU0037,CL000636,PEN,2020-07-15,,Activa,0,0,CA05,CORE_A
CU004822,PR05,SU0021,CL003280,CLP,2022-11-21,,Bloqueada,45280,0.3595,CA01,DIGITAL_CORE
CU004823,PR18,SU0012,CL003525,CAD,2024-06-11,,Activa,0,0.0158,CA03,CORE_B
CU004824,PR12,SU0029,CL001882,CLP,2020-03-08,,Bloqueada,5910534,0.2044,CA05,DIGITAL_CORE
CU004825,PR08,SU0015,CL000459,CAD,2023-03-28,,Activa,29451,0.2267,CA05,CORE_B
CU004826,PR02,SU0037,CL000070,PEN,2020-04-12,,Activa,0,0.008,CA05,CORE_A
CU004827,PR10,SU0036,CL004448,PEN,2022-08-05,,Activa,19797,0.1201,CA05,DIGITAL_CORE
CU004828,PR09,SU0010,CL002046,MXN,2024-09-17,,Activa,35054,0.1526,CA03,CORE_B
CU004829,PR07,SU0044,CL001270,COP,2024-02-15,,Activa,7227,0.2756,CA01,DIGITAL_CORE
CU004830,PR05,SU0041,CL002795,COP,2019-05-15,,Activa,3347,0.3563,CA02,CORE_A
CU004831,PR15,SU0001,CL003151,MXN,2022-03-17,,Activa,0,0.0461,CA01,CORE_B
CU004832,PR07,SU0049,CL002660,COP,2023-09-24,,Activa,33274,0.273,CA05,CORE_A
CU004833,PR08,SU0013,CL001235,CAD,2020-09-15,,Activa,129334,0.2371,CA02,DIGITAL_CORE
CU004834,PR15,SU0005,CL004367,MXN,2025-08-13,,Activa,0,0.0511,CA05,CORE_A
CU004835,PR05,SU0012,CL000783,CAD,2022-12-30,,Activa,18822,0.3672,CA05,CORE_A
CU004836,PR18,SU0027,CL001212,CLP,2024-11-19,,Activa,0,0.0141,CA02,CORE_A
CU004837,PR08,SU0004,CL003374,MXN,2025-06-12,,Activa,19665,0.2495,CA03,CORE_A
CU004838,PR04,SU0025,CL002719,CLP,2025-02-08,,Activa,0,0.0318,CA05,CORE_B
CU004839,PR06,SU0046,CL001943,COP,2021-03-02,,Activa,5006,0.3122,CA02,DIGITAL_CORE
CU004840,PR09,SU0037,CL001084,PEN,2021-06-28,,Activa,32026,0.1397,CA01,CORE_A
CU004841,PR15,SU0039,CL001267,PEN,2025-06-27,,Activa,0,0.0621,CA01,DIGITAL_CORE
CU004842,PR02,SU0043,CL002414,COP,2020-08-15,,Activa,0,0.0002,CA01,CORE_A
CU004843,PR02,SU0014,CL004468,CAD,2024-04-25,,Activa,0,0.0015,CA05,DIGITAL_CORE
CU004844,PR10,SU0033,CL003382,PEN,2022-04-09,,Activa,94057,0.0926,CA01,CORE_B
CU004845,PR12,SU0028,CL000017,CLP,2022-06-19,2023-12-28,Cerrada,210348,0.1734,CA01,CORE_B
CU004846,PR16,SU0030,CL002874,CLP,2024-09-02,,Activa,0,0,CA05,DIGITAL_CORE
CU004847,PR07,SU0003,CL003543,MXN,2024-07-24,,Activa,121017,0.2725,CA05,CORE_A
CU004848,PR16,SU0012,CL003159,CAD,2020-08-27,,Activa,0,0,CA05,CORE_B
CU004849,PR14,SU0004,CL001980,MXN,2024-11-22,,Activa,0,0,CA01,CORE_B
CU004850,PR03,SU0017,CL004339,CAD,2020-10-15,,Activa,0,0.0047,CA05,CORE_B
CU004851,PR11,SU0047,CL002765,COP,2022-04-09,,Activa,0,0,CA01,DIGITAL_CORE
CU004852,PR10,SU0026,CL004033,CLP,2024-02-16,,Activa,23095,0.1103,CA01,CORE_A
CU004853,PR05,SU0034,CL004049,PEN,2024-11-09,,Activa,107935,0.3756,CA02,CORE_A
CU004854,PR18,SU0030,CL000306,CLP,2022-06-28,,Activa,0,0,CA03,CORE_B
CU004855,PR04,SU0048,CL002243,COP,2021-09-21,,Activa,0,0.0163,CA05,CORE_A
CU004856,PR08,SU0046,CL002159,COP,2024-04-27,2025-03-05,Cerrada,53144,0.2448,CA05,DIGITAL_CORE
CU004857,PR05,SU0041,CL000574,COP,2023-12-27,,Activa,22269,0.384,CA05,CORE_B
CU004858,PR16,SU0036,CL004438,PEN,2022-10-14,,Activa,0,0,CA05,CORE_A
CU004859,PR02,SU0019,CL001166,CAD,2021-10-11,,Activa,0,0.0098,CA02,DIGITAL_CORE
CU004860,PR15,SU0011,CL000205,CAD,2024-08-27,,Activa,0,0.0511,CA02,CORE_A
CU004861,PR13,SU0044,CL003010,COP,2021-03-02,,Activa,322905,0.1422,CA05,CORE_B
CU004862,PR11,SU0025,CL001603,CLP,2025-07-09,,Activa,0,0,CA01,DIGITAL_CORE
CU004863,PR16,SU0047,CL002444,COP,2023-04-16,,Activa,0,0,CA05,CORE_B
CU004864,PR10,SU0042,CL001674,COP,2023-08-02,,Activa,27723,0.1173,CA05,CORE_B
CU004865,PR17,SU0009,CL001774,MXN,2019-06-19,,Activa,0,0,CA03,DIGITAL_CORE
CU004866,PR08,SU0049,CL000089,COP,2023-04-14,,Activa,26717,0.2343,CA05,CORE_B
CU004867,PR15,SU0042,CL001381,COP,2024-02-06,,Activa,0,0.0309,CA02,DIGITAL_CORE
CU004868,PR18,SU0014,CL001592,CAD,2019-11-24,,Activa,0,0,CA05,CORE_B
CU004869,PR07,SU0032,CL002087,PEN,2021-08-20,,Activa,6021,0.2765,CA01,CORE_B
CU004870,PR08,SU0031,CL000082,PEN,2024-12-07,,Activa,65851,0.261,CA01,DIGITAL_CORE
CU004871,PR09,SU0016,CL004396,CAD,2025-06-12,,Bloqueada,7380,0.1486,CA03,CORE_A
CU004872,PR18,SU0021,CL001849,CLP,2024-04-06,,Activa,0,0.0122,CA02,CORE_A
CU004873,PR15,SU0043,CL002810,COP,2021-01-15,,Activa,0,0.032,CA05,CORE_B
CU004874,PR05,SU0035,CL002271,PEN,2019-10-08,,Activa,243878,0.3551,CA05,DIGITAL_CORE
CU004875,PR09,SU0047,CL002715,COP,2021-09-15,,Activa,52048,0.1601,CA05,DIGITAL_CORE
CU004876,PR10,SU0030,CL004499,CLP,2022-08-09,,Activa,31886,0.1171,CA01,CORE_B
CU004877,PR16,SU0038,CL002014,PEN,2020-09-15,,Activa,0,0,CA05,DIGITAL_CORE
CU004878,PR15,SU0011,CL000577,CAD,2025-04-17,,Activa,0,0.0461,CA03,DIGITAL_CORE
CU004879,PR11,SU0021,CL000017,CLP,2021-09-26,,Activa,0,0,CA05,CORE_B
CU004880,PR18,SU0029,CL001399,CLP,2023-07-18,,Activa,0,0,CA03,CORE_B
CU004881,PR03,SU0004,CL004337,MXN,2018-12-07,,Activa,0,0.0134,CA02,CORE_A
CU004882,PR12,SU0014,CL001981,CAD,2020-01-18,,Activa,84497,0.1733,CA01,CORE_B
CU004883,PR18,SU0026,CL000451,CLP,2021-02-08,2023-06-08,Cerrada,0,0.011,CA01,CORE_A
CU004884,PR11,SU0034,CL002212,PEN,2024-11-03,,Activa,0,0,CA02,CORE_A
CU004885,PR18,SU0022,CL001936,CLP,2021-04-19,,Activa,0,0.0084,CA01,CORE_A
CU004886,PR09,SU0013,CL000217,CAD,2023-10-23,,Activa,37159,0.1423,CA01,CORE_A
CU004887,PR03,SU0045,CL003792,COP,2024-05-03,,Activa,0,0.0062,CA05,CORE_A
CU004888,PR08,SU0017,CL003293,CAD,2023-08-09,,Activa,78425,0.2598,CA01,DIGITAL_CORE
CU004889,PR07,SU0045,CL000093,COP,2025-03-30,,Activa,28519,0.3033,CA05,DIGITAL_CORE
CU004890,PR02,SU0012,CL002975,CAD,2023-02-05,,Activa,0,0.0066,CA05,CORE_B
CU004891,PR03,SU0014,CL001885,CAD,2022-11-28,,Activa,0,0.0226,CA01,DIGITAL_CORE
CU004892,PR02,SU0012,CL002154,CAD,2021-01-06,,Activa,0,0.0057,CA01,CORE_A
CU004893,PR18,SU0003,CL004005,MXN,2021-01-18,,Activa,0,0.0137,CA05,CORE_A
CU004894,PR02,SU0034,CL003214,PEN,2024-09-22,,Activa,0,0,CA01,DIGITAL_CORE
CU004895,PR13,SU0029,CL003989,CLP,2024-05-06,,Activa,171135,0.1342,CA05,DIGITAL_CORE
CU004896,PR04,SU0026,CL002109,CLP,2025-06-05,,Activa,0,0.0158,CA05,DIGITAL_CORE
CU004897,PR09,SU0031,CL001586,PEN,2021-03-13,2022-10-16,Cerrada,54170,0.1666,CA01,CORE_A
CU004898,PR10,SU0025,CL003642,CLP,2021-04-28,,Activa,43180,0.1036,CA05,DIGITAL_CORE
CU004899,PR04,SU0015,CL000191,CAD,2020-11-17,,Activa,0,0.0247,CA05,DIGITAL_CORE
CU004900,PR07,SU0040,CL002255,PEN,2022-08-09,,Activa,13394,0.2726,CA01,DIGITAL_CORE
CU004901,PR14,SU0042,CL002402,COP,2023-08-29,,Activa,0,0,CA01,CORE_B
CU004902,PR03,SU0043,CL001016,COP,2022-09-20,,Activa,0,0,CA01,CORE_B
CU004903,PR18,SU0001,CL001176,MXN,2021-03-08,,Activa,0,0.0028,CA05,DIGITAL_CORE
CU004904,PR04,SU0047,CL003553,COP,2024-12-07,,Activa,0,0.0529,CA01,CORE_A
CU004905,PR09,SU0006,CL002767,MXN,2023-03-10,,Activa,42929,0.1427,CA05,DIGITAL_CORE
CU004906,PR09,SU0037,CL003816,PEN,2021-05-13,,Activa,154160,0.1683,CA03,CORE_A
CU004907,PR10,SU0045,CL003414,COP,2020-03-26,,Activa,272461,0.098,CA05,CORE_B
CU004908,PR18,SU0002,CL003377,MXN,2019-11-09,,Activa,0,0,CA03,CORE_B
CU004909,PR05,SU0049,CL004149,COP,2024-05-24,,Activa,7006,0.384,CA05,DIGITAL_CORE
CU004910,PR05,SU0006,CL003042,MXN,2025-11-28,,Activa,30994,0.3817,CA01,DIGITAL_CORE
CU004911,PR03,SU0007,CL001554,MXN,2023-07-22,,Activa,0,0,CA05,CORE_A
CU004912,PR04,SU0003,CL000826,MXN,2025-09-16,,Activa,0,0.0533,CA05,CORE_A
CU004913,PR07,SU0044,CL001705,COP,2020-04-11,2022-01-06,Cerrada,55456,0.2933,CA01,DIGITAL_CORE
CU004914,PR06,SU0019,CL002303,CAD,2025-03-19,,Activa,27582,0.3267,CA05,CORE_B
CU004915,PR01,SU0048,CL001972,COP,2020-08-03,2021-04-23,Cerrada,0,0.0201,CA01,DIGITAL_CORE
CU004916,PR18,SU0008,CL002799,MXN,2022-04-27,,Activa,0,0.0036,CA01,CORE_B
CU004917,PR10,SU0027,CL001053,CLP,2025-11-07,,Activa,25530,0.0971,CA01,DIGITAL_CORE
CU004918,PR06,SU0037,CL003125,PEN,2023-07-17,,Activa,161720,0.3207,CA01,CORE_A
CU004919,PR17,SU0012,CL004172,CAD,2019-10-10,2020-08-09,Cerrada,0,0,CA05,DIGITAL_CORE
CU004920,PR08,SU0037,CL001267,PEN,2025-05-09,,Activa,5269,0.2362,CA01,CORE_B
CU004921,PR04,SU0016,CL004171,CAD,2024-03-05,,Activa,0,0.0506,CA02,CORE_B
CU004922,PR15,SU0010,CL001349,MXN,2023-09-21,,Activa,0,0.0505,CA01,CORE_A
CU004923,PR10,SU0011,CL003908,CAD,2025-05-06,,Activa,57762,0.1086,CA05,CORE_A
CU004924,PR06,SU0035,CL004119,PEN,2025-11-17,,Activa,305728,0.3393,CA01,CORE_A
CU004925,PR16,SU0018,CL001928,CAD,2020-06-12,,Activa,0,0,CA01,CORE_B
CU004926,PR04,SU0013,CL000827,CAD,2023-05-18,,Activa,0,0.0496,CA03,CORE_B
CU004927,PR08,SU0008,CL003654,MXN,2024-12-19,,Activa,5909,0.2479,CA01,CORE_B
CU004928,PR15,SU0043,CL004014,COP,2024-10-29,,Activa,0,0.0355,CA01,CORE_A
CU004929,PR08,SU0014,CL000459,CAD,2022-06-13,,Activa,14838,0.2636,CA05,DIGITAL_CORE
CU004930,PR08,SU0001,CL004202,MXN,2020-04-17,,Activa,25150,0.2282,CA02,CORE_B
CU004931,PR04,SU0022,CL002595,CLP,2022-06-04,,Activa,0,0.0368,CA05,CORE_A
CU004932,PR01,SU0046,CL002837,COP,2023-09-07,,Activa,0,0.0143,CA05,DIGITAL_CORE
CU004933,PR04,SU0042,CL001307,COP,2019-03-14,,Activa,0,0.0224,CA05,DIGITAL_CORE
CU004934,PR12,SU0034,CL003369,PEN,2023-04-29,,Activa,68917,0.1804,CA01,CORE_B
CU004935,PR02,SU0032,CL001659,PEN,2024-09-08,,Activa,0,0,CA05,CORE_A
CU004936,PR16,SU0008,CL000494,MXN,2022-10-23,,Activa,0,0,CA01,CORE_A
CU004937,PR09,SU0045,CL000266,COP,2020-04-11,,Activa,14563,0.1653,CA05,CORE_B
CU004938,PR05,SU0030,CL003846,CLP,2020-01-30,,Activa,13772,0.3605,CA01,DIGITAL_CORE
CU004939,PR16,SU0033,CL003427,PEN,2020-11-05,,Activa,0,0,CA01,CORE_B
CU004940,PR05,SU0017,CL000386,CAD,2025-10-02,,Activa,9362,0.3847,CA05,CORE_B
CU004941,PR10,SU0046,CL002170,COP,2022-07-09,,Activa,128336,0.0876,CA02,CORE_A
CU004942,PR10,SU0049,CL001598,COP,2025-11-20,,Activa,27505,0.087,CA05,CORE_B
CU004943,PR06,SU0007,CL002788,MXN,2025-04-19,,Activa,49091,0.3157,CA02,DIGITAL_CORE
CU004944,PR07,SU0031,CL003166,PEN,2019-07-21,,Activa,136789,0.2718,CA01,CORE_A
CU004945,PR01,SU0004,CL003966,MXN,2024-03-31,,Activa,0,0,CA05,CORE_B
CU004946,PR02,SU0045,CL003888,COP,2022-08-25,,Activa,0,0.0044,CA02,CORE_A
CU004947,PR16,SU0041,CL001148,COP,2022-06-10,,Activa,0,0.0082,CA03,CORE_A
CU004948,PR01,SU0048,CL000309,COP,2024-04-01,,Activa,0,0.0132,CA01,CORE_B
CU004949,PR06,SU0009,CL003717,MXN,2023-08-15,,Activa,6510,0.3371,CA01,DIGITAL_CORE
CU004950,PR06,SU0030,CL001321,CLP,2020-12-18,2022-01-13,Cerrada,10002,0.3392,CA01,CORE_A
CU004951,PR05,SU0040,CL000368,PEN,2025-10-30,,Activa,25562,0.3789,CA03,CORE_B
CU004952,PR07,SU0034,CL002127,PEN,2021-01-09,,Activa,8095,0.2912,CA01,CORE_B
CU004953,PR18,SU0005,CL004319,MXN,2024-08-14,,Activa,0,0.0022,CA02,CORE_B
CU004954,PR12,SU0042,CL003155,COP,2021-03-14,,Activa,519143,0.1793,CA05,DIGITAL_CORE
CU004955,PR10,SU0015,CL001459,CAD,2019-12-12,,Activa,19030,0.0887,CA01,DIGITAL_CORE
CU004956,PR02,SU0047,CL001294,COP,2025-01-15,,Activa,0,0,CA05,DIGITAL_CORE
CU004957,PR10,SU0025,CL000995,CLP,2023-06-10,,Activa,27263,0.1085,CA01,CORE_A
CU004958,PR18,SU0035,CL003734,PEN,2025-08-21,,Activa,0,0.0063,CA02,DIGITAL_CORE
CU004959,PR18,SU0045,CL002644,COP,2023-09-21,,Activa,0,0.0047,CA02,CORE_A
CU004960,PR05,SU0031,CL002741,PEN,2022-08-28,,Activa,13485,0.3461,CA01,CORE_A
CU004961,PR18,SU0034,CL002870,PEN,2024-07-30,,Activa,0,0,CA02,CORE_B
CU004962,PR16,SU0015,CL002617,CAD,2024-01-23,,Activa,0,0,CA05,CORE_B
CU004963,PR16,SU0004,CL003437,MXN,2025-08-26,,Activa,0,0.0056,CA01,DIGITAL_CORE
CU004964,PR06,SU0038,CL002662,PEN,2024-12-12,,Activa,2762,0.3429,CA01,CORE_A
CU004965,PR04,SU0018,CL003932,CAD,2022-04-14,,Activa,0,0.0489,CA01,CORE_B
CU004966,PR18,SU0035,CL001561,PEN,2022-10-04,,Activa,0,0,CA03,DIGITAL_CORE
CU004967,PR06,SU0003,CL001147,MXN,2024-09-29,2025-06-24,Cerrada,23549,0.333,CA03,CORE_A
CU004968,PR11,SU0014,CL002717,CAD,2019-09-04,,Activa,0,0.0074,CA01,DIGITAL_CORE
CU004969,PR04,SU0024,CL003466,CLP,2021-09-11,,Bloqueada,0,0.0506,CA01,CORE_A
CU004970,PR09,SU0039,CL004013,PEN,2024-11-01,,Activa,29784,0.1601,CA03,DIGITAL_CORE
CU004971,PR04,SU0030,CL004350,CLP,2019-12-27,,Activa,0,0.0449,CA05,CORE_B
CU004972,PR07,SU0020,CL003411,CAD,2022-10-21,,Activa,26339,0.2681,CA05,CORE_A
CU004973,PR14,SU0011,CL002733,CAD,2023-07-06,,Activa,0,0.0127,CA01,CORE_A
CU004974,PR05,SU0026,CL002144,CLP,2023-05-17,2024-08-14,Cerrada,30624,0.3483,CA02,CORE_A
CU004975,PR14,SU0040,CL000623,PEN,2025-03-10,,Activa,0,0.0107,CA01,CORE_A
CU004976,PR03,SU0047,CL002776,COP,2023-06-03,,Activa,0,0,CA01,DIGITAL_CORE
CU004977,PR03,SU0025,CL001137,CLP,2024-05-24,,Activa,0,0.0266,CA01,CORE_A
CU004978,PR04,SU0034,CL002530,PEN,2022-03-16,,Activa,0,0.0223,CA03,CORE_B
CU004979,PR10,SU0043,CL002024,COP,2020-12-22,,Activa,27597,0.1193,CA05,CORE_A
CU004980,PR05,SU0024,CL000594,CLP,2019-04-25,,Activa,145816,0.3624,CA05,DIGITAL_CORE
CU004981,PR06,SU0024,CL001047,CLP,2023-07-31,,Activa,33433,0.3366,CA01,DIGITAL_CORE
CU004982,PR17,SU0032,CL000669,PEN,2025-04-03,,Activa,0,0,CA05,CORE_B
CU004983,PR18,SU0043,CL002987,COP,2022-02-12,,Activa,0,0.0155,CA05,CORE_A
CU004984,PR02,SU0006,CL003467,MXN,2025-09-16,,Activa,0,0,CA01,DIGITAL_CORE
CU004985,PR09,SU0011,CL003878,CAD,2022-12-11,,Activa,21553,0.1587,CA05,CORE_A
CU004986,PR14,SU0031,CL003699,PEN,2023-06-13,,Activa,0,0.02,CA01,DIGITAL_CORE
CU004987,PR17,SU0048,CL002396,COP,2023-05-19,,Activa,0,0.017,CA01,CORE_B
CU004988,PR10,SU0035,CL003894,PEN,2019-07-28,,Activa,7989,0.0871,CA05,CORE_A
CU004989,PR06,SU0030,CL002758,CLP,2019-10-21,,Activa,240649,0.3396,CA05,DIGITAL_CORE
CU004990,PR15,SU0028,CL002903,CLP,2021-03-20,,Activa,0,0.0471,CA05,DIGITAL_CORE
CU004991,PR14,SU0011,CL004145,CAD,2024-08-04,,Activa,0,0,CA01,CORE_B
CU004992,PR10,SU0049,CL001641,COP,2025-03-13,,Activa,57134,0.1194,CA01,DIGITAL_CORE
CU004993,PR18,SU0005,CL000402,MXN,2021-06-20,2022-09-19,Cerrada,0,0,CA01,CORE_B
CU004994,PR11,SU0046,CL000347,COP,2021-06-09,,Activa,0,0,CA01,CORE_A
CU004995,PR08,SU0017,CL000481,CAD,2020-04-11,,Activa,24841,0.2548,CA01,CORE_A
CU004996,PR03,SU0026,CL001200,CLP,2023-02-07,,Activa,0,0,CA05,DIGITAL_CORE
CU004997,PR01,SU0033,CL002127,PEN,2023-10-01,2025-03-26,Cerrada,0,0.02,CA01,CORE_B
CU004998,PR04,SU0025,CL001642,CLP,2022-10-30,2024-09-08,Cerrada,0,0.0437,CA01,DIGITAL_CORE
CU004999,PR06,SU0046,CL003625,COP,2022-07-24,2023-08-31,Cerrada,2031,0.3358,CA02,CORE_B
CU005000,PR09,SU0003,CL001727,MXN,2023-04-30,,Activa,99406,0.1695,CA05,CORE_A
CU005001,PR18,SU0046,CL003817,COP,2024-01-22,,Activa,0,0.0028,CA01,CORE_A
CU005002,PR18,SU0040,CL002226,PEN,2022-12-05,,Activa,0,0.0063,CA01,CORE_A
CU005003,PR05,SU0010,CL002632,MXN,2024-09-21,,Activa,41236,0.3688,CA05,CORE_B
CU005004,PR18,SU0015,CL004151,CAD,2019-11-20,,Activa,0,0.0101,CA01,CORE_A
CU005005,PR03,SU0041,CL002267,COP,2020-07-30,,Activa,0,0,CA05,CORE_A
CU005006,PR10,SU0036,CL002646,PEN,2022-08-12,,Activa,117801,0.1045,CA05,DIGITAL_CORE
CU005007,PR07,SU0024,CL000594,CLP,2024-06-25,,Activa,48979,0.2896,CA01,DIGITAL_CORE
CU005008,PR18,SU0039,CL001901,PEN,2020-08-18,,Activa,0,0.0073,CA02,DIGITAL_CORE
CU005009,PR15,SU0046,CL001859,COP,2021-10-27,,Activa,0,0.0421,CA01,CORE_A
CU005010,PR02,SU0003,CL000490,MXN,2021-05-21,,Activa,0,0.0001,CA01,DIGITAL_CORE
CU005011,PR15,SU0007,CL003163,MXN,2023-06-20,,Activa,0,0.0615,CA05,DIGITAL_CORE
CU005012,PR03,SU0026,CL003157,CLP,2019-04-13,,Activa,0,0.0141,CA05,CORE_A
CU005013,PR06,SU0009,CL000414,MXN,2018-12-30,,Activa,23735,0.3104,CA01,DIGITAL_CORE
CU005014,PR16,SU0031,CL002724,PEN,2021-08-17,,Activa,0,0.0152,CA05,CORE_B
CU005015,PR16,SU0045,CL001701,COP,2024-04-21,,Activa,0,0.0178,CA02,DIGITAL_CORE
CU005016,PR12,SU0030,CL003017,CLP,2023-09-28,,Activa,375812,0.1783,CA05,CORE_A
CU005017,PR06,SU0049,CL004493,COP,2025-06-09,,Activa,158366,0.3426,CA05,CORE_B
CU005018,PR05,SU0050,CL001553,COP,2025-05-09,,Activa,1929,0.3468,CA01,CORE_A
CU005019,PR18,SU0033,CL000502,PEN,2021-08-21,,Activa,0,0,CA01,DIGITAL_CORE
CU005020,PR18,SU0013,CL002176,CAD,2022-08-14,,Activa,0,0,CA05,CORE_B
CU005021,PR07,SU0039,CL002397,PEN,2022-10-16,,Activa,6955,0.2818,CA02,CORE_A
CU005022,PR17,SU0049,CL000935,COP,2022-09-07,,Activa,0,0.0021,CA05,CORE_B
CU005023,PR04,SU0025,CL003662,CLP,2025-01-07,,Activa,0,0.0208,CA05,CORE_A
CU005024,PR04,SU0023,CL000996,CLP,2024-12-26,,Activa,0,0.0168,CA05,DIGITAL_CORE
CU005025,PR03,SU0037,CL001635,PEN,2023-05-21,,Activa,0,0.0031,CA01,DIGITAL_CORE
CU005026,PR18,SU0044,CL000850,COP,2019-01-11,,Activa,0,0.0071,CA02,CORE_A
CU005027,PR03,SU0017,CL002304,CAD,2025-04-06,,Activa,0,0.0092,CA05,CORE_B
CU005028,PR18,SU0042,CL004266,COP,2025-07-09,,Activa,0,0,CA05,DIGITAL_CORE
CU005029,PR05,SU0015,CL002196,CAD,2023-06-13,,Activa,5188,0.3786,CA01,CORE_A
CU005030,PR16,SU0047,CL004234,COP,2024-05-25,,Activa,0,0,CA01,CORE_A
CU005031,PR08,SU0044,CL001322,COP,2021-01-30,,Activa,8425,0.2636,CA05,DIGITAL_CORE
CU005032,PR07,SU0046,CL004150,COP,2023-01-15,,Activa,102737,0.2833,CA05,CORE_A
CU005033,PR10,SU0040,CL003869,PEN,2023-05-06,,Activa,44874,0.0916,CA03,DIGITAL_CORE
CU005034,PR09,SU0031,CL002253,PEN,2019-03-04,,Activa,5826,0.1415,CA03,CORE_A
CU005035,PR01,SU0039,CL003298,PEN,2021-06-08,,Activa,0,0,CA05,DIGITAL_CORE
CU005036,PR13,SU0036,CL000065,PEN,2020-08-10,,Activa,929978,0.1269,CA01,DIGITAL_CORE
CU005037,PR03,SU0030,CL001385,CLP,2022-12-31,,Activa,0,0.0274,CA02,CORE_B
CU005038,PR18,SU0014,CL003267,CAD,2019-07-10,,Activa,0,0.005,CA01,CORE_B
CU005039,PR18,SU0022,CL003173,CLP,2024-03-11,,Activa,0,0,CA02,CORE_B
CU005040,PR10,SU0014,CL000587,CAD,2020-09-10,,Bloqueada,5374,0.1052,CA01,DIGITAL_CORE
CU005041,PR03,SU0018,CL000475,CAD,2024-04-14,2025-05-07,Cerrada,0,0.016,CA01,CORE_A
CU005042,PR18,SU0001,CL000604,MXN,2024-09-21,,Activa,0,0,CA05,DIGITAL_CORE
CU005043,PR15,SU0002,CL002607,MXN,2022-10-11,,Activa,0,0.0596,CA03,CORE_B
CU005044,PR16,SU0021,CL000743,CLP,2020-09-09,,Activa,0,0.0014,CA01,CORE_A
CU005045,PR06,SU0021,CL000080,CLP,2020-11-09,,Activa,24390,0.3201,CA01,CORE_A
CU005046,PR10,SU0010,CL002468,MXN,2025-04-23,,Activa,30451,0.1121,CA01,CORE_B
CU005047,PR16,SU0023,CL003070,CLP,2022-10-28,,Activa,0,0.0148,CA01,DIGITAL_CORE
CU005048,PR16,SU0004,CL002995,MXN,2019-09-21,2021-12-26,Cerrada,0,0,CA01,DIGITAL_CORE
CU005049,PR03,SU0030,CL002122,CLP,2023-09-19,,Activa,0,0.0002,CA01,DIGITAL_CORE
CU005050,PR03,SU0033,CL004323,PEN,2021-12-14,,Activa,0,0.0018,CA05,DIGITAL_CORE
CU005051,PR01,SU0030,CL002977,CLP,2022-12-07,,Activa,0,0,CA01,DIGITAL_CORE
CU005052,PR03,SU0018,CL000543,CAD,2018-12-25,,Activa,0,0.0197,CA01,CORE_A
CU005053,PR18,SU0037,CL003700,PEN,2019-05-30,,Activa,0,0.0118,CA02,DIGITAL_CORE
CU005054,PR06,SU0024,CL003513,CLP,2020-02-28,,Activa,25276,0.3424,CA01,CORE_A
CU005055,PR06,SU0045,CL002746,COP,2023-01-10,,Activa,29957,0.3308,CA05,DIGITAL_CORE
CU005056,PR04,SU0008,CL000826,MXN,2024-05-30,,Activa,0,0.0406,CA05,DIGITAL_CORE
CU005057,PR18,SU0018,CL003076,CAD,2019-04-11,,Activa,0,0.0087,CA02,CORE_A
CU005058,PR01,SU0039,CL000074,PEN,2020-11-19,,Activa,0,0,CA01,CORE_A
CU005059,PR06,SU0038,CL002859,PEN,2024-02-08,,Activa,21773,0.3201,CA01,CORE_A
CU005060,PR09,SU0024,CL003886,CLP,2022-07-29,,Activa,41638,0.1529,CA05,DIGITAL_CORE
CU005061,PR08,SU0028,CL000712,CLP,2022-08-15,,Activa,31969,0.2276,CA02,CORE_B
CU005062,PR16,SU0036,CL000580,PEN,2020-02-15,,Activa,0,0.0049,CA01,CORE_A
CU005063,PR18,SU0041,CL002612,COP,2021-12-03,,Activa,0,0,CA03,DIGITAL_CORE
CU005064,PR07,SU0011,CL003782,CAD,2023-11-17,,Activa,20676,0.2761,CA02,DIGITAL_CORE
CU005065,PR15,SU0024,CL003667,CLP,2025-08-29,,Activa,0,0.0287,CA01,CORE_A
CU005066,PR07,SU0028,CL002640,CLP,2019-08-03,,Activa,19621,0.2844,CA05,CORE_B
CU005067,PR18,SU0027,CL000518,CLP,2025-03-10,2025-08-02,Cerrada,0,0.0231,CA02,DIGITAL_CORE
CU005068,PR10,SU0008,CL000295,MXN,2025-11-07,,Activa,55701,0.1159,CA05,CORE_B
CU005069,PR18,SU0047,CL002140,COP,2025-07-03,,Activa,0,0.0038,CA03,CORE_A
CU005070,PR15,SU0039,CL003868,PEN,2021-09-26,,Activa,0,0.0529,CA03,CORE_A
CU005071,PR13,SU0021,CL002456,CLP,2021-12-24,,Activa,917556,0.1635,CA05,CORE_B
CU005072,PR17,SU0043,CL001253,COP,2021-10-19,2022-12-31,Cerrada,0,0,CA05,CORE_B
CU005073,PR04,SU0028,CL002977,CLP,2023-01-18,,Activa,0,0.0255,CA05,DIGITAL_CORE
CU005074,PR09,SU0005,CL003075,MXN,2024-06-28,2025-10-04,Cerrada,19261,0.1701,CA01,CORE_B
CU005075,PR14,SU0008,CL003604,MXN,2022-02-11,,Activa,0,0.0074,CA01,DIGITAL_CORE
CU005076,PR18,SU0020,CL001602,CAD,2025-01-20,,Activa,0,0,CA03,CORE_B
CU005077,PR08,SU0003,CL000465,MXN,2022-08-08,,Activa,5018,0.2352,CA03,DIGITAL_CORE
CU005078,PR05,SU0017,CL003651,CAD,2020-05-20,,Activa,60458,0.3645,CA02,DIGITAL_CORE
CU005079,PR04,SU0042,CL002695,COP,2023-04-11,,Activa,0,0.0256,CA01,CORE_A
CU005080,PR07,SU0032,CL002973,PEN,2022-04-03,,Activa,98490,0.2658,CA01,CORE_B
CU005081,PR10,SU0043,CL000942,COP,2019-02-07,,Activa,245605,0.1187,CA05,CORE_B
CU005082,PR18,SU0040,CL001920,PEN,2025-01-04,,Activa,0,0.0054,CA03,DIGITAL_CORE
CU005083,PR04,SU0018,CL001839,CAD,2022-02-26,,Activa,0,0.0504,CA01,CORE_B
CU005084,PR03,SU0019,CL002910,CAD,2021-01-14,,Activa,0,0.0082,CA01,CORE_B
CU005085,PR07,SU0004,CL000838,MXN,2019-11-13,,Activa,25204,0.2745,CA01,CORE_B
CU005086,PR15,SU0016,CL000645,CAD,2025-07-25,,Activa,0,0.0607,CA01,CORE_B
CU005087,PR04,SU0049,CL002192,COP,2021-10-10,,Activa,0,0.0309,CA03,CORE_B
CU005088,PR18,SU0012,CL000205,CAD,2024-11-20,,Activa,0,0.0075,CA02,CORE_A
CU005089,PR09,SU0038,CL003063,PEN,2022-02-12,,Activa,69312,0.1477,CA01,CORE_A
CU005090,PR02,SU0021,CL001254,CLP,2025-06-03,,Activa,0,0.0173,CA05,CORE_A
CU005091,PR02,SU0023,CL004403,CLP,2025-10-21,,Activa,0,0.0093,CA01,DIGITAL_CORE
CU005092,PR15,SU0041,CL003970,COP,2024-11-28,,Activa,0,0.0266,CA05,DIGITAL_CORE
CU005093,PR08,SU0046,CL001504,COP,2025-10-07,,Activa,61443,0.2488,CA02,DIGITAL_CORE
CU005094,PR15,SU0004,CL001273,MXN,2021-06-18,,Activa,0,0.0341,CA05,CORE_A
CU005095,PR03,SU0002,CL004125,MXN,2023-10-23,,Activa,0,0.0022,CA01,CORE_A
CU005096,PR09,SU0049,CL001865,COP,2023-04-11,,Activa,41702,0.137,CA05,CORE_B
CU005097,PR07,SU0047,CL004068,COP,2020-08-31,,Activa,106265,0.3008,CA01,CORE_B
CU005098,PR13,SU0033,CL004363,PEN,2023-11-05,,Activa,230722,0.126,CA03,CORE_A
CU005099,PR09,SU0007,CL000703,MXN,2022-08-19,,Activa,42532,0.1618,CA05,CORE_B
CU005100,PR04,SU0007,CL003442,MXN,2022-04-06,,Activa,0,0.0432,CA05,CORE_B
CU005101,PR03,SU0003,CL002035,MXN,2024-10-17,,Activa,0,0.027,CA01,CORE_B
CU005102,PR08,SU0045,CL000309,COP,2023-02-06,,Activa,502037,0.2631,CA05,CORE_A
CU005103,PR06,SU0038,CL000601,PEN,2024-07-24,,Activa,40646,0.3333,CA05,DIGITAL_CORE
CU005104,PR07,SU0013,CL003681,CAD,2024-07-17,2025-07-14,Cerrada,102160,0.2693,CA05,DIGITAL_CORE
CU005105,PR06,SU0019,CL003612,CAD,2022-09-12,,Activa,73832,0.3317,CA03,CORE_B
CU005106,PR18,SU0028,CL002480,CLP,2025-06-13,,Activa,0,0.0014,CA02,CORE_B
CU005107,PR09,SU0030,CL003846,CLP,2023-04-26,,Activa,14898,0.1407,CA05,DIGITAL_CORE
CU005108,PR10,SU0020,CL003315,CAD,2024-01-01,,Activa,5618,0.0947,CA05,CORE_A
CU005109,PR08,SU0003,CL001886,MXN,2024-01-08,,Activa,103040,0.2452,CA03,DIGITAL_CORE
CU005110,PR09,SU0025,CL002366,CLP,2025-06-06,,Activa,328213,0.1427,CA02,CORE_A
CU005111,PR15,SU0033,CL002721,PEN,2021-08-16,,Activa,0,0.0351,CA01,DIGITAL_CORE
CU005112,PR18,SU0050,CL000194,COP,2019-09-12,,Activa,0,0.0111,CA01,CORE_B
CU005113,PR18,SU0008,CL000363,MXN,2025-11-23,,Activa,0,0,CA05,CORE_B
CU005114,PR18,SU0019,CL003283,CAD,2025-04-10,,Activa,0,0,CA01,DIGITAL_CORE
CU005115,PR15,SU0038,CL004303,PEN,2022-05-12,,Activa,0,0.0413,CA05,CORE_B
CU005116,PR04,SU0033,CL002127,PEN,2019-06-17,,Activa,0,0.033,CA05,CORE_A
CU005117,PR04,SU0029,CL000880,CLP,2020-07-20,,Activa,0,0.0332,CA01,CORE_B
CU005118,PR02,SU0027,CL001904,CLP,2022-08-29,,Activa,0,0,CA05,CORE_B
CU005119,PR10,SU0031,CL003559,PEN,2021-08-03,,Activa,19441,0.0937,CA01,CORE_B
CU005120,PR05,SU0028,CL002895,CLP,2024-09-12,,Activa,73290,0.361,CA01,DIGITAL_CORE
CU005121,PR16,SU0020,CL004253,CAD,2024-10-31,,Activa,0,0.0167,CA01,DIGITAL_CORE
CU005122,PR09,SU0042,CL002502,COP,2025-01-20,,Activa,92587,0.1444,CA01,DIGITAL_CORE
CU005123,PR04,SU0038,CL002271,PEN,2021-03-06,,Activa,0,0.0172,CA01,DIGITAL_CORE
CU005124,PR08,SU0044,CL004258,COP,2025-03-23,,Activa,231392,0.2649,CA05,CORE_B
CU005125,PR05,SU0027,CL001765,CLP,2022-11-18,,Activa,11421,0.3454,CA01,CORE_B
CU005126,PR16,SU0037,CL003121,PEN,2024-03-10,,Activa,0,0,CA01,DIGITAL_CORE
CU005127,PR16,SU0015,CL002395,CAD,2024-08-24,,Activa,0,0,CA03,CORE_B
CU005128,PR11,SU0014,CL001926,CAD,2024-11-01,,Activa,0,0,CA05,CORE_A
CU005129,PR15,SU0023,CL000878,CLP,2022-04-26,,Activa,0,0.0281,CA01,CORE_B
CU005130,PR06,SU0050,CL003580,COP,2021-04-28,,Activa,4461,0.3285,CA01,CORE_B
CU005131,PR02,SU0018,CL003408,CAD,2025-07-25,,Activa,0,0,CA05,CORE_A
CU005132,PR09,SU0037,CL000029,PEN,2023-11-08,,Activa,6872,0.1427,CA05,DIGITAL_CORE
CU005133,PR15,SU0032,CL003249,PEN,2024-03-13,2024-11-28,Cerrada,0,0.0598,CA01,CORE_B
CU005134,PR15,SU0025,CL002897,CLP,2023-01-15,,Activa,0,0.0576,CA01,DIGITAL_CORE
CU005135,PR18,SU0005,CL001450,MXN,2025-04-11,,Activa,0,0.0068,CA01,CORE_A
CU005136,PR10,SU0031,CL000329,PEN,2022-01-07,,Activa,107853,0.0898,CA05,CORE_B
CU005137,PR07,SU0040,CL001202,PEN,2022-04-29,,Activa,11755,0.281,CA05,DIGITAL_CORE
CU005138,PR14,SU0049,CL001188,COP,2025-05-12,,Activa,0,0.0206,CA01,DIGITAL_CORE
CU005139,PR05,SU0015,CL001243,CAD,2022-05-20,,Activa,47329,0.3802,CA02,DIGITAL_CORE
CU005140,PR15,SU0030,CL001360,CLP,2025-02-16,,Activa,0,0.0255,CA03,CORE_B
CU005141,PR02,SU0022,CL002540,CLP,2023-09-13,,Activa,0,0.0174,CA03,DIGITAL_CORE
CU005142,PR01,SU0045,CL002051,COP,2025-11-18,,Activa,0,0,CA05,CORE_B
CU005143,PR18,SU0039,CL001487,PEN,2023-03-23,,Activa,0,0.0177,CA01,DIGITAL_CORE
CU005144,PR15,SU0019,CL004415,CAD,2023-08-25,,Activa,0,0.0349,CA05,DIGITAL_CORE
CU005145,PR07,SU0019,CL001841,CAD,2023-03-08,2023-07-18,Cerrada,83867,0.2786,CA01,CORE_A
CU005146,PR18,SU0001,CL000528,MXN,2025-08-14,,Activa,0,0.0171,CA02,DIGITAL_CORE
CU005147,PR10,SU0044,CL004402,COP,2025-10-01,,Activa,45938,0.1199,CA01,DIGITAL_CORE
CU005148,PR10,SU0027,CL002727,CLP,2022-04-09,,Activa,14193,0.1214,CA01,CORE_B
CU005149,PR07,SU0026,CL001606,CLP,2022-07-20,2023-04-27,Cerrada,306058,0.2681,CA05,CORE_A
CU005150,PR08,SU0013,CL003036,CAD,2023-05-11,,Activa,98658,0.2456,CA02,CORE_A
CU005151,PR10,SU0049,CL002138,COP,2025-11-17,,Activa,83356,0.0872,CA01,CORE_B
CU005152,PR03,SU0036,CL000269,PEN,2025-04-27,,Activa,0,0,CA01,CORE_B
CU005153,PR09,SU0014,CL003974,CAD,2022-06-25,,Activa,159671,0.1744,CA05,DIGITAL_CORE
CU005154,PR17,SU0032,CL002308,PEN,2024-10-18,,Activa,0,0.0166,CA03,CORE_B
CU005155,PR07,SU0002,CL002925,MXN,2021-04-20,,Activa,225053,0.2651,CA02,CORE_A
CU005156,PR02,SU0030,CL000337,CLP,2020-06-16,,Activa,0,0.0154,CA05,DIGITAL_CORE
CU005157,PR18,SU0019,CL000019,CAD,2021-09-25,,Activa,0,0.0174,CA03,DIGITAL_CORE
CU005158,PR08,SU0020,CL003793,CAD,2022-09-05,,Activa,13418,0.2386,CA05,DIGITAL_CORE
CU005159,PR18,SU0037,CL001805,PEN,2022-08-05,,Activa,0,0,CA05,DIGITAL_CORE
CU005160,PR03,SU0002,CL003790,MXN,2023-12-22,,Activa,0,0,CA03,CORE_B
CU005161,PR09,SU0010,CL002228,MXN,2023-11-06,,Activa,18482,0.1597,CA01,DIGITAL_CORE
CU005162,PR15,SU0024,CL003509,CLP,2023-01-08,,Activa,0,0.0474,CA01,DIGITAL_CORE
CU005163,PR18,SU0014,CL000055,CAD,2018-12-01,,Activa,0,0.0138,CA02,DIGITAL_CORE
CU005164,PR16,SU0002,CL000046,MXN,2024-04-24,,Activa,0,0.0034,CA05,DIGITAL_CORE
CU005165,PR03,SU0048,CL001461,COP,2019-07-24,,Activa,0,0.0025,CA01,CORE_A
CU005166,PR10,SU0044,CL000927,COP,2022-01-18,,Activa,10074,0.0892,CA02,CORE_A
CU005167,PR05,SU0047,CL003032,COP,2023-01-23,,Activa,5228,0.3535,CA01,DIGITAL_CORE
CU005168,PR10,SU0021,CL001237,CLP,2022-11-04,,Activa,83677,0.0986,CA03,CORE_A
CU005169,PR03,SU0037,CL000893,PEN,2020-02-20,,Activa,0,0,CA05,DIGITAL_CORE
CU005170,PR16,SU0027,CL000503,CLP,2023-01-10,,Activa,0,0,CA05,DIGITAL_CORE
CU005171,PR18,SU0047,CL000842,COP,2022-12-20,,Activa,0,0,CA05,DIGITAL_CORE
CU005172,PR06,SU0042,CL002980,COP,2021-04-22,,Activa,47999,0.3167,CA03,CORE_A
CU005173,PR01,SU0028,CL003208,CLP,2025-10-06,,Activa,0,0.0145,CA03,CORE_A
CU005174,PR03,SU0001,CL002081,MXN,2019-12-07,,Activa,0,0,CA05,DIGITAL_CORE
CU005175,PR08,SU0005,CL003618,MXN,2025-02-09,,Activa,113543,0.2304,CA05,DIGITAL_CORE
CU005176,PR13,SU0017,CL001682,CAD,2024-01-01,,Activa,504115,0.1626,CA05,DIGITAL_CORE
CU005177,PR13,SU0030,CL002027,CLP,2020-09-28,,Activa,5314867,0.1293,CA01,CORE_A
CU005178,PR04,SU0025,CL001737,CLP,2025-11-14,,Activa,0,0.0516,CA05,CORE_A
CU005179,PR18,SU0030,CL000753,CLP,2025-02-01,,Activa,0,0.0026,CA01,DIGITAL_CORE
CU005180,PR12,SU0010,CL003423,MXN,2024-04-11,2025-06-19,Cerrada,211265,0.204,CA05,CORE_A
CU005181,PR15,SU0003,CL003297,MXN,2020-10-28,,Activa,0,0.0267,CA05,CORE_B
CU005182,PR14,SU0038,CL002148,PEN,2025-02-24,,Activa,0,0.0184,CA01,CORE_B
CU005183,PR08,SU0049,CL003422,COP,2022-04-08,,Activa,85190,0.2494,CA05,CORE_A
CU005184,PR05,SU0036,CL000893,PEN,2019-04-21,,Activa,65352,0.3788,CA05,CORE_B
CU005185,PR02,SU0028,CL002364,CLP,2025-08-17,,Activa,0,0.0102,CA03,DIGITAL_CORE
CU005186,PR05,SU0036,CL002529,PEN,2023-12-15,,Activa,3554,0.3741,CA05,CORE_B
CU005187,PR13,SU0020,CL001682,CAD,2019-12-05,,Activa,737682,0.1515,CA05,DIGITAL_CORE
CU005188,PR08,SU0012,CL003283,CAD,2024-10-13,,Activa,28799,0.2345,CA01,DIGITAL_CORE
CU005189,PR07,SU0046,CL004080,COP,2023-01-24,2024-09-20,Cerrada,481819,0.2849,CA05,CORE_A
CU005190,PR02,SU0048,CL001259,COP,2021-10-26,,Activa,0,0,CA05,CORE_A
CU005191,PR02,SU0017,CL001530,CAD,2020-10-27,2022-08-26,Cerrada,0,0.0105,CA01,CORE_B
CU005192,PR05,SU0045,CL000265,COP,2022-06-13,,Activa,53205,0.3546,CA03,DIGITAL_CORE
CU005193,PR16,SU0024,CL004083,CLP,2024-08-27,,Activa,0,0.0037,CA05,CORE_B
CU005194,PR05,SU0015,CL000992,CAD,2022-11-14,,Activa,39975,0.3547,CA03,DIGITAL_CORE
CU005195,PR04,SU0042,CL003130,COP,2023-08-03,,Activa,0,0.0523,CA01,DIGITAL_CORE
CU005196,PR02,SU0046,CL000251,COP,2024-11-26,,Activa,0,0.0205,CA05,CORE_A
CU005197,PR08,SU0016,CL002244,CAD,2024-11-26,,Activa,262826,0.248,CA02,CORE_A
CU005198,PR04,SU0012,CL002137,CAD,2020-12-25,,Activa,0,0.0456,CA03,DIGITAL_CORE
CU005199,PR03,SU0028,CL000628,CLP,2024-11-09,,Activa,0,0.0254,CA01,CORE_B
CU005200,PR14,SU0012,CL001588,CAD,2024-06-05,,Activa,0,0.002,CA01,DIGITAL_CORE
CU005201,PR06,SU0004,CL003870,MXN,2023-08-18,,Activa,14023,0.3394,CA05,CORE_B
CU005202,PR10,SU0020,CL002582,CAD,2024-11-10,,Activa,2994,0.0996,CA05,CORE_B
CU005203,PR16,SU0021,CL001816,CLP,2019-04-08,,Activa,0,0.0179,CA01,DIGITAL_CORE
CU005204,PR04,SU0026,CL001175,CLP,2024-09-25,,Activa,0,0.0202,CA01,DIGITAL_CORE
CU005205,PR11,SU0034,CL000668,PEN,2023-12-19,,Activa,0,0.0084,CA05,CORE_B
CU005206,PR01,SU0002,CL000360,MXN,2021-08-24,,Activa,0,0.0078,CA05,CORE_B
CU005207,PR09,SU0019,CL000637,CAD,2025-11-12,,Activa,148791,0.148,CA01,CORE_B
CU005208,PR05,SU0016,CL003372,CAD,2019-09-03,,Activa,38503,0.347,CA01,CORE_B
CU005209,PR08,SU0049,CL002665,COP,2021-03-31,,Activa,83350,0.2626,CA05,CORE_A
CU005210,PR02,SU0002,CL002817,MXN,2021-05-11,,Activa,0,0.0104,CA05,DIGITAL_CORE
CU005211,PR16,SU0039,CL003253,PEN,2021-08-08,,Activa,0,0.0115,CA05,CORE_A
CU005212,PR11,SU0037,CL000075,PEN,2024-10-07,,Activa,0,0,CA05,CORE_A
CU005213,PR18,SU0028,CL002254,CLP,2024-10-16,,Activa,0,0.0046,CA05,DIGITAL_CORE
CU005214,PR18,SU0028,CL003203,CLP,2019-03-13,,Activa,0,0,CA05,CORE_B
CU005215,PR18,SU0033,CL001787,PEN,2021-12-31,,Activa,0,0.0063,CA01,CORE_B
CU005216,PR16,SU0001,CL001723,MXN,2022-01-02,,Activa,0,0,CA05,CORE_A
CU005217,PR17,SU0013,CL002661,CAD,2024-05-06,,Activa,0,0,CA03,DIGITAL_CORE
CU005218,PR04,SU0028,CL002716,CLP,2023-06-04,,Activa,0,0.0351,CA01,CORE_B
CU005219,PR06,SU0019,CL002782,CAD,2025-08-08,,Activa,95505,0.3136,CA01,CORE_B
CU005220,PR18,SU0029,CL000761,CLP,2020-04-20,,Activa,0,0,CA02,CORE_A
CU005221,PR15,SU0004,CL002096,MXN,2025-03-15,,Activa,0,0.0306,CA02,CORE_A
CU005222,PR03,SU0026,CL003784,CLP,2025-04-14,,Activa,0,0.0102,CA01,CORE_A
CU005223,PR14,SU0031,CL003699,PEN,2021-08-23,,Activa,0,0,CA01,DIGITAL_CORE
CU005224,PR15,SU0019,CL002345,CAD,2025-10-17,,Activa,0,0.0424,CA01,CORE_B
CU005225,PR03,SU0049,CL001432,COP,2025-11-13,,Activa,0,0,CA05,CORE_B
CU005226,PR17,SU0023,CL002175,CLP,2023-03-25,,Activa,0,0,CA05,DIGITAL_CORE
CU005227,PR02,SU0036,CL002513,PEN,2019-03-09,,Activa,0,0,CA03,CORE_A
CU005228,PR16,SU0017,CL000209,CAD,2025-02-28,,Activa,0,0.0184,CA05,DIGITAL_CORE
CU005229,PR13,SU0003,CL002028,MXN,2021-12-22,,Activa,5778143,0.1534,CA01,DIGITAL_CORE
CU005230,PR13,SU0026,CL002601,CLP,2019-12-19,,Activa,2053299,0.1619,CA05,DIGITAL_CORE
CU005231,PR18,SU0008,CL003935,MXN,2020-11-14,,Activa,0,0,CA03,CORE_B
CU005232,PR01,SU0006,CL000039,MXN,2020-02-06,,Activa,0,0.0164,CA05,DIGITAL_CORE
CU005233,PR09,SU0011,CL002060,CAD,2023-07-29,,Activa,117875,0.1538,CA02,CORE_B
CU005234,PR02,SU0027,CL004176,CLP,2020-02-11,,Activa,0,0.02,CA05,CORE_A
CU005235,PR10,SU0039,CL002032,PEN,2023-05-13,,Activa,21069,0.099,CA01,CORE_B
CU005236,PR05,SU0024,CL000420,CLP,2023-12-05,,Activa,51230,0.3757,CA01,DIGITAL_CORE
CU005237,PR05,SU0028,CL001186,CLP,2022-01-22,,Activa,8323,0.3737,CA01,CORE_A
CU005238,PR09,SU0021,CL004252,CLP,2020-06-20,,Activa,11959,0.1552,CA03,CORE_B
CU005239,PR09,SU0026,CL001663,CLP,2020-06-28,,Activa,2458,0.1687,CA05,CORE_A
CU005240,PR10,SU0019,CL003307,CAD,2020-03-06,,Activa,224834,0.0883,CA02,CORE_B
CU005241,PR18,SU0026,CL001420,CLP,2022-09-01,,Activa,0,0,CA03,CORE_A
CU005242,PR14,SU0019,CL004050,CAD,2022-03-13,,Activa,0,0.0208,CA01,DIGITAL_CORE
CU005243,PR02,SU0027,CL003623,CLP,2021-09-24,,Activa,0,0,CA05,DIGITAL_CORE
CU005244,PR02,SU0037,CL002358,PEN,2019-02-26,,Activa,0,0,CA05,CORE_B
CU005245,PR10,SU0031,CL000364,PEN,2021-08-08,,Activa,292893,0.0937,CA01,DIGITAL_CORE
CU005246,PR02,SU0003,CL003762,MXN,2023-09-06,,Activa,0,0,CA01,CORE_B
CU005247,PR02,SU0023,CL001439,CLP,2024-11-06,,Activa,0,0.0087,CA01,CORE_A
CU005248,PR16,SU0043,CL002804,COP,2020-12-26,,Activa,0,0,CA01,CORE_A
CU005249,PR03,SU0001,CL001812,MXN,2022-06-20,,Activa,0,0.0219,CA01,CORE_A
CU005250,PR12,SU0019,CL002777,CAD,2021-05-26,2022-09-06,Cerrada,1835431,0.1863,CA05,CORE_A
CU005251,PR01,SU0009,CL003380,MXN,2019-06-22,,Activa,0,0,CA01,DIGITAL_CORE
CU005252,PR03,SU0007,CL001017,MXN,2021-05-02,,Activa,0,0.0002,CA05,DIGITAL_CORE
CU005253,PR18,SU0017,CL002774,CAD,2023-09-18,,Activa,0,0,CA03,CORE_A
CU005254,PR01,SU0026,CL000743,CLP,2024-06-19,,Activa,0,0,CA01,CORE_B
CU005255,PR08,SU0048,CL003114,COP,2024-05-07,,Activa,209476,0.2616,CA01,CORE_B
CU005256,PR03,SU0038,CL001431,PEN,2023-07-02,,Activa,0,0,CA01,DIGITAL_CORE
CU005257,PR08,SU0042,CL003138,COP,2024-10-23,,Activa,28916,0.2555,CA01,DIGITAL_CORE
CU005258,PR05,SU0047,CL004167,COP,2025-02-22,,Activa,30624,0.3644,CA01,DIGITAL_CORE
CU005259,PR15,SU0047,CL001939,COP,2019-11-17,,Activa,0,0.043,CA01,CORE_A
CU005260,PR08,SU0022,CL002740,CLP,2022-02-28,,Activa,40228,0.2489,CA01,CORE_A
CU005261,PR09,SU0008,CL001463,MXN,2019-04-15,,Activa,7654,0.1584,CA01,DIGITAL_CORE
CU005262,PR04,SU0035,CL000829,PEN,2025-03-12,,Activa,0,0.0226,CA02,DIGITAL_CORE
CU005263,PR11,SU0005,CL001551,MXN,2023-03-23,,Activa,0,0.0017,CA05,CORE_A
CU005264,PR09,SU0006,CL000588,MXN,2024-12-13,,Activa,142592,0.1423,CA01,DIGITAL_CORE
CU005265,PR18,SU0020,CL004217,CAD,2025-07-15,,Activa,0,0.0006,CA03,CORE_A
CU005266,PR15,SU0001,CL004426,MXN,2024-05-25,,Activa,0,0.0338,CA01,CORE_B
CU005267,PR06,SU0035,CL000168,PEN,2019-03-25,,Activa,403056,0.3365,CA01,CORE_A
CU005268,PR09,SU0037,CL002006,PEN,2020-04-01,,Activa,135465,0.1609,CA01,CORE_A
CU005269,PR02,SU0038,CL001704,PEN,2025-08-14,,Activa,0,0.0081,CA05,CORE_B
CU005270,PR01,SU0027,CL000015,CLP,2024-06-17,,Activa,0,0,CA01,CORE_B
CU005271,PR15,SU0014,CL004145,CAD,2021-11-26,,Activa,0,0.0264,CA01,DIGITAL_CORE
CU005272,PR09,SU0029,CL000238,CLP,2021-01-20,,Activa,74642,0.1412,CA05,CORE_B
CU005273,PR07,SU0003,CL000848,MXN,2023-09-18,,Activa,77425,0.2653,CA01,CORE_B
CU005274,PR10,SU0023,CL001662,CLP,2023-05-12,,Activa,15840,0.106,CA05,CORE_B
CU005275,PR04,SU0009,CL002270,MXN,2024-11-30,,Activa,0,0.0411,CA05,CORE_B
CU005276,PR18,SU0037,CL000630,PEN,2023-02-21,,Activa,0,0,CA01,DIGITAL_CORE
CU005277,PR03,SU0039,CL001295,PEN,2023-09-15,,Activa,0,0.0279,CA02,CORE_B
CU005278,PR08,SU0010,CL001531,MXN,2023-06-27,,Activa,39232,0.2647,CA03,CORE_A
CU005279,PR18,SU0021,CL003520,CLP,2020-08-29,,Activa,0,0,CA02,CORE_A
CU005280,PR09,SU0050,CL002780,COP,2025-02-21,,Activa,14588,0.1498,CA05,CORE_B
CU005281,PR18,SU0047,CL002310,COP,2022-12-03,,Activa,0,0.0107,CA05,CORE_B
CU005282,PR06,SU0026,CL001277,CLP,2025-08-21,,Activa,132483,0.3361,CA01,DIGITAL_CORE
CU005283,PR09,SU0041,CL001079,COP,2020-11-07,,Activa,41745,0.1507,CA01,CORE_A
CU005284,PR10,SU0022,CL003211,CLP,2021-07-06,,Activa,435087,0.1071,CA01,CORE_A
CU005285,PR07,SU0022,CL003503,CLP,2025-03-26,,Activa,47517,0.28,CA05,CORE_A
CU005286,PR15,SU0049,CL002847,COP,2021-11-01,2023-08-25,Cerrada,0,0.0306,CA05,CORE_B
CU005287,PR18,SU0034,CL002513,PEN,2024-08-30,,Activa,0,0.0109,CA01,CORE_A
CU005288,PR05,SU0040,CL002838,PEN,2021-01-23,,Activa,16970,0.3511,CA05,CORE_B
CU005289,PR09,SU0034,CL004242,PEN,2022-11-05,,Activa,25136,0.1412,CA03,CORE_A
CU005290,PR15,SU0048,CL001288,COP,2025-04-17,,Activa,0,0.0446,CA01,CORE_B
CU005291,PR01,SU0014,CL000048,CAD,2024-12-23,,Activa,0,0,CA01,CORE_B
CU005292,PR15,SU0006,CL003325,MXN,2023-07-08,,Activa,0,0.0381,CA05,DIGITAL_CORE
CU005293,PR15,SU0024,CL002689,CLP,2025-08-04,,Activa,0,0.0275,CA01,DIGITAL_CORE
CU005294,PR04,SU0003,CL001862,MXN,2023-05-13,,Activa,0,0.0412,CA03,CORE_A
CU005295,PR01,SU0026,CL004386,CLP,2023-08-29,,Activa,0,0,CA05,DIGITAL_CORE
CU005296,PR15,SU0026,CL000693,CLP,2025-09-14,,Activa,0,0.0606,CA01,CORE_B
CU005297,PR09,SU0042,CL002133,COP,2024-02-12,,Activa,10589,0.1363,CA05,DIGITAL_CORE
CU005298,PR12,SU0037,CL003140,PEN,2024-07-03,,Activa,496226,0.1803,CA05,CORE_A
CU005299,PR18,SU0005,CL003788,MXN,2023-06-04,2024-05-28,Cerrada,0,0,CA02,DIGITAL_CORE
CU005300,PR01,SU0032,CL000029,PEN,2021-02-10,,Activa,0,0,CA05,CORE_A
CU005301,PR03,SU0045,CL001229,COP,2024-04-28,,Activa,0,0,CA01,CORE_B
CU005302,PR10,SU0019,CL004023,CAD,2025-04-23,,Activa,77522,0.1222,CA01,CORE_B
CU005303,PR18,SU0041,CL002813,COP,2023-12-24,,Activa,0,0.0214,CA03,CORE_A
CU005304,PR01,SU0024,CL003281,CLP,2022-09-12,,Activa,0,0,CA05,DIGITAL_CORE
CU005305,PR15,SU0017,CL002900,CAD,2023-02-19,,Activa,0,0.0471,CA01,CORE_A
CU005306,PR04,SU0032,CL002131,PEN,2024-06-23,,Activa,0,0.023,CA01,CORE_A
CU005307,PR06,SU0002,CL001569,MXN,2023-11-22,,Activa,61824,0.3179,CA05,DIGITAL_CORE
CU005308,PR16,SU0006,CL002666,MXN,2024-02-26,,Activa,0,0.0021,CA05,CORE_B
CU005309,PR16,SU0001,CL002403,MXN,2025-08-18,,Activa,0,0,CA05,CORE_A
CU005310,PR18,SU0037,CL002921,PEN,2023-05-19,2025-04-30,Cerrada,0,0.0193,CA03,CORE_A
CU005311,PR06,SU0040,CL000002,PEN,2022-09-08,,Activa,490638,0.3155,CA01,CORE_A
CU005312,PR07,SU0001,CL000578,MXN,2023-10-15,,Activa,144868,0.2656,CA05,DIGITAL_CORE
CU005313,PR16,SU0031,CL001599,PEN,2025-01-19,,Activa,0,0.0007,CA01,CORE_A
CU005314,PR15,SU0009,CL000072,MXN,2021-10-17,,Activa,0,0.0498,CA05,DIGITAL_CORE
CU005315,PR15,SU0007,CL001349,MXN,2025-11-18,,Activa,0,0.0535,CA01,CORE_A
CU005316,PR02,SU0002,CL004195,MXN,2021-01-14,,Activa,0,0,CA01,CORE_A
CU005317,PR04,SU0041,CL002192,COP,2022-03-01,,Activa,0,0.0218,CA02,CORE_B
CU005318,PR18,SU0024,CL001494,CLP,2025-11-23,,Activa,0,0.0131,CA03,CORE_B
CU005319,PR05,SU0026,CL002566,CLP,2025-04-30,,Activa,16182,0.3789,CA01,CORE_B
CU005320,PR09,SU0009,CL000703,MXN,2022-12-14,,Activa,25018,0.1423,CA01,DIGITAL_CORE
CU005321,PR16,SU0028,CL003876,CLP,2023-01-31,,Activa,0,0,CA03,DIGITAL_CORE
CU005322,PR02,SU0002,CL001027,MXN,2024-12-24,,Bloqueada,0,0,CA05,DIGITAL_CORE
CU005323,PR16,SU0050,CL001288,COP,2022-03-31,,Activa,0,0.0178,CA05,CORE_A
CU005324,PR17,SU0023,CL002558,CLP,2018-12-13,,Activa,0,0,CA05,CORE_B
CU005325,PR16,SU0047,CL001395,COP,2020-06-20,,Activa,0,0,CA03,CORE_A
CU005326,PR12,SU0024,CL002587,CLP,2019-08-31,,Activa,776666,0.1919,CA02,CORE_B
CU005327,PR15,SU0008,CL004387,MXN,2022-09-13,,Activa,0,0.0456,CA03,CORE_B
CU005328,PR07,SU0017,CL000499,CAD,2019-07-10,,Activa,276343,0.278,CA01,DIGITAL_CORE
CU005329,PR17,SU0029,CL001216,CLP,2024-01-04,,Activa,0,0.0186,CA01,CORE_A
CU005330,PR06,SU0010,CL003764,MXN,2023-03-13,,Activa,9736,0.3061,CA05,CORE_B
CU005331,PR18,SU0030,CL002540,CLP,2025-09-26,,Activa,0,0,CA02,CORE_A
CU005332,PR12,SU0038,CL002684,PEN,2025-05-11,,Activa,3966362,0.2014,CA01,CORE_B
CU005333,PR04,SU0002,CL000818,MXN,2020-06-05,,Activa,0,0.0196,CA05,DIGITAL_CORE
CU005334,PR05,SU0032,CL001443,PEN,2021-09-12,,Activa,335582,0.3598,CA01,CORE_A
CU005335,PR05,SU0040,CL001561,PEN,2025-07-28,,Activa,35743,0.3481,CA02,DIGITAL_CORE
CU005336,PR06,SU0037,CL002919,PEN,2020-03-14,,Activa,8674,0.3299,CA01,DIGITAL_CORE
CU005337,PR15,SU0022,CL000841,CLP,2022-02-03,,Activa,0,0.0483,CA05,DIGITAL_CORE
CU005338,PR07,SU0001,CL001337,MXN,2022-11-11,,Activa,73277,0.2843,CA02,DIGITAL_CORE
CU005339,PR02,SU0004,CL002357,MXN,2021-11-06,,Activa,0,0.0207,CA01,CORE_B
CU005340,PR09,SU0014,CL003663,CAD,2021-09-03,,Activa,118924,0.1442,CA05,CORE_B
CU005341,PR06,SU0047,CL003881,COP,2020-03-20,,Activa,4774,0.3101,CA01,CORE_B
CU005342,PR04,SU0007,CL000578,MXN,2022-11-29,,Activa,0,0.0512,CA01,DIGITAL_CORE
CU005343,PR08,SU0033,CL002499,PEN,2025-03-05,,Activa,76580,0.246,CA01,CORE_A
CU005344,PR07,SU0018,CL000775,CAD,2022-09-20,,Activa,42464,0.268,CA03,CORE_B
CU005345,PR18,SU0022,CL001048,CLP,2023-04-13,,Activa,0,0.0215,CA02,DIGITAL_CORE
CU005346,PR17,SU0026,CL002948,CLP,2021-04-19,,Activa,0,0.0137,CA01,DIGITAL_CORE
CU005347,PR14,SU0033,CL003447,PEN,2023-04-12,,Activa,0,0.0141,CA02,DIGITAL_CORE
CU005348,PR07,SU0030,CL002458,CLP,2023-04-04,,Activa,55223,0.2865,CA05,CORE_A
CU005349,PR10,SU0046,CL003616,COP,2021-03-30,,Activa,26025,0.0948,CA03,CORE_A
CU005350,PR10,SU0018,CL003372,CAD,2023-03-09,,Activa,48641,0.1203,CA02,DIGITAL_CORE
CU005351,PR12,SU0028,CL001798,CLP,2025-01-17,,Activa,480358,0.1901,CA01,CORE_B
CU005352,PR18,SU0022,CL003313,CLP,2022-07-30,,Activa,0,0.0121,CA02,CORE_A
CU005353,PR10,SU0030,CL001409,CLP,2023-06-15,,Activa,142210,0.1167,CA05,DIGITAL_CORE
CU005354,PR18,SU0021,CL004027,CLP,2023-12-27,,Activa,0,0.0203,CA01,CORE_B
CU005355,PR04,SU0021,CL001760,CLP,2025-07-03,,Activa,0,0.018,CA01,CORE_A
CU005356,PR10,SU0004,CL002478,MXN,2025-06-12,,Activa,16471,0.1064,CA05,DIGITAL_CORE
CU005357,PR07,SU0017,CL000840,CAD,2023-06-16,,Activa,17542,0.2674,CA01,DIGITAL_CORE
CU005358,PR13,SU0048,CL002402,COP,2022-12-19,,Activa,459607,0.147,CA05,DIGITAL_CORE
CU005359,PR07,SU0015,CL000713,CAD,2020-09-30,,Activa,51092,0.3011,CA03,CORE_B
CU005360,PR15,SU0044,CL001340,COP,2025-09-01,,Activa,0,0.033,CA05,DIGITAL_CORE
CU005361,PR18,SU0002,CL001569,MXN,2021-11-05,,Activa,0,0,CA01,CORE_A
CU005362,PR06,SU0020,CL003879,CAD,2024-08-24,,Activa,246269,0.3299,CA02,CORE_A
CU005363,PR05,SU0050,CL003160,COP,2022-10-21,,Activa,101645,0.3731,CA05,CORE_A
CU005364,PR17,SU0002,CL000741,MXN,2025-08-27,,Bloqueada,0,0,CA05,CORE_B
CU005365,PR18,SU0014,CL002718,CAD,2022-01-02,2023-01-09,Cerrada,0,0,CA01,DIGITAL_CORE
CU005366,PR02,SU0010,CL003986,MXN,2024-09-22,,Activa,0,0.0071,CA05,CORE_A
CU005367,PR09,SU0048,CL002524,COP,2024-04-14,,Activa,52599,0.1679,CA03,CORE_A
CU005368,PR08,SU0043,CL003625,COP,2021-12-06,,Activa,9849,0.2447,CA02,CORE_B
CU005369,PR15,SU0028,CL000300,CLP,2025-07-03,,Activa,0,0.0543,CA02,CORE_B
CU005370,PR16,SU0022,CL003534,CLP,2022-12-20,,Activa,0,0.0022,CA01,CORE_A
CU005371,PR11,SU0014,CL001497,CAD,2022-08-05,,Activa,0,0,CA05,DIGITAL_CORE
CU005372,PR16,SU0018,CL003605,CAD,2024-10-22,,Activa,0,0.0192,CA05,CORE_A
CU005373,PR17,SU0004,CL001827,MXN,2025-06-07,,Activa,0,0,CA05,DIGITAL_CORE
CU005374,PR10,SU0050,CL001219,COP,2025-06-15,,Activa,41926,0.1068,CA01,CORE_B
CU005375,PR10,SU0037,CL002711,PEN,2023-03-23,,Activa,110057,0.1199,CA01,CORE_B
CU005376,PR16,SU0018,CL004343,CAD,2023-02-27,,Activa,0,0,CA02,CORE_B
CU005377,PR06,SU0002,CL003956,MXN,2024-10-14,,Activa,15572,0.3278,CA05,CORE_A
CU005378,PR09,SU0029,CL002961,CLP,2023-06-23,,Activa,40320,0.1426,CA01,DIGITAL_CORE
CU005379,PR16,SU0003,CL003131,MXN,2020-07-22,,Activa,0,0.0102,CA05,DIGITAL_CORE
CU005380,PR18,SU0032,CL000334,PEN,2023-08-30,,Activa,0,0.0171,CA03,CORE_A
CU005381,PR01,SU0048,CL002208,COP,2025-02-21,,Activa,0,0,CA05,CORE_A
CU005382,PR16,SU0011,CL003703,CAD,2020-03-23,,Activa,0,0.0094,CA01,CORE_A
CU005383,PR16,SU0005,CL001486,MXN,2020-05-15,,Activa,0,0.0015,CA01,CORE_A
CU005384,PR04,SU0021,CL002199,CLP,2023-11-23,,Activa,0,0.0314,CA05,DIGITAL_CORE
CU005385,PR18,SU0030,CL002160,CLP,2023-03-22,2025-08-17,Cerrada,0,0.0189,CA02,CORE_B
CU005386,PR18,SU0017,CL002178,CAD,2022-03-06,,Activa,0,0.017,CA03,CORE_B
CU005387,PR10,SU0046,CL000310,COP,2023-12-01,,Activa,138632,0.1089,CA05,CORE_A
CU005388,PR06,SU0022,CL004403,CLP,2024-08-14,,Activa,8019,0.3241,CA05,CORE_A
CU005389,PR05,SU0020,CL003100,CAD,2020-08-20,,Activa,15289,0.3613,CA01,CORE_A
CU005390,PR18,SU0050,CL004254,COP,2023-04-03,,Activa,0,0.0173,CA01,DIGITAL_CORE
CU005391,PR07,SU0043,CL001894,COP,2022-09-10,,Activa,8698,0.2983,CA03,CORE_A
CU005392,PR09,SU0016,CL001916,CAD,2019-12-18,,Activa,36652,0.1451,CA05,CORE_A
CU005393,PR18,SU0032,CL003008,PEN,2022-10-29,,Activa,0,0,CA01,CORE_A
CU005394,PR12,SU0008,CL001570,MXN,2021-12-02,,Activa,214285,0.1879,CA01,DIGITAL_CORE
CU005395,PR18,SU0003,CL003416,MXN,2023-04-19,,Activa,0,0.0044,CA02,CORE_A
CU005396,PR10,SU0043,CL001123,COP,2020-10-14,,Activa,5482,0.1135,CA02,CORE_A
CU005397,PR16,SU0002,CL001402,MXN,2025-08-25,,Activa,0,0,CA05,CORE_B
CU005398,PR01,SU0045,CL001082,COP,2024-06-27,,Activa,0,0.0109,CA02,CORE_A
CU005399,PR06,SU0003,CL001794,MXN,2021-03-04,,Activa,14828,0.3393,CA01,CORE_A
CU005400,PR16,SU0017,CL002523,CAD,2025-11-06,,Activa,0,0,CA01,CORE_A
CU005401,PR09,SU0020,CL001141,CAD,2020-02-25,,Activa,9180,0.1648,CA05,DIGITAL_CORE
CU005402,PR18,SU0043,CL000030,COP,2022-07-18,,Activa,0,0.0216,CA03,CORE_A
CU005403,PR08,SU0014,CL000810,CAD,2023-10-31,,Activa,6496,0.2611,CA05,CORE_B
CU005404,PR15,SU0030,CL000681,CLP,2023-10-14,,Activa,0,0.0359,CA01,CORE_B
CU005405,PR07,SU0024,CL002109,CLP,2022-04-22,,Activa,29923,0.297,CA05,CORE_A
CU005406,PR18,SU0050,CL002620,COP,2024-10-12,,Activa,0,0.0153,CA02,DIGITAL_CORE
CU005407,PR11,SU0008,CL000815,MXN,2021-01-25,,Activa,0,0.0072,CA05,DIGITAL_CORE
CU005408,PR09,SU0016,CL000641,CAD,2023-11-06,,Activa,77878,0.1515,CA03,CORE_A
CU005409,PR06,SU0046,CL003462,COP,2024-12-08,,Activa,44746,0.319,CA01,CORE_B
CU005410,PR17,SU0046,CL003899,COP,2025-07-28,,Activa,0,0.0137,CA01,DIGITAL_CORE
CU005411,PR17,SU0018,CL002250,CAD,2023-12-03,,Activa,0,0.0149,CA01,CORE_A
CU005412,PR09,SU0048,CL002031,COP,2024-08-06,,Activa,30956,0.1487,CA05,CORE_A
CU005413,PR16,SU0021,CL002364,CLP,2020-09-30,,Activa,0,0.0118,CA02,CORE_B
CU005414,PR05,SU0047,CL003955,COP,2022-11-22,,Activa,14683,0.378,CA05,DIGITAL_CORE
CU005415,PR12,SU0049,CL002419,COP,2024-06-02,,Activa,524065,0.2036,CA05,CORE_A
CU005416,PR18,SU0024,CL000210,CLP,2022-10-18,,Activa,0,0,CA03,CORE_A
CU005417,PR06,SU0043,CL002133,COP,2024-03-05,,Activa,25709,0.3201,CA05,DIGITAL_CORE
CU005418,PR18,SU0027,CL003186,CLP,2020-02-17,,Activa,0,0.019,CA01,CORE_A
CU005419,PR04,SU0011,CL002304,CAD,2022-02-16,,Activa,0,0.039,CA01,CORE_A
CU005420,PR05,SU0046,CL002934,COP,2024-03-15,,Activa,29686,0.3776,CA01,CORE_B
CU005421,PR18,SU0025,CL000306,CLP,2025-07-21,,Activa,0,0,CA03,CORE_A
CU005422,PR18,SU0012,CL004103,CAD,2021-05-23,,Activa,0,0.0214,CA02,CORE_B
CU005423,PR14,SU0011,CL000514,CAD,2021-01-14,,Activa,0,0,CA01,DIGITAL_CORE
CU005424,PR02,SU0020,CL001276,CAD,2022-07-30,,Activa,0,0.0098,CA01,CORE_B
CU005425,PR15,SU0018,CL000395,CAD,2021-04-11,,Activa,0,0.037,CA02,CORE_A
CU005426,PR01,SU0021,CL001663,CLP,2021-10-01,,Activa,0,0.008,CA01,CORE_B
CU005427,PR13,SU0026,CL004359,CLP,2020-06-02,,Activa,2130021,0.1535,CA01,CORE_B
CU005428,PR18,SU0015,CL002713,CAD,2023-02-05,,Activa,0,0,CA03,DIGITAL_CORE
CU005429,PR04,SU0034,CL003327,PEN,2022-09-29,,Activa,0,0.0262,CA05,CORE_B
CU005430,PR04,SU0005,CL000123,MXN,2024-08-24,,Activa,0,0.0509,CA05,CORE_A
CU005431,PR18,SU0004,CL000229,MXN,2025-01-16,,Activa,0,0,CA03,DIGITAL_CORE
CU005432,PR03,SU0004,CL000774,MXN,2024-11-28,,Activa,0,0,CA05,CORE_A
CU005433,PR18,SU0040,CL000946,PEN,2020-05-24,,Activa,0,0,CA01,CORE_A
CU005434,PR16,SU0015,CL004135,CAD,2025-07-21,,Activa,0,0.0036,CA05,CORE_A
CU005435,PR05,SU0048,CL004328,COP,2022-08-22,,Activa,11746,0.3766,CA01,CORE_A
CU005436,PR08,SU0031,CL002686,PEN,2021-12-26,,Activa,11257,0.2505,CA05,DIGITAL_CORE
CU005437,PR17,SU0043,CL003155,COP,2019-11-09,,Activa,0,0,CA02,DIGITAL_CORE
CU005438,PR16,SU0037,CL000020,PEN,2023-07-19,,Activa,0,0.0092,CA05,CORE_A
CU005439,PR05,SU0049,CL003792,COP,2022-09-05,,Activa,30811,0.3677,CA05,DIGITAL_CORE
CU005440,PR07,SU0035,CL001516,PEN,2023-07-12,,Activa,23775,0.2822,CA05,CORE_A
CU005441,PR18,SU0007,CL004041,MXN,2021-01-15,,Activa,0,0,CA01,DIGITAL_CORE
CU005442,PR03,SU0014,CL004043,CAD,2024-07-26,,Activa,0,0.0217,CA01,CORE_A
CU005443,PR12,SU0009,CL004431,MXN,2024-06-20,,Activa,403984,0.1727,CA01,DIGITAL_CORE
CU005444,PR10,SU0031,CL002563,PEN,2019-07-26,,Activa,40498,0.0949,CA01,DIGITAL_CORE
CU005445,PR13,SU0013,CL000519,CAD,2023-09-30,,Activa,179966,0.151,CA03,DIGITAL_CORE
CU005446,PR12,SU0020,CL003546,CAD,2021-10-28,,Activa,5332904,0.1868,CA03,DIGITAL_CORE
CU005447,PR08,SU0050,CL002806,COP,2023-07-17,,Activa,19778,0.2458,CA01,CORE_B
CU005448,PR07,SU0041,CL002371,COP,2023-03-10,,Activa,18619,0.2967,CA05,CORE_B
CU005449,PR09,SU0041,CL002524,COP,2022-06-02,,Activa,44206,0.1679,CA05,DIGITAL_CORE
CU005450,PR15,SU0042,CL001340,COP,2020-10-02,,Activa,0,0.05,CA05,CORE_A
CU005451,PR08,SU0049,CL003375,COP,2021-03-17,,Activa,111710,0.2547,CA05,DIGITAL_CORE
CU005452,PR03,SU0003,CL001138,MXN,2021-07-06,,Activa,0,0.0236,CA05,DIGITAL_CORE
CU005453,PR16,SU0029,CL000995,CLP,2025-04-23,,Activa,0,0,CA05,DIGITAL_CORE
CU005454,PR09,SU0050,CL002346,COP,2023-03-06,,Activa,115326,0.1573,CA05,DIGITAL_CORE
CU005455,PR11,SU0050,CL003312,COP,2024-03-19,,Activa,0,0.0121,CA05,CORE_A
CU005456,PR06,SU0030,CL002677,CLP,2024-12-11,,Activa,42949,0.3438,CA05,DIGITAL_CORE
CU005457,PR05,SU0050,CL004014,COP,2024-01-03,,Activa,41037,0.348,CA01,DIGITAL_CORE
CU005458,PR18,SU0038,CL000340,PEN,2024-08-09,,Activa,0,0,CA05,DIGITAL_CORE
CU005459,PR08,SU0034,CL001327,PEN,2025-08-05,,Activa,3988,0.2259,CA01,CORE_A
CU005460,PR06,SU0032,CL004197,PEN,2024-03-16,,Activa,7037,0.3154,CA01,DIGITAL_CORE
CU005461,PR03,SU0012,CL002198,CAD,2020-12-21,,Activa,0,0,CA05,CORE_A
CU005462,PR15,SU0031,CL003800,PEN,2020-11-29,,Activa,0,0.0431,CA05,CORE_A
CU005463,PR04,SU0021,CL004214,CLP,2019-05-01,,Activa,0,0.0298,CA01,DIGITAL_CORE
CU005464,PR01,SU0004,CL004126,MXN,2021-10-18,,Activa,0,0.0079,CA05,CORE_A
CU005465,PR05,SU0026,CL002911,CLP,2024-01-31,,Activa,93825,0.3833,CA01,CORE_A
CU005466,PR15,SU0046,CL002170,COP,2023-04-23,,Activa,0,0.0506,CA01,CORE_A
CU005467,PR09,SU0024,CL003653,CLP,2025-01-21,,Activa,210930,0.1525,CA01,CORE_A
CU005468,PR09,SU0045,CL000616,COP,2021-03-09,,Activa,18814,0.1724,CA02,DIGITAL_CORE
CU005469,PR03,SU0036,CL000096,PEN,2024-05-28,,Activa,0,0.0112,CA02,CORE_B
CU005470,PR04,SU0021,CL003720,CLP,2022-01-09,,Activa,0,0.0252,CA01,CORE_A
CU005471,PR10,SU0009,CL001045,MXN,2019-11-03,,Activa,19400,0.1186,CA02,DIGITAL_CORE
CU005472,PR02,SU0025,CL002012,CLP,2023-08-02,,Activa,0,0.0094,CA05,DIGITAL_CORE
CU005473,PR18,SU0017,CL003767,CAD,2023-01-27,,Activa,0,0.0202,CA03,CORE_A
CU005474,PR04,SU0025,CL004090,CLP,2019-07-16,,Activa,0,0.0253,CA05,CORE_A
CU005475,PR07,SU0027,CL003264,CLP,2024-04-10,,Activa,9494,0.2841,CA02,DIGITAL_CORE
CU005476,PR18,SU0036,CL003676,PEN,2025-08-06,,Activa,0,0,CA02,DIGITAL_CORE
CU005477,PR03,SU0002,CL000330,MXN,2022-02-19,,Activa,0,0.0099,CA05,DIGITAL_CORE
CU005478,PR18,SU0045,CL004294,COP,2020-07-01,,Activa,0,0.0023,CA05,CORE_A
CU005479,PR15,SU0020,CL002953,CAD,2024-05-16,2024-09-22,Cerrada,0,0.0302,CA05,CORE_A
CU005480,PR02,SU0001,CL000538,MXN,2019-09-26,,Activa,0,0,CA05,CORE_B
CU005481,PR05,SU0007,CL001249,MXN,2025-11-09,,Activa,7288,0.3569,CA02,CORE_A
CU005482,PR18,SU0041,CL002830,COP,2021-11-28,,Activa,0,0,CA03,CORE_A
CU005483,PR01,SU0040,CL001193,PEN,2023-05-28,,Activa,0,0,CA01,DIGITAL_CORE
CU005484,PR13,SU0008,CL003423,MXN,2022-07-16,2023-12-02,Cerrada,494992,0.1565,CA01,CORE_B
CU005485,PR18,SU0029,CL001399,CLP,2021-07-21,,Activa,0,0,CA03,DIGITAL_CORE
CU005486,PR03,SU0039,CL000456,PEN,2020-11-15,,Activa,0,0.0242,CA02,DIGITAL_CORE
CU005487,PR18,SU0020,CL000822,CAD,2024-11-05,,Activa,0,0,CA05,DIGITAL_CORE
CU005488,PR16,SU0042,CL001078,COP,2024-03-10,,Activa,0,0,CA03,DIGITAL_CORE
CU005489,PR02,SU0034,CL003531,PEN,2019-06-23,,Activa,0,0.0146,CA05,CORE_B
CU005490,PR14,SU0033,CL004152,PEN,2022-10-11,,Activa,0,0,CA01,CORE_B
CU005491,PR01,SU0008,CL002573,MXN,2023-04-25,,Activa,0,0,CA02,CORE_B
CU005492,PR04,SU0027,CL000036,CLP,2019-08-06,,Activa,0,0.0487,CA01,CORE_B
CU005493,PR10,SU0017,CL004307,CAD,2020-12-15,,Activa,25887,0.101,CA01,DIGITAL_CORE
CU005494,PR08,SU0016,CL003091,CAD,2022-11-18,,Activa,3249,0.2573,CA05,DIGITAL_CORE
CU005495,PR11,SU0029,CL001032,CLP,2024-11-03,,Activa,0,0.0102,CA05,CORE_A
CU005496,PR09,SU0034,CL003397,PEN,2025-10-05,,Activa,6181,0.1671,CA01,CORE_B
CU005497,PR18,SU0029,CL004245,CLP,2025-01-26,,Activa,0,0.0179,CA03,DIGITAL_CORE
CU005498,PR04,SU0004,CL001065,MXN,2020-09-03,,Activa,0,0.0212,CA03,CORE_A
CU005499,PR15,SU0026,CL004186,CLP,2025-05-06,,Activa,0,0.0416,CA02,DIGITAL_CORE
CU005500,PR07,SU0044,CL002031,COP,2025-04-27,,Activa,33039,0.27,CA05,DIGITAL_CORE
CU005501,PR06,SU0045,CL004004,COP,2023-10-20,,Activa,9846,0.339,CA01,DIGITAL_CORE
CU005502,PR06,SU0045,CL002146,COP,2023-03-19,,Activa,54010,0.313,CA05,CORE_A
CU005503,PR18,SU0020,CL002321,CAD,2024-08-31,,Activa,0,0,CA01,DIGITAL_CORE
CU005504,PR02,SU0049,CL002336,COP,2023-09-28,,Activa,0,0,CA02,CORE_B
CU005505,PR16,SU0017,CL000085,CAD,2025-03-27,,Activa,0,0.0051,CA05,CORE_B
CU005506,PR02,SU0005,CL001066,MXN,2025-11-30,,Activa,0,0.0103,CA02,CORE_B
CU005507,PR15,SU0014,CL003985,CAD,2025-10-08,,Activa,0,0.036,CA05,CORE_B
CU005508,PR18,SU0018,CL002142,CAD,2025-05-11,,Activa,0,0,CA03,CORE_B
CU005509,PR10,SU0032,CL000174,PEN,2022-12-28,,Activa,16611,0.1154,CA02,CORE_B
CU005510,PR07,SU0014,CL002560,CAD,2024-08-22,,Activa,99329,0.2846,CA05,DIGITAL_CORE
CU005511,PR07,SU0008,CL000335,MXN,2021-02-18,,Activa,20173,0.2888,CA05,DIGITAL_CORE
CU005512,PR09,SU0037,CL001178,PEN,2022-06-14,,Activa,5849,0.1497,CA01,CORE_B
CU005513,PR09,SU0007,CL002516,MXN,2021-10-30,,Bloqueada,347665,0.1452,CA02,DIGITAL_CORE
CU005514,PR10,SU0047,CL002997,COP,2020-11-17,,Activa,12958,0.0975,CA05,CORE_A
CU005515,PR18,SU0006,CL001450,MXN,2021-12-26,,Activa,0,0,CA02,DIGITAL_CORE
CU005516,PR15,SU0033,CL000893,PEN,2021-08-03,,Activa,0,0.054,CA05,DIGITAL_CORE
CU005517,PR10,SU0046,CL003262,COP,2021-03-30,,Activa,32378,0.1161,CA05,CORE_A
CU005518,PR08,SU0041,CL004264,COP,2019-04-29,,Activa,89125,0.2547,CA01,DIGITAL_CORE
CU005519,PR03,SU0030,CL000594,CLP,2018-12-02,,Activa,0,0.0055,CA01,CORE_A
CU005520,PR01,SU0027,CL001773,CLP,2024-04-08,,Activa,0,0.0198,CA05,CORE_A
CU005521,PR02,SU0030,CL001722,CLP,2024-08-25,,Activa,0,0,CA01,CORE_A
CU005522,PR14,SU0031,CL003003,PEN,2020-02-01,,Activa,0,0.0018,CA05,DIGITAL_CORE
CU005523,PR01,SU0037,CL001434,PEN,2024-03-03,,Activa,0,0.0131,CA03,DIGITAL_CORE
CU005524,PR07,SU0032,CL000971,PEN,2020-12-15,,Activa,285222,0.2948,CA05,CORE_B
CU005525,PR05,SU0026,CL002258,CLP,2023-02-25,,Activa,53703,0.3483,CA05,CORE_A
CU005526,PR15,SU0004,CL000028,MXN,2023-03-11,,Activa,0,0.0413,CA05,CORE_B
CU005527,PR08,SU0019,CL001462,CAD,2020-02-16,,Activa,30973,0.2394,CA05,DIGITAL_CORE
CU005528,PR03,SU0004,CL001426,MXN,2025-06-07,,Activa,0,0.0164,CA05,CORE_A
CU005529,PR05,SU0003,CL004330,MXN,2021-06-07,,Activa,78768,0.3454,CA05,CORE_A
CU005530,PR04,SU0003,CL001025,MXN,2021-11-26,,Activa,0,0.0447,CA01,CORE_B
CU005531,PR15,SU0029,CL000539,CLP,2024-06-27,,Activa,0,0.0285,CA05,CORE_B
CU005532,PR15,SU0038,CL003189,PEN,2019-06-22,,Activa,0,0.052,CA05,CORE_A
CU005533,PR18,SU0002,CL002016,MXN,2023-07-24,,Bloqueada,0,0.0119,CA02,CORE_A
CU005534,PR18,SU0034,CL000067,PEN,2024-07-13,,Activa,0,0.0071,CA02,DIGITAL_CORE
CU005535,PR14,SU0037,CL003412,PEN,2024-03-08,,Activa,0,0,CA01,CORE_A
CU005536,PR10,SU0016,CL004339,CAD,2024-10-25,,Bloqueada,9723,0.1128,CA05,CORE_A
CU005537,PR09,SU0040,CL002899,PEN,2022-04-06,,Activa,21785,0.1641,CA05,DIGITAL_CORE
CU005538,PR15,SU0011,CL004050,CAD,2022-08-28,,Activa,0,0.028,CA01,CORE_B
CU005539,PR04,SU0033,CL000857,PEN,2025-11-02,,Activa,0,0.0189,CA01,CORE_A
CU005540,PR06,SU0034,CL004168,PEN,2025-03-17,,Activa,33471,0.3257,CA01,CORE_B
CU005541,PR01,SU0042,CL000688,COP,2025-09-13,,Activa,0,0.014,CA02,DIGITAL_CORE
CU005542,PR02,SU0023,CL002494,CLP,2025-10-16,,Activa,0,0.0063,CA01,CORE_B
CU005543,PR01,SU0022,CL000099,CLP,2023-01-27,,Activa,0,0,CA01,DIGITAL_CORE
CU005544,PR12,SU0032,CL002945,PEN,2025-02-10,,Activa,116732,0.2025,CA05,CORE_A
CU005545,PR05,SU0016,CL002345,CAD,2022-09-30,,Activa,34676,0.3711,CA01,CORE_B
CU005546,PR02,SU0034,CL003246,PEN,2025-08-08,,Activa,0,0.009,CA05,CORE_A
CU005547,PR15,SU0002,CL002465,MXN,2020-05-05,,Activa,0,0.044,CA05,DIGITAL_CORE
CU005548,PR07,SU0050,CL003692,COP,2023-08-02,,Activa,49491,0.282,CA05,DIGITAL_CORE
CU005549,PR09,SU0003,CL002723,MXN,2023-12-20,2025-11-12,Cerrada,270581,0.1628,CA01,DIGITAL_CORE
CU005550,PR04,SU0040,CL002615,PEN,2024-01-01,,Activa,0,0.0443,CA05,DIGITAL_CORE
CU005551,PR16,SU0014,CL003793,CAD,2019-10-26,,Activa,0,0.0163,CA05,CORE_B
CU005552,PR16,SU0017,CL000187,CAD,2023-12-22,,Activa,0,0,CA01,DIGITAL_CORE
CU005553,PR05,SU0013,CL000513,CAD,2025-05-16,,Activa,69487,0.3642,CA03,DIGITAL_CORE
CU005554,PR10,SU0003,CL002205,MXN,2024-05-13,,Activa,27628,0.1141,CA01,CORE_A
CU005555,PR18,SU0002,CL003460,MXN,2022-12-10,,Activa,0,0.0145,CA03,CORE_A
CU005556,PR04,SU0011,CL002424,CAD,2021-11-07,,Activa,0,0.0322,CA05,CORE_A
CU005557,PR18,SU0023,CL001361,CLP,2023-04-18,,Activa,0,0.0235,CA01,DIGITAL_CORE
CU005558,PR04,SU0037,CL003972,PEN,2020-05-10,,Activa,0,0.0441,CA01,DIGITAL_CORE
CU005559,PR02,SU0044,CL000819,COP,2022-07-18,,Activa,0,0,CA01,CORE_A
CU005560,PR06,SU0015,CL002554,CAD,2025-06-03,,Activa,189798,0.3413,CA05,CORE_B
CU005561,PR02,SU0023,CL003153,CLP,2023-11-13,,Activa,0,0.0088,CA01,CORE_B
CU005562,PR15,SU0029,CL004408,CLP,2020-07-18,,Activa,0,0.0458,CA05,DIGITAL_CORE
CU005563,PR05,SU0016,CL004471,CAD,2025-10-29,,Activa,406299,0.3698,CA03,CORE_A
CU005564,PR18,SU0012,CL002248,CAD,2024-12-24,,Activa,0,0,CA03,CORE_B
CU005565,PR16,SU0020,CL003019,CAD,2023-11-05,,Activa,0,0.0166,CA01,DIGITAL_CORE
CU005566,PR18,SU0050,CL000957,COP,2023-12-04,,Activa,0,0,CA03,DIGITAL_CORE
CU005567,PR04,SU0042,CL001419,COP,2023-06-22,,Activa,0,0.0197,CA01,CORE_A
CU005568,PR08,SU0033,CL003529,PEN,2021-01-29,,Activa,14603,0.2309,CA01,CORE_B
CU005569,PR18,SU0030,CL001214,CLP,2021-09-08,,Activa,0,0.0213,CA01,CORE_A
CU005570,PR03,SU0008,CL000190,MXN,2019-02-20,,Activa,0,0.0026,CA05,CORE_B
CU005571,PR18,SU0039,CL000879,PEN,2024-02-15,,Activa,0,0,CA03,DIGITAL_CORE
CU005572,PR18,SU0036,CL001002,PEN,2025-11-19,,Activa,0,0,CA03,CORE_A
CU005573,PR03,SU0019,CL003025,CAD,2024-12-26,,Activa,0,0.0143,CA05,CORE_A
CU005574,PR06,SU0022,CL001963,CLP,2022-08-17,,Activa,21373,0.3064,CA01,CORE_B
CU005575,PR15,SU0005,CL003796,MXN,2025-11-29,,Activa,0,0.0425,CA02,CORE_B
CU005576,PR05,SU0026,CL003863,CLP,2020-09-19,,Activa,22931,0.3654,CA01,DIGITAL_CORE
CU005577,PR15,SU0011,CL003365,CAD,2023-11-20,,Activa,0,0.0462,CA05,DIGITAL_CORE
CU005578,PR15,SU0022,CL001023,CLP,2025-02-07,,Activa,0,0.0359,CA01,DIGITAL_CORE
CU005579,PR11,SU0009,CL002001,MXN,2024-02-16,,Activa,0,0,CA01,CORE_A
CU005580,PR02,SU0036,CL000602,PEN,2021-11-02,,Activa,0,0,CA01,DIGITAL_CORE
CU005581,PR12,SU0025,CL000921,CLP,2020-06-25,,Activa,3307746,0.2015,CA01,DIGITAL_CORE
CU005582,PR18,SU0015,CL001725,CAD,2024-04-25,,Activa,0,0.0214,CA05,CORE_A
CU005583,PR16,SU0007,CL000664,MXN,2024-04-20,,Bloqueada,0,0,CA01,CORE_A
CU005584,PR15,SU0049,CL003155,COP,2025-04-04,,Activa,0,0.0518,CA01,DIGITAL_CORE
CU005585,PR08,SU0001,CL003873,MXN,2021-07-20,,Activa,6028,0.258,CA01,CORE_A
CU005586,PR04,SU0049,CL001942,COP,2025-01-19,,Activa,0,0.0256,CA01,CORE_B
CU005587,PR18,SU0027,CL000496,CLP,2020-01-02,,Activa,0,0.0238,CA01,DIGITAL_CORE
CU005588,PR05,SU0050,CL003138,COP,2025-05-20,,Activa,13454,0.365,CA05,CORE_A
CU005589,PR04,SU0040,CL003109,PEN,2022-09-08,,Activa,0,0.0523,CA05,CORE_B
CU005590,PR18,SU0047,CL000525,COP,2020-07-26,,Activa,0,0.0184,CA03,DIGITAL_CORE
CU005591,PR02,SU0036,CL004147,PEN,2020-11-21,,Activa,0,0.0027,CA01,DIGITAL_CORE
CU005592,PR07,SU0029,CL001153,CLP,2024-02-07,,Activa,161090,0.2668,CA01,DIGITAL_CORE
CU005593,PR12,SU0014,CL003587,CAD,2020-06-04,2021-12-14,Cerrada,474617,0.172,CA05,DIGITAL_CORE
CU005594,PR06,SU0026,CL004308,CLP,2019-07-14,,Activa,19561,0.3234,CA01,DIGITAL_CORE
CU005595,PR18,SU0026,CL000332,CLP,2023-09-23,,Activa,0,0,CA02,CORE_B
CU005596,PR18,SU0011,CL002072,CAD,2025-04-03,,Activa,0,0.0072,CA01,CORE_B
CU005597,PR05,SU0003,CL003362,MXN,2022-08-05,,Activa,74112,0.3471,CA01,DIGITAL_CORE
CU005598,PR05,SU0014,CL003502,CAD,2020-10-24,,Activa,7236,0.3714,CA05,DIGITAL_CORE
CU005599,PR18,SU0037,CL000857,PEN,2024-02-18,,Activa,0,0,CA01,CORE_B
CU005600,PR18,SU0041,CL000927,COP,2022-10-14,,Activa,0,0,CA05,CORE_A
CU005601,PR01,SU0012,CL003091,CAD,2023-09-13,,Activa,0,0.0166,CA05,DIGITAL_CORE
CU005602,PR10,SU0037,CL002513,PEN,2020-07-01,,Activa,81477,0.1077,CA03,CORE_B
CU005603,PR01,SU0041,CL001294,COP,2025-10-28,,Activa,0,0.0188,CA01,DIGITAL_CORE
CU005604,PR18,SU0010,CL001249,MXN,2021-11-15,,Activa,0,0.0036,CA02,CORE_A
CU005605,PR01,SU0044,CL000632,COP,2022-11-30,,Bloqueada,0,0.0099,CA03,CORE_A
CU005606,PR08,SU0050,CL002202,COP,2021-10-04,,Activa,29846,0.2469,CA01,CORE_A
CU005607,PR08,SU0036,CL000070,PEN,2024-03-14,,Activa,37976,0.2548,CA05,CORE_B
CU005608,PR04,SU0023,CL003355,CLP,2021-02-09,,Activa,0,0.0383,CA05,CORE_A
CU005609,PR12,SU0044,CL000707,COP,2025-10-30,,Activa,7186844,0.2034,CA01,DIGITAL_CORE
CU005610,PR17,SU0042,CL001826,COP,2025-08-09,,Activa,0,0.0133,CA02,DIGITAL_CORE
CU005611,PR01,SU0022,CL002109,CLP,2021-08-17,,Activa,0,0,CA05,CORE_B
CU005612,PR03,SU0029,CL002199,CLP,2019-06-22,,Activa,0,0.0052,CA05,CORE_A
CU005613,PR15,SU0031,CL002529,PEN,2022-09-08,,Activa,0,0.0632,CA01,CORE_A
CU005614,PR01,SU0013,CL002841,CAD,2024-12-18,,Activa,0,0,CA05,CORE_B
CU005615,PR07,SU0016,CL000810,CAD,2024-04-28,,Activa,4001,0.3003,CA05,DIGITAL_CORE
CU005616,PR07,SU0035,CL003869,PEN,2024-04-15,2025-07-17,Cerrada,97023,0.2685,CA02,DIGITAL_CORE
CU005617,PR01,SU0011,CL003100,CAD,2020-04-05,,Activa,0,0.0077,CA01,CORE_A
CU005618,PR18,SU0022,CL002790,CLP,2024-07-08,,Activa,0,0,CA03,CORE_B
CU005619,PR15,SU0011,CL003268,CAD,2025-09-15,,Activa,0,0.0315,CA05,CORE_B
CU005620,PR18,SU0022,CL002366,CLP,2021-09-13,2023-05-09,Cerrada,0,0.0175,CA02,DIGITAL_CORE
CU005621,PR15,SU0002,CL002423,MXN,2024-04-09,,Activa,0,0.0645,CA01,CORE_B
CU005622,PR15,SU0041,CL003747,COP,2025-02-06,,Activa,0,0.0319,CA02,CORE_B
CU005623,PR17,SU0038,CL003445,PEN,2020-04-24,,Activa,0,0,CA05,DIGITAL_CORE
CU005624,PR18,SU0012,CL002623,CAD,2024-02-23,,Activa,0,0,CA05,CORE_B
CU005625,PR02,SU0027,CL003775,CLP,2023-12-30,,Activa,0,0.0168,CA05,CORE_B
CU005626,PR10,SU0011,CL002972,CAD,2021-02-08,,Activa,184643,0.0939,CA01,CORE_A
CU005627,PR01,SU0049,CL000260,COP,2023-09-29,,Activa,0,0.0149,CA01,CORE_A
CU005628,PR06,SU0048,CL000453,COP,2023-09-14,,Activa,15530,0.3384,CA01,CORE_B
CU005629,PR02,SU0018,CL003406,CAD,2025-04-10,,Bloqueada,0,0,CA05,DIGITAL_CORE
CU005630,PR12,SU0043,CL000814,COP,2021-05-23,,Activa,381973,0.1802,CA03,DIGITAL_CORE
CU005631,PR18,SU0007,CL002536,MXN,2024-06-01,,Activa,0,0.0028,CA01,CORE_A
CU005632,PR11,SU0022,CL000720,CLP,2025-07-16,,Activa,0,0.0155,CA01,DIGITAL_CORE
CU005633,PR02,SU0034,CL002686,PEN,2024-08-24,,Activa,0,0,CA01,CORE_B
CU005634,PR18,SU0050,CL001749,COP,2023-07-09,,Activa,0,0.015,CA03,CORE_A
CU005635,PR06,SU0022,CL000941,CLP,2023-01-02,,Activa,60941,0.3088,CA05,CORE_B
CU005636,PR07,SU0037,CL003144,PEN,2023-04-27,,Activa,15482,0.2675,CA01,CORE_B
CU005637,PR05,SU0040,CL002615,PEN,2023-07-11,,Activa,14374,0.3785,CA05,DIGITAL_CORE
CU005638,PR17,SU0011,CL001336,CAD,2024-01-26,,Activa,0,0,CA05,DIGITAL_CORE
CU005639,PR12,SU0037,CL002800,PEN,2022-10-06,,Activa,3294165,0.1818,CA05,CORE_A
CU005640,PR07,SU0046,CL000984,COP,2023-04-28,,Activa,10204,0.2747,CA01,CORE_B
CU005641,PR08,SU0027,CL001934,CLP,2020-07-06,,Activa,13571,0.264,CA03,CORE_B
CU005642,PR04,SU0037,CL001890,PEN,2025-07-02,,Activa,0,0.0177,CA05,CORE_A
CU005643,PR15,SU0016,CL003976,CAD,2021-05-06,,Activa,0,0.0578,CA03,CORE_B
CU005644,PR06,SU0009,CL003946,MXN,2022-10-21,,Activa,8817,0.3066,CA05,CORE_B
CU005645,PR15,SU0022,CL002053,CLP,2021-07-09,,Activa,0,0.0596,CA03,DIGITAL_CORE
CU005646,PR09,SU0048,CL000874,COP,2023-06-29,,Activa,12421,0.166,CA01,CORE_A
CU005647,PR05,SU0029,CL000941,CLP,2022-05-26,,Activa,32924,0.3531,CA05,CORE_B
CU005648,PR15,SU0010,CL003276,MXN,2024-02-27,,Activa,0,0.0521,CA01,DIGITAL_CORE
CU005649,PR17,SU0049,CL000114,COP,2021-10-05,,Activa,0,0.0057,CA01,CORE_B
CU005650,PR07,SU0007,CL003291,MXN,2024-03-08,2024-09-13,Cerrada,221732,0.2886,CA01,CORE_B
CU005651,PR05,SU0003,CL004304,MXN,2023-11-06,,Activa,8359,0.3459,CA05,DIGITAL_CORE
CU005652,PR10,SU0014,CL001480,CAD,2021-05-28,,Activa,96534,0.104,CA05,DIGITAL_CORE
CU005653,PR15,SU0043,CL002208,COP,2023-03-03,2024-02-28,Cerrada,0,0.0419,CA01,CORE_B
CU005654,PR01,SU0037,CL004293,PEN,2022-09-13,,Activa,0,0,CA01,DIGITAL_CORE
CU005655,PR15,SU0008,CL002735,MXN,2024-07-08,,Activa,0,0.0633,CA05,DIGITAL_CORE
CU005656,PR18,SU0017,CL002781,CAD,2022-01-06,,Activa,0,0,CA03,CORE_B
CU005657,PR02,SU0040,CL003121,PEN,2023-01-05,,Activa,0,0.0116,CA02,CORE_A
CU005658,PR05,SU0017,CL000076,CAD,2025-02-09,,Activa,11868,0.3768,CA03,CORE_A
CU005659,PR08,SU0029,CL002905,CLP,2021-01-23,,Activa,116264,0.2296,CA05,DIGITAL_CORE
CU005660,PR15,SU0038,CL000067,PEN,2024-07-30,,Activa,0,0.0488,CA02,CORE_B
CU005661,PR05,SU0038,CL004105,PEN,2020-02-05,,Bloqueada,148379,0.3486,CA05,DIGITAL_CORE
CU005662,PR18,SU0012,CL002998,CAD,2021-04-16,,Activa,0,0,CA02,DIGITAL_CORE
CU005663,PR16,SU0024,CL004108,CLP,2019-08-06,,Activa,0,0,CA03,DIGITAL_CORE
CU005664,PR06,SU0020,CL004307,CAD,2025-04-17,,Activa,27915,0.3147,CA01,CORE_B
CU005665,PR12,SU0028,CL001032,CLP,2025-03-16,,Activa,3905322,0.1693,CA02,CORE_A
CU005666,PR18,SU0029,CL001238,CLP,2024-02-25,,Activa,0,0.0215,CA02,CORE_B
CU005667,PR10,SU0033,CL004443,PEN,2023-11-30,,Activa,23303,0.0878,CA01,CORE_B
CU005668,PR04,SU0049,CL000089,COP,2025-01-16,,Activa,0,0.019,CA05,DIGITAL_CORE
CU005669,PR06,SU0050,CL004234,COP,2024-11-03,,Activa,39592,0.321,CA05,CORE_A
CU005670,PR18,SU0019,CL001544,CAD,2025-05-26,,Activa,0,0.0129,CA03,DIGITAL_CORE
CU005671,PR07,SU0029,CL003070,CLP,2025-09-05,,Activa,451090,0.2724,CA01,CORE_B
CU005672,PR01,SU0047,CL004099,COP,2023-05-18,,Activa,0,0.0208,CA03,CORE_B
CU005673,PR17,SU0010,CL004077,MXN,2020-09-25,,Activa,0,0,CA01,CORE_B
CU005674,PR09,SU0019,CL003930,CAD,2022-07-05,,Bloqueada,101839,0.149,CA01,CORE_A
CU005675,PR15,SU0044,CL000328,COP,2020-06-04,2022-09-24,Cerrada,0,0.0307,CA01,CORE_A
CU005676,PR03,SU0026,CL000575,CLP,2022-12-30,,Activa,0,0.0084,CA03,CORE_B
CU005677,PR02,SU0008,CL002925,MXN,2020-11-22,2021-05-31,Cerrada,0,0,CA02,CORE_B
CU005678,PR10,SU0032,CL000658,PEN,2020-05-21,,Activa,8586,0.1068,CA05,CORE_B
CU005679,PR06,SU0007,CL001251,MXN,2021-11-02,,Activa,412135,0.3377,CA05,CORE_A
CU005680,PR04,SU0013,CL002953,CAD,2024-09-03,,Activa,0,0.0293,CA05,CORE_A
CU005681,PR17,SU0009,CL004286,MXN,2023-04-02,,Activa,0,0,CA05,CORE_A
CU005682,PR02,SU0047,CL002887,COP,2023-03-31,,Activa,0,0.0079,CA01,CORE_B
CU005683,PR18,SU0013,CL004463,CAD,2022-12-22,,Activa,0,0.0064,CA03,CORE_A
CU005684,PR08,SU0018,CL001423,CAD,2025-05-23,,Activa,20355,0.2303,CA05,CORE_B
CU005685,PR16,SU0024,CL003187,CLP,2025-05-08,,Activa,0,0.0014,CA03,CORE_B
CU005686,PR01,SU0006,CL002311,MXN,2024-07-28,2025-08-09,Cerrada,0,0.0037,CA05,DIGITAL_CORE
CU005687,PR08,SU0013,CL003835,CAD,2024-06-21,,Activa,25330,0.2365,CA05,CORE_A
CU005688,PR08,SU0048,CL001256,COP,2022-03-20,,Activa,84961,0.2338,CA05,DIGITAL_CORE
CU005689,PR03,SU0001,CL002460,MXN,2024-01-24,,Activa,0,0,CA01,DIGITAL_CORE
CU005690,PR05,SU0012,CL001592,CAD,2021-12-01,,Activa,108552,0.3582,CA05,DIGITAL_CORE
CU005691,PR10,SU0003,CL001339,MXN,2021-03-20,,Activa,13369,0.1185,CA05,CORE_B
CU005692,PR03,SU0008,CL000435,MXN,2025-02-17,,Activa,0,0.0091,CA01,DIGITAL_CORE
CU005693,PR18,SU0009,CL000676,MXN,2023-12-20,,Activa,0,0.0149,CA01,DIGITAL_CORE
CU005694,PR02,SU0031,CL002236,PEN,2019-10-23,,Activa,0,0.0138,CA05,DIGITAL_CORE
CU005695,PR18,SU0014,CL000055,CAD,2025-08-06,,Activa,0,0,CA03,CORE_B
CU005696,PR06,SU0004,CL002408,MXN,2022-09-05,,Activa,87181,0.3098,CA05,DIGITAL_CORE
CU005697,PR11,SU0024,CL003020,CLP,2024-09-27,,Activa,0,0.0018,CA03,DIGITAL_CORE
CU005698,PR18,SU0040,CL000126,PEN,2021-11-27,,Activa,0,0,CA01,CORE_B
CU005699,PR15,SU0018,CL003282,CAD,2020-09-06,,Activa,0,0.0646,CA05,DIGITAL_CORE
CU005700,PR16,SU0024,CL002881,CLP,2024-06-14,,Activa,0,0.0087,CA01,CORE_B
CU005701,PR16,SU0022,CL002829,CLP,2024-08-06,,Activa,0,0.0053,CA01,CORE_A
CU005702,PR01,SU0023,CL001503,CLP,2024-05-29,,Activa,0,0.0038,CA01,DIGITAL_CORE
CU005703,PR16,SU0022,CL002622,CLP,2023-03-06,,Activa,0,0.0062,CA01,DIGITAL_CORE
CU005704,PR10,SU0021,CL003503,CLP,2022-11-19,,Activa,22288,0.1022,CA05,CORE_B
CU005705,PR05,SU0026,CL002494,CLP,2022-12-29,,Activa,148244,0.3485,CA03,CORE_A
CU005706,PR04,SU0027,CL000896,CLP,2024-07-16,,Activa,0,0.0174,CA01,CORE_A
CU005707,PR06,SU0044,CL000525,COP,2024-11-15,,Activa,63356,0.3317,CA05,DIGITAL_CORE
CU005708,PR07,SU0049,CL002804,COP,2022-07-11,,Activa,118189,0.2919,CA01,CORE_B
CU005709,PR16,SU0016,CL001248,CAD,2021-06-08,,Activa,0,0.0164,CA02,CORE_A
CU005710,PR03,SU0025,CL002342,CLP,2020-06-06,,Activa,0,0.0213,CA05,DIGITAL_CORE
CU005711,PR06,SU0048,CL000674,COP,2022-01-22,,Activa,7643,0.32,CA05,CORE_A
CU005712,PR18,SU0004,CL001087,MXN,2022-04-09,,Activa,0,0,CA03,CORE_A
CU005713,PR04,SU0021,CL003662,CLP,2024-12-21,,Activa,0,0.0332,CA05,CORE_A
CU005714,PR06,SU0025,CL002825,CLP,2023-10-29,,Activa,143735,0.3419,CA01,DIGITAL_CORE
CU005715,PR03,SU0020,CL003631,CAD,2024-08-14,,Activa,0,0.0078,CA01,CORE_A
CU005716,PR05,SU0003,CL000003,MXN,2021-08-31,,Activa,67233,0.3477,CA01,CORE_A
CU005717,PR06,SU0022,CL002961,CLP,2024-04-12,,Activa,27100,0.3127,CA05,CORE_A
CU005718,PR07,SU0037,CL000070,PEN,2019-11-11,,Activa,31183,0.2659,CA01,CORE_B
CU005719,PR04,SU0028,CL004500,CLP,2024-06-08,,Activa,0,0.0197,CA01,DIGITAL_CORE
CU005720,PR18,SU0025,CL003866,CLP,2022-11-12,,Activa,0,0.0108,CA02,DIGITAL_CORE
CU005721,PR10,SU0036,CL002412,PEN,2022-04-18,,Activa,2273,0.1043,CA01,CORE_B
CU005722,PR02,SU0009,CL003523,MXN,2025-04-24,,Activa,0,0.0143,CA05,CORE_A
CU005723,PR15,SU0033,CL000966,PEN,2019-07-22,,Activa,0,0.0436,CA05,CORE_A
CU005724,PR07,SU0019,CL001545,CAD,2024-02-12,,Activa,22332,0.2881,CA05,CORE_A
CU005725,PR08,SU0038,CL001067,PEN,2022-11-20,,Activa,49900,0.2474,CA05,CORE_A
CU005726,PR06,SU0021,CL004204,CLP,2024-06-10,,Activa,16682,0.3147,CA05,CORE_A
CU005727,PR05,SU0030,CL001195,CLP,2025-01-04,,Activa,42186,0.3551,CA01,DIGITAL_CORE
CU005728,PR09,SU0034,CL003487,PEN,2024-12-06,,Activa,115548,0.1697,CA05,DIGITAL_CORE
CU005729,PR06,SU0044,CL003474,COP,2022-05-09,,Activa,58656,0.3371,CA02,CORE_B
CU005730,PR03,SU0018,CL000217,CAD,2022-08-08,,Activa,0,0,CA05,CORE_A
CU005731,PR18,SU0029,CL000648,CLP,2024-10-07,,Activa,0,0,CA01,DIGITAL_CORE
CU005732,PR03,SU0032,CL003950,PEN,2022-07-27,,Activa,0,0.0166,CA01,CORE_A
CU005733,PR13,SU0036,CL001574,PEN,2019-02-20,,Activa,5493969,0.1585,CA01,CORE_B
CU005734,PR15,SU0043,CL002521,COP,2024-03-31,,Activa,0,0.0424,CA05,CORE_A
CU005735,PR04,SU0026,CL002879,CLP,2022-09-11,,Activa,0,0.035,CA05,DIGITAL_CORE
CU005736,PR15,SU0006,CL000614,MXN,2025-02-21,,Activa,0,0.0557,CA05,CORE_A
CU005737,PR18,SU0006,CL000515,MXN,2022-09-06,,Activa,0,0.0123,CA05,DIGITAL_CORE
CU005738,PR06,SU0011,CL004139,CAD,2022-11-10,,Activa,63998,0.31,CA05,CORE_A
CU005739,PR13,SU0032,CL003922,PEN,2023-10-03,,Activa,322358,0.165,CA03,CORE_A
CU005740,PR16,SU0017,CL004231,CAD,2020-11-12,,Activa,0,0.0188,CA05,CORE_A
CU005741,PR18,SU0002,CL001065,MXN,2020-04-07,2021-07-03,Cerrada,0,0,CA03,DIGITAL_CORE
CU005742,PR15,SU0044,CL002784,COP,2024-12-31,,Activa,0,0.0329,CA02,CORE_B
CU005743,PR03,SU0033,CL004105,PEN,2022-07-24,,Activa,0,0.005,CA05,CORE_A
CU005744,PR14,SU0042,CL003555,COP,2024-12-12,,Activa,0,0.0089,CA05,CORE_B
CU005745,PR09,SU0009,CL000721,MXN,2019-08-01,,Activa,57403,0.1545,CA03,CORE_B
CU005746,PR10,SU0050,CL004284,COP,2024-02-08,,Bloqueada,20871,0.0869,CA05,DIGITAL_CORE
CU005747,PR02,SU0030,CL002246,CLP,2022-05-04,,Activa,0,0,CA01,CORE_A
CU005748,PR09,SU0015,CL000232,CAD,2024-11-09,,Activa,15398,0.1386,CA05,CORE_B
CU005749,PR05,SU0022,CL000572,CLP,2024-03-01,,Activa,16109,0.3543,CA05,CORE_A
CU005750,PR02,SU0013,CL002609,CAD,2023-01-25,,Activa,0,0,CA03,DIGITAL_CORE
CU005751,PR10,SU0039,CL003622,PEN,2022-11-02,,Activa,13972,0.0871,CA01,CORE_B
CU005752,PR04,SU0017,CL000313,CAD,2023-03-19,,Activa,0,0.031,CA05,CORE_A
CU005753,PR14,SU0039,CL000482,PEN,2025-03-04,,Bloqueada,0,0.005,CA03,CORE_B
CU005754,PR18,SU0009,CL001027,MXN,2024-04-27,,Activa,0,0,CA01,CORE_B
CU005755,PR15,SU0018,CL004019,CAD,2021-06-08,,Activa,0,0.0536,CA03,CORE_B
CU005756,PR07,SU0018,CL001684,CAD,2023-07-19,,Activa,11777,0.2971,CA02,CORE_A
CU005757,PR05,SU0039,CL002816,PEN,2024-11-11,,Activa,105199,0.3629,CA05,CORE_B
CU005758,PR12,SU0029,CL003429,CLP,2025-08-02,,Activa,4907926,0.1978,CA01,CORE_B
CU005759,PR04,SU0046,CL000341,COP,2025-05-01,,Activa,0,0.0352,CA05,DIGITAL_CORE
CU005760,PR04,SU0046,CL002760,COP,2022-04-15,,Activa,0,0.0257,CA01,CORE_A
CU005761,PR06,SU0046,CL002256,COP,2021-03-01,,Activa,80303,0.3361,CA05,CORE_A
CU005762,PR18,SU0029,CL000755,CLP,2021-03-08,2022-03-28,Cerrada,0,0,CA03,CORE_A
CU005763,PR02,SU0039,CL002473,PEN,2021-09-11,,Activa,0,0.0037,CA05,CORE_B
CU005764,PR15,SU0039,CL004326,PEN,2024-11-16,,Activa,0,0.0496,CA01,DIGITAL_CORE
CU005765,PR16,SU0009,CL001645,MXN,2023-08-12,,Activa,0,0.0094,CA01,CORE_A
CU005766,PR07,SU0028,CL000597,CLP,2020-04-20,,Activa,15294,0.2714,CA05,CORE_B
CU005767,PR18,SU0049,CL002813,COP,2025-09-21,,Activa,0,0,CA03,CORE_A
CU005768,PR03,SU0007,CL001778,MXN,2025-03-21,,Activa,0,0.0186,CA01,CORE_B
CU005769,PR18,SU0046,CL000942,COP,2019-04-04,,Activa,0,0,CA01,DIGITAL_CORE
CU005770,PR04,SU0047,CL000311,COP,2019-07-15,,Activa,0,0.0231,CA02,DIGITAL_CORE
CU005771,PR18,SU0001,CL003132,MXN,2022-03-14,,Activa,0,0.0074,CA01,CORE_A
CU005772,PR02,SU0012,CL002213,CAD,2023-09-11,2024-10-09,Cerrada,0,0.0007,CA01,CORE_B
CU005773,PR10,SU0019,CL003838,CAD,2023-05-09,,Activa,14862,0.0869,CA01,CORE_B
CU005774,PR04,SU0024,CL003780,CLP,2024-10-07,,Activa,0,0.043,CA05,CORE_B
CU005775,PR15,SU0004,CL003297,MXN,2021-07-06,,Activa,0,0.0342,CA01,CORE_A
CU005776,PR01,SU0043,CL002549,COP,2024-10-05,,Activa,0,0.0115,CA05,CORE_A
CU005777,PR07,SU0018,CL002289,CAD,2022-10-29,,Activa,109937,0.2674,CA02,CORE_B
CU005778,PR02,SU0019,CL001916,CAD,2021-09-22,,Activa,0,0.0049,CA05,CORE_B
CU005779,PR17,SU0006,CL002920,MXN,2024-03-08,,Activa,0,0,CA01,CORE_A
CU005780,PR18,SU0034,CL004454,PEN,2024-10-24,,Activa,0,0.003,CA01,CORE_B
CU005781,PR06,SU0025,CL002359,CLP,2021-07-31,,Activa,82807,0.3423,CA05,CORE_B
CU005782,PR03,SU0043,CL002933,COP,2023-11-26,,Activa,0,0.0277,CA03,CORE_A
CU005783,PR18,SU0005,CL000397,MXN,2021-08-21,2023-08-23,Cerrada,0,0.0089,CA01,DIGITAL_CORE
CU005784,PR09,SU0010,CL000190,MXN,2019-05-26,,Activa,4934,0.1493,CA01,CORE_A
CU005785,PR16,SU0027,CL003167,CLP,2020-07-31,,Activa,0,0.0066,CA01,CORE_B
CU005786,PR05,SU0049,CL001307,COP,2020-12-13,,Activa,51882,0.3789,CA01,CORE_B
CU005787,PR06,SU0018,CL003409,CAD,2023-02-15,,Activa,58255,0.3312,CA05,CORE_B
CU005788,PR08,SU0044,CL002837,COP,2023-10-29,,Activa,52911,0.227,CA01,CORE_A
CU005789,PR18,SU0019,CL004471,CAD,2023-03-02,,Activa,0,0.0015,CA01,DIGITAL_CORE
CU005790,PR09,SU0017,CL004107,CAD,2022-09-18,2024-09-29,Cerrada,345498,0.1448,CA05,CORE_B
CU005791,PR01,SU0043,CL004477,COP,2024-03-30,,Activa,0,0,CA05,CORE_B
CU005792,PR07,SU0045,CL002990,COP,2023-04-08,,Activa,22474,0.2879,CA01,CORE_B
CU005793,PR08,SU0031,CL000860,PEN,2023-05-24,,Activa,16123,0.2519,CA05,CORE_A
CU005794,PR02,SU0014,CL001342,CAD,2025-09-02,,Activa,0,0,CA01,DIGITAL_CORE
CU005795,PR18,SU0037,CL000169,PEN,2019-06-14,,Activa,0,0.0149,CA02,DIGITAL_CORE
CU005796,PR10,SU0011,CL003430,CAD,2023-07-23,,Activa,5109,0.114,CA01,CORE_A
CU005797,PR16,SU0009,CL000445,MXN,2022-04-25,,Activa,0,0,CA01,CORE_B
CU005798,PR17,SU0012,CL003367,CAD,2025-11-12,,Activa,0,0,CA05,DIGITAL_CORE
CU005799,PR16,SU0048,CL004433,COP,2020-03-04,,Activa,0,0.0144,CA01,DIGITAL_CORE
CU005800,PR18,SU0036,CL001255,PEN,2023-05-11,,Activa,0,0.0044,CA01,CORE_B
CU005801,PR02,SU0039,CL001434,PEN,2020-10-12,,Activa,0,0,CA02,CORE_A
CU005802,PR17,SU0025,CL003911,CLP,2025-11-02,,Activa,0,0.0097,CA05,CORE_A
CU005803,PR04,SU0002,CL002228,MXN,2022-11-27,,Activa,0,0.0167,CA05,CORE_B
CU005804,PR09,SU0002,CL000003,MXN,2022-01-07,,Activa,159186,0.1607,CA05,CORE_A
CU005805,PR18,SU0021,CL001111,CLP,2021-10-10,,Activa,0,0.0228,CA01,CORE_B
CU005806,PR02,SU0045,CL001432,COP,2024-10-20,,Activa,0,0,CA05,CORE_B
CU005807,PR11,SU0032,CL000410,PEN,2024-10-18,,Activa,0,0,CA01,CORE_A
CU005808,PR03,SU0048,CL001013,COP,2018-12-23,,Activa,0,0,CA01,CORE_A
CU005809,PR09,SU0006,CL002771,MXN,2024-10-23,,Activa,5055,0.1398,CA01,DIGITAL_CORE
CU005810,PR07,SU0012,CL000637,CAD,2024-04-09,,Activa,95693,0.2862,CA05,CORE_B
CU005811,PR17,SU0010,CL000511,MXN,2023-09-30,2024-08-14,Cerrada,0,0,CA01,DIGITAL_CORE
CU005812,PR14,SU0024,CL003053,CLP,2022-09-02,,Activa,0,0.0134,CA03,CORE_A
CU005813,PR16,SU0004,CL001766,MXN,2021-06-06,,Activa,0,0,CA03,CORE_A
CU005814,PR02,SU0004,CL003448,MXN,2024-03-07,,Activa,0,0.0079,CA05,DIGITAL_CORE
CU005815,PR16,SU0025,CL003866,CLP,2020-07-28,,Activa,0,0,CA02,DIGITAL_CORE
CU005816,PR18,SU0038,CL002526,PEN,2021-06-07,2023-04-09,Cerrada,0,0,CA05,CORE_A
CU005817,PR06,SU0004,CL001557,MXN,2022-05-29,2024-11-05,Cerrada,2560,0.3065,CA05,CORE_A
CU005818,PR06,SU0016,CL004414,CAD,2024-04-10,,Activa,54536,0.34,CA03,CORE_A
CU005819,PR15,SU0041,CL002747,COP,2024-08-15,,Activa,0,0.0569,CA01,CORE_A
CU005820,PR10,SU0044,CL004246,COP,2023-01-01,,Activa,45239,0.1173,CA05,DIGITAL_CORE
CU005821,PR01,SU0011,CL000810,CAD,2021-06-24,,Activa,0,0,CA05,CORE_B
CU005822,PR15,SU0049,CL002223,COP,2022-04-04,2024-01-26,Cerrada,0,0.0345,CA03,CORE_A
CU005823,PR02,SU0026,CL003534,CLP,2022-09-10,,Activa,0,0,CA01,DIGITAL_CORE
CU005824,PR16,SU0023,CL002798,CLP,2023-02-06,,Activa,0,0.0079,CA01,DIGITAL_CORE
CU005825,PR16,SU0034,CL003536,PEN,2023-08-08,,Activa,0,0,CA05,CORE_A
CU005826,PR18,SU0043,CL000365,COP,2023-09-12,,Activa,0,0,CA01,CORE_A
CU005827,PR09,SU0021,CL003990,CLP,2024-09-07,,Activa,26717,0.1734,CA01,DIGITAL_CORE
CU005828,PR08,SU0018,CL002382,CAD,2021-04-01,,Activa,11549,0.2565,CA01,DIGITAL_CORE
CU005829,PR10,SU0049,CL002524,COP,2024-10-27,,Activa,132421,0.1057,CA05,DIGITAL_CORE
CU005830,PR18,SU0004,CL000028,MXN,2023-01-08,,Activa,0,0.002,CA03,DIGITAL_CORE
CU005831,PR05,SU0038,CL003301,PEN,2025-04-18,,Activa,43097,0.3702,CA05,CORE_A
CU005832,PR18,SU0048,CL003829,COP,2022-05-17,,Activa,0,0.0041,CA01,DIGITAL_CORE
CU005833,PR16,SU0032,CL002568,PEN,2020-08-28,,Activa,0,0,CA01,CORE_A
CU005834,PR01,SU0020,CL004043,CAD,2024-10-08,,Activa,0,0,CA01,DIGITAL_CORE
CU005835,PR18,SU0046,CL002267,COP,2024-04-23,,Activa,0,0,CA01,DIGITAL_CORE
CU005836,PR02,SU0037,CL001143,PEN,2025-07-12,,Activa,0,0,CA05,CORE_A
CU005837,PR10,SU0028,CL000398,CLP,2022-07-28,2024-10-22,Cerrada,29854,0.1024,CA01,CORE_A
CU005838,PR18,SU0048,CL002868,COP,2020-05-19,,Activa,0,0.0015,CA02,CORE_B
CU005839,PR02,SU0006,CL001404,MXN,2025-08-21,,Activa,0,0.0154,CA05,DIGITAL_CORE
CU005840,PR03,SU0035,CL003766,PEN,2019-01-02,,Activa,0,0.0025,CA01,CORE_B
CU005841,PR04,SU0049,CL001340,COP,2022-12-31,,Activa,0,0.0188,CA01,CORE_B
CU005842,PR11,SU0031,CL002945,PEN,2024-07-28,,Activa,0,0,CA05,CORE_B
CU005843,PR06,SU0004,CL000671,MXN,2022-03-06,,Activa,18326,0.3427,CA05,CORE_B
CU005844,PR12,SU0012,CL002061,CAD,2022-04-16,,Activa,215452,0.1839,CA01,CORE_A
CU005845,PR18,SU0047,CL001582,COP,2025-05-12,,Activa,0,0.0008,CA02,CORE_A
CU005846,PR01,SU0036,CL000724,PEN,2021-04-20,,Activa,0,0,CA05,CORE_B
CU005847,PR08,SU0010,CL001526,MXN,2020-10-30,,Activa,13888,0.2301,CA01,CORE_A
CU005848,PR08,SU0031,CL001529,PEN,2023-08-09,,Activa,31025,0.2393,CA05,CORE_B
CU005849,PR18,SU0003,CL003830,MXN,2020-08-13,,Activa,0,0.0095,CA05,CORE_B
CU005850,PR15,SU0011,CL003703,CAD,2019-08-22,,Activa,0,0.0561,CA05,DIGITAL_CORE
CU005851,PR18,SU0007,CL002922,MXN,2024-10-28,,Activa,0,0.0194,CA02,DIGITAL_CORE
CU005852,PR09,SU0011,CL000713,CAD,2022-06-25,,Activa,84313,0.1431,CA02,DIGITAL_CORE
CU005853,PR09,SU0029,CL002961,CLP,2025-04-02,,Activa,34962,0.1585,CA05,CORE_B
CU005854,PR06,SU0025,CL001508,CLP,2020-05-01,,Activa,174955,0.3082,CA01,DIGITAL_CORE
CU005855,PR03,SU0024,CL002342,CLP,2023-10-04,,Activa,0,0.021,CA05,CORE_A
CU005856,PR01,SU0011,CL003441,CAD,2024-10-28,,Activa,0,0.0134,CA05,DIGITAL_CORE
CU005857,PR07,SU0016,CL001133,CAD,2025-10-28,,Activa,9546,0.2797,CA05,DIGITAL_CORE
CU005858,PR06,SU0020,CL003353,CAD,2020-04-18,,Activa,103971,0.3292,CA01,DIGITAL_CORE
CU005859,PR07,SU0020,CL000268,CAD,2025-06-05,,Bloqueada,13678,0.2696,CA05,CORE_A
CU005860,PR07,SU0028,CL003040,CLP,2023-02-08,,Activa,9185,0.2918,CA01,CORE_A
CU005861,PR18,SU0036,CL001324,PEN,2020-12-11,2023-01-14,Cerrada,0,0.0046,CA02,CORE_B
CU005862,PR06,SU0011,CL002742,CAD,2023-08-26,,Activa,30559,0.306,CA03,CORE_B
CU005863,PR18,SU0008,CL003272,MXN,2021-08-18,,Activa,0,0.0226,CA03,CORE_A
CU005864,PR08,SU0043,CL003060,COP,2022-12-16,,Activa,193942,0.2255,CA01,CORE_B
CU005865,PR18,SU0005,CL002238,MXN,2023-04-21,,Activa,0,0,CA03,CORE_B
CU005866,PR14,SU0043,CL004369,COP,2023-08-07,,Activa,0,0.0071,CA05,CORE_B
CU005867,PR10,SU0030,CL003716,CLP,2025-02-13,,Activa,13276,0.1111,CA05,CORE_B
CU005868,PR08,SU0030,CL003769,CLP,2025-01-13,,Activa,17842,0.2465,CA03,CORE_B
CU005869,PR02,SU0023,CL002458,CLP,2021-02-04,,Activa,0,0.018,CA02,CORE_A
CU005870,PR12,SU0041,CL002971,COP,2022-02-04,,Activa,550255,0.1789,CA02,DIGITAL_CORE
CU005871,PR09,SU0032,CL000096,PEN,2023-07-07,,Activa,13525,0.1511,CA02,DIGITAL_CORE
CU005872,PR18,SU0035,CL003011,PEN,2023-08-11,,Activa,0,0,CA02,CORE_B
CU005873,PR18,SU0013,CL003317,CAD,2021-11-17,,Activa,0,0.0101,CA02,DIGITAL_CORE
CU005874,PR06,SU0048,CL003718,COP,2021-06-04,,Activa,13214,0.3228,CA01,CORE_B
CU005875,PR06,SU0029,CL001427,CLP,2021-05-31,,Activa,133481,0.3434,CA01,CORE_A
CU005876,PR07,SU0014,CL002728,CAD,2025-10-28,,Activa,24512,0.294,CA02,CORE_B
CU005877,PR15,SU0024,CL002172,CLP,2019-11-29,,Activa,0,0.036,CA01,DIGITAL_CORE
CU005878,PR02,SU0029,CL002103,CLP,2019-06-19,,Activa,0,0.0062,CA05,CORE_B
CU005879,PR11,SU0028,CL002098,CLP,2020-07-05,,Activa,0,0.0143,CA01,CORE_A
CU005880,PR05,SU0003,CL004089,MXN,2023-03-14,,Activa,7148,0.3599,CA05,CORE_B
CU005881,PR15,SU0045,CL004271,COP,2025-08-29,,Activa,0,0.0453,CA05,DIGITAL_CORE
CU005882,PR18,SU0049,CL002673,COP,2021-09-27,,Activa,0,0,CA03,CORE_B
CU005883,PR13,SU0045,CL002555,COP,2024-01-10,,Activa,1710659,0.1409,CA01,CORE_A
CU005884,PR04,SU0049,CL003611,COP,2023-01-03,,Activa,0,0.0402,CA03,CORE_B
CU005885,PR04,SU0030,CL003040,CLP,2025-04-14,,Activa,0,0.0223,CA05,CORE_B
CU005886,PR04,SU0049,CL003951,COP,2024-04-10,,Activa,0,0.0307,CA01,DIGITAL_CORE
CU005887,PR10,SU0002,CL002577,MXN,2020-03-20,,Activa,16041,0.0936,CA05,CORE_A
CU005888,PR05,SU0033,CL002530,PEN,2020-08-29,,Activa,135842,0.369,CA02,DIGITAL_CORE
CU005889,PR16,SU0009,CL003169,MXN,2022-02-08,,Bloqueada,0,0.0086,CA05,CORE_A
CU005890,PR18,SU0044,CL004445,COP,2021-01-02,,Activa,0,0.0167,CA05,CORE_A
CU005891,PR18,SU0002,CL002343,MXN,2021-03-08,,Bloqueada,0,0,CA02,CORE_B
CU005892,PR04,SU0017,CL003484,CAD,2025-08-25,,Activa,0,0.049,CA05,CORE_A
CU005893,PR11,SU0012,CL003342,CAD,2023-12-05,,Activa,0,0.0046,CA01,CORE_B
CU005894,PR15,SU0043,CL000800,COP,2023-03-28,,Activa,0,0.0256,CA01,DIGITAL_CORE
CU005895,PR10,SU0021,CL004121,CLP,2021-10-18,,Activa,28155,0.114,CA01,CORE_A
CU005896,PR05,SU0040,CL001109,PEN,2023-10-19,2025-12-15,Cerrada,9133,0.3467,CA01,CORE_A
CU005897,PR05,SU0046,CL000280,COP,2023-07-12,,Activa,28227,0.3765,CA01,CORE_B
CU005898,PR07,SU0032,CL003607,PEN,2023-06-09,,Activa,8102,0.2672,CA01,DIGITAL_CORE
CU005899,PR01,SU0037,CL003897,PEN,2022-06-21,,Activa,0,0,CA01,DIGITAL_CORE
CU005900,PR11,SU0017,CL004344,CAD,2023-08-01,,Activa,0,0.0019,CA01,CORE_A
CU005901,PR07,SU0005,CL003654,MXN,2024-11-22,,Activa,10503,0.274,CA01,CORE_A
CU005902,PR09,SU0024,CL001476,CLP,2023-06-17,,Activa,64721,0.1708,CA01,CORE_B
CU005903,PR03,SU0021,CL000337,CLP,2020-11-03,,Activa,0,0.0016,CA03,DIGITAL_CORE
CU005904,PR02,SU0040,CL001913,PEN,2025-10-13,,Activa,0,0.0169,CA05,DIGITAL_CORE
CU005905,PR04,SU0029,CL001508,CLP,2022-04-23,,Activa,0,0.0194,CA01,CORE_B
CU005906,PR08,SU0046,CL003274,COP,2019-04-28,,Activa,64701,0.2628,CA01,CORE_A
CU005907,PR12,SU0036,CL004363,PEN,2024-07-12,,Activa,534842,0.17,CA02,CORE_A
CU005908,PR12,SU0004,CL002442,MXN,2025-05-30,,Activa,4125833,0.2047,CA05,CORE_A
CU005909,PR04,SU0028,CL000575,CLP,2023-09-29,,Activa,0,0.0295,CA01,CORE_B
CU005910,PR02,SU0030,CL000597,CLP,2024-08-07,2025-01-05,Cerrada,0,0.0147,CA05,CORE_B
CU005911,PR07,SU0002,CL001750,MXN,2018-12-22,,Activa,98770,0.2816,CA01,DIGITAL_CORE
CU005912,PR01,SU0005,CL003272,MXN,2023-09-05,,Activa,0,0,CA03,DIGITAL_CORE
CU005913,PR17,SU0044,CL002396,COP,2019-06-20,,Activa,0,0,CA05,CORE_A
CU005914,PR18,SU0018,CL002269,CAD,2020-02-05,,Activa,0,0,CA03,CORE_B
CU005915,PR01,SU0031,CL003359,PEN,2021-09-04,,Activa,0,0,CA05,CORE_B
CU005916,PR01,SU0047,CL001563,COP,2025-04-16,,Activa,0,0.0122,CA05,CORE_B
CU005917,PR01,SU0027,CL002437,CLP,2023-08-14,,Activa,0,0,CA05,DIGITAL_CORE
CU005918,PR18,SU0010,CL000938,MXN,2021-01-11,,Activa,0,0,CA02,CORE_B
CU005919,PR07,SU0023,CL000449,CLP,2021-02-14,,Activa,392291,0.2927,CA05,CORE_B
CU005920,PR15,SU0040,CL002633,PEN,2023-08-11,,Activa,0,0.0372,CA01,DIGITAL_CORE
CU005921,PR05,SU0036,CL002863,PEN,2023-02-25,,Activa,37443,0.3675,CA01,CORE_A
CU005922,PR06,SU0050,CL002133,COP,2023-02-16,,Activa,15207,0.3208,CA01,CORE_A
CU005923,PR01,SU0027,CL000861,CLP,2018-11-30,,Activa,0,0.0093,CA05,CORE_B
CU005924,PR15,SU0038,CL003343,PEN,2021-05-13,,Activa,0,0.0531,CA05,CORE_B
CU005925,PR15,SU0018,CL001651,CAD,2021-08-12,2023-08-22,Cerrada,0,0.0511,CA03,CORE_A
CU005926,PR01,SU0021,CL003961,CLP,2024-03-05,,Activa,0,0.0173,CA01,CORE_B
CU005927,PR16,SU0029,CL003996,CLP,2021-02-16,,Activa,0,0.0077,CA01,CORE_B
CU005928,PR18,SU0019,CL000581,CAD,2025-09-30,,Activa,0,0,CA01,CORE_A
CU005929,PR08,SU0007,CL002902,MXN,2024-02-13,,Activa,128477,0.2269,CA02,DIGITAL_CORE
CU005930,PR16,SU0003,CL001066,MXN,2022-11-27,,Activa,0,0.0028,CA02,DIGITAL_CORE
CU005931,PR13,SU0015,CL001909,CAD,2024-07-21,,Activa,274429,0.1392,CA05,CORE_B
CU005932,PR18,SU0005,CL002434,MXN,2021-07-08,,Activa,0,0.0212,CA05,CORE_A
CU005933,PR18,SU0039,CL003196,PEN,2024-10-20,,Activa,0,0.0058,CA03,DIGITAL_CORE
CU005934,PR18,SU0001,CL004273,MXN,2021-11-08,,Activa,0,0.0127,CA02,DIGITAL_CORE
CU005935,PR10,SU0011,CL000816,CAD,2023-03-23,,Activa,36335,0.1197,CA05,CORE_B
CU005936,PR18,SU0005,CL001886,MXN,2022-11-18,,Activa,0,0,CA05,DIGITAL_CORE
CU005937,PR08,SU0008,CL000836,MXN,2019-12-02,,Activa,25573,0.2277,CA02,CORE_A
CU005938,PR03,SU0050,CL004014,COP,2025-08-12,,Activa,0,0.0181,CA05,DIGITAL_CORE
CU005939,PR04,SU0008,CL003296,MXN,2022-10-27,,Activa,0,0.0447,CA01,DIGITAL_CORE
CU005940,PR03,SU0046,CL003580,COP,2020-09-21,,Activa,0,0.0064,CA01,CORE_A
CU005941,PR08,SU0025,CL001850,CLP,2021-09-21,,Activa,134785,0.2621,CA01,DIGITAL_CORE
CU005942,PR06,SU0022,CL001623,CLP,2019-03-20,,Activa,35324,0.31,CA05,DIGITAL_CORE
CU005943,PR07,SU0004,CL000259,MXN,2019-05-07,,Activa,126437,0.3003,CA05,CORE_B
CU005944,PR14,SU0001,CL003346,MXN,2022-09-26,,Activa,0,0.0068,CA05,CORE_B
CU005945,PR10,SU0023,CL003227,CLP,2024-01-22,,Activa,4283,0.1117,CA05,DIGITAL_CORE
CU005946,PR15,SU0001,CL000192,MXN,2020-04-08,,Activa,0,0.0337,CA01,CORE_A
CU005947,PR16,SU0032,CL002226,PEN,2019-06-20,,Activa,0,0.0047,CA05,CORE_B
CU005948,PR15,SU0016,CL002242,CAD,2023-01-19,,Activa,0,0.0327,CA01,CORE_A
CU005949,PR07,SU0050,CL003396,COP,2023-07-10,,Activa,2483,0.3044,CA05,DIGITAL_CORE
CU005950,PR18,SU0022,CL002352,CLP,2020-09-20,,Activa,0,0.0009,CA03,CORE_B
CU005951,PR09,SU0028,CL000338,CLP,2023-09-30,,Activa,362218,0.1369,CA01,CORE_A
CU005952,PR10,SU0014,CL000379,CAD,2020-12-17,,Activa,14638,0.1003,CA01,CORE_B
CU005953,PR15,SU0039,CL002034,PEN,2023-04-23,,Activa,0,0.0289,CA05,CORE_A
CU005954,PR18,SU0033,CL004141,PEN,2024-12-11,,Activa,0,0,CA01,CORE_A
CU005955,PR10,SU0002,CL004479,MXN,2023-07-29,,Activa,126255,0.115,CA03,DIGITAL_CORE
CU005956,PR07,SU0039,CL003354,PEN,2025-01-16,,Activa,46184,0.2999,CA02,CORE_A
CU005957,PR03,SU0017,CL002972,CAD,2024-09-01,,Activa,0,0,CA01,CORE_A
CU005958,PR10,SU0009,CL002550,MXN,2024-11-25,,Activa,165751,0.1249,CA05,CORE_B
CU005959,PR16,SU0040,CL001604,PEN,2022-10-31,,Activa,0,0,CA01,CORE_A
CU005960,PR07,SU0023,CL001732,CLP,2025-02-15,,Activa,20807,0.2852,CA01,CORE_A
CU005961,PR04,SU0006,CL001236,MXN,2021-08-15,,Activa,0,0.0534,CA05,CORE_B
CU005962,PR10,SU0010,CL002338,MXN,2024-11-15,,Activa,11093,0.1247,CA02,CORE_B
CU005963,PR06,SU0014,CL002242,CAD,2023-10-03,,Activa,551502,0.3193,CA05,CORE_B
CU005964,PR13,SU0039,CL004221,PEN,2024-01-26,,Activa,2377867,0.1382,CA05,DIGITAL_CORE
CU005965,PR11,SU0043,CL002765,COP,2025-04-22,,Activa,0,0,CA05,CORE_B
CU005966,PR05,SU0043,CL003818,COP,2025-05-05,,Activa,55241,0.3482,CA05,CORE_B
CU005967,PR09,SU0026,CL002936,CLP,2022-03-01,,Activa,82753,0.142,CA01,CORE_B
CU005968,PR16,SU0003,CL000838,MXN,2021-02-02,,Activa,0,0.0125,CA05,DIGITAL_CORE
CU005969,PR05,SU0027,CL000255,CLP,2025-03-09,,Activa,5546,0.3475,CA01,CORE_B
CU005970,PR17,SU0005,CL003504,MXN,2024-12-25,,Activa,0,0,CA01,DIGITAL_CORE
CU005971,PR03,SU0022,CL000843,CLP,2023-09-12,,Activa,0,0.0048,CA01,CORE_A
CU005972,PR10,SU0036,CL003324,PEN,2022-07-14,,Activa,22606,0.1065,CA05,CORE_B
CU005973,PR18,SU0035,CL000967,PEN,2024-03-29,,Activa,0,0,CA02,CORE_A
CU005974,PR18,SU0017,CL001597,CAD,2025-06-15,,Activa,0,0,CA03,DIGITAL_CORE
CU005975,PR08,SU0024,CL000730,CLP,2022-12-29,,Activa,2853,0.2254,CA05,CORE_B
CU005976,PR06,SU0019,CL000390,CAD,2020-03-14,,Activa,5080,0.3088,CA03,DIGITAL_CORE
CU005977,PR07,SU0049,CL004008,COP,2024-04-20,,Activa,340295,0.3015,CA01,CORE_A
CU005978,PR04,SU0043,CL002387,COP,2025-10-31,,Activa,0,0.0375,CA03,DIGITAL_CORE
CU005979,PR05,SU0021,CL002380,CLP,2023-06-18,,Activa,437296,0.3492,CA05,CORE_A
CU005980,PR09,SU0034,CL000516,PEN,2025-08-14,,Activa,28111,0.1527,CA01,CORE_B
CU005981,PR14,SU0030,CL002591,CLP,2023-08-21,,Activa,0,0,CA01,CORE_B
CU005982,PR06,SU0021,CL001825,CLP,2025-03-14,,Activa,11718,0.3224,CA05,CORE_A
CU005983,PR18,SU0040,CL004268,PEN,2023-02-11,,Activa,0,0.0184,CA05,DIGITAL_CORE
CU005984,PR04,SU0040,CL003702,PEN,2020-02-29,,Activa,0,0.0456,CA03,DIGITAL_CORE
CU005985,PR18,SU0046,CL001582,COP,2024-11-29,,Activa,0,0.0192,CA03,CORE_B
CU005986,PR15,SU0016,CL003273,CAD,2022-02-19,,Activa,0,0.0279,CA02,CORE_A
CU005987,PR04,SU0026,CL003201,CLP,2022-04-08,,Activa,0,0.0264,CA02,CORE_A
CU005988,PR04,SU0007,CL000101,MXN,2022-09-25,,Activa,0,0.0427,CA05,CORE_A
CU005989,PR07,SU0043,CL000453,COP,2023-03-02,,Activa,72217,0.2879,CA01,CORE_B
CU005990,PR13,SU0039,CL002721,PEN,2024-10-22,,Activa,598466,0.16,CA05,CORE_B
CU005991,PR06,SU0007,CL003956,MXN,2024-02-04,,Activa,44414,0.3292,CA05,CORE_B
CU005992,PR18,SU0040,CL003244,PEN,2023-08-13,,Activa,0,0.006,CA05,CORE_A
CU005993,PR02,SU0005,CL001482,MXN,2023-02-17,,Activa,0,0.0136,CA01,DIGITAL_CORE
CU005994,PR05,SU0041,CL002243,COP,2023-01-01,,Activa,147443,0.3736,CA01,CORE_B
CU005995,PR15,SU0007,CL001160,MXN,2025-05-13,,Activa,0,0.0437,CA05,CORE_A
CU005996,PR04,SU0003,CL000774,MXN,2025-06-04,,Activa,0,0.0314,CA05,CORE_B
CU005997,PR18,SU0027,CL003270,CLP,2023-10-26,,Activa,0,0,CA02,CORE_A
CU005998,PR10,SU0039,CL002225,PEN,2021-07-10,,Activa,90525,0.1241,CA05,CORE_B
CU005999,PR14,SU0031,CL004406,PEN,2019-02-09,2019-07-31,Cerrada,0,0.0147,CA01,DIGITAL_CORE
CU006000,PR18,SU0039,CL002023,PEN,2024-06-24,,Activa,0,0.0062,CA05,CORE_B
CU006001,PR18,SU0006,CL002186,MXN,2023-06-28,,Activa,0,0.0111,CA01,CORE_A
CU006002,PR18,SU0037,CL002833,PEN,2023-07-21,,Activa,0,0.0185,CA03,CORE_A
CU006003,PR15,SU0049,CL002559,COP,2022-11-07,,Activa,0,0.0269,CA02,DIGITAL_CORE
CU006004,PR11,SU0008,CL000413,MXN,2023-10-14,,Activa,0,0.0107,CA01,CORE_B
CU006005,PR09,SU0042,CL002649,COP,2023-08-07,2023-12-12,Cerrada,26381,0.1675,CA05,DIGITAL_CORE
CU006006,PR02,SU0040,CL004313,PEN,2022-06-20,,Activa,0,0.0176,CA01,CORE_A
CU006007,PR10,SU0048,CL003230,COP,2024-04-10,,Activa,12780,0.1169,CA01,DIGITAL_CORE
CU006008,PR02,SU0030,CL000306,CLP,2025-09-07,,Activa,0,0,CA05,CORE_A
CU006009,PR18,SU0026,CL004116,CLP,2022-10-15,,Activa,0,0.0145,CA03,DIGITAL_CORE
CU006010,PR06,SU0040,CL001052,PEN,2023-11-06,,Activa,61138,0.313,CA02,DIGITAL_CORE
CU006011,PR01,SU0024,CL003705,CLP,2024-03-23,,Activa,0,0.0004,CA03,DIGITAL_CORE
CU006012,PR09,SU0023,CL002437,CLP,2021-01-15,,Activa,9936,0.1638,CA05,CORE_A
CU006013,PR16,SU0040,CL003660,PEN,2021-12-26,2024-05-01,Cerrada,0,0.0117,CA02,CORE_A
CU006014,PR09,SU0005,CL000454,MXN,2024-05-05,,Activa,14525,0.1421,CA01,CORE_B
CU006015,PR02,SU0043,CL003900,COP,2021-03-28,2022-06-28,Cerrada,0,0.0195,CA05,DIGITAL_CORE
CU006016,PR08,SU0041,CL003511,COP,2025-09-05,,Activa,101060,0.2491,CA02,DIGITAL_CORE
CU006017,PR16,SU0040,CL000345,PEN,2025-04-23,,Activa,0,0,CA05,DIGITAL_CORE
CU006018,PR10,SU0041,CL002152,COP,2024-09-17,,Activa,12167,0.1004,CA02,DIGITAL_CORE
CU006019,PR16,SU0020,CL003409,CAD,2019-05-02,,Activa,0,0,CA01,CORE_B
CU006020,PR03,SU0033,CL002968,PEN,2025-09-22,,Activa,0,0.0109,CA05,DIGITAL_CORE
CU006021,PR14,SU0019,CL001634,CAD,2022-04-29,,Activa,0,0.0184,CA02,CORE_A
CU006022,PR02,SU0005,CL004365,MXN,2024-10-11,,Activa,0,0,CA03,DIGITAL_CORE
CU006023,PR09,SU0022,CL000524,CLP,2022-11-15,,Activa,23579,0.169,CA05,CORE_B
CU006024,PR05,SU0001,CL003966,MXN,2019-07-29,,Activa,21305,0.3841,CA05,CORE_A
CU006025,PR02,SU0044,CL000552,COP,2019-12-19,,Activa,0,0.0029,CA05,CORE_A
CU006026,PR03,SU0038,CL004114,PEN,2021-02-18,,Activa,0,0,CA01,DIGITAL_CORE
CU006027,PR03,SU0002,CL003668,MXN,2024-01-30,,Activa,0,0.0122,CA03,CORE_B
CU006028,PR03,SU0043,CL000976,COP,2024-01-07,,Activa,0,0.0019,CA05,CORE_B
CU006029,PR14,SU0022,CL004205,CLP,2025-11-12,,Activa,0,0,CA01,CORE_A
CU006030,PR14,SU0049,CL003312,COP,2022-11-15,,Activa,0,0.0076,CA03,DIGITAL_CORE
CU006031,PR10,SU0049,CL001483,COP,2022-09-06,,Activa,158221,0.1108,CA05,CORE_B
CU006032,PR09,SU0009,CL004270,MXN,2025-04-27,,Activa,70068,0.1365,CA05,CORE_A
CU006033,PR18,SU0038,CL001471,PEN,2024-08-16,,Activa,0,0.0219,CA05,CORE_A
CU006034,PR06,SU0043,CL002496,COP,2022-05-30,,Activa,22979,0.3144,CA05,CORE_A
CU006035,PR14,SU0043,CL002611,COP,2023-07-13,,Activa,0,0.0154,CA05,DIGITAL_CORE
CU006036,PR02,SU0034,CL004313,PEN,2024-06-06,,Activa,0,0.0008,CA01,DIGITAL_CORE
CU006037,PR10,SU0040,CL001546,PEN,2023-04-23,,Activa,20378,0.124,CA01,DIGITAL_CORE
CU006038,PR16,SU0003,CL003297,MXN,2019-09-14,,Activa,0,0.0004,CA01,DIGITAL_CORE
CU006039,PR16,SU0014,CL002537,CAD,2025-06-14,,Activa,0,0.0018,CA05,CORE_B
CU006040,PR02,SU0025,CL002281,CLP,2021-07-21,,Activa,0,0.0191,CA01,CORE_A
CU006041,PR08,SU0041,CL002371,COP,2023-10-21,,Activa,29449,0.2447,CA01,CORE_A
CU006042,PR05,SU0038,CL001982,PEN,2024-08-16,,Activa,22233,0.3742,CA03,CORE_B
CU006043,PR10,SU0008,CL000233,MXN,2025-03-31,,Activa,5620,0.1006,CA02,CORE_A
CU006044,PR06,SU0012,CL003896,CAD,2021-06-23,,Activa,6909,0.3059,CA02,CORE_B
CU006045,PR18,SU0027,CL000420,CLP,2022-12-19,,Activa,0,0.0003,CA01,CORE_A
CU006046,PR03,SU0038,CL000983,PEN,2019-11-25,,Activa,0,0.0252,CA02,CORE_A
CU006047,PR07,SU0049,CL004381,COP,2019-08-28,,Activa,60145,0.2976,CA05,DIGITAL_CORE
CU006048,PR01,SU0043,CL004266,COP,2024-05-05,,Activa,0,0.0186,CA05,CORE_A
CU006049,PR11,SU0031,CL001010,PEN,2023-04-01,,Activa,0,0.0125,CA05,DIGITAL_CORE
CU006050,PR16,SU0029,CL001075,CLP,2024-02-01,,Activa,0,0,CA05,CORE_A
CU006051,PR18,SU0046,CL003670,COP,2023-11-18,,Activa,0,0.0085,CA05,CORE_B
CU006052,PR15,SU0038,CL002412,PEN,2023-06-10,,Activa,0,0.0281,CA01,CORE_A
CU006053,PR02,SU0025,CL002356,CLP,2024-06-23,,Activa,0,0.01,CA01,CORE_A
CU006054,PR01,SU0025,CL003775,CLP,2024-10-23,,Activa,0,0,CA01,DIGITAL_CORE
CU006055,PR08,SU0048,CL001499,COP,2021-11-28,,Activa,41638,0.2403,CA05,CORE_B
CU006056,PR03,SU0045,CL002430,COP,2019-04-30,,Activa,0,0.0086,CA05,CORE_B
CU006057,PR18,SU0015,CL001867,CAD,2025-07-17,,Activa,0,0,CA02,CORE_A
CU006058,PR07,SU0033,CL004237,PEN,2019-08-03,,Activa,107599,0.2682,CA03,DIGITAL_CORE
CU006059,PR06,SU0044,CL000608,COP,2019-10-19,,Activa,149135,0.3109,CA03,CORE_A
CU006060,PR15,SU0027,CL000892,CLP,2021-12-03,,Activa,0,0.0265,CA03,DIGITAL_CORE
CU006061,PR09,SU0016,CL000908,CAD,2023-08-06,,Activa,279743,0.1524,CA05,CORE_B
CU006062,PR13,SU0015,CL001981,CAD,2019-12-19,,Activa,451176,0.1287,CA01,CORE_B
CU006063,PR04,SU0041,CL000595,COP,2022-08-01,,Activa,0,0.0379,CA01,CORE_A
CU006064,PR09,SU0037,CL004268,PEN,2025-11-11,,Activa,7957,0.1377,CA01,CORE_A
CU006065,PR15,SU0034,CL003073,PEN,2023-05-16,,Activa,0,0.0398,CA05,DIGITAL_CORE
CU006066,PR10,SU0025,CL003591,CLP,2025-05-13,,Activa,26614,0.1218,CA05,CORE_A
CU006067,PR16,SU0041,CL000536,COP,2021-07-06,,Activa,0,0,CA01,DIGITAL_CORE
CU006068,PR18,SU0048,CL000579,COP,2022-02-22,,Activa,0,0,CA01,CORE_B
CU006069,PR03,SU0014,CL000142,CAD,2024-07-29,,Activa,0,0.0087,CA03,DIGITAL_CORE
CU006070,PR04,SU0019,CL000847,CAD,2022-12-06,,Activa,0,0.043,CA01,CORE_B
CU006071,PR05,SU0038,CL000857,PEN,2022-10-10,,Activa,15778,0.3485,CA05,DIGITAL_CORE
CU006072,PR05,SU0047,CL001629,COP,2021-12-11,,Activa,117046,0.3512,CA03,CORE_B
CU006073,PR04,SU0038,CL003102,PEN,2024-03-01,,Activa,0,0.0352,CA05,CORE_A
CU006074,PR13,SU0007,CL001551,MXN,2025-03-26,,Activa,341889,0.1629,CA05,DIGITAL_CORE
CU006075,PR10,SU0028,CL000417,CLP,2022-08-03,,Activa,33721,0.1167,CA05,DIGITAL_CORE
CU006076,PR18,SU0003,CL000465,MXN,2021-06-29,,Activa,0,0.0182,CA03,DIGITAL_CORE
CU006077,PR12,SU0018,CL004496,CAD,2022-01-24,,Activa,515209,0.1979,CA01,CORE_B
CU006078,PR06,SU0046,CL000361,COP,2023-04-19,,Activa,100963,0.3147,CA01,CORE_B
CU006079,PR15,SU0050,CL001819,COP,2025-11-12,,Activa,0,0.0416,CA03,CORE_A
CU006080,PR04,SU0005,CL001000,MXN,2025-01-06,,Activa,0,0.025,CA01,DIGITAL_CORE
CU006081,PR04,SU0030,CL004033,CLP,2019-05-30,,Activa,0,0.0229,CA01,CORE_A
CU006082,PR14,SU0011,CL003224,CAD,2020-11-28,,Activa,0,0.0147,CA01,CORE_A
CU006083,PR02,SU0018,CL004107,CAD,2024-09-24,,Activa,0,0,CA01,DIGITAL_CORE
CU006084,PR02,SU0031,CL004267,PEN,2021-01-21,,Activa,0,0.0001,CA02,DIGITAL_CORE
CU006085,PR02,SU0025,CL001117,CLP,2020-03-18,,Activa,0,0.0057,CA01,CORE_B
CU006086,PR06,SU0014,CL004351,CAD,2022-08-25,,Activa,31025,0.3102,CA05,DIGITAL_CORE
CU006087,PR12,SU0022,CL004186,CLP,2022-10-27,,Activa,3760512,0.1662,CA02,DIGITAL_CORE
CU006088,PR15,SU0007,CL004202,MXN,2024-09-12,,Activa,0,0.0431,CA02,CORE_A
CU006089,PR07,SU0040,CL004200,PEN,2025-06-29,,Activa,299057,0.287,CA05,CORE_A
CU006090,PR14,SU0024,CL000175,CLP,2020-01-21,,Activa,0,0,CA01,CORE_B
CU006091,PR05,SU0038,CL004438,PEN,2021-11-03,,Activa,4171,0.3674,CA01,DIGITAL_CORE
CU006092,PR06,SU0027,CL001735,CLP,2025-08-03,,Activa,33756,0.3304,CA05,CORE_B
CU006093,PR18,SU0039,CL000212,PEN,2025-04-17,,Activa,0,0,CA05,CORE_B
CU006094,PR18,SU0030,CL001175,CLP,2025-10-27,,Activa,0,0.0149,CA05,CORE_B
CU006095,PR10,SU0031,CL001561,PEN,2025-03-15,,Activa,10567,0.1199,CA03,CORE_A
CU006096,PR06,SU0008,CL002896,MXN,2023-04-13,,Activa,4804,0.3138,CA05,CORE_A
CU006097,PR16,SU0013,CL000816,CAD,2021-09-16,,Activa,0,0,CA05,DIGITAL_CORE
CU006098,PR05,SU0011,CL003542,CAD,2025-06-13,,Activa,36545,0.3508,CA05,CORE_B
CU006099,PR03,SU0015,CL001592,CAD,2023-02-12,,Activa,0,0.021,CA01,CORE_B
CU006100,PR07,SU0036,CL001370,PEN,2022-04-30,,Activa,139428,0.3018,CA02,DIGITAL_CORE
CU006101,PR04,SU0026,CL001213,CLP,2024-06-16,,Activa,0,0.0299,CA01,CORE_A
CU006102,PR08,SU0022,CL000332,CLP,2023-06-30,,Activa,97740,0.2464,CA01,CORE_B
CU006103,PR04,SU0021,CL000902,CLP,2024-04-06,,Activa,0,0.0353,CA03,DIGITAL_CORE
CU006104,PR15,SU0018,CL001056,CAD,2021-09-30,,Activa,0,0.0339,CA05,DIGITAL_CORE
CU006105,PR03,SU0003,CL003725,MXN,2022-05-29,,Bloqueada,0,0.0115,CA05,CORE_A
CU006106,PR10,SU0027,CL000141,CLP,2022-06-23,,Activa,6683,0.1077,CA01,CORE_A
CU006107,PR01,SU0034,CL002513,PEN,2023-10-04,,Activa,0,0.0148,CA01,CORE_A
CU006108,PR16,SU0015,CL001235,CAD,2021-12-15,2022-12-22,Cerrada,0,0.0083,CA01,CORE_B
CU006109,PR15,SU0036,CL003335,PEN,2025-08-10,,Activa,0,0.0587,CA05,DIGITAL_CORE
CU006110,PR06,SU0028,CL000565,CLP,2024-06-20,,Activa,5156,0.3305,CA05,CORE_A
CU006111,PR15,SU0017,CL001281,CAD,2024-05-12,,Activa,0,0.062,CA01,DIGITAL_CORE
CU006112,PR01,SU0043,CL001983,COP,2024-09-11,,Activa,0,0.002,CA05,DIGITAL_CORE
CU006113,PR01,SU0049,CL001621,COP,2025-05-13,,Activa,0,0.0208,CA02,DIGITAL_CORE
CU006114,PR04,SU0019,CL004385,CAD,2022-10-22,,Activa,0,0.0299,CA01,DIGITAL_CORE
CU006115,PR09,SU0004,CL002227,MXN,2021-03-16,,Activa,22270,0.1475,CA05,CORE_B
CU006116,PR02,SU0037,CL000029,PEN,2020-12-17,,Activa,0,0,CA01,CORE_A
CU006117,PR16,SU0050,CL004153,COP,2022-09-23,,Activa,0,0,CA01,CORE_A
CU006118,PR17,SU0049,CL000328,COP,2020-10-23,,Bloqueada,0,0,CA05,DIGITAL_CORE
CU006119,PR05,SU0031,CL000456,PEN,2022-01-20,,Activa,22559,0.3528,CA02,CORE_B
CU006120,PR07,SU0005,CL004348,MXN,2022-08-05,,Activa,17477,0.2816,CA05,CORE_B
CU006121,PR06,SU0006,CL003476,MXN,2022-01-18,,Activa,9922,0.3083,CA03,DIGITAL_CORE
CU006122,PR16,SU0037,CL002397,PEN,2025-03-01,,Activa,0,0.0075,CA03,CORE_B
CU006123,PR01,SU0013,CL000637,CAD,2023-03-15,,Activa,0,0.0025,CA01,CORE_A
CU006124,PR17,SU0007,CL001551,MXN,2025-05-28,,Activa,0,0.0026,CA05,CORE_A
CU006125,PR08,SU0010,CL000485,MXN,2021-01-03,,Activa,10188,0.2617,CA02,CORE_A
CU006126,PR18,SU0040,CL002530,PEN,2025-11-18,,Activa,0,0.0155,CA05,DIGITAL_CORE
CU006127,PR04,SU0043,CL002990,COP,2021-12-10,,Activa,0,0.0185,CA01,CORE_B
CU006128,PR09,SU0032,CL001529,PEN,2021-11-26,,Activa,113964,0.1572,CA01,CORE_A
CU006129,PR16,SU0007,CL004148,MXN,2024-06-29,,Activa,0,0.009,CA01,DIGITAL_CORE
CU006130,PR07,SU0007,CL000838,MXN,2020-03-06,,Activa,6635,0.2863,CA01,DIGITAL_CORE
CU006131,PR08,SU0039,CL002388,PEN,2019-04-04,,Activa,21374,0.2417,CA01,CORE_A
CU006132,PR14,SU0033,CL001010,PEN,2023-04-15,,Activa,0,0.018,CA01,CORE_A
CU006133,PR16,SU0042,CL004486,COP,2024-09-11,,Activa,0,0,CA01,CORE_B
CU006134,PR15,SU0037,CL001809,PEN,2022-06-22,,Activa,0,0.0439,CA01,CORE_B
CU006135,PR01,SU0029,CL001508,CLP,2023-03-07,,Activa,0,0,CA05,CORE_B
CU006136,PR08,SU0040,CL002714,PEN,2020-09-08,,Bloqueada,18683,0.2336,CA05,DIGITAL_CORE
CU006137,PR02,SU0020,CL000386,CAD,2025-05-21,,Activa,0,0.0193,CA01,DIGITAL_CORE
CU006138,PR16,SU0046,CL003787,COP,2020-02-08,,Activa,0,0.0095,CA03,CORE_B
CU006139,PR10,SU0033,CL002446,PEN,2023-03-22,,Activa,38117,0.0897,CA01,CORE_A
CU006140,PR08,SU0040,CL002174,PEN,2024-03-12,,Activa,77008,0.2306,CA01,CORE_B
CU006141,PR10,SU0037,CL003548,PEN,2025-09-30,,Activa,41784,0.0988,CA05,DIGITAL_CORE
CU006142,PR07,SU0011,CL002728,CAD,2019-04-01,,Activa,28917,0.275,CA03,CORE_A
CU006143,PR18,SU0014,CL000982,CAD,2023-06-04,,Activa,0,0.0128,CA03,CORE_A
CU006144,PR03,SU0017,CL004295,CAD,2022-07-27,,Bloqueada,0,0.0049,CA05,DIGITAL_CORE
CU006145,PR05,SU0048,CL002887,COP,2020-11-06,,Activa,81488,0.3508,CA03,CORE_B
CU006146,PR01,SU0010,CL001959,MXN,2020-02-02,,Activa,0,0,CA05,DIGITAL_CORE
CU006147,PR09,SU0013,CL000638,CAD,2023-06-26,,Activa,15060,0.1738,CA02,CORE_B
CU006148,PR08,SU0022,CL002874,CLP,2020-09-25,,Activa,21198,0.2494,CA05,CORE_B
CU006149,PR15,SU0036,CL003094,PEN,2023-03-22,,Activa,0,0.0359,CA03,CORE_B
CU006150,PR08,SU0002,CL003476,MXN,2023-03-24,,Activa,23554,0.2287,CA02,DIGITAL_CORE
CU006151,PR04,SU0034,CL000200,PEN,2022-04-15,,Activa,0,0.0319,CA05,CORE_A
CU006152,PR18,SU0042,CL002267,COP,2025-10-05,,Activa,0,0,CA01,CORE_B
CU006153,PR06,SU0017,CL001968,CAD,2023-09-17,,Activa,14108,0.3277,CA02,CORE_B
CU006154,PR16,SU0024,CL002488,CLP,2023-01-11,,Activa,0,0,CA02,CORE_A
CU006155,PR04,SU0045,CL004228,COP,2024-02-10,,Activa,0,0.0383,CA01,CORE_A
CU006156,PR07,SU0029,CL004370,CLP,2024-08-15,,Activa,57207,0.274,CA01,CORE_A
CU006157,PR18,SU0043,CL001229,COP,2023-07-15,,Activa,0,0.0147,CA01,CORE_B
CU006158,PR16,SU0011,CL003793,CAD,2021-03-10,,Activa,0,0.0144,CA05,CORE_A
CU006159,PR15,SU0021,CL000744,CLP,2024-03-20,2024-08-13,Cerrada,0,0.0432,CA03,CORE_B
CU006160,PR02,SU0004,CL001723,MXN,2020-07-23,,Activa,0,0.0155,CA02,DIGITAL_CORE
CU006161,PR10,SU0042,CL004373,COP,2020-05-21,,Activa,167490,0.101,CA01,DIGITAL_CORE
CU006162,PR10,SU0012,CL004182,CAD,2024-09-27,,Activa,111988,0.1224,CA01,CORE_A
CU006163,PR16,SU0027,CL002480,CLP,2021-01-02,,Activa,0,0.0121,CA03,DIGITAL_CORE
CU006164,PR10,SU0001,CL001251,MXN,2024-03-16,,Activa,192027,0.1182,CA05,CORE_A
CU006165,PR10,SU0013,CL004122,CAD,2021-10-01,,Activa,7615,0.1213,CA01,DIGITAL_CORE
CU006166,PR03,SU0014,CL000638,CAD,2024-02-20,,Activa,0,0,CA01,CORE_B
CU006167,PR07,SU0006,CL002821,MXN,2022-02-19,,Activa,3193,0.2719,CA03,CORE_B
CU006168,PR15,SU0050,CL002202,COP,2025-01-08,,Activa,0,0.043,CA02,DIGITAL_CORE
CU006169,PR18,SU0037,CL000932,PEN,2021-10-07,,Activa,0,0,CA05,DIGITAL_CORE
CU006170,PR09,SU0008,CL002055,MXN,2024-12-07,,Activa,26364,0.1454,CA05,CORE_A
CU006171,PR05,SU0033,CL001178,PEN,2021-02-09,,Activa,18189,0.3826,CA01,DIGITAL_CORE
CU006172,PR07,SU0011,CL000837,CAD,2019-05-25,2020-02-08,Cerrada,197997,0.2946,CA05,CORE_A
CU006173,PR04,SU0031,CL000126,PEN,2024-10-08,,Activa,0,0.0445,CA01,DIGITAL_CORE
CU006174,PR18,SU0010,CL002448,MXN,2019-04-27,,Activa,0,0,CA03,CORE_B
CU006175,PR12,SU0022,CL002725,CLP,2021-12-10,,Activa,5439123,0.1978,CA05,DIGITAL_CORE
CU006176,PR01,SU0041,CL001357,COP,2020-08-06,,Activa,0,0.0168,CA01,DIGITAL_CORE
CU006177,PR04,SU0042,CL002294,COP,2024-01-26,,Activa,0,0.0496,CA05,CORE_B
CU006178,PR11,SU0015,CL004335,CAD,2023-04-07,2025-08-03,Cerrada,0,0,CA01,CORE_B
CU006179,PR05,SU0005,CL000247,MXN,2025-06-09,,Activa,53154,0.3698,CA02,DIGITAL_CORE
CU006180,PR18,SU0026,CL003264,CLP,2025-09-01,,Activa,0,0,CA05,CORE_A
CU006181,PR05,SU0001,CL001559,MXN,2023-08-19,,Activa,20599,0.3753,CA01,CORE_A
CU006182,PR03,SU0035,CL000442,PEN,2020-10-14,,Activa,0,0.0163,CA05,CORE_B
CU006183,PR01,SU0037,CL001443,PEN,2022-12-30,,Activa,0,0,CA01,DIGITAL_CORE
CU006184,PR02,SU0008,CL001040,MXN,2023-05-09,,Activa,0,0,CA01,CORE_B
CU006185,PR06,SU0028,CL003684,CLP,2025-08-13,,Activa,28473,0.3259,CA01,CORE_A
CU006186,PR10,SU0021,CL001620,CLP,2024-09-02,,Activa,8238,0.1245,CA05,CORE_A
CU006187,PR18,SU0045,CL003027,COP,2025-06-25,,Activa,0,0.0186,CA05,DIGITAL_CORE
CU006188,PR17,SU0048,CL000824,COP,2024-03-03,,Activa,0,0.0173,CA05,DIGITAL_CORE
CU006189,PR15,SU0047,CL001698,COP,2023-03-07,2025-01-04,Cerrada,0,0.0354,CA05,CORE_B
CU006190,PR04,SU0009,CL001354,MXN,2021-12-21,,Activa,0,0.0528,CA05,CORE_A
CU006191,PR04,SU0019,CL003236,CAD,2025-11-23,,Activa,0,0.0297,CA01,DIGITAL_CORE
CU006192,PR07,SU0019,CL000757,CAD,2025-09-05,,Activa,36872,0.273,CA01,DIGITAL_CORE
CU006193,PR18,SU0032,CL002867,PEN,2019-03-07,2020-02-04,Cerrada,0,0,CA03,DIGITAL_CORE
CU006194,PR15,SU0039,CL001199,PEN,2020-12-31,,Activa,0,0.0311,CA01,CORE_B
CU006195,PR04,SU0038,CL001217,PEN,2024-10-10,,Activa,0,0.0301,CA05,CORE_A
CU006196,PR08,SU0026,CL004436,CLP,2024-05-24,,Activa,17469,0.2304,CA05,DIGITAL_CORE
CU006197,PR13,SU0046,CL003706,COP,2019-06-02,,Activa,3213035,0.1304,CA05,CORE_B
CU006198,PR10,SU0029,CL003087,CLP,2024-11-13,,Activa,409478,0.1091,CA05,DIGITAL_CORE
CU006199,PR18,SU0034,CL003869,PEN,2020-09-09,,Activa,0,0,CA03,DIGITAL_CORE
CU006200,PR10,SU0024,CL001070,CLP,2019-12-30,,Activa,138156,0.1007,CA01,CORE_B
