cliente_id,tipo_cliente,nombre_cliente,pais_id,pais_residencia,ciudad_residencia,segmento,fecha_nacimiento_constitucion,fecha_alta,genero,industria,ingreso_anual_estimado_usd,perfil_riesgo,nivel_digital,kyc_estado,acepta_marketing,pep
CL000001,Persona,Liam González Pérez,PA01,México,Querétaro,Afluente,1986-01-02,2017-12-23,M,No aplica,43447,Medio,Tradicional,Vigente,1,0
CL000002,Persona,Gabriel Cruz Rivera,PA04,Perú,Iquitos,Banca privada,1973-04-13,2022-03-09,No especificado,No aplica,342795,Alto,Tradicional,Vigente,0,0
CL000003,Persona,Renata Vargas Martínez,PA01,México,Querétaro,Afluente,1950-04-10,2018-05-24,No especificado,No aplica,106323,Bajo,Tradicional,Vigente,0,0
CL000004,Persona,Ava Pérez Tremblay,PA02,Canadá,Calgary,Masivo,1971-06-11,2017-03-31,M,No aplica,13324,Bajo,Tradicional,Vigente,0,0
CL000005,Persona,Mariana Martínez Ramírez,PA03,Chile,Talca,Masivo,1978-09-05,2017-11-18,M,No aplica,10709,Alto,Tradicional,Por vencer,0,0
CL000006,Persona,Samuel Cruz Martin,PA01,México,León,Masivo,1971-05-12,2018-10-30,No especificado,No aplica,28912,Medio,Tradicional,Vigente,1,0
CL000007,Persona,Gabriel Tremblay Smith,PA05,Colombia,Cartagena,Masivo,2000-12-08,2021-04-21,M,No aplica,29356,Medio,Híbrido,Vigente,0,0
CL000008,Persona,Ava Reyes Brown,PA02,Canadá,Toronto,Afluente,1970-10-15,2018-11-07,No especificado,No aplica,95145,Bajo,Digital,Vigente,0,0
CL000009,Persona,Mateo Díaz Cruz,PA03,Chile,Viña del Mar,Afluente,2002-12-06,2021-04-20,No especificado,No aplica,89682,Medio,Digital,Vigente,1,0
CL000010,Persona,Renata Torres Martin,PA02,Canadá,Edmonton,Masivo,1961-03-22,2021-05-19,M,No aplica,19191,Medio,Híbrido,Vigente,0,0
CL000011,Persona,Emma Martin Ramírez,PA01,México,Monterrey,Masivo,1987-12-13,2016-06-15,F,No aplica,19310,Bajo,Digital,Vigente,0,0
CL000012,Persona,Lucía González Torres,PA04,Perú,Tacna,Masivo,2002-09-13,2022-08-27,No especificado,No aplica,11055,Medio,Tradicional,Vigente,1,0
CL000013,Persona,Alejandro Ramírez García,PA01,México,León,Afluente,1975-05-21,2018-04-12,M,No aplica,91048,Medio,Digital,Vigente,0,0
CL000014,Empresa,Brown Agroindustria S.A.,PA03,Chile,Concepción,PyME,2017-12-01,2022-09-24,No aplica,Educación,671657,Medio,Híbrido,Vigente,1,0
CL000015,Persona,Alejandro Wilson Brown,PA03,Chile,Talca,Masivo,1998-06-18,2022-01-31,F,No aplica,25101,Alto,Tradicional,Vigente,1,0
CL000016,Persona,Sofía Wilson Tremblay,PA05,Colombia,Cali,Masivo,1970-10-08,2018-08-02,No especificado,No aplica,28843,Medio,Híbrido,Vigente,1,0
CL000017,Empresa,López Construcción S.A.,PA03,Chile,Rancagua,PyME,1987-08-01,2021-06-30,No aplica,Educación,408285,Bajo,Híbrido,Vigente,1,0
CL000018,Persona,Renata Cruz Sánchez,PA03,Chile,Valparaíso,Afluente,1954-10-19,2015-05-27,No especificado,No aplica,48835,Bajo,Digital,Vigente,1,0
CL000019,Persona,Samuel Pérez Rodríguez,PA02,Canadá,Toronto,Masivo,1951-01-21,2017-12-24,M,No aplica,29153,Bajo,Digital,Vigente,1,0
CL000020,Persona,Isabella Ramírez Cruz,PA04,Perú,Piura,Masivo,1955-07-10,2015-11-12,F,No aplica,17170,Medio,Tradicional,Vigente,1,0
CL000021,Persona,Daniela Brown Morales,PA03,Chile,Antofagasta,Afluente,1985-11-19,2019-04-01,M,No aplica,80274,Bajo,Digital,Vigente,0,0
CL000022,Persona,Diego Wilson Martin,PA01,México,Mérida,Masivo,2001-04-03,2018-12-13,F,No aplica,19514,Alto,Híbrido,Vigente,1,0
CL000023,Persona,Santiago González Rivera,PA05,Colombia,Barranquilla,Afluente,1971-11-09,2021-05-24,No especificado,No aplica,89621,Bajo,Híbrido,Vigente,0,0
CL000024,Persona,Samuel Torres García,PA02,Canadá,Toronto,Masivo,1984-04-16,2021-11-09,No especificado,No aplica,23395,Medio,Híbrido,Vigente,1,0
CL000025,Persona,Renata Martin García,PA05,Colombia,Cartagena,Banca privada,1956-11-22,2015-09-21,No especificado,No aplica,313360,Alto,Híbrido,Vigente,0,0
CL000026,Persona,Emiliano Hernández Sánchez,PA03,Chile,Rancagua,Masivo,1988-12-18,2016-07-05,No especificado,No aplica,28289,Medio,Híbrido,Por vencer,1,0
CL000027,Persona,Martina Martin Romero,PA04,Perú,Chiclayo,Afluente,1996-12-25,2015-10-16,F,No aplica,72245,Medio,Digital,Vigente,1,0
CL000028,Persona,Camila Castro Pérez,PA01,México,Guadalajara,Masivo,1974-04-14,2020-04-10,F,No aplica,16599,Bajo,Digital,Vigente,1,0
CL000029,Persona,Samuel Reyes Martínez,PA04,Perú,Piura,Masivo,1964-12-19,2017-01-19,F,No aplica,11151,Medio,Híbrido,Vigente,1,0
CL000030,Persona,Noah Brown Brown,PA05,Colombia,Cali,Afluente,1957-06-25,2020-02-06,M,No aplica,77681,Medio,Digital,Vigente,1,0
CL000031,Persona,Daniela Rivera Brown,PA04,Perú,Lima,Afluente,1961-10-02,2017-07-19,No especificado,No aplica,104158,Bajo,Tradicional,Vigente,0,0
CL000032,Persona,Lucía Smith Brown,PA01,México,Toluca,Afluente,1985-03-01,2016-05-03,No especificado,No aplica,78534,Medio,Tradicional,Vigente,1,0
CL000033,Empresa,Díaz Logística Latam,PA03,Chile,Valparaíso,Corporativo,2004-07-01,2020-08-18,No aplica,Comercio,6997753,Medio,Tradicional,Vigente,1,0
CL000034,Persona,Mariana Rodríguez Cruz,PA03,Chile,Puerto Montt,Masivo,1989-08-28,2016-05-22,F,No aplica,28701,Medio,Digital,Vigente,1,0
CL000035,Persona,Élodie Hernández Sánchez,PA04,Perú,Arequipa,Afluente,1980-09-07,2020-04-08,No especificado,No aplica,49718,Bajo,Tradicional,Vigente,0,0
CL000036,Persona,Mateo Castro Hernández,PA03,Chile,Antofagasta,Afluente,1985-01-03,2017-08-09,No especificado,No aplica,42307,Alto,Tradicional,Vigente,1,0
CL000037,Empresa,González Construcción Latam,PA03,Chile,Talca,PyME,1988-05-01,2019-06-14,No aplica,Comercio,283057,Bajo,Tradicional,Vigente,0,0
CL000038,Persona,Emiliano Sánchez Castro,PA05,Colombia,Santa Marta,Afluente,1985-09-20,2017-10-09,M,No aplica,77106,Bajo,Híbrido,Vigente,1,0
CL000039,Persona,Gabriel López Brown,PA01,México,Toluca,Masivo,1955-10-19,2018-09-23,F,No aplica,10323,Medio,Tradicional,Vigente,1,0
CL000040,Persona,Santiago Sánchez Reyes,PA03,Chile,Talca,Masivo,1963-06-13,2016-01-24,M,No aplica,18685,Medio,Híbrido,Vigente,1,0
CL000041,Persona,Ava Tremblay Díaz,PA05,Colombia,Bogotá,Banca privada,1993-10-03,2018-01-05,M,No aplica,309330,Alto,Híbrido,Vigente,0,0
CL000042,Persona,Samuel López Romero,PA01,México,Monterrey,Masivo,1997-12-24,2015-11-13,F,No aplica,17797,Medio,Tradicional,Vigente,0,0
CL000043,Persona,Sebastián Ramírez Castro,PA04,Perú,Lima,Afluente,1998-06-14,2020-04-24,No especificado,No aplica,63126,Medio,Tradicional,Vigente,1,0
CL000044,Persona,Diego Wilson Castro,PA02,Canadá,Winnipeg,Afluente,2003-07-27,2015-07-05,M,No aplica,80319,Bajo,Digital,Vigente,1,0
CL000045,Persona,Ava Flores Martin,PA04,Perú,Arequipa,Afluente,1992-08-01,2020-11-08,No especificado,No aplica,42440,Bajo,Híbrido,Vigente,0,0
CL000046,Persona,Mateo Sánchez López,PA01,México,Guadalajara,Masivo,1997-11-15,2016-02-08,No especificado,No aplica,19369,Bajo,Digital,Vigente,0,0
CL000047,Persona,Gabriel Hernández Morales,PA05,Colombia,Manizales,Masivo,1975-01-24,2020-06-09,M,No aplica,17641,Alto,Híbrido,Vigente,1,0
CL000048,Persona,Valentina Ramírez Romero,PA02,Canadá,Ottawa,Afluente,2003-01-16,2020-03-23,F,No aplica,100454,Bajo,Híbrido,Vigente,1,0
CL000049,Persona,Étienne Gómez Torres,PA01,México,Querétaro,Masivo,1990-11-08,2022-03-17,F,No aplica,29660,Bajo,Digital,Vigente,1,0
CL000050,Persona,Samuel Díaz Martínez,PA04,Perú,Lima,Afluente,1954-09-09,2020-07-09,M,No aplica,66486,Bajo,Digital,Vigente,0,0
CL000051,Persona,Sebastián Romero Martin,PA05,Colombia,Barranquilla,Masivo,1994-03-15,2016-05-04,No especificado,No aplica,30313,Bajo,Híbrido,Vigente,1,0
CL000052,Persona,Mariana Rodríguez Wilson,PA04,Perú,Cusco,Masivo,1998-10-07,2016-09-13,No especificado,No aplica,28005,Bajo,Tradicional,Vigente,0,0
CL000053,Persona,Camila Romero Smith,PA03,Chile,Talca,Afluente,1980-09-10,2016-11-27,M,No aplica,52655,Medio,Digital,Vigente,1,0
CL000054,Persona,Liam Vargas Gómez,PA03,Chile,La Serena,Masivo,1974-05-27,2017-02-13,F,No aplica,15963,Bajo,Digital,Vigente,1,0
CL000055,Persona,Daniela Torres Tremblay,PA02,Canadá,Montreal,Masivo,1996-02-19,2015-05-11,No especificado,No aplica,14163,Alto,Digital,Vigente,0,0
CL000056,Empresa,Gómez Turismo S.A.,PA03,Chile,Santiago,Corporativo,1984-05-01,2020-08-10,No aplica,Agroindustria,3528612,Medio,Híbrido,Vigente,0,0
CL000057,Persona,Renata Reyes Hernández,PA01,México,Monterrey,Afluente,1959-04-28,2018-02-03,No especificado,No aplica,50263,Alto,Híbrido,Vigente,1,0
CL000058,Persona,Lucas Tremblay Ramírez,PA05,Colombia,Medellín,Masivo,1995-11-21,2016-07-26,M,No aplica,16214,Bajo,Híbrido,Vigente,1,0
CL000059,Persona,Étienne Pérez Díaz,PA05,Colombia,Pereira,Masivo,1958-05-01,2018-03-12,No especificado,No aplica,23286,Alto,Híbrido,Vigente,0,0
CL000060,Persona,Valentina Sánchez Wilson,PA04,Perú,Cusco,Masivo,1958-07-14,2019-12-02,M,No aplica,22785,Medio,Híbrido,Vigente,1,0
CL000061,Persona,Lucía González González,PA02,Canadá,Halifax,Afluente,1995-09-07,2019-07-30,F,No aplica,43602,Medio,Tradicional,Vigente,0,0
CL000062,Persona,Lucía Gómez Flores,PA03,Chile,Talca,Masivo,1953-08-16,2022-06-21,No especificado,No aplica,18510,Medio,Híbrido,Vigente,1,1
CL000063,Persona,Nicolás Pérez Sánchez,PA01,México,Querétaro,Masivo,1964-06-03,2016-09-24,M,No aplica,28996,Alto,Híbrido,Vigente,1,0
CL000064,Persona,Sofía Rivera Rivera,PA04,Perú,Piura,Masivo,2003-02-10,2019-12-22,M,No aplica,25570,Bajo,Tradicional,Vigente,0,0
CL000065,Empresa,Díaz Educación Group,PA04,Perú,Piura,PyME,2011-01-01,2018-09-02,No aplica,Agroindustria,772145,Bajo,Híbrido,Vigente,1,0
CL000066,Persona,Samuel Cruz González,PA01,México,Toluca,Masivo,1995-02-07,2016-09-20,F,No aplica,16620,Bajo,Tradicional,Vigente,1,0
CL000067,Persona,Élodie Cruz Ramírez,PA04,Perú,Lima,Afluente,1979-09-19,2021-03-04,F,No aplica,56528,Bajo,Digital,Vigente,1,0
CL000068,Persona,Valentina Cruz García,PA05,Colombia,Manizales,Masivo,1979-06-28,2015-05-28,No especificado,No aplica,25496,Bajo,Digital,Vigente,0,0
CL000069,Persona,Sebastián Reyes Brown,PA04,Perú,Arequipa,Afluente,1969-08-17,2017-10-23,F,No aplica,43696,Medio,Híbrido,Vigente,1,0
CL000070,Persona,Lucas Wilson Sánchez,PA04,Perú,Arequipa,Masivo,1959-04-12,2018-07-06,M,No aplica,24763,Medio,Híbrido,Vigente,1,0
CL000071,Persona,Lucas Romero Sánchez,PA05,Colombia,Pereira,Afluente,1950-02-13,2018-08-31,M,No aplica,39521,Bajo,Digital,Vigente,0,0
CL000072,Persona,Isabella Díaz Vargas,PA01,México,Guadalajara,Masivo,1961-05-18,2020-06-02,F,No aplica,12477,Medio,Híbrido,Vigente,0,0
CL000073,Persona,Mateo Torres Martin,PA03,Chile,Viña del Mar,Masivo,1990-09-27,2020-11-26,No especificado,No aplica,11451,Alto,Híbrido,Vigente,0,0
CL000074,Persona,Noah Cruz Sánchez,PA04,Perú,Cusco,Masivo,1979-04-21,2017-07-03,M,No aplica,13253,Alto,Híbrido,Vigente,0,0
CL000075,Empresa,Flores Logística Latam,PA04,Perú,Cajamarca,Corporativo,1999-11-01,2020-03-04,No aplica,Construcción,6398031,Bajo,Híbrido,Vigente,1,0
CL000076,Persona,Liam Gómez Sánchez,PA02,Canadá,Calgary,Masivo,1991-12-19,2020-06-20,M,No aplica,11803,Alto,Digital,Vigente,0,0
CL000077,Persona,Étienne Flores Gómez,PA02,Canadá,Winnipeg,Masivo,1983-02-08,2021-01-08,F,No aplica,20788,Medio,Digital,Vigente,0,0
CL000078,Persona,Étienne Sánchez Martin,PA05,Colombia,Cali,Masivo,1995-09-23,2015-11-30,M,No aplica,30435,Alto,Digital,Vigente,0,0
CL000079,Empresa,Morales Manufactura S.A.,PA05,Colombia,Cúcuta,PyME,1991-12-01,2019-03-06,No aplica,Construcción,726818,Medio,Híbrido,Vigente,1,0
CL000080,Persona,Liam Tremblay Vargas,PA03,Chile,Talca,Afluente,1957-08-08,2016-09-12,F,No aplica,79592,Medio,Digital,Vigente,0,0
CL000081,Persona,Daniela Ramírez Martínez,PA04,Perú,Trujillo,Afluente,1952-11-26,2018-07-17,No especificado,No aplica,53598,Alto,Híbrido,Vigente,0,0
CL000082,Persona,Gabriel Reyes Hernández,PA04,Perú,Arequipa,Afluente,1993-09-25,2020-11-21,M,No aplica,63756,Medio,Híbrido,Vigente,1,0
CL000083,Persona,Santiago Hernández Martínez,PA05,Colombia,Cali,Afluente,1992-02-26,2017-05-14,M,No aplica,68975,Alto,Híbrido,Vigente,0,0
CL000084,Empresa,García Salud S.A.,PA03,Chile,Temuco,PyME,1984-05-01,2022-03-11,No aplica,Servicios profesionales,770060,Bajo,Híbrido,Vigente,1,0
CL000085,Persona,Santiago Martínez Martin,PA02,Canadá,Halifax,Masivo,1993-05-01,2022-09-23,M,No aplica,15600,Bajo,Híbrido,Vigente,1,0
CL000086,Persona,Isabella Smith Tremblay,PA02,Canadá,Mississauga,Masivo,1983-02-11,2016-03-18,M,No aplica,16023,Medio,Digital,Vigente,1,0
CL000087,Persona,Nicolás García Martínez,PA03,Chile,Concepción,Banca privada,1976-08-19,2018-04-03,M,No aplica,129106,Bajo,Híbrido,Vigente,0,0
CL000088,Persona,Martina Wilson Cruz,PA02,Canadá,Winnipeg,Banca privada,1991-06-26,2018-11-17,M,No aplica,305660,Medio,Híbrido,Vigente,1,0
CL000089,Persona,Santiago Romero Hernández,PA05,Colombia,Santa Marta,Masivo,1949-02-16,2015-11-12,No especificado,No aplica,17068,Alto,Híbrido,Vigente,0,0
CL000090,Persona,Alejandro Morales González,PA01,México,Veracruz,Masivo,1967-09-26,2019-02-13,No especificado,No aplica,19634,Medio,Tradicional,Vigente,1,0
CL000091,Persona,Martina Hernández Hernández,PA02,Canadá,Edmonton,Masivo,1953-11-25,2017-01-31,F,No aplica,27670,Medio,Digital,Vigente,0,0
CL000092,Persona,Samuel Wilson Hernández,PA03,Chile,Temuco,Afluente,2002-08-28,2022-07-31,M,No aplica,85516,Medio,Híbrido,Vigente,0,0
CL000093,Persona,Liam Gómez Martin,PA05,Colombia,Cartagena,Afluente,1980-11-23,2022-02-25,No especificado,No aplica,34935,Medio,Híbrido,Vigente,1,0
CL000094,Persona,Renata Martínez Wilson,PA02,Canadá,Edmonton,Masivo,1951-07-12,2016-09-01,M,No aplica,25078,Bajo,Digital,Vigente,1,0
CL000095,Persona,Daniela Gómez Pérez,PA03,Chile,Temuco,Banca privada,1999-02-02,2019-09-05,M,No aplica,148076,Bajo,Híbrido,Vigente,1,0
CL000096,Persona,Santiago Vargas Martin,PA04,Perú,Arequipa,Masivo,1986-10-12,2016-07-10,F,No aplica,15210,Medio,Digital,Vigente,1,0
CL000097,Persona,Diego Smith García,PA05,Colombia,Pereira,Afluente,1997-08-14,2016-10-26,M,No aplica,79551,Medio,Tradicional,Vigente,0,0
CL000098,Persona,Lucas Martin Hernández,PA01,México,Monterrey,Afluente,1966-12-21,2022-06-06,F,No aplica,57995,Bajo,Híbrido,Vigente,0,0
CL000099,Persona,Valentina García López,PA03,Chile,Valparaíso,Banca privada,2002-01-11,2020-02-04,No especificado,No aplica,205971,Alto,Tradicional,Vigente,1,0
CL000100,Persona,Santiago Reyes Pérez,PA03,Chile,Valparaíso,Masivo,1974-06-07,2022-04-16,No especificado,No aplica,22354,Alto,Tradicional,Vigente,1,0
CL000101,Persona,Sebastián Wilson Ramírez,PA01,México,Tijuana,Masivo,1976-06-28,2022-08-10,F,No aplica,10723,Bajo,Tradicional,Vigente,1,0
CL000102,Persona,Mateo Romero Hernández,PA02,Canadá,Toronto,Afluente,1954-05-28,2015-10-26,No especificado,No aplica,73956,Bajo,Tradicional,Vigente,1,0
CL000103,Persona,Sofía Gómez Vargas,PA03,Chile,Santiago,Afluente,1998-10-15,2021-05-28,F,No aplica,39053,Bajo,Híbrido,Vigente,0,0
CL000104,Persona,Mateo Reyes Hernández,PA01,México,Querétaro,Masivo,1975-08-21,2020-03-15,F,No aplica,11498,Bajo,Híbrido,Vigente,1,0
CL000105,Persona,Renata García López,PA05,Colombia,Bucaramanga,Afluente,2000-02-06,2022-07-17,M,No aplica,96472,Alto,Digital,Vigente,1,0
CL000106,Persona,Gabriel Castro Reyes,PA04,Perú,Cusco,Masivo,1950-12-11,2016-09-26,No especificado,No aplica,25940,Bajo,Tradicional,Vigente,1,0
CL000107,Persona,Olivia Martin Castro,PA04,Perú,Lima,Masivo,1994-02-12,2015-11-10,M,No aplica,15742,Bajo,Híbrido,Vigente,1,0
CL000108,Persona,Isabella Martínez Brown,PA04,Perú,Lima,Afluente,1991-06-20,2020-01-10,M,No aplica,44618,Medio,Digital,Vigente,0,0
CL000109,Empresa,Ramírez Educación Latam,PA01,México,Tijuana,Corporativo,1981-10-01,2022-09-17,No aplica,Turismo,3920866,Bajo,Híbrido,Vigente,1,0
CL000110,Persona,Gabriel Torres López,PA05,Colombia,Bucaramanga,Afluente,1998-04-19,2017-06-21,F,No aplica,46035,Bajo,Tradicional,Vigente,0,0
CL000111,Persona,Mateo Rivera Rodríguez,PA03,Chile,Santiago,Afluente,1969-01-13,2021-02-04,M,No aplica,59306,Bajo,Digital,Vigente,1,0
CL000112,Empresa,López Educación Group,PA02,Canadá,Québec,PyME,1982-07-01,2018-09-21,No aplica,Servicios profesionales,329318,Alto,Digital,Vigente,1,0
CL000113,Persona,Liam Martin Sánchez,PA02,Canadá,Winnipeg,Banca privada,1948-06-07,2018-04-18,F,No aplica,141293,Bajo,Digital,Vigente,1,0
CL000114,Empresa,Tremblay Turismo Partners,PA05,Colombia,Cúcuta,PyME,2013-01-01,2017-12-17,No aplica,Turismo,660343,Bajo,Híbrido,Vigente,0,0
CL000115,Persona,Olivia Torres Torres,PA04,Perú,Tacna,Masivo,1960-06-10,2016-07-30,No especificado,No aplica,21798,Medio,Tradicional,Vigente,1,0
CL000116,Persona,Nicolás López Brown,PA02,Canadá,Mississauga,Masivo,1951-03-09,2016-04-11,F,No aplica,14414,Alto,Híbrido,Vigente,1,0
CL000117,Persona,Lucas Hernández Martínez,PA03,Chile,Viña del Mar,Banca privada,1951-01-16,2016-05-31,F,No aplica,342714,Alto,Digital,Vigente,0,0
CL000118,Persona,Isabella Tremblay Morales,PA02,Canadá,Vancouver,Masivo,1982-06-05,2017-03-12,F,No aplica,11873,Medio,Digital,Vigente,0,0
CL000119,Persona,Gabriel Gómez Morales,PA03,Chile,Antofagasta,Banca privada,1978-08-01,2017-10-02,M,No aplica,210882,Bajo,Híbrido,Vigente,1,0
CL000120,Persona,Sebastián Cruz Torres,PA01,México,Tijuana,Banca privada,1972-02-18,2015-12-14,F,No aplica,279594,Medio,Híbrido,Vigente,0,0
CL000121,Persona,Isabella Martínez Ramírez,PA04,Perú,Huancayo,Banca privada,1982-12-08,2020-02-17,No especificado,No aplica,188249,Alto,Tradicional,Vigente,1,0
CL000122,Persona,Mariana Castro Sánchez,PA02,Canadá,Ottawa,Masivo,1991-07-04,2017-05-07,No especificado,No aplica,28562,Bajo,Híbrido,Vigente,1,0
CL000123,Persona,Liam Rivera Vargas,PA01,México,Monterrey,Masivo,2001-04-20,2016-02-28,F,No aplica,26947,Medio,Híbrido,Vigente,1,0
CL000124,Persona,Étienne Morales Wilson,PA02,Canadá,Montreal,Afluente,1981-05-19,2018-09-01,No especificado,No aplica,38073,Bajo,Híbrido,Vigente,0,0
CL000125,Persona,Renata Castro Wilson,PA01,México,Ciudad de México,Banca privada,1960-03-08,2016-01-10,M,No aplica,161711,Bajo,Digital,Vigente,0,0
CL000126,Persona,Emma Ramírez Castro,PA04,Perú,Chiclayo,Masivo,1958-11-01,2021-05-11,F,No aplica,26083,Bajo,Digital,Vigente,0,0
CL000127,Persona,Santiago Ramírez Gómez,PA03,Chile,Valparaíso,Afluente,1961-03-09,2019-03-08,M,No aplica,100716,Bajo,Híbrido,Vigente,1,0
CL000128,Persona,Daniela Rivera Morales,PA04,Perú,Arequipa,Afluente,1975-04-21,2016-08-03,F,No aplica,100851,Bajo,Híbrido,Vigente,1,0
CL000129,Persona,Diego Wilson Torres,PA01,México,Guadalajara,Afluente,1959-09-06,2015-11-21,F,No aplica,46248,Bajo,Digital,Vigente,0,0
CL000130,Persona,Olivia Morales Díaz,PA05,Colombia,Barranquilla,Masivo,2003-05-19,2016-11-01,F,No aplica,22402,Medio,Tradicional,Vigente,1,0
CL000131,Persona,Liam Reyes Gómez,PA02,Canadá,Québec,Banca privada,1970-06-12,2019-06-02,F,No aplica,117156,Alto,Digital,Vigente,1,0
CL000132,Persona,Camila Gómez González,PA02,Canadá,Ottawa,Afluente,2002-06-05,2017-01-07,F,No aplica,47889,Medio,Digital,Vigente,1,0
CL000133,Empresa,Díaz Turismo S.A.,PA04,Perú,Cajamarca,PyME,2010-08-01,2018-04-04,No aplica,Educación,747416,Bajo,Híbrido,Vigente,1,0
CL000134,Persona,Diego Flores López,PA02,Canadá,Edmonton,Masivo,1967-05-25,2022-08-26,F,No aplica,26094,Alto,Digital,Vigente,1,0
CL000135,Persona,Camila Torres Rivera,PA01,México,Mérida,Afluente,2002-05-14,2015-07-20,M,No aplica,46588,Bajo,Tradicional,Vigente,1,0
CL000136,Empresa,Torres Tecnología Partners,PA05,Colombia,Medellín,Corporativo,1989-01-01,2021-12-15,No aplica,Tecnología,3713858,Medio,Híbrido,Vigente,1,0
CL000137,Persona,Valentina Romero Martínez,PA01,México,Monterrey,Masivo,1998-02-09,2018-07-24,No especificado,No aplica,22006,Alto,Tradicional,Vigente,0,0
CL000138,Persona,Alejandro Torres Reyes,PA05,Colombia,Bogotá,Afluente,1950-03-21,2022-02-27,F,No aplica,97720,Medio,Híbrido,Vigente,0,0
CL000139,Persona,Emma Smith Romero,PA02,Canadá,Edmonton,Masivo,1991-04-20,2017-12-13,F,No aplica,24051,Medio,Digital,Vigente,1,0
CL000140,Persona,Lucía Ramírez Castro,PA02,Canadá,Edmonton,Masivo,1996-05-16,2015-11-05,M,No aplica,16076,Bajo,Digital,Vigente,0,0
CL000141,Persona,Emma Rodríguez Reyes,PA03,Chile,Viña del Mar,Masivo,1980-07-27,2016-08-09,No especificado,No aplica,15019,Medio,Digital,Vigente,1,0
CL000142,Persona,Sofía Hernández Martínez,PA02,Canadá,Mississauga,Banca privada,1962-08-21,2019-02-11,No especificado,No aplica,152321,Alto,Digital,Vigente,0,0
CL000143,Persona,Samuel Ramírez Cruz,PA04,Perú,Cusco,Masivo,1954-11-23,2016-04-19,No especificado,No aplica,18296,Alto,Tradicional,Vigente,1,0
CL000144,Persona,Olivia Torres Hernández,PA02,Canadá,Toronto,Afluente,1966-02-28,2020-08-17,M,No aplica,42331,Medio,Tradicional,Vigente,1,0
CL000145,Persona,Sebastián Martin Hernández,PA03,Chile,Rancagua,Afluente,1993-09-11,2020-08-18,No especificado,No aplica,59905,Medio,Híbrido,Vigente,0,0
CL000146,Persona,Martina Romero Smith,PA02,Canadá,Québec,Masivo,2000-08-18,2019-07-29,No especificado,No aplica,21391,Bajo,Híbrido,Vigente,0,0
CL000147,Empresa,Smith Manufactura Latam,PA02,Canadá,Québec,PyME,2010-06-01,2021-03-04,No aplica,Educación,710234,Bajo,Híbrido,Vigente,0,0
CL000148,Persona,Emiliano Castro Flores,PA01,México,Puebla,Afluente,1969-03-27,2022-08-17,No especificado,No aplica,66343,Alto,Tradicional,Vigente,0,0
CL000149,Empresa,Vargas Turismo Group,PA05,Colombia,Cartagena,PyME,1999-02-01,2021-09-15,No aplica,Manufactura,575836,Medio,Digital,Vigente,0,0
CL000150,Persona,Noah Cruz García,PA03,Chile,Antofagasta,Afluente,1974-04-09,2019-08-16,No especificado,No aplica,80782,Alto,Híbrido,Vigente,1,0
CL000151,Persona,Nicolás Vargas Flores,PA03,Chile,Antofagasta,Afluente,1984-08-15,2016-11-06,No especificado,No aplica,72761,Bajo,Digital,Vigente,0,0
CL000152,Persona,Camila López Wilson,PA02,Canadá,Edmonton,Masivo,1992-11-19,2021-09-30,F,No aplica,20591,Medio,Híbrido,Vigente,1,0
CL000153,Empresa,Reyes Comercio Partners,PA03,Chile,Viña del Mar,Corporativo,1995-11-01,2022-03-21,No aplica,Agroindustria,6955203,Bajo,Híbrido,Vigente,0,0
CL000154,Persona,Daniela López Cruz,PA03,Chile,Concepción,Masivo,1956-12-26,2015-12-20,M,No aplica,27755,Medio,Digital,Vigente,0,0
CL000155,Persona,Renata Wilson Vargas,PA04,Perú,Tacna,Masivo,2003-10-10,2022-02-06,M,No aplica,21051,Medio,Híbrido,Vigente,0,0
CL000156,Persona,Santiago Romero Romero,PA03,Chile,Antofagasta,Banca privada,1984-11-25,2019-05-07,No especificado,No aplica,297836,Bajo,Digital,Vigente,1,0
CL000157,Persona,Renata García Ramírez,PA01,México,Tijuana,Afluente,1980-08-18,2022-07-31,F,No aplica,77498,Medio,Híbrido,Vigente,1,0
CL000158,Persona,Alejandro Sánchez Castro,PA02,Canadá,Calgary,Masivo,1971-05-21,2022-02-04,M,No aplica,22748,Medio,Digital,Vigente,1,0
CL000159,Persona,Santiago Gómez Ramírez,PA04,Perú,Trujillo,Afluente,1963-07-03,2018-09-17,M,No aplica,108174,Bajo,Híbrido,Vigente,1,0
CL000160,Persona,Samuel Cruz Wilson,PA02,Canadá,Mississauga,Masivo,1988-06-25,2018-10-23,M,No aplica,20507,Alto,Digital,Vigente,0,0
CL000161,Empresa,Ramírez Salud Latam,PA01,México,Puebla,PyME,1992-11-01,2016-06-28,No aplica,Manufactura,201548,Medio,Tradicional,Vigente,1,0
CL000162,Persona,Diego Flores Hernández,PA05,Colombia,Cartagena,Afluente,1967-07-15,2022-11-14,M,No aplica,92710,Bajo,Tradicional,Vigente,1,0
CL000163,Persona,Liam Castro Flores,PA04,Perú,Piura,Banca privada,1971-12-19,2021-02-15,No especificado,No aplica,186703,Medio,Digital,Vigente,0,0
CL000164,Persona,Gabriel Hernández Rodríguez,PA04,Perú,Tacna,Banca privada,1965-12-15,2018-03-09,M,No aplica,225256,Bajo,Híbrido,Vigente,1,0
CL000165,Persona,Daniela González Tremblay,PA02,Canadá,Mississauga,Masivo,1972-01-28,2018-09-15,No especificado,No aplica,13915,Bajo,Híbrido,Vigente,1,0
CL000166,Persona,Samuel Morales Hernández,PA01,México,Veracruz,Banca privada,1968-01-20,2020-11-23,M,No aplica,162355,Alto,Híbrido,Vigente,1,0
CL000167,Empresa,Castro Educación Latam,PA04,Perú,Trujillo,PyME,2003-10-01,2015-09-28,No aplica,Agroindustria,568366,Bajo,Digital,Vigente,0,0
CL000168,Persona,Camila González Pérez,PA04,Perú,Cajamarca,Banca privada,1996-08-02,2018-05-11,M,No aplica,352220,Bajo,Híbrido,Vigente,1,0
CL000169,Persona,Daniela Torres Castro,PA04,Perú,Tacna,Banca privada,1966-07-11,2018-09-27,No especificado,No aplica,188631,Bajo,Digital,Vigente,0,0
CL000170,Persona,Daniela Castro Pérez,PA05,Colombia,Medellín,Masivo,2003-05-18,2022-09-02,M,No aplica,24295,Alto,Digital,Vigente,0,0
CL000171,Persona,Valentina Díaz Rodríguez,PA05,Colombia,Cúcuta,Masivo,1956-08-01,2022-08-15,F,No aplica,25343,Bajo,Híbrido,Vigente,1,0
CL000172,Persona,Liam Reyes García,PA03,Chile,Valparaíso,Masivo,1991-06-05,2017-02-25,M,No aplica,26206,Bajo,Híbrido,Vigente,1,0
CL000173,Persona,Sebastián Tremblay Vargas,PA01,México,León,Masivo,1984-07-23,2019-05-05,M,No aplica,12742,Bajo,Híbrido,Vigente,1,0
CL000174,Persona,Renata Ramírez Smith,PA04,Perú,Trujillo,Masivo,1991-02-07,2016-02-11,No especificado,No aplica,22546,Medio,Digital,Vigente,1,0
CL000175,Empresa,Morales Tecnología Group,PA03,Chile,Santiago,Corporativo,1983-01-01,2015-09-16,No aplica,Servicios profesionales,8896029,Bajo,Tradicional,Vigente,0,0
CL000176,Persona,Diego Smith Hernández,PA02,Canadá,Calgary,Masivo,1949-02-14,2022-07-16,No especificado,No aplica,23613,Bajo,Híbrido,Vigente,0,0
CL000177,Persona,Emma Romero Castro,PA01,México,León,Masivo,1988-08-26,2020-07-21,F,No aplica,16621,Medio,Híbrido,Vigente,0,0
CL000178,Persona,Élodie Morales Gómez,PA02,Canadá,Mississauga,Masivo,1997-01-15,2021-02-03,M,No aplica,28931,Bajo,Digital,Vigente,0,0
CL000179,Persona,Samuel Wilson Wilson,PA05,Colombia,Barranquilla,Afluente,1972-06-02,2017-01-08,F,No aplica,99432,Bajo,Digital,Vigente,1,0
CL000180,Empresa,Smith Turismo Latam,PA02,Canadá,Montreal,PyME,2002-05-01,2020-10-25,No aplica,Tecnología,261612,Bajo,Híbrido,Vigente,0,0
CL000181,Empresa,Tremblay Manufactura S.A.,PA01,México,Toluca,Corporativo,2006-12-01,2017-01-20,No aplica,Agroindustria,8092070,Medio,Híbrido,Vigente,1,0
CL000182,Persona,Alejandro Pérez Morales,PA01,México,Querétaro,Afluente,1977-04-09,2019-05-24,No especificado,No aplica,45540,Medio,Digital,Vigente,1,0
CL000183,Persona,Olivia Vargas González,PA04,Perú,Arequipa,Masivo,1957-10-22,2017-12-14,F,No aplica,30191,Bajo,Digital,Vigente,1,0
CL000184,Persona,Valentina Castro Sánchez,PA03,Chile,Rancagua,Masivo,1969-09-06,2020-10-02,No especificado,No aplica,13312,Medio,Híbrido,Vigente,1,0
CL000185,Empresa,Martin Tecnología Partners,PA04,Perú,Huancayo,PyME,2008-03-01,2018-06-04,No aplica,Turismo,731652,Bajo,Tradicional,Vigente,1,0
CL000186,Persona,Mariana González Sánchez,PA02,Canadá,Ottawa,Masivo,1978-06-25,2018-11-28,F,No aplica,13493,Bajo,Digital,Vigente,1,1
CL000187,Persona,Ava Flores Díaz,PA02,Canadá,Ottawa,Banca privada,1951-02-02,2015-12-12,M,No aplica,172115,Bajo,Híbrido,Vigente,1,0
CL000188,Persona,Mateo Pérez Castro,PA03,Chile,Temuco,Masivo,1951-01-13,2019-09-23,F,No aplica,14803,Bajo,Digital,Por vencer,1,0
CL000189,Persona,Diego Cruz Castro,PA02,Canadá,Calgary,Masivo,1997-05-10,2020-02-14,F,No aplica,20178,Alto,Tradicional,Por vencer,1,0
CL000190,Persona,Mariana Martínez Gómez,PA01,México,Querétaro,Masivo,1956-06-08,2018-02-10,M,No aplica,20527,Bajo,Híbrido,Vigente,1,0
CL000191,Persona,Sebastián Smith Pérez,PA02,Canadá,Montreal,Afluente,1971-11-16,2017-03-22,F,No aplica,61958,Medio,Digital,Vigente,0,0
CL000192,Empresa,Wilson Logística Latam,PA01,México,Mérida,PyME,2017-10-01,2017-08-18,No aplica,Servicios profesionales,445377,Alto,Híbrido,Vigente,0,0
CL000193,Persona,Mateo Pérez Pérez,PA02,Canadá,Winnipeg,Afluente,1992-08-27,2022-10-14,No especificado,No aplica,61877,Bajo,Digital,Vigente,1,0
CL000194,Persona,Sebastián Vargas Morales,PA05,Colombia,Cartagena,Masivo,1963-08-28,2016-09-05,No especificado,No aplica,23113,Bajo,Híbrido,Vigente,1,0
CL000195,Persona,Élodie Rivera Torres,PA01,México,Veracruz,Afluente,1969-10-07,2022-10-09,M,No aplica,93410,Medio,Digital,Vigente,1,0
CL000196,Persona,Noah Tremblay Díaz,PA03,Chile,Puerto Montt,Afluente,1967-01-27,2018-11-10,M,No aplica,108145,Medio,Digital,Vigente,1,0
CL000197,Empresa,Hernández Turismo Group,PA01,México,León,PyME,1987-07-01,2022-07-10,No aplica,Turismo,576858,Alto,Tradicional,Vigente,1,0
CL000198,Persona,Diego Pérez Cruz,PA05,Colombia,Barranquilla,Masivo,1953-07-22,2020-05-29,F,No aplica,14477,Bajo,Tradicional,Vigente,0,0
CL000199,Persona,Olivia Sánchez Gómez,PA02,Canadá,Edmonton,Banca privada,1986-07-07,2020-10-14,No especificado,No aplica,124818,Medio,Tradicional,Vigente,1,0
CL000200,Persona,Emiliano Hernández Tremblay,PA04,Perú,Chiclayo,Banca privada,1963-04-20,2015-11-05,F,No aplica,310264,Bajo,Tradicional,Vigente,1,0
CL000201,Persona,Emma López Flores,PA01,México,Mérida,Masivo,1990-01-15,2021-05-23,F,No aplica,14293,Bajo,Digital,Vigente,1,0
CL000202,Persona,Sofía Ramírez Hernández,PA04,Perú,Chiclayo,Banca privada,2002-01-21,2021-11-09,M,No aplica,125736,Medio,Digital,Vigente,1,0
CL000203,Persona,Lucas Reyes Gómez,PA01,México,Tijuana,Afluente,1969-04-23,2020-12-22,F,No aplica,65126,Bajo,Digital,Por vencer,1,0
CL000204,Persona,Lucía Reyes Gómez,PA01,México,Monterrey,Masivo,1983-12-10,2021-02-18,No especificado,No aplica,11306,Medio,Digital,Vigente,1,0
CL000205,Persona,Olivia Flores Díaz,PA02,Canadá,Québec,Banca privada,1985-05-24,2021-11-15,M,No aplica,232932,Medio,Digital,Vigente,1,0
CL000206,Empresa,Ramírez Salud Group,PA02,Canadá,Halifax,PyME,2000-12-01,2020-01-28,No aplica,Logística,464040,Medio,Digital,Vigente,0,0
CL000207,Persona,Renata Torres Cruz,PA01,México,Puebla,Masivo,1970-09-12,2018-02-28,No especificado,No aplica,15914,Medio,Híbrido,Vigente,0,0
CL000208,Empresa,Tremblay Manufactura Partners,PA02,Canadá,Ottawa,Corporativo,2012-05-01,2017-11-12,No aplica,Servicios profesionales,3407395,Bajo,Híbrido,Vigente,0,0
CL000209,Persona,Mateo Flores Sánchez,PA02,Canadá,Québec,Banca privada,1974-09-05,2017-11-23,No especificado,No aplica,351906,Bajo,Híbrido,Vigente,1,0
CL000210,Persona,Diego Rivera Romero,PA03,Chile,Antofagasta,Masivo,1971-06-10,2015-06-30,No especificado,No aplica,25075,Medio,Digital,Vigente,0,0
CL000211,Persona,Alejandro Smith García,PA03,Chile,Temuco,Afluente,2003-08-07,2022-02-28,No especificado,No aplica,66273,Medio,Híbrido,Vigente,1,0
CL000212,Persona,Santiago Brown Martin,PA04,Perú,Huancayo,Afluente,1978-04-22,2019-11-07,No especificado,No aplica,45096,Medio,Digital,Vigente,1,0
CL000213,Persona,Daniela Martin Flores,PA01,México,León,Masivo,1989-03-01,2020-07-07,M,No aplica,10691,Alto,Híbrido,Vigente,1,0
CL000214,Persona,Gabriel Brown Ramírez,PA03,Chile,Talca,Afluente,1957-08-26,2019-06-16,No especificado,No aplica,93467,Bajo,Digital,Vigente,1,1
CL000215,Persona,Nicolás Vargas Brown,PA03,Chile,Viña del Mar,Masivo,1990-06-25,2018-09-09,M,No aplica,31276,Medio,Tradicional,Vigente,1,0
CL000216,Persona,Nicolás Hernández Romero,PA04,Perú,Cusco,Masivo,1971-01-28,2015-11-23,F,No aplica,18774,Bajo,Tradicional,Vigente,1,0
CL000217,Persona,Nicolás Wilson Martin,PA02,Canadá,Toronto,Afluente,2001-05-11,2015-05-03,M,No aplica,81840,Bajo,Híbrido,Vigente,1,0
CL000218,Persona,Ava Flores Tremblay,PA05,Colombia,Santa Marta,Masivo,1965-11-25,2015-09-21,M,No aplica,20047,Bajo,Híbrido,Vigente,0,0
CL000219,Persona,Nicolás Martínez Reyes,PA04,Perú,Cajamarca,Masivo,1958-02-14,2017-10-01,No especificado,No aplica,27225,Medio,Digital,Vigente,0,0
CL000220,Persona,Sofía Brown Sánchez,PA04,Perú,Lima,Masivo,1968-08-12,2018-12-22,No especificado,No aplica,26562,Bajo,Híbrido,Vigente,1,0
CL000221,Persona,Alejandro Brown Brown,PA05,Colombia,Cartagena,Afluente,1969-01-16,2016-05-01,No especificado,No aplica,60963,Bajo,Digital,Vigente,1,0
CL000222,Persona,Mateo Tremblay Reyes,PA02,Canadá,Halifax,Banca privada,1952-01-27,2018-09-23,No especificado,No aplica,153502,Bajo,Tradicional,Vigente,0,0
CL000223,Persona,Sebastián Sánchez Wilson,PA05,Colombia,Bogotá,Masivo,1993-11-24,2016-09-07,M,No aplica,25148,Medio,Híbrido,Vigente,0,0
CL000224,Empresa,Vargas Agroindustria Latam,PA03,Chile,Viña del Mar,Corporativo,2011-03-01,2021-03-11,No aplica,Tecnología,8930643,Medio,Digital,Vigente,1,0
CL000225,Persona,Samuel Castro Brown,PA05,Colombia,Cartagena,Masivo,1979-09-10,2020-12-14,M,No aplica,26020,Medio,Híbrido,Vigente,1,0
CL000226,Empresa,Martínez Logística S.A.,PA05,Colombia,Santa Marta,Corporativo,2020-10-01,2022-07-16,No aplica,Construcción,3071814,Bajo,Digital,Vigente,0,0
CL000227,Persona,Sebastián Díaz Hernández,PA04,Perú,Arequipa,Masivo,1949-01-23,2019-02-22,No especificado,No aplica,13832,Medio,Tradicional,Vigente,1,0
CL000228,Persona,Emiliano Tremblay Morales,PA01,México,Querétaro,Masivo,1977-01-12,2017-05-28,F,No aplica,21074,Alto,Híbrido,Vigente,0,0
CL000229,Persona,Mariana Pérez Torres,PA01,México,Veracruz,Afluente,1965-09-15,2020-05-16,No especificado,No aplica,65166,Medio,Digital,Por vencer,1,0
CL000230,Persona,Emma Cruz Vargas,PA04,Perú,Tacna,Afluente,1954-11-20,2020-03-09,No especificado,No aplica,86159,Medio,Híbrido,Vigente,0,0
CL000231,Persona,Sofía González Ramírez,PA05,Colombia,Cúcuta,Masivo,1982-08-21,2017-03-15,F,No aplica,13448,Bajo,Híbrido,Vigente,1,0
CL000232,Persona,Sofía Smith Tremblay,PA02,Canadá,Ottawa,Masivo,1958-06-12,2018-10-08,F,No aplica,24425,Bajo,Híbrido,Vigente,1,0
CL000233,Persona,Étienne Ramírez Tremblay,PA01,México,Tijuana,Masivo,1992-04-22,2016-07-12,No especificado,No aplica,27753,Bajo,Digital,Vigente,1,0
CL000234,Persona,Emiliano González Martin,PA05,Colombia,Bogotá,Masivo,1959-12-05,2020-05-17,No especificado,No aplica,10639,Medio,Digital,Vigente,1,0
CL000235,Persona,Lucía Flores Sánchez,PA05,Colombia,Pereira,Banca privada,1965-11-08,2020-12-27,No especificado,No aplica,173898,Alto,Digital,Vigente,1,0
CL000236,Persona,Isabella Smith García,PA01,México,Monterrey,Banca privada,1972-06-21,2017-12-09,No especificado,No aplica,203947,Bajo,Digital,Vigente,1,0
CL000237,Persona,Sofía Ramírez Cruz,PA01,México,Querétaro,Banca privada,1965-01-16,2017-01-08,No especificado,No aplica,264994,Alto,Digital,Vigente,1,0
CL000238,Persona,Santiago Torres Martin,PA03,Chile,Valparaíso,Afluente,1974-12-07,2018-10-19,M,No aplica,77210,Bajo,Híbrido,Vigente,1,0
CL000239,Persona,Daniela Hernández Tremblay,PA04,Perú,Arequipa,Masivo,1982-04-14,2018-11-02,No especificado,No aplica,14974,Medio,Híbrido,Vigente,0,0
CL000240,Persona,Sofía González Wilson,PA05,Colombia,Santa Marta,Masivo,1976-10-20,2022-08-30,No especificado,No aplica,28438,Bajo,Híbrido,Vigente,1,0
CL000241,Persona,Ava Torres Romero,PA02,Canadá,Québec,Afluente,1999-02-10,2020-08-25,M,No aplica,86949,Bajo,Digital,Vigente,1,0
CL000242,Persona,Lucas Smith López,PA05,Colombia,Santa Marta,Masivo,1977-02-28,2016-08-09,M,No aplica,18983,Bajo,Digital,Vigente,1,0
CL000243,Persona,Mariana Martin Martínez,PA05,Colombia,Bogotá,Banca privada,1992-11-25,2016-09-22,M,No aplica,359804,Medio,Híbrido,Vigente,1,0
CL000244,Persona,Mariana Flores González,PA05,Colombia,Pereira,Afluente,1979-03-13,2022-03-31,F,No aplica,37411,Bajo,Híbrido,Vigente,0,0
CL000245,Persona,Gabriel Hernández Morales,PA05,Colombia,Cúcuta,Afluente,1990-01-18,2018-07-07,F,No aplica,72949,Medio,Híbrido,Vigente,0,0
CL000246,Persona,Camila Smith Pérez,PA05,Colombia,Pereira,Banca privada,1977-01-06,2019-02-27,F,No aplica,263030,Medio,Híbrido,Vencido,0,0
CL000247,Persona,Gabriel Brown Martin,PA01,México,Guadalajara,Afluente,1952-04-04,2021-12-03,No especificado,No aplica,63676,Bajo,Digital,Vigente,1,0
CL000248,Persona,Santiago Smith Romero,PA05,Colombia,Manizales,Afluente,1972-04-07,2022-06-14,M,No aplica,40619,Bajo,Digital,Vigente,1,0
CL000249,Persona,Lucía Rodríguez Brown,PA02,Canadá,Toronto,Masivo,1978-12-10,2018-09-28,No especificado,No aplica,18567,Alto,Digital,Vigente,1,0
CL000250,Persona,Mateo Rivera Torres,PA03,Chile,Concepción,Afluente,1957-11-13,2018-08-11,No especificado,No aplica,60976,Medio,Digital,Vigente,0,0
CL000251,Persona,Nicolás López López,PA05,Colombia,Bucaramanga,Masivo,1949-11-25,2019-01-18,F,No aplica,12071,Medio,Híbrido,Vigente,1,0
CL000252,Persona,Emma Brown García,PA05,Colombia,Bogotá,Masivo,1970-12-25,2019-01-16,M,No aplica,30252,Alto,Híbrido,Vigente,0,0
CL000253,Persona,Ava Pérez Cruz,PA04,Perú,Cusco,Masivo,1972-10-26,2020-01-22,M,No aplica,13159,Bajo,Tradicional,Vigente,0,0
CL000254,Persona,Emiliano Cruz Morales,PA05,Colombia,Barranquilla,Masivo,1981-04-24,2019-12-13,M,No aplica,22490,Bajo,Híbrido,Vigente,0,0
CL000255,Persona,Renata Díaz Wilson,PA03,Chile,Puerto Montt,Masivo,1986-12-25,2015-08-21,No especificado,No aplica,25503,Alto,Híbrido,Vigente,0,0
CL000256,Persona,Gabriel López Ramírez,PA03,Chile,Viña del Mar,Afluente,1974-06-11,2022-01-02,M,No aplica,52550,Medio,Híbrido,Vigente,1,0
CL000257,Persona,Martina López Díaz,PA03,Chile,Antofagasta,Masivo,1998-03-28,2018-02-04,M,No aplica,13089,Medio,Tradicional,Vigente,1,0
CL000258,Persona,Mateo Castro Martínez,PA03,Chile,Rancagua,Masivo,1959-08-18,2017-03-03,F,No aplica,17132,Medio,Digital,Vigente,1,0
CL000259,Persona,Noah Cruz Castro,PA01,México,Tijuana,Afluente,1955-10-28,2018-02-15,No especificado,No aplica,96504,Bajo,Híbrido,Vigente,0,0
CL000260,Persona,Mariana Cruz López,PA05,Colombia,Santa Marta,Afluente,1960-02-14,2021-12-11,M,No aplica,99680,Medio,Híbrido,Vigente,0,0
CL000261,Persona,Liam Hernández Rivera,PA04,Perú,Tacna,Masivo,1970-07-24,2017-05-09,F,No aplica,21631,Bajo,Híbrido,Vigente,0,0
CL000262,Persona,Noah Wilson Morales,PA04,Perú,Chiclayo,Masivo,1981-02-15,2022-04-16,F,No aplica,22382,Medio,Híbrido,Vigente,1,0
CL000263,Persona,Noah Pérez Gómez,PA04,Perú,Arequipa,Masivo,1977-10-06,2021-05-06,M,No aplica,15865,Bajo,Híbrido,Vigente,0,1
CL000264,Persona,Gabriel Tremblay Smith,PA04,Perú,Lima,Afluente,2001-08-24,2016-11-23,M,No aplica,103360,Bajo,Híbrido,Vigente,0,0
CL000265,Persona,Valentina Brown Hernández,PA05,Colombia,Cúcuta,Afluente,1959-01-07,2021-10-09,F,No aplica,50143,Medio,Digital,Vigente,0,0
CL000266,Persona,Renata Rodríguez Martínez,PA05,Colombia,Bucaramanga,Masivo,1978-11-02,2019-06-09,No especificado,No aplica,15169,Alto,Híbrido,Vigente,1,0
CL000267,Persona,Isabella Flores Martin,PA01,México,León,Afluente,1969-03-04,2022-02-04,M,No aplica,73445,Medio,Tradicional,Vigente,0,0
CL000268,Persona,Mateo Ramírez Torres,PA02,Canadá,Ottawa,Masivo,1993-12-13,2017-08-09,M,No aplica,19975,Bajo,Híbrido,Vigente,0,0
CL000269,Persona,Mariana Gómez Cruz,PA04,Perú,Huancayo,Afluente,1963-09-01,2019-08-05,No especificado,No aplica,41516,Alto,Híbrido,Vigente,1,0
CL000270,Empresa,Díaz Educación Group,PA04,Perú,Lima,Corporativo,1995-01-01,2019-03-02,No aplica,Turismo,5941668,Bajo,Tradicional,Vigente,1,0
CL000271,Persona,Sebastián Rivera Rivera,PA05,Colombia,Bucaramanga,Afluente,1966-11-07,2015-07-16,No especificado,No aplica,103109,Bajo,Híbrido,Vigente,1,0
CL000272,Persona,Lucía Brown Morales,PA02,Canadá,Ottawa,Afluente,1984-02-09,2021-03-27,F,No aplica,92546,Bajo,Digital,Vigente,1,0
CL000273,Persona,Samuel Brown Morales,PA03,Chile,Santiago,Masivo,1962-05-10,2017-02-05,M,No aplica,15473,Medio,Híbrido,Vigente,1,0
CL000274,Empresa,González Turismo S.A.,PA05,Colombia,Medellín,PyME,1997-07-01,2017-05-13,No aplica,Logística,577516,Bajo,Híbrido,Vigente,1,0
CL000275,Persona,Diego Castro Martínez,PA03,Chile,Santiago,Afluente,1954-01-07,2018-07-13,No especificado,No aplica,65727,Medio,Híbrido,Vigente,1,0
CL000276,Empresa,González Comercio Partners,PA03,Chile,Concepción,PyME,1981-02-01,2021-06-19,No aplica,Servicios profesionales,390795,Bajo,Tradicional,Vigente,0,0
CL000277,Persona,Gabriel Martínez Morales,PA01,México,Monterrey,Masivo,1996-09-19,2017-04-24,No especificado,No aplica,17305,Bajo,Híbrido,Vigente,0,0
CL000278,Persona,Daniela Pérez Cruz,PA01,México,Mérida,Afluente,1951-11-24,2018-07-13,M,No aplica,62506,Alto,Híbrido,Vigente,0,0
CL000279,Persona,Daniela Castro Rodríguez,PA04,Perú,Trujillo,Afluente,1978-01-10,2019-03-07,M,No aplica,53913,Bajo,Digital,Por vencer,1,0
CL000280,Persona,Olivia Vargas Ramírez,PA05,Colombia,Santa Marta,Afluente,1978-01-09,2022-10-30,No especificado,No aplica,41619,Medio,Híbrido,Vigente,1,0
CL000281,Persona,Sebastián Cruz Torres,PA03,Chile,La Serena,Afluente,1948-02-17,2019-07-12,F,No aplica,91514,Bajo,Híbrido,Vigente,0,0
CL000282,Persona,Mariana Torres Smith,PA03,Chile,Santiago,Masivo,1975-06-09,2021-12-30,M,No aplica,24464,Medio,Híbrido,Vigente,1,0
CL000283,Persona,Valentina Wilson Ramírez,PA01,México,León,Afluente,1980-11-07,2019-08-06,No especificado,No aplica,41208,Medio,Híbrido,Vigente,0,0
CL000284,Persona,Élodie Tremblay Wilson,PA02,Canadá,Edmonton,Masivo,1964-05-26,2018-01-19,No especificado,No aplica,29732,Alto,Híbrido,Vigente,0,0
CL000285,Persona,Noah Romero Flores,PA02,Canadá,Mississauga,Afluente,1973-08-05,2021-06-14,No especificado,No aplica,106057,Medio,Digital,Vigente,1,0
CL000286,Persona,Étienne Martin González,PA03,Chile,Santiago,Banca privada,1997-05-20,2020-08-27,F,No aplica,242992,Medio,Tradicional,Vigente,0,0
CL000287,Persona,Gabriel Morales Romero,PA03,Chile,Concepción,Masivo,1985-04-25,2016-10-27,No especificado,No aplica,25478,Medio,Híbrido,Vigente,0,0
CL000288,Empresa,Rivera Turismo Partners,PA04,Perú,Tacna,Corporativo,2014-07-01,2019-10-07,No aplica,Educación,2268028,Bajo,Digital,Vigente,0,0
CL000289,Persona,Élodie Flores Tremblay,PA03,Chile,Rancagua,Afluente,1950-07-18,2022-01-15,No especificado,No aplica,77878,Medio,Híbrido,Vigente,1,0
CL000290,Persona,Emiliano Sánchez Ramírez,PA03,Chile,La Serena,Banca privada,1953-10-01,2019-01-29,No especificado,No aplica,366440,Medio,Híbrido,Vigente,0,0
CL000291,Persona,Mateo Castro Flores,PA04,Perú,Piura,Masivo,1993-04-01,2022-03-05,No especificado,No aplica,29419,Bajo,Híbrido,Vigente,0,0
CL000292,Persona,Isabella Brown Smith,PA02,Canadá,Mississauga,Banca privada,1958-08-18,2022-05-12,M,No aplica,335793,Bajo,Digital,Vigente,1,0
CL000293,Persona,Samuel Gómez Díaz,PA02,Canadá,Québec,Masivo,1970-01-12,2016-06-19,F,No aplica,12656,Alto,Digital,Vigente,0,1
CL000294,Persona,Élodie Torres García,PA03,Chile,Puerto Montt,Masivo,1989-05-16,2020-12-26,No especificado,No aplica,17585,Alto,Digital,Vigente,1,0
CL000295,Persona,Liam Morales Reyes,PA01,México,León,Afluente,1964-07-25,2016-02-07,M,No aplica,75202,Medio,Híbrido,Vigente,1,0
CL000296,Persona,Isabella Rodríguez Sánchez,PA03,Chile,La Serena,Masivo,1963-05-07,2016-11-19,F,No aplica,16097,Medio,Híbrido,Vigente,1,0
CL000297,Persona,Lucía Vargas Hernández,PA03,Chile,Puerto Montt,Afluente,1960-09-12,2018-09-23,F,No aplica,81514,Bajo,Híbrido,Vigente,1,0
CL000298,Persona,Santiago Reyes López,PA05,Colombia,Santa Marta,Masivo,1985-04-05,2015-12-19,M,No aplica,29925,Bajo,Tradicional,Vigente,1,0
CL000299,Persona,Lucas Brown Pérez,PA05,Colombia,Cartagena,Masivo,1984-03-27,2018-01-29,No especificado,No aplica,11414,Bajo,Híbrido,Vigente,1,0
CL000300,Persona,Sebastián Hernández García,PA03,Chile,Antofagasta,Masivo,1977-05-13,2017-04-05,No especificado,No aplica,28222,Alto,Digital,Vigente,1,0
CL000301,Persona,Sebastián Tremblay Gómez,PA05,Colombia,Cali,Afluente,2000-01-28,2020-04-09,M,No aplica,84094,Alto,Digital,Vigente,1,0
CL000302,Persona,Nicolás Hernández Hernández,PA02,Canadá,Québec,Masivo,1995-05-28,2019-10-26,M,No aplica,30434,Medio,Híbrido,Vigente,0,0
CL000303,Persona,Sebastián Martínez Ramírez,PA01,México,Ciudad de México,Afluente,1949-11-10,2021-03-22,F,No aplica,45815,Bajo,Digital,Vigente,0,0
CL000304,Persona,Daniela Gómez Morales,PA05,Colombia,Medellín,Masivo,1976-11-24,2015-06-10,No especificado,No aplica,17838,Medio,Digital,Vigente,1,1
CL000305,Persona,Noah Flores Tremblay,PA05,Colombia,Manizales,Afluente,2002-11-11,2017-10-15,F,No aplica,68140,Medio,Híbrido,Vigente,1,0
CL000306,Persona,Alejandro Vargas Martínez,PA03,Chile,Valparaíso,Masivo,1999-08-07,2020-02-09,F,No aplica,15446,Medio,Digital,Vigente,1,0
CL000307,Empresa,Tremblay Logística Partners,PA01,México,Mérida,PyME,1982-03-01,2018-11-08,No aplica,Agroindustria,439325,Bajo,Tradicional,Vigente,1,0
CL000308,Persona,Daniela Torres López,PA04,Perú,Huancayo,Banca privada,2003-09-14,2018-12-18,No especificado,No aplica,329771,Alto,Híbrido,Vigente,1,0
CL000309,Persona,Alejandro Sánchez Martin,PA05,Colombia,Pereira,Banca privada,1976-12-16,2021-12-02,No especificado,No aplica,359800,Medio,Híbrido,Vigente,0,0
CL000310,Persona,Lucas Torres Pérez,PA05,Colombia,Bogotá,Afluente,1981-02-04,2020-06-10,M,No aplica,92189,Bajo,Tradicional,Vigente,0,0
CL000311,Persona,Gabriel Flores Hernández,PA05,Colombia,Pereira,Masivo,1984-04-17,2016-01-08,F,No aplica,12939,Medio,Digital,Vigente,0,0
CL000312,Persona,Mariana Sánchez Rodríguez,PA01,México,Querétaro,Masivo,1987-01-11,2017-01-10,F,No aplica,18365,Bajo,Híbrido,Vigente,1,0
CL000313,Persona,Mariana Romero Vargas,PA02,Canadá,Mississauga,Masivo,1962-11-16,2017-06-05,M,No aplica,12003,Alto,Híbrido,Vigente,1,0
CL000314,Persona,Isabella Martínez García,PA05,Colombia,Santa Marta,Masivo,1971-10-11,2019-02-20,M,No aplica,15984,Bajo,Digital,Vigente,1,0
CL000315,Persona,Daniela Cruz González,PA01,México,Mérida,Afluente,1975-04-13,2017-08-04,M,No aplica,80488,Bajo,Híbrido,Vigente,1,0
CL000316,Persona,Daniela Torres López,PA04,Perú,Piura,Masivo,1971-01-25,2017-07-19,F,No aplica,29961,Alto,Digital,Vigente,0,1
CL000317,Persona,Renata Ramírez Martin,PA01,México,Mérida,Masivo,1993-04-21,2020-03-05,No especificado,No aplica,14819,Alto,Digital,Vigente,0,0
CL000318,Persona,Renata Pérez Flores,PA03,Chile,Concepción,Masivo,1971-11-07,2018-03-19,F,No aplica,16886,Medio,Tradicional,Vigente,1,0
CL000319,Persona,Daniela Romero Vargas,PA05,Colombia,Bogotá,Masivo,1971-02-02,2021-09-11,M,No aplica,10373,Medio,Digital,Vigente,1,0
CL000320,Persona,Mateo Díaz García,PA01,México,Ciudad de México,Masivo,1953-10-19,2022-09-11,M,No aplica,30057,Bajo,Tradicional,Vigente,1,0
CL000321,Persona,Étienne Pérez Morales,PA05,Colombia,Manizales,Masivo,1960-05-21,2017-02-28,F,No aplica,10584,Bajo,Tradicional,Vigente,0,0
CL000322,Persona,Liam Sánchez Martínez,PA02,Canadá,Ottawa,Afluente,2000-04-28,2017-12-11,F,No aplica,69974,Bajo,Digital,Vigente,1,0
CL000323,Persona,Alejandro González Hernández,PA04,Perú,Cusco,Banca privada,1962-11-10,2019-04-01,F,No aplica,297545,Alto,Híbrido,Vigente,1,0
CL000324,Persona,Diego Vargas Martin,PA01,México,Veracruz,Masivo,1962-08-02,2019-11-24,F,No aplica,26024,Bajo,Tradicional,Vigente,0,0
CL000325,Persona,Lucía Torres Castro,PA02,Canadá,Ottawa,Banca privada,1956-09-23,2017-12-11,F,No aplica,218014,Bajo,Digital,Vigente,0,0
CL000326,Persona,Élodie Castro Sánchez,PA04,Perú,Tacna,Masivo,1953-02-16,2022-06-08,F,No aplica,22117,Alto,Híbrido,Vigente,0,0
CL000327,Empresa,Martin Servicios profesionales Group,PA01,México,Guadalajara,PyME,2012-03-01,2021-06-06,No aplica,Manufactura,694858,Bajo,Tradicional,Vigente,0,0
CL000328,Empresa,Gómez Educación Latam,PA05,Colombia,Santa Marta,PyME,1986-08-01,2016-08-16,No aplica,Agroindustria,320039,Medio,Tradicional,Vigente,0,0
CL000329,Persona,Daniela López Rivera,PA04,Perú,Cusco,Banca privada,1993-05-14,2016-08-07,M,No aplica,119771,Medio,Híbrido,Vigente,1,0
CL000330,Persona,Renata Torres Cruz,PA01,México,Toluca,Banca privada,1957-05-02,2016-11-11,F,No aplica,308011,Bajo,Híbrido,Vigente,0,0
CL000331,Persona,Noah Sánchez López,PA02,Canadá,Ottawa,Masivo,1957-03-15,2020-05-30,F,No aplica,24772,Medio,Híbrido,Vigente,1,0
CL000332,Persona,Isabella Vargas Gómez,PA03,Chile,La Serena,Afluente,1999-01-25,2018-08-22,No especificado,No aplica,88786,Medio,Digital,Vigente,1,0
CL000333,Persona,Lucas Hernández Rodríguez,PA02,Canadá,Halifax,Banca privada,1956-08-05,2017-10-03,No especificado,No aplica,306907,Medio,Híbrido,Vigente,1,0
CL000334,Persona,Renata López Vargas,PA04,Perú,Cusco,Banca privada,1965-07-20,2022-11-28,F,No aplica,195874,Medio,Digital,Vigente,1,0
CL000335,Persona,Nicolás Hernández Castro,PA01,México,Veracruz,Masivo,1952-01-22,2020-08-11,M,No aplica,22747,Medio,Híbrido,Vigente,1,0
CL000336,Persona,Liam Pérez Romero,PA01,México,Tijuana,Afluente,1958-07-01,2019-06-13,M,No aplica,99914,Medio,Tradicional,Vigente,1,0
CL000337,Persona,Liam Flores Reyes,PA03,Chile,Valparaíso,Afluente,1983-01-18,2017-10-24,No especificado,No aplica,51351,Alto,Digital,Vigente,0,0
CL000338,Persona,Étienne Ramírez Martínez,PA03,Chile,Temuco,Banca privada,1997-06-20,2022-04-21,No especificado,No aplica,293045,Bajo,Híbrido,Vigente,1,0
CL000339,Persona,Lucas Romero López,PA01,México,Tijuana,Masivo,1967-04-21,2022-04-23,M,No aplica,30987,Bajo,Híbrido,Vigente,1,0
CL000340,Persona,Liam García Vargas,PA04,Perú,Iquitos,Afluente,1980-08-05,2021-05-04,F,No aplica,61254,Medio,Digital,Vigente,1,0
CL000341,Persona,Mateo Pérez Vargas,PA05,Colombia,Manizales,Masivo,1956-08-16,2022-03-27,F,No aplica,21354,Alto,Tradicional,Vigente,1,0
CL000342,Persona,Alejandro Vargas Sánchez,PA02,Canadá,Edmonton,Banca privada,1966-12-09,2021-02-09,No especificado,No aplica,291863,Medio,Tradicional,Vigente,1,0
CL000343,Empresa,Wilson Educación Group,PA04,Perú,Lima,Corporativo,1998-01-01,2020-11-29,No aplica,Educación,3299653,Medio,Digital,Vigente,0,0
CL000344,Persona,Olivia Torres Cruz,PA01,México,Veracruz,Afluente,1989-09-22,2019-03-11,F,No aplica,44936,Medio,Digital,Vigente,0,0
CL000345,Persona,Lucas Cruz López,PA04,Perú,Lima,Banca privada,1955-01-17,2016-06-07,F,No aplica,144289,Bajo,Tradicional,Vigente,0,0
CL000346,Persona,Ava Hernández Díaz,PA04,Perú,Piura,Masivo,1977-03-08,2018-08-19,F,No aplica,30109,Medio,Híbrido,Vigente,1,0
CL000347,Empresa,Vargas Educación Partners,PA05,Colombia,Santa Marta,PyME,2020-02-01,2016-09-07,No aplica,Salud,632226,Bajo,Digital,Vigente,0,0
CL000348,Persona,Mateo Hernández Reyes,PA03,Chile,Talca,Afluente,1986-08-23,2020-10-17,No especificado,No aplica,46779,Medio,Híbrido,Vigente,1,0
CL000349,Persona,Lucas Vargas Castro,PA02,Canadá,Vancouver,Masivo,1992-12-22,2021-05-22,F,No aplica,14994,Bajo,Tradicional,Vigente,0,0
CL000350,Persona,Mariana Sánchez Smith,PA05,Colombia,Bogotá,Masivo,1968-10-23,2020-06-30,F,No aplica,25870,Bajo,Tradicional,Vigente,1,0
CL000351,Persona,Étienne Cruz Torres,PA01,México,Mérida,Masivo,1978-05-26,2018-12-22,No especificado,No aplica,13908,Alto,Híbrido,Vigente,1,0
CL000352,Persona,Emma Martin Wilson,PA05,Colombia,Bucaramanga,Afluente,2001-07-26,2018-04-30,F,No aplica,99194,Medio,Tradicional,Vigente,0,0
CL000353,Persona,Santiago Martínez González,PA02,Canadá,Mississauga,Masivo,1960-01-23,2018-10-03,M,No aplica,31441,Medio,Híbrido,Vigente,0,0
CL000354,Persona,Mateo López Vargas,PA05,Colombia,Bogotá,Afluente,1956-03-19,2015-06-24,F,No aplica,41719,Alto,Híbrido,Vigente,1,0
CL000355,Persona,Emiliano Reyes Morales,PA01,México,Mérida,Masivo,1980-06-05,2016-07-23,M,No aplica,23947,Bajo,Digital,Vigente,1,0
CL000356,Persona,Olivia Díaz Gómez,PA04,Perú,Tacna,Afluente,1981-04-15,2018-12-22,No especificado,No aplica,108479,Alto,Tradicional,Vigente,1,0
CL000357,Persona,Sofía Martin Smith,PA01,México,Ciudad de México,Masivo,1980-09-20,2017-03-20,No especificado,No aplica,20522,Bajo,Híbrido,Vigente,1,0
CL000358,Persona,Ava Díaz Martin,PA02,Canadá,Ottawa,Masivo,1953-08-11,2021-01-03,F,No aplica,20555,Medio,Tradicional,Vigente,0,0
CL000359,Empresa,Gómez Servicios profesionales Group,PA03,Chile,Valparaíso,PyME,2004-06-01,2018-05-31,No aplica,Agroindustria,576517,Medio,Híbrido,Vigente,1,0
CL000360,Persona,Camila Díaz Romero,PA01,México,Querétaro,Afluente,1978-03-19,2018-09-01,M,No aplica,60367,Medio,Híbrido,Vigente,0,0
CL000361,Persona,Renata Romero Cruz,PA05,Colombia,Cartagena,Afluente,2002-10-23,2017-06-22,No especificado,No aplica,75531,Bajo,Híbrido,Vigente,0,0
CL000362,Persona,Sofía Sánchez García,PA01,México,Monterrey,Masivo,1983-02-13,2019-10-20,F,No aplica,25475,Medio,Tradicional,Vigente,1,0
CL000363,Persona,Samuel Rodríguez Rivera,PA01,México,Monterrey,Afluente,1948-01-18,2016-01-06,F,No aplica,50184,Alto,Digital,Vigente,1,0
CL000364,Persona,Sofía Flores Ramírez,PA04,Perú,Huancayo,Banca privada,1981-08-05,2020-06-17,M,No aplica,271286,Bajo,Tradicional,Vigente,1,0
CL000365,Persona,Martina Smith Vargas,PA05,Colombia,Cartagena,Afluente,1995-02-04,2022-02-25,M,No aplica,44717,Bajo,Tradicional,Vigente,1,0
CL000366,Persona,Lucía Pérez Reyes,PA01,México,Puebla,Masivo,1993-05-03,2022-03-19,No especificado,No aplica,11276,Bajo,Tradicional,Vigente,1,0
CL000367,Persona,Noah López Hernández,PA02,Canadá,Winnipeg,Masivo,1960-08-03,2019-10-12,F,No aplica,11597,Bajo,Digital,Vigente,0,0
CL000368,Persona,Noah Rivera Vargas,PA04,Perú,Arequipa,Afluente,1979-11-27,2021-12-12,F,No aplica,68905,Medio,Digital,Vigente,0,0
CL000369,Persona,Noah Tremblay Tremblay,PA02,Canadá,Halifax,Banca privada,1971-01-11,2018-10-08,M,No aplica,352837,Bajo,Digital,Vigente,1,0
CL000370,Persona,Étienne Vargas Flores,PA01,México,Monterrey,Masivo,1980-10-26,2017-04-20,No especificado,No aplica,24310,Medio,Digital,Vigente,0,0
CL000371,Persona,Ava Flores García,PA03,Chile,Puerto Montt,Masivo,1976-02-07,2019-05-07,M,No aplica,26362,Medio,Tradicional,Vigente,1,0
CL000372,Persona,Lucía Wilson Hernández,PA03,Chile,Concepción,Afluente,2003-09-23,2016-06-19,M,No aplica,80752,Bajo,Digital,Vigente,0,0
CL000373,Persona,Ava Gómez Smith,PA05,Colombia,Manizales,Afluente,1965-01-13,2021-07-15,M,No aplica,78084,Bajo,Digital,Vigente,0,0
CL000374,Persona,Valentina Martin Romero,PA01,México,Puebla,Masivo,2003-05-16,2018-01-26,No especificado,No aplica,24367,Alto,Tradicional,Vigente,1,0
CL000375,Persona,Camila Rodríguez Castro,PA05,Colombia,Santa Marta,Masivo,1954-02-25,2019-11-06,F,No aplica,16710,Medio,Tradicional,Vigente,0,0
CL000376,Persona,Sebastián Cruz Brown,PA04,Perú,Trujillo,Masivo,1966-06-10,2018-05-05,M,No aplica,25822,Bajo,Tradicional,Vigente,1,0
CL000377,Persona,Mariana Romero Martínez,PA02,Canadá,Toronto,Masivo,1995-05-19,2015-10-09,F,No aplica,17952,Alto,Digital,Vigente,1,0
CL000378,Persona,Samuel Díaz García,PA01,México,Tijuana,Banca privada,1965-04-03,2019-03-16,M,No aplica,358173,Bajo,Digital,Vigente,1,0
CL000379,Persona,Lucía Sánchez Martin,PA02,Canadá,Montreal,Masivo,1973-10-25,2019-01-07,M,No aplica,18844,Medio,Digital,Por vencer,0,1
CL000380,Empresa,Gómez Manufactura S.A.,PA05,Colombia,Cali,Corporativo,2000-04-01,2018-04-22,No aplica,Servicios profesionales,3226943,Bajo,Híbrido,Vigente,1,0
CL000381,Persona,Emma Hernández Gómez,PA03,Chile,Temuco,Masivo,1955-09-08,2020-01-16,M,No aplica,26158,Medio,Híbrido,Vigente,0,0
CL000382,Persona,Mariana Smith Díaz,PA05,Colombia,Cali,Masivo,1967-06-02,2020-05-11,F,No aplica,30453,Alto,Híbrido,Vigente,1,0
CL000383,Persona,Liam Smith Gómez,PA03,Chile,Concepción,Afluente,1949-09-03,2019-05-01,No especificado,No aplica,60216,Bajo,Digital,Vigente,1,1
CL000384,Persona,Diego Rivera Martínez,PA01,México,Puebla,Afluente,1978-06-10,2018-01-09,F,No aplica,70422,Bajo,Híbrido,Vigente,1,0
CL000385,Persona,Samuel Rivera Castro,PA05,Colombia,Pereira,Banca privada,1975-01-05,2021-06-01,No especificado,No aplica,336721,Alto,Digital,Vigente,0,0
CL000386,Persona,Lucía González Hernández,PA02,Canadá,Halifax,Masivo,1997-12-18,2021-04-03,M,No aplica,12483,Bajo,Híbrido,Vigente,1,0
CL000387,Persona,Valentina Rodríguez Cruz,PA04,Perú,Iquitos,Banca privada,2003-05-22,2015-09-16,No especificado,No aplica,211340,Medio,Tradicional,Vigente,1,0
CL000388,Persona,Élodie Hernández García,PA01,México,Mérida,Afluente,1963-12-12,2018-06-07,No especificado,No aplica,106059,Medio,Digital,Vigente,1,0
CL000389,Persona,Lucía Castro Romero,PA04,Perú,Cajamarca,Masivo,1997-06-14,2022-05-29,F,No aplica,12941,Alto,Tradicional,Por vencer,1,0
CL000390,Persona,Mariana Romero Díaz,PA02,Canadá,Vancouver,Masivo,1985-01-01,2017-08-12,No especificado,No aplica,14485,Bajo,Digital,Vigente,0,0
CL000391,Persona,Diego González Hernández,PA01,México,Toluca,Afluente,1990-01-18,2017-12-17,F,No aplica,67221,Medio,Digital,Vigente,1,0
CL000392,Persona,Emiliano Díaz Martínez,PA05,Colombia,Bogotá,Masivo,1960-01-03,2016-05-26,M,No aplica,25282,Medio,Tradicional,Vigente,1,0
CL000393,Persona,Lucas Rivera López,PA05,Colombia,Santa Marta,Afluente,1961-06-15,2021-08-17,F,No aplica,46241,Bajo,Híbrido,Vigente,0,0
CL000394,Persona,Santiago Gómez Tremblay,PA03,Chile,Concepción,Masivo,1974-03-06,2015-05-31,M,No aplica,21120,Bajo,Digital,Vigente,0,0
CL000395,Persona,Samuel Cruz Cruz,PA02,Canadá,Ottawa,Afluente,1959-06-28,2021-02-28,No especificado,No aplica,94601,Medio,Digital,Vigente,0,0
CL000396,Persona,Isabella Castro Morales,PA05,Colombia,Bogotá,Masivo,1967-10-19,2016-09-26,M,No aplica,10044,Medio,Híbrido,Vigente,1,0
CL000397,Persona,Alejandro Romero Torres,PA01,México,Veracruz,Masivo,1993-09-24,2016-05-25,No especificado,No aplica,12732,Medio,Tradicional,Vigente,0,0
CL000398,Persona,Diego Romero Wilson,PA03,Chile,Rancagua,Masivo,1957-06-18,2022-01-06,M,No aplica,23944,Alto,Tradicional,Vigente,0,0
CL000399,Persona,Gabriel González Hernández,PA05,Colombia,Santa Marta,Afluente,1949-09-21,2016-01-22,M,No aplica,81249,Alto,Híbrido,Vigente,0,0
CL000400,Persona,Sebastián Torres Sánchez,PA05,Colombia,Cartagena,Masivo,1971-09-19,2021-11-26,F,No aplica,25288,Bajo,Híbrido,Vigente,1,0
CL000401,Persona,Ava Gómez Wilson,PA04,Perú,Cusco,Masivo,1977-06-21,2020-09-26,F,No aplica,24115,Bajo,Híbrido,Vigente,0,0
CL000402,Persona,Emiliano Morales López,PA01,México,Toluca,Masivo,1963-02-08,2020-08-09,M,No aplica,28143,Medio,Digital,Vigente,1,0
CL000403,Persona,Emma Díaz Romero,PA03,Chile,Concepción,Masivo,1998-08-10,2016-10-20,No especificado,No aplica,26256,Bajo,Tradicional,Vigente,1,0
CL000404,Persona,Sofía Rodríguez Vargas,PA02,Canadá,Mississauga,Masivo,1998-08-09,2017-01-17,No especificado,No aplica,18056,Alto,Híbrido,Vigente,1,0
CL000405,Empresa,Flores Agroindustria Latam,PA03,Chile,Valparaíso,PyME,1994-05-01,2020-07-23,No aplica,Logística,614901,Bajo,Híbrido,Vigente,1,0
CL000406,Persona,Lucía Tremblay Cruz,PA02,Canadá,Vancouver,Masivo,1991-04-11,2016-11-12,F,No aplica,29334,Bajo,Tradicional,Vigente,1,0
CL000407,Persona,Élodie Martin Flores,PA05,Colombia,Manizales,Banca privada,1968-08-14,2019-04-30,F,No aplica,130337,Medio,Híbrido,Vigente,1,0
CL000408,Persona,Lucas López Brown,PA05,Colombia,Cartagena,Afluente,1953-09-25,2020-12-29,No especificado,No aplica,44333,Medio,Híbrido,Vigente,1,0
CL000409,Persona,Sofía García Castro,PA02,Canadá,Toronto,Afluente,1948-01-06,2015-12-18,F,No aplica,74496,Medio,Digital,Vigente,0,0
CL000410,Empresa,Smith Tecnología Latam,PA04,Perú,Chiclayo,PyME,2007-03-01,2019-02-15,No aplica,Logística,591407,Medio,Híbrido,Vigente,0,0
CL000411,Persona,Élodie Rivera Cruz,PA01,México,Ciudad de México,Banca privada,1965-12-22,2021-03-17,F,No aplica,187982,Bajo,Digital,Vigente,0,0
CL000412,Persona,Olivia Martínez Pérez,PA03,Chile,Concepción,Afluente,1992-11-03,2016-05-15,M,No aplica,107335,Bajo,Digital,Vigente,0,0
CL000413,Empresa,Wilson Agroindustria Latam,PA01,México,Guadalajara,PyME,2006-06-01,2021-10-15,No aplica,Tecnología,519632,Medio,Híbrido,Vigente,0,0
CL000414,Persona,Étienne Brown Martínez,PA01,México,Ciudad de México,Afluente,1962-09-24,2017-01-28,No especificado,No aplica,68937,Alto,Híbrido,Vigente,1,0
CL000415,Persona,Martina González Reyes,PA03,Chile,Concepción,Masivo,2001-10-09,2021-10-11,F,No aplica,16574,Bajo,Digital,Vigente,1,0
CL000416,Persona,Lucía Vargas Sánchez,PA02,Canadá,Calgary,Masivo,1990-04-18,2017-02-13,No especificado,No aplica,16403,Medio,Híbrido,Vigente,1,0
CL000417,Persona,Valentina Romero Torres,PA03,Chile,Rancagua,Masivo,1969-12-23,2019-06-06,No especificado,No aplica,29735,Bajo,Híbrido,Vigente,0,1
CL000418,Persona,Camila Castro García,PA03,Chile,Antofagasta,Afluente,1952-02-27,2018-03-15,M,No aplica,43091,Medio,Híbrido,Vigente,1,0
CL000419,Persona,Mariana Martin Reyes,PA04,Perú,Lima,Masivo,1953-07-21,2016-10-08,M,No aplica,31406,Bajo,Híbrido,Vigente,1,0
CL000420,Persona,Diego López Flores,PA03,Chile,Temuco,Afluente,1999-11-09,2022-09-29,F,No aplica,75336,Medio,Híbrido,Vigente,0,0
CL000421,Empresa,Hernández Turismo S.A.,PA05,Colombia,Medellín,Corporativo,1981-03-01,2015-12-09,No aplica,Servicios profesionales,6317588,Bajo,Híbrido,Vigente,0,0
CL000422,Persona,Samuel Reyes Rodríguez,PA01,México,León,Afluente,1955-09-01,2019-05-12,No especificado,No aplica,45624,Medio,Digital,Vigente,1,0
CL000423,Persona,Sofía Morales Sánchez,PA05,Colombia,Cúcuta,Masivo,2000-12-16,2017-07-11,F,No aplica,16081,Bajo,Digital,Vigente,1,0
CL000424,Persona,Élodie Martin López,PA03,Chile,Santiago,Masivo,1987-02-03,2019-09-02,No especificado,No aplica,19665,Bajo,Híbrido,Vigente,0,0
CL000425,Persona,Alejandro Reyes Tremblay,PA05,Colombia,Bucaramanga,Banca privada,1981-08-03,2015-05-12,No especificado,No aplica,146593,Bajo,Híbrido,Vigente,0,0
CL000426,Persona,Samuel Smith Rivera,PA02,Canadá,Ottawa,Masivo,1980-12-18,2021-03-10,M,No aplica,22468,Medio,Híbrido,Por vencer,1,0
CL000427,Persona,Santiago Tremblay Morales,PA05,Colombia,Santa Marta,Banca privada,1993-10-19,2020-08-23,M,No aplica,186427,Alto,Híbrido,Vigente,0,0
CL000428,Persona,Olivia Cruz Díaz,PA04,Perú,Arequipa,Masivo,1961-10-04,2017-10-05,No especificado,No aplica,22528,Bajo,Tradicional,Vigente,1,0
CL000429,Persona,Nicolás Rodríguez Pérez,PA05,Colombia,Pereira,Banca privada,1954-03-13,2016-04-20,F,No aplica,256099,Bajo,Híbrido,Vigente,0,0
CL000430,Persona,Daniela Castro Cruz,PA02,Canadá,Winnipeg,Masivo,1963-02-01,2016-10-27,No especificado,No aplica,21041,Bajo,Tradicional,Vigente,1,0
CL000431,Persona,Alejandro Morales López,PA01,México,Tijuana,Masivo,1965-12-02,2016-02-03,M,No aplica,10254,Medio,Digital,Vigente,0,0
CL000432,Persona,Renata Tremblay Ramírez,PA04,Perú,Arequipa,Banca privada,1995-04-04,2018-07-15,No especificado,No aplica,132982,Bajo,Híbrido,Vigente,1,0
CL000433,Persona,Étienne Martínez Cruz,PA02,Canadá,Vancouver,Masivo,1993-12-20,2017-07-11,F,No aplica,21289,Medio,Híbrido,Vigente,1,0
CL000434,Persona,Ava Castro García,PA01,México,Toluca,Afluente,1959-10-21,2015-11-12,M,No aplica,40522,Medio,Híbrido,Vigente,1,0
CL000435,Persona,Mateo Ramírez González,PA01,México,Toluca,Masivo,2002-10-17,2022-10-18,M,No aplica,12184,Bajo,Híbrido,Vigente,1,0
CL000436,Persona,Santiago Castro Reyes,PA05,Colombia,Cartagena,Masivo,1963-08-16,2015-10-13,No especificado,No aplica,10912,Bajo,Tradicional,Vigente,1,0
CL000437,Persona,Liam Sánchez Gómez,PA05,Colombia,Bogotá,Banca privada,2002-04-19,2022-02-15,No especificado,No aplica,268729,Bajo,Digital,Vigente,1,0
CL000438,Persona,Alejandro Flores Brown,PA04,Perú,Iquitos,Afluente,1969-10-15,2015-05-22,M,No aplica,63118,Medio,Híbrido,Vigente,0,0
CL000439,Persona,Lucas García Tremblay,PA05,Colombia,Pereira,Afluente,1974-08-19,2017-04-01,No especificado,No aplica,57369,Medio,Tradicional,Vigente,1,0
CL000440,Persona,Noah Ramírez Castro,PA03,Chile,Viña del Mar,Banca privada,1998-09-23,2016-03-22,No especificado,No aplica,242553,Bajo,Tradicional,Vigente,0,0
CL000441,Empresa,García Construcción Group,PA01,México,Puebla,PyME,1993-06-01,2017-04-02,No aplica,Agroindustria,499313,Bajo,Tradicional,Vigente,1,0
CL000442,Persona,Élodie López Gómez,PA04,Perú,Iquitos,Afluente,1957-11-09,2019-11-12,M,No aplica,49675,Bajo,Híbrido,Vigente,1,0
CL000443,Persona,Alejandro Ramírez Martínez,PA04,Perú,Chiclayo,Afluente,1976-11-12,2016-12-07,F,No aplica,102659,Bajo,Digital,Vigente,1,0
CL000444,Persona,Lucía Sánchez Romero,PA03,Chile,Valparaíso,Afluente,1950-03-17,2017-11-12,M,No aplica,66480,Bajo,Híbrido,Vigente,1,0
CL000445,Persona,Olivia Brown Sánchez,PA01,México,Mérida,Banca privada,1987-06-06,2018-04-13,M,No aplica,270167,Alto,Híbrido,Vigente,0,0
CL000446,Persona,Lucas Martin Wilson,PA02,Canadá,Edmonton,Afluente,1962-10-03,2016-03-01,No especificado,No aplica,64553,Alto,Híbrido,Vigente,0,0
CL000447,Persona,Noah Castro González,PA05,Colombia,Cúcuta,Afluente,2002-03-22,2021-06-25,No especificado,No aplica,88089,Medio,Híbrido,Vigente,0,0
CL000448,Persona,Lucas Hernández Martin,PA03,Chile,Santiago,Masivo,1987-08-22,2016-11-23,No especificado,No aplica,11582,Medio,Tradicional,Vigente,1,0
CL000449,Persona,Samuel Castro Cruz,PA03,Chile,Rancagua,Banca privada,1979-10-07,2017-12-02,F,No aplica,355127,Medio,Tradicional,Vigente,0,0
CL000450,Persona,Emiliano Torres Gómez,PA03,Chile,Puerto Montt,Masivo,1974-12-28,2019-10-13,No especificado,No aplica,20284,Bajo,Digital,Vigente,1,0
CL000451,Persona,Emiliano Sánchez Pérez,PA03,Chile,Puerto Montt,Afluente,1952-05-08,2018-07-06,M,No aplica,68172,Bajo,Digital,Por vencer,1,0
CL000452,Persona,Élodie Gómez Ramírez,PA03,Chile,Santiago,Banca privada,1988-03-03,2021-06-23,M,No aplica,351736,Bajo,Tradicional,Vigente,0,0
CL000453,Persona,Noah Rodríguez Reyes,PA05,Colombia,Cali,Afluente,2003-11-02,2015-11-28,M,No aplica,61772,Medio,Híbrido,Vigente,1,0
CL000454,Persona,Olivia Romero Vargas,PA01,México,Guadalajara,Masivo,2000-08-14,2015-09-30,F,No aplica,14917,Medio,Híbrido,Vigente,1,0
CL000455,Persona,Mariana Díaz Brown,PA02,Canadá,Mississauga,Masivo,1979-10-22,2017-09-05,M,No aplica,14382,Medio,Híbrido,Vigente,1,0
CL000456,Persona,Daniela Vargas Rivera,PA04,Perú,Huancayo,Afluente,1993-11-07,2017-12-12,M,No aplica,49409,Bajo,Digital,Vigente,0,0
CL000457,Persona,Sofía González Rodríguez,PA05,Colombia,Manizales,Afluente,1962-02-17,2016-11-26,No especificado,No aplica,49481,Alto,Digital,Vigente,1,0
CL000458,Persona,Étienne Martin Ramírez,PA05,Colombia,Bogotá,Masivo,1992-08-07,2022-09-20,F,No aplica,11963,Medio,Híbrido,Vigente,0,0
CL000459,Persona,Mateo Rodríguez Gómez,PA02,Canadá,Calgary,Afluente,1973-12-20,2019-11-25,No especificado,No aplica,61247,Bajo,Híbrido,Vigente,0,0
CL000460,Persona,Alejandro Hernández Flores,PA05,Colombia,Barranquilla,Afluente,1993-07-28,2022-02-25,M,No aplica,103467,Bajo,Híbrido,Vigente,0,0
CL000461,Persona,Lucía Pérez García,PA01,México,Veracruz,Masivo,1970-12-12,2018-04-03,M,No aplica,27855,Medio,Híbrido,Vigente,1,0
CL000462,Persona,Sebastián González Wilson,PA02,Canadá,Calgary,Afluente,1960-04-08,2016-10-14,F,No aplica,79151,Bajo,Híbrido,Vigente,0,0
CL000463,Persona,Sebastián Brown Tremblay,PA05,Colombia,Manizales,Masivo,1990-03-02,2016-07-16,F,No aplica,18332,Alto,Híbrido,Vigente,0,0
CL000464,Persona,Diego Gómez Flores,PA03,Chile,Viña del Mar,Masivo,1972-08-22,2019-01-09,No especificado,No aplica,27968,Medio,Híbrido,Vigente,1,0
CL000465,Persona,Ava Flores Cruz,PA01,México,Monterrey,Masivo,1965-01-13,2020-09-05,M,No aplica,12118,Medio,Digital,Vigente,1,0
CL000466,Persona,Lucas Torres Gómez,PA05,Colombia,Medellín,Masivo,1995-05-10,2020-03-01,M,No aplica,28526,Alto,Tradicional,Vigente,1,0
CL000467,Persona,Olivia Gómez García,PA02,Canadá,Halifax,Afluente,1955-11-14,2020-12-19,No especificado,No aplica,78286,Medio,Híbrido,Vigente,1,0
CL000468,Persona,Martina Hernández Flores,PA05,Colombia,Bucaramanga,Afluente,1997-01-08,2021-05-04,No especificado,No aplica,48334,Bajo,Digital,Vigente,0,0
CL000469,Persona,Daniela Smith Castro,PA03,Chile,Puerto Montt,Masivo,1974-09-23,2020-08-04,No especificado,No aplica,15340,Alto,Híbrido,Vigente,1,0
CL000470,Persona,Lucas Castro Flores,PA04,Perú,Piura,Masivo,1968-01-13,2015-10-25,No especificado,No aplica,24200,Medio,Híbrido,Vigente,1,0
CL000471,Persona,Emiliano Martin Brown,PA03,Chile,Talca,Masivo,1972-02-02,2017-12-06,M,No aplica,15492,Bajo,Digital,Vigente,0,0
CL000472,Persona,Liam Torres Pérez,PA04,Perú,Trujillo,Masivo,1950-06-17,2019-12-18,No especificado,No aplica,15793,Bajo,Digital,Vigente,0,0
CL000473,Persona,Sofía Rivera Martínez,PA05,Colombia,Manizales,Masivo,1995-10-23,2022-11-16,No especificado,No aplica,15685,Medio,Digital,Vigente,1,0
CL000474,Persona,Gabriel Rivera Pérez,PA04,Perú,Cusco,Masivo,1956-06-15,2018-08-14,No especificado,No aplica,18826,Bajo,Híbrido,Vigente,0,0
CL000475,Persona,Lucía Reyes Tremblay,PA02,Canadá,Vancouver,Masivo,1986-07-23,2020-11-23,M,No aplica,19256,Bajo,Digital,Vigente,1,0
CL000476,Persona,Sebastián Torres Sánchez,PA05,Colombia,Manizales,Masivo,2003-06-11,2016-12-07,No especificado,No aplica,16084,Alto,Digital,Vigente,1,0
CL000477,Persona,Santiago Smith Brown,PA01,México,Toluca,Masivo,1985-09-16,2017-06-29,No especificado,No aplica,26046,Medio,Tradicional,Vigente,1,0
CL000478,Persona,Emiliano Ramírez Brown,PA01,México,Monterrey,Afluente,1995-07-25,2017-05-05,M,No aplica,35795,Bajo,Digital,Vigente,1,0
CL000479,Persona,Noah García Tremblay,PA04,Perú,Chiclayo,Afluente,1970-10-25,2019-10-14,No especificado,No aplica,35721,Bajo,Híbrido,Vigente,1,0
CL000480,Persona,Valentina Martínez Díaz,PA05,Colombia,Cartagena,Masivo,1978-08-01,2022-02-03,M,No aplica,16749,Bajo,Digital,Vigente,1,0
CL000481,Persona,Mateo Rivera Flores,PA02,Canadá,Winnipeg,Masivo,1996-10-05,2015-05-20,F,No aplica,24938,Medio,Híbrido,Vigente,1,0
CL000482,Empresa,Cruz Logística Latam,PA04,Perú,Trujillo,PyME,2020-10-01,2021-11-21,No aplica,Turismo,330926,Alto,Digital,Vigente,1,0
CL000483,Persona,Ava Cruz Rivera,PA04,Perú,Cusco,Banca privada,1972-02-18,2022-05-20,F,No aplica,345419,Bajo,Híbrido,Vencido,1,0
CL000484,Persona,Samuel Pérez Pérez,PA03,Chile,Talca,Masivo,1990-07-19,2020-12-01,F,No aplica,12121,Alto,Digital,Vigente,1,0
CL000485,Persona,Noah Cruz Smith,PA01,México,Toluca,Masivo,1950-02-24,2017-02-06,No especificado,No aplica,10167,Medio,Digital,Vigente,1,0
CL000486,Persona,Emiliano Tremblay Flores,PA05,Colombia,Manizales,Masivo,1971-07-26,2022-01-04,No especificado,No aplica,24260,Bajo,Tradicional,Vigente,1,0
CL000487,Persona,Martina Brown Rodríguez,PA04,Perú,Trujillo,Banca privada,1969-09-01,2021-02-11,F,No aplica,151183,Bajo,Híbrido,Vigente,1,0
CL000488,Persona,Mariana Díaz Morales,PA02,Canadá,Halifax,Afluente,1993-05-16,2018-01-05,F,No aplica,84231,Medio,Híbrido,Vigente,0,0
CL000489,Persona,Diego Díaz Hernández,PA03,Chile,Puerto Montt,Banca privada,1968-02-25,2021-01-28,F,No aplica,277048,Bajo,Digital,Vigente,1,0
CL000490,Persona,Lucía Castro Cruz,PA01,México,León,Banca privada,1969-01-23,2016-08-14,No especificado,No aplica,301892,Medio,Digital,Vigente,0,0
CL000491,Persona,Lucía Romero Vargas,PA02,Canadá,Winnipeg,Afluente,1951-05-17,2022-09-02,No especificado,No aplica,91031,Medio,Híbrido,Vigente,1,0
CL000492,Persona,Emiliano Flores Torres,PA01,México,Toluca,Masivo,1995-02-15,2016-01-03,No especificado,No aplica,13319,Medio,Híbrido,Vigente,0,0
CL000493,Persona,Élodie López Rivera,PA04,Perú,Iquitos,Masivo,1988-03-18,2017-01-09,F,No aplica,23540,Bajo,Híbrido,Vigente,1,0
CL000494,Persona,Emma Martínez Tremblay,PA01,México,Ciudad de México,Masivo,1981-11-21,2016-04-15,No especificado,No aplica,22160,Medio,Tradicional,Vigente,1,0
CL000495,Persona,Emiliano Smith González,PA04,Perú,Trujillo,Afluente,1969-07-24,2017-03-20,No especificado,No aplica,73957,Bajo,Digital,Vigente,1,0
CL000496,Persona,Lucía Rivera Ramírez,PA03,Chile,Santiago,Masivo,1974-07-26,2015-05-05,M,No aplica,16374,Bajo,Híbrido,Vigente,1,0
CL000497,Persona,Nicolás Hernández Rodríguez,PA05,Colombia,Santa Marta,Banca privada,1949-04-20,2022-01-16,No especificado,No aplica,262010,Alto,Híbrido,Vigente,1,0
CL000498,Persona,Santiago Díaz Torres,PA04,Perú,Piura,Banca privada,1972-04-27,2021-09-27,M,No aplica,319045,Medio,Tradicional,Vigente,1,0
CL000499,Persona,Martina Wilson Hernández,PA02,Canadá,Mississauga,Banca privada,1991-07-07,2019-04-01,F,No aplica,179116,Alto,Híbrido,Vigente,1,0
CL000500,Persona,Martina Díaz Romero,PA01,México,Monterrey,Masivo,1948-09-17,2019-11-25,M,No aplica,20330,Bajo,Híbrido,Vigente,0,0
CL000501,Persona,Renata López Cruz,PA03,Chile,Viña del Mar,Banca privada,1971-06-05,2017-09-12,F,No aplica,166913,Alto,Tradicional,Vigente,1,0
CL000502,Persona,Diego González Wilson,PA04,Perú,Chiclayo,Masivo,1965-09-09,2020-06-30,F,No aplica,19020,Medio,Híbrido,Vigente,1,0
CL000503,Persona,Diego Cruz Sánchez,PA03,Chile,Rancagua,Masivo,1956-06-14,2020-12-20,M,No aplica,11846,Bajo,Tradicional,Vigente,1,0
CL000504,Persona,Noah Brown Ramírez,PA04,Perú,Iquitos,Masivo,1986-09-01,2016-04-29,No especificado,No aplica,16717,Medio,Digital,Vigente,0,0
CL000505,Persona,Emiliano García Reyes,PA04,Perú,Piura,Afluente,1997-09-13,2016-04-30,No especificado,No aplica,34206,Alto,Híbrido,Vigente,0,0
CL000506,Persona,Emma Rivera Hernández,PA01,México,León,Banca privada,1987-02-17,2017-06-17,No especificado,No aplica,156559,Bajo,Híbrido,Vigente,1,0
CL000507,Persona,Mateo López Rodríguez,PA03,Chile,Concepción,Afluente,1988-06-15,2020-03-09,M,No aplica,98542,Alto,Digital,Vigente,1,0
CL000508,Persona,Diego Torres Reyes,PA02,Canadá,Toronto,Banca privada,1984-05-07,2022-01-03,No especificado,No aplica,131355,Alto,Híbrido,Vigente,1,0
CL000509,Empresa,Rivera Tecnología Group,PA03,Chile,Valparaíso,PyME,2015-03-01,2018-08-27,No aplica,Logística,630613,Medio,Híbrido,Vigente,0,0
CL000510,Persona,Mateo González Díaz,PA01,México,Veracruz,Afluente,1985-08-09,2021-12-26,M,No aplica,56229,Medio,Híbrido,Vigente,1,0
CL000511,Empresa,Morales Educación Group,PA01,México,Querétaro,Corporativo,2010-11-01,2019-10-09,No aplica,Manufactura,2839283,Medio,Digital,Vigente,1,0
CL000512,Persona,Lucía Gómez Wilson,PA04,Perú,Arequipa,Masivo,1960-11-04,2015-11-30,M,No aplica,12337,Medio,Tradicional,Vigente,1,0
CL000513,Persona,Isabella Tremblay Rodríguez,PA02,Canadá,Winnipeg,Afluente,1972-11-17,2022-02-07,No especificado,No aplica,44541,Bajo,Digital,Vigente,0,0
CL000514,Empresa,Rivera Salud Group,PA02,Canadá,Montreal,PyME,1999-01-01,2018-01-11,No aplica,Educación,619641,Medio,Híbrido,Vigente,1,0
CL000515,Persona,Emiliano Romero Hernández,PA01,México,Toluca,Masivo,1980-02-22,2020-05-04,No especificado,No aplica,19009,Bajo,Tradicional,Vigente,0,0
CL000516,Persona,Olivia Ramírez Brown,PA04,Perú,Arequipa,Masivo,1997-07-09,2022-05-14,No especificado,No aplica,26457,Bajo,Tradicional,Vigente,1,0
CL000517,Persona,Emma García Martínez,PA04,Perú,Trujillo,Masivo,1983-09-19,2020-03-12,M,No aplica,19018,Bajo,Tradicional,Vigente,1,0
CL000518,Persona,Sofía Rivera Tremblay,PA03,Chile,Rancagua,Masivo,1954-02-14,2020-02-23,M,No aplica,18102,Bajo,Digital,Vigente,0,0
CL000519,Empresa,Rivera Construcción Partners,PA02,Canadá,Edmonton,PyME,2019-05-01,2019-12-06,No aplica,Turismo,634426,Alto,Digital,Vigente,1,0
CL000520,Persona,Gabriel Martin Sánchez,PA02,Canadá,Montreal,Masivo,1980-11-18,2021-03-18,F,No aplica,25325,Medio,Digital,Vigente,1,1
CL000521,Persona,Mateo González Martínez,PA02,Canadá,Winnipeg,Masivo,1991-01-13,2019-06-07,M,No aplica,23450,Bajo,Digital,Vigente,0,0
CL000522,Persona,Ava Cruz Rivera,PA05,Colombia,Manizales,Afluente,1958-06-24,2019-06-01,F,No aplica,89202,Medio,Digital,Vigente,0,0
CL000523,Persona,Emma Wilson Pérez,PA04,Perú,Trujillo,Banca privada,1983-06-09,2020-08-21,F,No aplica,117406,Bajo,Digital,Por vencer,0,0
CL000524,Persona,Daniela Pérez Sánchez,PA03,Chile,Viña del Mar,Masivo,1969-09-08,2022-02-16,F,No aplica,16991,Medio,Híbrido,Vigente,0,0
CL000525,Persona,Sebastián Gómez Hernández,PA05,Colombia,Bogotá,Banca privada,1977-07-01,2017-12-28,M,No aplica,248316,Bajo,Digital,Vigente,0,0
CL000526,Persona,Étienne Wilson Wilson,PA01,México,Ciudad de México,Masivo,1966-06-27,2022-06-23,F,No aplica,29133,Medio,Híbrido,Vigente,1,0
CL000527,Persona,Olivia Romero Morales,PA03,Chile,Rancagua,Afluente,2002-06-01,2018-05-18,F,No aplica,102791,Medio,Tradicional,Vigente,1,0
CL000528,Persona,Valentina Torres Pérez,PA01,México,Veracruz,Masivo,1963-08-14,2015-10-03,M,No aplica,13636,Medio,Digital,Vigente,1,0
CL000529,Empresa,Díaz Tecnología Group,PA04,Perú,Cusco,Corporativo,1985-03-01,2021-12-24,No aplica,Servicios profesionales,6629865,Bajo,Tradicional,Vigente,1,0
CL000530,Persona,Daniela López Brown,PA03,Chile,Rancagua,Afluente,1974-08-15,2021-11-19,M,No aplica,79776,Medio,Digital,Vigente,0,0
CL000531,Empresa,Pérez Educación Partners,PA01,México,Monterrey,PyME,1990-07-01,2020-08-24,No aplica,Construcción,677745,Bajo,Digital,Vigente,1,0
CL000532,Persona,Santiago Torres Ramírez,PA03,Chile,La Serena,Masivo,1968-07-16,2021-07-14,M,No aplica,11228,Bajo,Digital,Vigente,1,0
CL000533,Persona,Diego Tremblay Díaz,PA02,Canadá,Mississauga,Masivo,1953-01-06,2019-05-25,M,No aplica,18705,Bajo,Híbrido,Vigente,1,0
CL000534,Persona,Lucas Martínez Rivera,PA01,México,Ciudad de México,Masivo,1975-07-19,2016-12-19,F,No aplica,29906,Medio,Tradicional,Vigente,1,0
CL000535,Persona,Daniela Rivera Cruz,PA02,Canadá,Montreal,Afluente,1978-02-23,2022-06-05,M,No aplica,79943,Medio,Tradicional,Vigente,0,0
CL000536,Persona,Alejandro Ramírez García,PA05,Colombia,Bogotá,Banca privada,1960-01-14,2018-03-29,No especificado,No aplica,184934,Medio,Digital,Vigente,0,0
CL000537,Persona,Noah Ramírez González,PA05,Colombia,Pereira,Masivo,1952-07-22,2015-07-12,F,No aplica,24525,Medio,Tradicional,Vencido,0,0
CL000538,Persona,Alejandro Vargas López,PA01,México,Veracruz,Afluente,1989-02-17,2016-12-08,F,No aplica,47319,Alto,Híbrido,Vigente,1,0
CL000539,Persona,Gabriel Martin Pérez,PA03,Chile,Talca,Masivo,1963-10-18,2017-11-25,No especificado,No aplica,27404,Alto,Tradicional,Vigente,1,0
CL000540,Persona,Élodie Morales González,PA03,Chile,Concepción,Afluente,2000-04-28,2020-04-15,M,No aplica,70422,Medio,Digital,Vigente,0,0
CL000541,Persona,Élodie Torres Hernández,PA02,Canadá,Ottawa,Masivo,1952-08-27,2018-04-05,F,No aplica,29196,Medio,Tradicional,Vigente,1,0
CL000542,Persona,Gabriel Tremblay Brown,PA03,Chile,Temuco,Afluente,1961-04-11,2016-09-23,M,No aplica,86134,Bajo,Híbrido,Vigente,1,0
CL000543,Persona,Olivia Martínez Gómez,PA02,Canadá,Ottawa,Afluente,1953-06-17,2017-12-20,M,No aplica,35722,Medio,Tradicional,Vigente,1,0
CL000544,Persona,Isabella Romero López,PA03,Chile,Santiago,Afluente,1985-07-15,2018-08-10,M,No aplica,49661,Bajo,Digital,Vigente,0,0
CL000545,Persona,Isabella López Gómez,PA04,Perú,Piura,Masivo,1960-07-10,2020-11-16,F,No aplica,17242,Bajo,Tradicional,Vigente,1,0
CL000546,Persona,Sebastián Vargas Vargas,PA05,Colombia,Pereira,Masivo,1985-07-10,2015-11-16,F,No aplica,27815,Alto,Tradicional,Vigente,0,0
CL000547,Persona,Liam Pérez Vargas,PA03,Chile,Santiago,Afluente,1953-03-11,2019-04-28,M,No aplica,97016,Medio,Digital,Vigente,1,0
CL000548,Persona,Mariana Wilson Wilson,PA01,México,Guadalajara,Masivo,1991-05-28,2021-05-03,M,No aplica,26331,Alto,Tradicional,Por vencer,1,0
CL000549,Persona,Gabriel Gómez Ramírez,PA04,Perú,Chiclayo,Masivo,1970-10-11,2018-08-04,No especificado,No aplica,13076,Alto,Digital,Vigente,0,0
CL000550,Persona,Alejandro Rivera Flores,PA03,Chile,Antofagasta,Afluente,2001-08-18,2015-12-21,M,No aplica,67906,Medio,Digital,Vigente,1,0
CL000551,Persona,Lucía Reyes Pérez,PA05,Colombia,Manizales,Masivo,1950-03-08,2020-01-08,F,No aplica,19904,Bajo,Tradicional,Vigente,1,0
CL000552,Persona,Isabella Morales Romero,PA05,Colombia,Cúcuta,Masivo,1987-05-18,2015-11-10,No especificado,No aplica,26565,Medio,Híbrido,Vigente,0,0
CL000553,Persona,Martina Morales López,PA03,Chile,Puerto Montt,Masivo,1949-07-15,2016-07-08,F,No aplica,16590,Bajo,Híbrido,Vigente,0,0
CL000554,Persona,Santiago Wilson Tremblay,PA01,México,Veracruz,Afluente,1969-05-28,2018-12-01,F,No aplica,39804,Medio,Híbrido,Vigente,1,0
CL000555,Persona,Samuel Morales Hernández,PA04,Perú,Lima,Masivo,1986-03-17,2022-04-30,No especificado,No aplica,10479,Medio,Tradicional,Vigente,1,0
CL000556,Persona,Noah Rodríguez González,PA05,Colombia,Cúcuta,Afluente,1982-10-07,2016-04-25,M,No aplica,105916,Medio,Híbrido,Vigente,0,0
CL000557,Persona,Isabella Pérez Romero,PA04,Perú,Chiclayo,Afluente,1962-12-13,2018-09-01,No especificado,No aplica,65188,Bajo,Digital,Vigente,0,0
CL000558,Empresa,Rivera Agroindustria Group,PA04,Perú,Huancayo,PyME,2020-10-01,2021-08-20,No aplica,Manufactura,595820,Medio,Digital,Vigente,1,0
CL000559,Persona,Noah Brown Flores,PA05,Colombia,Barranquilla,Masivo,1953-12-17,2018-06-08,F,No aplica,9967,Medio,Tradicional,Vigente,1,0
CL000560,Persona,Étienne Morales Cruz,PA01,México,Monterrey,Banca privada,1978-05-10,2018-11-14,F,No aplica,142754,Alto,Tradicional,Vigente,0,0
CL000561,Persona,Lucía García Gómez,PA02,Canadá,Mississauga,Banca privada,1989-05-20,2020-10-21,M,No aplica,200338,Medio,Tradicional,Vencido,0,0
CL000562,Persona,Renata Wilson Reyes,PA04,Perú,Huancayo,Banca privada,1949-03-02,2021-12-17,F,No aplica,269954,Bajo,Digital,Vigente,1,0
CL000563,Persona,Élodie Torres Vargas,PA05,Colombia,Cúcuta,Masivo,1991-11-22,2022-10-02,No especificado,No aplica,16937,Bajo,Digital,Vigente,0,0
CL000564,Empresa,González Comercio S.A.,PA04,Perú,Cajamarca,PyME,2020-06-01,2018-08-13,No aplica,Salud,384014,Medio,Híbrido,Vigente,1,0
CL000565,Persona,Daniela Martínez Díaz,PA03,Chile,Antofagasta,Masivo,1997-10-04,2016-09-03,F,No aplica,28594,Medio,Híbrido,Por vencer,1,0
CL000566,Persona,Lucas Reyes García,PA04,Perú,Piura,Afluente,1991-04-28,2016-08-25,No especificado,No aplica,100208,Bajo,Digital,Vigente,1,0
CL000567,Persona,Étienne Martin Sánchez,PA02,Canadá,Winnipeg,Masivo,1953-04-16,2015-07-10,No especificado,No aplica,17440,Medio,Digital,Vigente,1,0
CL000568,Persona,Noah Díaz Romero,PA04,Perú,Trujillo,Masivo,1986-09-24,2020-07-18,F,No aplica,11197,Medio,Híbrido,Vigente,1,0
CL000569,Persona,Samuel Smith Wilson,PA03,Chile,La Serena,Afluente,1954-04-26,2016-10-03,M,No aplica,93647,Medio,Híbrido,Vigente,1,0
CL000570,Persona,Camila Vargas Cruz,PA02,Canadá,Edmonton,Masivo,1990-05-04,2017-01-26,M,No aplica,18853,Bajo,Digital,Vigente,1,0
CL000571,Persona,Ava Díaz Cruz,PA02,Canadá,Vancouver,Banca privada,1972-02-19,2021-04-10,F,No aplica,267451,Medio,Digital,Vigente,0,0
CL000572,Persona,Mariana Castro Hernández,PA03,Chile,Viña del Mar,Masivo,1957-07-28,2020-09-24,No especificado,No aplica,16711,Alto,Híbrido,Vigente,1,0
CL000573,Persona,Martina Rodríguez Ramírez,PA04,Perú,Cusco,Masivo,1950-02-27,2021-03-31,M,No aplica,30002,Bajo,Digital,Vigente,0,0
CL000574,Persona,Noah Ramírez Sánchez,PA05,Colombia,Barranquilla,Masivo,1984-12-22,2022-04-21,M,No aplica,30406,Alto,Híbrido,Vigente,0,0
CL000575,Persona,Emiliano Sánchez Rivera,PA03,Chile,Temuco,Masivo,1984-02-10,2021-11-28,No especificado,No aplica,20694,Medio,Digital,Vigente,0,0
CL000576,Persona,Samuel Rivera Pérez,PA02,Canadá,Calgary,Afluente,2000-11-20,2015-06-22,No especificado,No aplica,75198,Bajo,Digital,Vigente,0,0
CL000577,Persona,Mateo Reyes Castro,PA02,Canadá,Winnipeg,Afluente,1948-12-09,2021-09-09,M,No aplica,92478,Bajo,Digital,Vigente,1,0
CL000578,Persona,Valentina Gómez Tremblay,PA01,México,Mérida,Afluente,1969-04-10,2020-03-18,M,No aplica,102361,Bajo,Híbrido,Vigente,1,0
CL000579,Persona,Emma Sánchez Wilson,PA05,Colombia,Santa Marta,Masivo,1948-09-19,2019-03-15,M,No aplica,23982,Medio,Digital,Vigente,1,0
CL000580,Persona,Élodie Vargas Cruz,PA04,Perú,Piura,Masivo,2002-06-17,2015-11-29,No especificado,No aplica,11310,Medio,Tradicional,Vigente,0,0
CL000581,Persona,Gabriel García Rodríguez,PA02,Canadá,Québec,Afluente,1978-05-26,2018-03-07,F,No aplica,106869,Bajo,Digital,Vigente,0,0
CL000582,Persona,Étienne Ramírez Pérez,PA02,Canadá,Winnipeg,Afluente,1949-11-11,2022-03-28,F,No aplica,78820,Alto,Digital,Vigente,1,0
CL000583,Persona,Lucas Wilson Sánchez,PA01,México,Monterrey,Banca privada,1975-10-11,2017-06-04,M,No aplica,130990,Alto,Híbrido,Vigente,0,0
CL000584,Persona,Ava Morales Hernández,PA01,México,Querétaro,Banca privada,1953-05-28,2018-04-23,M,No aplica,324130,Medio,Híbrido,Vigente,0,0
CL000585,Persona,Valentina Castro Díaz,PA01,México,Ciudad de México,Masivo,1983-12-28,2016-05-27,M,No aplica,15259,Medio,Tradicional,Vigente,0,0
CL000586,Persona,Gabriel Gómez Rivera,PA02,Canadá,Vancouver,Masivo,2001-08-24,2022-07-10,F,No aplica,19364,Medio,Digital,Vigente,1,0
CL000587,Persona,Gabriel Pérez Romero,PA02,Canadá,Calgary,Masivo,1950-08-13,2018-11-09,F,No aplica,25681,Medio,Híbrido,Vigente,1,0
CL000588,Persona,Emma López Flores,PA01,México,Puebla,Banca privada,1978-09-22,2015-10-23,M,No aplica,212991,Medio,Tradicional,Vigente,0,0
CL000589,Persona,Lucía García Romero,PA05,Colombia,Pereira,Masivo,1993-06-23,2017-10-02,F,No aplica,10175,Alto,Híbrido,Vigente,1,0
CL000590,Persona,Sebastián Rivera Rodríguez,PA03,Chile,Talca,Afluente,1994-09-02,2016-09-02,No especificado,No aplica,83345,Bajo,Híbrido,Vencido,0,1
CL000591,Empresa,Torres Agroindustria Latam,PA02,Canadá,Montreal,PyME,2010-10-01,2016-01-10,No aplica,Logística,680597,Alto,Digital,Vigente,1,0
CL000592,Persona,Noah Martínez Morales,PA02,Canadá,Montreal,Afluente,1980-01-06,2019-02-18,M,No aplica,103333,Medio,Digital,Vigente,1,0
CL000593,Persona,Mariana Flores Vargas,PA04,Perú,Cusco,Afluente,1974-12-06,2019-06-17,F,No aplica,58592,Medio,Digital,Vigente,1,0
CL000594,Persona,Ava Smith Sánchez,PA03,Chile,La Serena,Afluente,1949-10-23,2016-03-27,No especificado,No aplica,90999,Bajo,Híbrido,Vigente,1,0
CL000595,Persona,Olivia Brown Romero,PA05,Colombia,Manizales,Masivo,1966-02-02,2016-11-08,F,No aplica,12364,Medio,Híbrido,Vigente,0,0
CL000596,Persona,Sebastián Flores Ramírez,PA05,Colombia,Barranquilla,Masivo,1963-07-22,2017-07-28,M,No aplica,13023,Bajo,Digital,Vigente,1,0
CL000597,Persona,Diego Tremblay Díaz,PA03,Chile,La Serena,Masivo,1984-08-05,2017-03-17,No especificado,No aplica,10964,Medio,Híbrido,Vigente,1,0
CL000598,Persona,Martina Gómez Tremblay,PA01,México,Mérida,Banca privada,1981-04-20,2015-11-22,F,No aplica,247169,Bajo,Digital,Vigente,1,0
CL000599,Persona,Sofía Vargas Rodríguez,PA03,Chile,Viña del Mar,Masivo,1992-10-17,2019-05-21,F,No aplica,19555,Medio,Híbrido,Vigente,1,0
CL000600,Persona,Martina Ramírez Gómez,PA01,México,Toluca,Masivo,1976-05-08,2022-03-15,M,No aplica,25295,Bajo,Híbrido,Vigente,1,0
CL000601,Persona,Sebastián Hernández Pérez,PA04,Perú,Huancayo,Afluente,1984-12-02,2016-02-07,M,No aplica,50255,Bajo,Híbrido,Vigente,0,0
CL000602,Persona,Martina Smith Cruz,PA04,Perú,Cajamarca,Banca privada,1996-08-20,2020-02-13,No especificado,No aplica,257082,Bajo,Híbrido,Vigente,0,0
CL000603,Persona,Lucía Sánchez Vargas,PA05,Colombia,Bucaramanga,Masivo,1995-08-17,2017-09-24,No especificado,No aplica,25231,Bajo,Híbrido,Vigente,0,0
CL000604,Persona,Mateo Martínez López,PA01,México,Ciudad de México,Banca privada,1973-12-15,2020-03-22,No especificado,No aplica,259837,Medio,Digital,Vigente,1,0
CL000605,Persona,Isabella Torres Martínez,PA01,México,León,Masivo,1991-09-12,2015-11-19,M,No aplica,10067,Bajo,Digital,Vigente,1,1
CL000606,Empresa,López Servicios profesionales Partners,PA03,Chile,Valparaíso,PyME,2018-11-01,2020-03-12,No aplica,Tecnología,300214,Medio,Tradicional,Vigente,1,0
CL000607,Persona,Mateo Pérez Wilson,PA03,Chile,Rancagua,Masivo,1993-06-19,2020-05-06,No especificado,No aplica,22418,Bajo,Digital,Vigente,1,0
CL000608,Persona,Emma Pérez González,PA05,Colombia,Bogotá,Afluente,1949-03-15,2015-06-30,M,No aplica,97098,Bajo,Digital,Vigente,0,0
CL000609,Persona,Emiliano Wilson Brown,PA04,Perú,Piura,Masivo,1976-03-17,2017-03-28,M,No aplica,23826,Bajo,Tradicional,Vigente,0,0
CL000610,Persona,Alejandro Castro Brown,PA01,México,Mérida,Masivo,1958-06-10,2022-02-06,F,No aplica,15419,Medio,Tradicional,Por vencer,1,0
CL000611,Persona,Lucas Pérez Sánchez,PA01,México,Querétaro,Masivo,2001-12-06,2022-06-21,No especificado,No aplica,25784,Alto,Tradicional,Vigente,1,0
CL000612,Persona,Gabriel Smith Gómez,PA01,México,Puebla,Masivo,1981-08-02,2017-09-30,F,No aplica,12776,Alto,Híbrido,Vigente,1,0
CL000613,Persona,Martina Hernández Martínez,PA05,Colombia,Cúcuta,Afluente,1954-05-10,2016-11-07,No especificado,No aplica,96913,Bajo,Híbrido,Vigente,1,0
CL000614,Persona,Étienne Martin Tremblay,PA01,México,Puebla,Banca privada,1966-06-21,2016-11-09,M,No aplica,177106,Bajo,Tradicional,Vigente,0,0
CL000615,Empresa,Pérez Turismo Latam,PA02,Canadá,Winnipeg,Corporativo,1981-11-01,2019-08-07,No aplica,Construcción,8165947,Alto,Tradicional,Vigente,0,1
CL000616,Persona,Ava López Rivera,PA05,Colombia,Cartagena,Masivo,1950-11-26,2020-08-29,M,No aplica,24224,Bajo,Digital,Vigente,1,0
CL000617,Persona,Alejandro Rivera Tremblay,PA03,Chile,La Serena,Masivo,1985-11-26,2022-11-23,F,No aplica,22904,Medio,Digital,Vigente,1,0
CL000618,Persona,Lucas Cruz López,PA02,Canadá,Mississauga,Afluente,1964-05-01,2018-04-07,No especificado,No aplica,53445,Medio,Tradicional,Vigente,1,0
CL000619,Persona,Santiago Tremblay Vargas,PA05,Colombia,Santa Marta,Masivo,1985-05-04,2022-01-30,F,No aplica,11855,Alto,Digital,Vigente,1,0
CL000620,Persona,Samuel Díaz López,PA02,Canadá,Calgary,Masivo,1988-03-07,2021-09-09,No especificado,No aplica,23185,Bajo,Digital,Vigente,0,0
CL000621,Persona,Isabella Flores García,PA04,Perú,Iquitos,Afluente,2000-09-25,2017-05-15,M,No aplica,38508,Alto,Digital,Vigente,1,0
CL000622,Persona,Noah Tremblay Smith,PA01,México,Ciudad de México,Afluente,1996-04-19,2022-03-30,F,No aplica,62058,Bajo,Tradicional,Por vencer,1,0
CL000623,Empresa,González Salud Latam,PA04,Perú,Iquitos,PyME,1994-05-01,2022-09-11,No aplica,Logística,202543,Medio,Híbrido,Vigente,1,0
CL000624,Empresa,Rivera Agroindustria Latam,PA03,Chile,Temuco,Corporativo,1980-01-01,2022-05-18,No aplica,Manufactura,8586496,Medio,Tradicional,Vigente,1,0
CL000625,Persona,Noah Wilson Vargas,PA01,México,Puebla,Masivo,1977-05-16,2021-06-07,F,No aplica,15681,Alto,Digital,Vigente,0,0
CL000626,Persona,Liam Smith Flores,PA02,Canadá,Mississauga,Afluente,1988-06-10,2017-10-04,M,No aplica,41559,Alto,Digital,Vigente,0,0
CL000627,Persona,Renata García Gómez,PA01,México,Toluca,Afluente,1993-08-17,2021-09-10,No especificado,No aplica,87103,Bajo,Digital,Vigente,1,0
CL000628,Persona,Isabella Tremblay Castro,PA03,Chile,Puerto Montt,Masivo,1983-01-24,2021-01-05,No especificado,No aplica,22936,Bajo,Híbrido,Vigente,0,0
CL000629,Persona,Liam Wilson Tremblay,PA05,Colombia,Pereira,Masivo,1972-12-04,2020-06-27,F,No aplica,10306,Bajo,Tradicional,Vigente,1,0
CL000630,Persona,Camila Martin González,PA04,Perú,Chiclayo,Masivo,1976-09-28,2019-09-11,No especificado,No aplica,21683,Medio,Tradicional,Vigente,1,0
CL000631,Persona,Santiago Hernández Wilson,PA05,Colombia,Barranquilla,Banca privada,1994-08-09,2022-08-16,F,No aplica,316585,Bajo,Híbrido,Vigente,1,0
CL000632,Persona,Sofía Tremblay Gómez,PA05,Colombia,Cali,Masivo,1972-02-28,2022-04-11,F,No aplica,25465,Alto,Digital,Vigente,1,0
CL000633,Persona,Martina Castro Díaz,PA02,Canadá,Ottawa,Banca privada,1956-02-01,2021-01-08,No especificado,No aplica,174358,Medio,Digital,Vigente,0,1
CL000634,Persona,Sebastián Sánchez Sánchez,PA01,México,Guadalajara,Masivo,1979-11-15,2022-07-01,M,No aplica,18154,Bajo,Tradicional,Vigente,0,0
CL000635,Persona,Mateo González Tremblay,PA01,México,Monterrey,Masivo,1965-01-26,2018-01-28,No especificado,No aplica,22152,Bajo,Tradicional,Vigente,1,0
CL000636,Persona,Nicolás Torres Sánchez,PA04,Perú,Chiclayo,Masivo,1953-03-06,2019-02-05,F,No aplica,16611,Medio,Híbrido,Vigente,0,0
CL000637,Persona,Daniela González Martínez,PA02,Canadá,Mississauga,Afluente,1969-12-09,2018-04-01,No especificado,No aplica,104039,Alto,Híbrido,Vigente,1,0
CL000638,Persona,Gabriel Rivera Hernández,PA02,Canadá,Mississauga,Masivo,1967-09-02,2017-07-20,No especificado,No aplica,19625,Medio,Digital,Vigente,1,0
CL000639,Persona,Lucas Tremblay Cruz,PA01,México,Tijuana,Masivo,1955-11-05,2018-10-30,M,No aplica,20924,Bajo,Digital,Vigente,0,0
CL000640,Persona,Sebastián Ramírez Wilson,PA05,Colombia,Bogotá,Afluente,1962-07-05,2021-04-21,No especificado,No aplica,66535,Bajo,Tradicional,Vigente,1,0
CL000641,Persona,Étienne Castro González,PA02,Canadá,Montreal,Afluente,1985-02-20,2022-10-23,No especificado,No aplica,56982,Medio,Digital,Vigente,0,0
CL000642,Persona,Liam Romero Brown,PA02,Canadá,Québec,Banca privada,1972-01-03,2017-08-27,M,No aplica,144674,Medio,Tradicional,Vigente,1,0
CL000643,Persona,Emma Díaz Sánchez,PA05,Colombia,Cali,Masivo,1968-11-01,2015-08-14,F,No aplica,27478,Alto,Tradicional,Vigente,1,0
CL000644,Persona,Lucía López Hernández,PA03,Chile,Talca,Banca privada,1997-11-04,2020-02-25,No especificado,No aplica,186477,Bajo,Tradicional,Vigente,1,0
CL000645,Persona,Lucas Martin Torres,PA02,Canadá,Ottawa,Masivo,1983-03-07,2020-11-28,No especificado,No aplica,17523,Medio,Híbrido,Vigente,0,1
CL000646,Persona,Noah Torres Tremblay,PA04,Perú,Tacna,Masivo,1997-04-04,2018-12-03,F,No aplica,11835,Medio,Tradicional,Vigente,1,0
CL000647,Persona,Ava Smith Pérez,PA03,Chile,Valparaíso,Afluente,1978-04-13,2019-01-30,F,No aplica,39242,Medio,Tradicional,Vigente,1,0
CL000648,Persona,Ava Cruz Torres,PA03,Chile,Concepción,Banca privada,1980-11-21,2019-11-18,M,No aplica,208885,Medio,Híbrido,Vigente,1,0
CL000649,Persona,Camila Castro Castro,PA01,México,Mérida,Afluente,1996-10-18,2019-09-01,F,No aplica,46237,Alto,Digital,Vigente,1,0
CL000650,Persona,Emiliano Martínez Tremblay,PA05,Colombia,Bogotá,Masivo,1990-12-02,2016-10-15,F,No aplica,10609,Alto,Híbrido,Vigente,0,0
CL000651,Persona,Liam López Cruz,PA03,Chile,Valparaíso,Masivo,1953-07-07,2018-09-29,F,No aplica,13740,Bajo,Tradicional,Vigente,1,0
CL000652,Persona,Lucas Reyes Vargas,PA01,México,Querétaro,Afluente,1953-01-06,2021-12-16,F,No aplica,59160,Medio,Digital,Vigente,0,0
CL000653,Persona,Diego Smith Martínez,PA04,Perú,Lima,Masivo,2002-01-02,2017-06-21,No especificado,No aplica,11130,Medio,Híbrido,Vigente,0,0
CL000654,Persona,Nicolás Ramírez Brown,PA04,Perú,Huancayo,Banca privada,1995-02-10,2020-10-08,No especificado,No aplica,319137,Medio,Digital,Vigente,1,0
CL000655,Persona,Martina Torres Reyes,PA05,Colombia,Santa Marta,Masivo,1987-12-07,2018-08-25,F,No aplica,20688,Medio,Tradicional,Vigente,0,0
CL000656,Persona,Mateo Torres López,PA02,Canadá,Toronto,Afluente,1996-05-15,2015-09-24,No especificado,No aplica,52230,Alto,Híbrido,Vigente,1,0
CL000657,Persona,Martina Gómez Flores,PA01,México,León,Banca privada,1949-02-01,2018-02-02,No especificado,No aplica,205271,Bajo,Digital,Vigente,1,0
CL000658,Persona,Santiago Vargas Wilson,PA04,Perú,Iquitos,Masivo,2003-12-06,2018-04-13,M,No aplica,20373,Medio,Híbrido,Vigente,1,0
CL000659,Empresa,Wilson Salud Partners,PA02,Canadá,Montreal,PyME,2014-07-01,2016-09-24,No aplica,Tecnología,600856,Medio,Híbrido,Vigente,0,0
CL000660,Persona,Samuel Morales González,PA03,Chile,Santiago,Afluente,1984-07-19,2020-09-17,M,No aplica,66093,Bajo,Digital,Vigente,1,0
CL000661,Persona,Samuel Ramírez Pérez,PA01,México,Veracruz,Masivo,1987-05-19,2018-07-28,M,No aplica,30918,Alto,Tradicional,Vigente,0,0
CL000662,Empresa,Cruz Servicios profesionales Partners,PA05,Colombia,Cartagena,Corporativo,1994-09-01,2015-11-17,No aplica,Agroindustria,5118770,Medio,Digital,Vigente,0,0
CL000663,Persona,Camila Castro Sánchez,PA05,Colombia,Bogotá,Afluente,1951-05-10,2017-06-28,No especificado,No aplica,97698,Medio,Tradicional,Vigente,1,0
CL000664,Persona,Alejandro Martínez Brown,PA01,México,Mérida,Banca privada,1956-07-16,2017-04-26,No especificado,No aplica,303956,Bajo,Tradicional,Vigente,1,0
CL000665,Persona,Nicolás García Flores,PA04,Perú,Piura,Afluente,1959-06-01,2017-08-10,No especificado,No aplica,80042,Alto,Tradicional,Vigente,1,0
CL000666,Empresa,González Logística Latam,PA02,Canadá,Montreal,Corporativo,1992-04-01,2016-04-25,No aplica,Manufactura,6707252,Bajo,Digital,Vencido,1,0
CL000667,Persona,Noah Rodríguez García,PA03,Chile,Concepción,Banca privada,1963-03-09,2018-02-04,M,No aplica,167169,Bajo,Digital,Vigente,0,0
CL000668,Empresa,Díaz Agroindustria Latam,PA04,Perú,Huancayo,PyME,1991-01-01,2022-03-02,No aplica,Servicios profesionales,566676,Medio,Híbrido,Vigente,0,0
CL000669,Empresa,Gómez Logística S.A.,PA04,Perú,Iquitos,PyME,2000-09-01,2019-12-18,No aplica,Servicios profesionales,477948,Medio,Tradicional,Vigente,1,0
CL000670,Persona,Gabriel Hernández Tremblay,PA04,Perú,Arequipa,Masivo,1968-05-11,2020-09-25,No especificado,No aplica,29810,Alto,Digital,Por vencer,0,0
CL000671,Persona,Mateo González Castro,PA01,México,Ciudad de México,Masivo,1948-08-28,2022-01-26,F,No aplica,12880,Alto,Digital,Vigente,1,0
CL000672,Persona,Olivia Torres Flores,PA05,Colombia,Santa Marta,Masivo,1984-10-16,2016-04-20,F,No aplica,30957,Alto,Digital,Vigente,1,0
CL000673,Persona,Isabella Flores Gómez,PA04,Perú,Tacna,Afluente,1994-10-21,2020-06-12,No especificado,No aplica,83856,Medio,Digital,Vigente,1,0
CL000674,Persona,Étienne Hernández Martin,PA05,Colombia,Manizales,Masivo,1951-05-13,2018-02-26,M,No aplica,17301,Bajo,Híbrido,Vigente,1,0
CL000675,Persona,Mateo Hernández Wilson,PA03,Chile,Puerto Montt,Banca privada,1965-04-12,2018-01-02,No especificado,No aplica,323179,Bajo,Híbrido,Vigente,0,0
CL000676,Persona,Martina Tremblay García,PA01,México,Mérida,Masivo,1999-04-24,2022-01-24,F,No aplica,19570,Medio,Híbrido,Vigente,0,0
CL000677,Persona,Sofía Rivera Sánchez,PA01,México,Guadalajara,Afluente,1974-04-07,2016-08-11,No especificado,No aplica,62069,Alto,Digital,Vigente,1,0
CL000678,Persona,Sofía Ramírez Flores,PA05,Colombia,Cúcuta,Masivo,2001-01-08,2022-06-18,M,No aplica,29537,Medio,Tradicional,Vigente,0,0
CL000679,Persona,Sofía Flores Sánchez,PA03,Chile,Puerto Montt,Masivo,1996-12-04,2022-02-04,M,No aplica,14641,Alto,Híbrido,Vigente,0,0
CL000680,Persona,Olivia Ramírez Smith,PA03,Chile,Temuco,Afluente,1970-02-26,2019-10-15,F,No aplica,47664,Alto,Digital,Vigente,0,0
CL000681,Empresa,Smith Construcción Group,PA03,Chile,Antofagasta,Corporativo,2000-06-01,2021-05-16,No aplica,Tecnología,7631708,Bajo,Híbrido,Vigente,1,0
CL000682,Persona,Santiago Pérez Flores,PA01,México,Ciudad de México,Masivo,1984-08-06,2022-06-19,No especificado,No aplica,26209,Bajo,Híbrido,Vigente,1,0
CL000683,Persona,Ava Reyes Martínez,PA02,Canadá,Ottawa,Masivo,1948-07-24,2022-01-21,M,No aplica,25993,Medio,Híbrido,Vigente,0,0
CL000684,Persona,Liam Rivera Tremblay,PA03,Chile,Talca,Masivo,1974-01-06,2020-12-28,M,No aplica,22523,Medio,Digital,Vigente,1,0
CL000685,Empresa,Castro Comercio Group,PA05,Colombia,Bucaramanga,PyME,1992-03-01,2020-07-06,No aplica,Agroindustria,643011,Alto,Digital,Vigente,1,0
CL000686,Persona,Isabella Torres Reyes,PA01,México,Monterrey,Masivo,1990-07-01,2019-08-19,M,No aplica,18944,Alto,Tradicional,Vigente,1,0
CL000687,Persona,Gabriel Romero González,PA01,México,Guadalajara,Masivo,1998-06-09,2019-06-30,F,No aplica,11293,Medio,Digital,Vigente,0,0
CL000688,Persona,Gabriel Torres Brown,PA05,Colombia,Bucaramanga,Banca privada,1956-11-16,2017-04-28,No especificado,No aplica,190396,Bajo,Digital,Vigente,1,0
CL000689,Persona,Sofía Brown Cruz,PA03,Chile,Viña del Mar,Masivo,1959-09-16,2020-03-15,F,No aplica,26050,Bajo,Híbrido,Vigente,1,0
CL000690,Persona,Gabriel Sánchez Gómez,PA03,Chile,Viña del Mar,Afluente,1969-02-19,2017-06-29,F,No aplica,38030,Medio,Híbrido,Vigente,1,0
CL000691,Persona,Lucía García Romero,PA04,Perú,Huancayo,Masivo,1956-06-26,2021-05-01,F,No aplica,29333,Medio,Tradicional,Vigente,0,0
CL000692,Persona,Santiago Flores Vargas,PA03,Chile,Antofagasta,Masivo,2001-06-27,2015-11-10,F,No aplica,20263,Medio,Híbrido,Vigente,0,0
CL000693,Empresa,Smith Tecnología S.A.,PA03,Chile,Rancagua,Corporativo,1992-05-01,2020-10-07,No aplica,Tecnología,4126644,Bajo,Digital,Vigente,1,0
CL000694,Persona,Étienne Sánchez Smith,PA03,Chile,La Serena,Afluente,1998-03-21,2017-10-14,F,No aplica,104171,Alto,Híbrido,Vigente,0,0
CL000695,Persona,Sofía Smith Tremblay,PA03,Chile,Rancagua,Masivo,1971-12-18,2018-08-16,No especificado,No aplica,16007,Medio,Híbrido,Vigente,1,0
CL000696,Persona,Samuel Martínez Castro,PA05,Colombia,Cali,Afluente,1967-02-04,2015-11-30,No especificado,No aplica,82263,Bajo,Digital,Vigente,0,0
CL000697,Persona,Nicolás Hernández Flores,PA05,Colombia,Pereira,Afluente,1957-11-16,2018-05-26,No especificado,No aplica,55896,Bajo,Híbrido,Vigente,1,0
CL000698,Empresa,Cruz Educación Group,PA03,Chile,Valparaíso,PyME,2000-08-01,2017-02-22,No aplica,Educación,763223,Alto,Tradicional,Vigente,0,0
CL000699,Persona,Diego Smith Vargas,PA05,Colombia,Santa Marta,Masivo,1971-12-11,2018-12-08,No especificado,No aplica,16365,Bajo,Tradicional,Vigente,0,0
CL000700,Persona,Lucas Martin Sánchez,PA02,Canadá,Halifax,Afluente,2002-01-24,2022-07-21,M,No aplica,76060,Alto,Tradicional,Vencido,1,0
CL000701,Persona,Emiliano Flores Martínez,PA03,Chile,Temuco,Masivo,1959-10-15,2022-11-09,No especificado,No aplica,29796,Alto,Híbrido,Por vencer,1,0
CL000702,Persona,Lucas Hernández Rodríguez,PA01,México,Monterrey,Banca privada,1985-02-06,2015-06-20,No especificado,No aplica,274655,Bajo,Híbrido,Vigente,1,0
CL000703,Persona,Gabriel Pérez Sánchez,PA01,México,Monterrey,Masivo,1965-08-25,2021-01-18,No especificado,No aplica,26998,Medio,Híbrido,Vigente,0,0
CL000704,Persona,Sebastián Sánchez Gómez,PA02,Canadá,Vancouver,Masivo,1963-02-04,2021-02-04,M,No aplica,12206,Bajo,Digital,Vigente,1,0
CL000705,Empresa,García Comercio Latam,PA05,Colombia,Bogotá,Corporativo,2000-11-01,2019-03-11,No aplica,Construcción,3482106,Alto,Tradicional,Vigente,1,0
CL000706,Persona,Renata Castro Torres,PA02,Canadá,Edmonton,Banca privada,1949-08-14,2017-04-23,F,No aplica,131193,Alto,Híbrido,Vigente,1,0
CL000707,Empresa,Tremblay Manufactura Latam,PA05,Colombia,Cúcuta,Corporativo,2004-11-01,2016-11-16,No aplica,Tecnología,5831823,Bajo,Híbrido,Vigente,1,0
CL000708,Persona,Élodie Rodríguez Reyes,PA05,Colombia,Cali,Afluente,2000-05-16,2021-12-24,No especificado,No aplica,102595,Bajo,Híbrido,Vigente,1,0
CL000709,Persona,Gabriel Smith Rivera,PA03,Chile,Concepción,Banca privada,1979-11-21,2020-08-18,M,No aplica,285757,Medio,Híbrido,Vigente,1,0
CL000710,Empresa,Martínez Comercio Latam,PA03,Chile,Valparaíso,PyME,2015-08-01,2021-08-20,No aplica,Agroindustria,343753,Alto,Híbrido,Vigente,1,0
CL000711,Persona,Samuel Wilson Wilson,PA04,Perú,Chiclayo,Masivo,1956-07-05,2021-08-04,M,No aplica,19632,Medio,Híbrido,Vigente,1,0
CL000712,Persona,Lucas Pérez Martin,PA03,Chile,La Serena,Masivo,1968-06-25,2019-02-07,M,No aplica,28711,Bajo,Digital,Vigente,1,0
CL000713,Persona,Emma Flores González,PA02,Canadá,Toronto,Afluente,1960-08-26,2015-07-22,No especificado,No aplica,90755,Bajo,Digital,Vigente,1,0
CL000714,Persona,Sofía Hernández Flores,PA03,Chile,Valparaíso,Masivo,1992-07-05,2020-11-01,F,No aplica,24031,Medio,Híbrido,Vigente,1,0
CL000715,Persona,Lucía González Wilson,PA02,Canadá,Toronto,Afluente,1960-12-16,2021-12-08,M,No aplica,42455,Medio,Híbrido,Vigente,0,0
CL000716,Persona,Camila Cruz Vargas,PA05,Colombia,Cartagena,Masivo,1948-09-10,2020-04-05,No especificado,No aplica,14865,Medio,Digital,Vigente,1,0
CL000717,Persona,Lucas Wilson Rivera,PA01,México,Puebla,Masivo,1966-10-08,2016-01-29,F,No aplica,24605,Medio,Híbrido,Vigente,1,0
CL000718,Persona,Noah Flores Rodríguez,PA03,Chile,Puerto Montt,Masivo,1986-11-02,2016-08-21,No especificado,No aplica,21505,Medio,Híbrido,Vigente,0,0
CL000719,Persona,Daniela Cruz Castro,PA02,Canadá,Winnipeg,Masivo,2003-05-04,2018-12-23,M,No aplica,13597,Bajo,Híbrido,Vigente,0,0
CL000720,Empresa,Morales Educación Partners,PA03,Chile,Rancagua,PyME,1990-09-01,2018-04-14,No aplica,Turismo,244327,Bajo,Tradicional,Vigente,1,0
CL000721,Persona,Martina Rodríguez Martínez,PA01,México,León,Afluente,1953-01-17,2015-06-02,M,No aplica,45021,Alto,Digital,Vigente,0,0
CL000722,Empresa,Sánchez Logística S.A.,PA05,Colombia,Cartagena,PyME,1988-02-01,2022-08-19,No aplica,Agroindustria,524793,Medio,Tradicional,Vigente,0,0
CL000723,Persona,Emma Brown Ramírez,PA05,Colombia,Manizales,Afluente,1998-12-03,2016-10-13,No especificado,No aplica,59690,Bajo,Tradicional,Vigente,0,0
CL000724,Persona,Santiago Díaz Wilson,PA04,Perú,Arequipa,Afluente,1999-10-12,2020-01-30,F,No aplica,105284,Bajo,Digital,Vigente,0,0
CL000725,Persona,Renata Hernández Smith,PA04,Perú,Cusco,Masivo,1956-01-05,2015-05-30,No especificado,No aplica,15501,Medio,Tradicional,Vigente,0,0
CL000726,Persona,Élodie Martínez López,PA02,Canadá,Winnipeg,Masivo,1949-12-12,2017-08-01,No especificado,No aplica,19785,Medio,Digital,Vigente,1,0
CL000727,Persona,Samuel Torres Ramírez,PA02,Canadá,Winnipeg,Afluente,1985-01-02,2019-08-16,M,No aplica,62708,Medio,Híbrido,Vigente,1,0
CL000728,Persona,Daniela Rodríguez Rivera,PA03,Chile,Concepción,Masivo,1992-08-04,2019-02-05,F,No aplica,22674,Bajo,Digital,Vigente,0,0
CL000729,Persona,Daniela González Romero,PA01,México,Guadalajara,Masivo,1977-09-15,2020-09-03,No especificado,No aplica,16537,Bajo,Híbrido,Vigente,1,0
CL000730,Persona,Élodie Wilson Morales,PA03,Chile,Antofagasta,Masivo,1973-02-19,2022-08-30,No especificado,No aplica,23605,Medio,Tradicional,Vigente,1,0
CL000731,Persona,Étienne Martínez González,PA04,Perú,Trujillo,Banca privada,1996-11-17,2016-08-05,No especificado,No aplica,275873,Bajo,Tradicional,Vigente,0,0
CL000732,Persona,Daniela Brown Wilson,PA05,Colombia,Pereira,Banca privada,2002-09-10,2019-10-03,F,No aplica,217191,Medio,Digital,Vigente,1,0
CL000733,Empresa,López Logística Partners,PA04,Perú,Iquitos,PyME,2005-05-01,2019-07-01,No aplica,Tecnología,373293,Bajo,Híbrido,Vigente,1,0
CL000734,Persona,Sebastián Martin Flores,PA02,Canadá,Toronto,Afluente,2002-12-18,2020-05-28,F,No aplica,87720,Medio,Digital,Vigente,1,0
CL000735,Persona,Liam Smith Brown,PA02,Canadá,Halifax,Masivo,1980-06-26,2018-07-31,M,No aplica,23216,Alto,Tradicional,Vigente,0,0
CL000736,Persona,Lucas Rivera Sánchez,PA05,Colombia,Cúcuta,Masivo,1972-03-26,2020-10-10,M,No aplica,15433,Medio,Híbrido,Vigente,1,0
CL000737,Persona,Lucía Vargas Smith,PA04,Perú,Iquitos,Afluente,1977-01-02,2021-01-31,F,No aplica,80323,Medio,Digital,Por vencer,1,0
CL000738,Persona,Diego Martin Rivera,PA03,Chile,La Serena,Masivo,1990-12-09,2022-10-17,M,No aplica,26761,Bajo,Híbrido,Vigente,1,0
CL000739,Persona,Lucía Castro Hernández,PA04,Perú,Cusco,Masivo,1956-04-05,2016-08-17,M,No aplica,26104,Bajo,Híbrido,Vigente,1,0
CL000740,Persona,Gabriel Ramírez Sánchez,PA02,Canadá,Vancouver,Masivo,1983-10-05,2016-07-17,F,No aplica,10517,Medio,Híbrido,Vigente,1,0
CL000741,Empresa,Martínez Salud Latam,PA01,México,Monterrey,PyME,2016-06-01,2015-12-18,No aplica,Turismo,449209,Bajo,Híbrido,Vigente,0,0
CL000742,Persona,Noah González Gómez,PA04,Perú,Iquitos,Masivo,1957-01-06,2021-08-03,No especificado,No aplica,29331,Alto,Digital,Vigente,0,0
CL000743,Persona,Renata Sánchez Reyes,PA03,Chile,Antofagasta,Masivo,1971-10-16,2015-06-16,F,No aplica,27081,Bajo,Híbrido,Vigente,1,0
CL000744,Persona,Martina Cruz Brown,PA03,Chile,Antofagasta,Banca privada,1985-02-26,2015-08-12,M,No aplica,230393,Medio,Digital,Vigente,1,0
CL000745,Persona,Alejandro Gómez Tremblay,PA05,Colombia,Pereira,Banca privada,1952-07-12,2018-04-22,No especificado,No aplica,350749,Alto,Híbrido,Vigente,1,0
CL000746,Persona,Martina Torres Smith,PA01,México,Toluca,Banca privada,1976-04-03,2015-05-10,F,No aplica,149755,Medio,Tradicional,Vigente,0,0
CL000747,Persona,Emma Martin Hernández,PA02,Canadá,Mississauga,Banca privada,1974-06-04,2020-11-29,M,No aplica,247258,Bajo,Híbrido,Vigente,0,0
CL000748,Persona,Gabriel Reyes García,PA02,Canadá,Vancouver,Afluente,2002-11-28,2015-07-05,F,No aplica,51832,Alto,Digital,Vigente,1,0
CL000749,Persona,Noah Pérez Wilson,PA04,Perú,Cusco,Masivo,1966-05-10,2016-09-26,No especificado,No aplica,18045,Medio,Tradicional,Vigente,0,0
CL000750,Empresa,Flores Educación Group,PA01,México,Puebla,Corporativo,2012-02-01,2019-05-19,No aplica,Agroindustria,5943346,Medio,Híbrido,Vigente,0,0
CL000751,Persona,Valentina Cruz Castro,PA05,Colombia,Bucaramanga,Masivo,1987-04-04,2015-05-23,F,No aplica,16814,Bajo,Digital,Vigente,1,0
CL000752,Persona,Lucas Martin Hernández,PA01,México,Mérida,Afluente,1949-05-04,2020-01-31,M,No aplica,74592,Bajo,Digital,Vigente,1,0
CL000753,Persona,Isabella Torres Vargas,PA03,Chile,Talca,Masivo,1987-08-14,2020-02-03,No especificado,No aplica,24450,Bajo,Digital,Vigente,0,0
CL000754,Persona,Liam Hernández Vargas,PA04,Perú,Lima,Banca privada,1993-06-08,2019-06-17,No especificado,No aplica,128213,Medio,Digital,Vigente,0,0
CL000755,Persona,Isabella Morales Tremblay,PA03,Chile,La Serena,Masivo,1959-10-19,2017-08-29,M,No aplica,27859,Bajo,Digital,Vigente,0,0
CL000756,Persona,Emma Rodríguez Smith,PA03,Chile,Concepción,Masivo,1959-04-21,2018-06-30,F,No aplica,19016,Medio,Híbrido,Vigente,1,0
CL000757,Persona,Emiliano Gómez Wilson,PA02,Canadá,Ottawa,Masivo,1972-06-11,2021-02-15,F,No aplica,28070,Bajo,Digital,Vigente,1,0
CL000758,Persona,Camila Gómez Vargas,PA04,Perú,Huancayo,Masivo,1987-09-09,2020-01-17,No especificado,No aplica,18711,Bajo,Digital,Vigente,1,0
CL000759,Empresa,Pérez Educación Latam,PA04,Perú,Trujillo,PyME,2002-02-01,2022-09-21,No aplica,Tecnología,485005,Medio,Tradicional,Vigente,1,1
CL000760,Persona,Lucas Reyes Martin,PA05,Colombia,Bogotá,Masivo,1997-01-21,2020-05-09,M,No aplica,20636,Medio,Híbrido,Vigente,0,0
CL000761,Persona,Renata Hernández Brown,PA03,Chile,Viña del Mar,Afluente,1951-12-16,2016-01-20,F,No aplica,81055,Medio,Digital,Vigente,1,0
CL000762,Persona,Emma Díaz Castro,PA01,México,Monterrey,Afluente,1955-09-07,2017-05-22,No especificado,No aplica,101334,Bajo,Digital,Vigente,1,0
CL000763,Persona,Étienne Rodríguez Cruz,PA04,Perú,Chiclayo,Banca privada,1955-10-01,2018-08-13,M,No aplica,203028,Medio,Tradicional,Vigente,1,0
CL000764,Empresa,Gómez Turismo Latam,PA03,Chile,Viña del Mar,PyME,2011-01-01,2021-09-23,No aplica,Turismo,802030,Alto,Digital,Vigente,0,0
CL000765,Empresa,Pérez Turismo Partners,PA05,Colombia,Cali,PyME,1997-10-01,2020-03-24,No aplica,Logística,659062,Medio,Híbrido,Vigente,1,0
CL000766,Persona,Emma Morales Castro,PA03,Chile,La Serena,Banca privada,1970-07-18,2020-02-15,F,No aplica,247686,Bajo,Híbrido,Vigente,1,0
CL000767,Persona,Mariana Hernández Rodríguez,PA03,Chile,Concepción,Afluente,1950-02-01,2022-01-22,F,No aplica,46073,Bajo,Digital,Vigente,0,0
CL000768,Persona,Mariana Vargas Martínez,PA05,Colombia,Medellín,Masivo,1995-04-06,2016-07-14,F,No aplica,23791,Medio,Digital,Vigente,1,0
CL000769,Persona,Alejandro Pérez Reyes,PA01,México,Mérida,Masivo,1952-08-11,2020-03-09,M,No aplica,14850,Bajo,Digital,Vigente,1,0
CL000770,Persona,Mateo Morales Martínez,PA01,México,Guadalajara,Afluente,2002-04-19,2018-02-01,F,No aplica,58175,Medio,Tradicional,Vigente,1,0
CL000771,Persona,Isabella Díaz Gómez,PA01,México,Veracruz,Masivo,2000-12-12,2015-10-11,No especificado,No aplica,12235,Medio,Tradicional,Vigente,1,0
CL000772,Persona,Sofía Wilson Pérez,PA01,México,Guadalajara,Masivo,1999-12-26,2022-03-11,M,No aplica,15361,Bajo,Digital,Vigente,1,0
CL000773,Persona,Olivia Flores Díaz,PA04,Perú,Piura,Masivo,2003-08-01,2016-01-18,F,No aplica,28054,Bajo,Híbrido,Vigente,1,0
CL000774,Persona,Sofía Martin Flores,PA01,México,Veracruz,Banca privada,1987-03-23,2017-07-15,F,No aplica,192814,Bajo,Tradicional,Vigente,1,0
CL000775,Persona,Ava Morales Flores,PA02,Canadá,Winnipeg,Masivo,1954-08-07,2017-02-15,F,No aplica,27779,Bajo,Digital,Vigente,1,0
CL000776,Empresa,Gómez Educación Latam,PA02,Canadá,Vancouver,PyME,1998-09-01,2020-12-08,No aplica,Agroindustria,580358,Medio,Híbrido,Vigente,0,0
CL000777,Empresa,Sánchez Construcción S.A.,PA03,Chile,La Serena,PyME,1988-02-01,2018-03-16,No aplica,Logística,261191,Alto,Digital,Vigente,1,0
CL000778,Persona,Sebastián Tremblay Smith,PA03,Chile,La Serena,Banca privada,1948-07-09,2021-06-01,M,No aplica,313584,Bajo,Tradicional,Vigente,0,0
CL000779,Persona,Diego Reyes Vargas,PA03,Chile,Viña del Mar,Masivo,1975-03-11,2019-03-24,No especificado,No aplica,28866,Medio,Digital,Vigente,1,0
CL000780,Empresa,Gómez Logística Partners,PA02,Canadá,Montreal,PyME,2006-10-01,2019-06-26,No aplica,Tecnología,386340,Bajo,Digital,Por vencer,0,0
CL000781,Persona,Gabriel García Reyes,PA01,México,Querétaro,Afluente,1977-09-18,2022-02-06,No especificado,No aplica,89590,Bajo,Digital,Vigente,1,0
CL000782,Persona,Sofía García González,PA01,México,Tijuana,Masivo,2002-11-27,2019-07-12,F,No aplica,14403,Bajo,Híbrido,Vigente,0,0
CL000783,Persona,Camila Romero García,PA02,Canadá,Halifax,Masivo,1989-12-04,2022-04-18,F,No aplica,24410,Bajo,Híbrido,Vigente,0,0
CL000784,Persona,Santiago González García,PA04,Perú,Arequipa,Banca privada,1960-07-11,2017-08-03,F,No aplica,361965,Medio,Digital,Vigente,1,0
CL000785,Persona,Sebastián Rodríguez Brown,PA03,Chile,Rancagua,Afluente,1956-07-26,2016-10-16,F,No aplica,86738,Bajo,Digital,Vigente,1,0
CL000786,Persona,Noah Rodríguez Romero,PA03,Chile,Viña del Mar,Masivo,1952-12-06,2017-09-06,M,No aplica,27507,Medio,Híbrido,Vigente,1,0
CL000787,Persona,Gabriel Sánchez Díaz,PA05,Colombia,Cúcuta,Masivo,1953-12-06,2017-03-03,M,No aplica,25416,Medio,Híbrido,Vigente,1,0
CL000788,Persona,Daniela Ramírez Hernández,PA04,Perú,Trujillo,Afluente,1970-03-11,2016-04-30,F,No aplica,69308,Bajo,Híbrido,Vigente,1,0
CL000789,Persona,Mateo Cruz Flores,PA01,México,Veracruz,Afluente,1966-09-16,2019-06-11,F,No aplica,96395,Medio,Digital,Vigente,1,0
CL000790,Persona,Samuel Flores Pérez,PA01,México,Mérida,Masivo,1982-11-05,2017-08-31,F,No aplica,13327,Bajo,Tradicional,Vigente,1,0
CL000791,Persona,Ava Hernández Morales,PA01,México,León,Masivo,1990-09-12,2021-02-15,F,No aplica,17323,Medio,Digital,Vigente,1,0
CL000792,Persona,Daniela Flores Castro,PA04,Perú,Tacna,Masivo,1968-11-04,2019-09-12,No especificado,No aplica,13352,Alto,Híbrido,Vigente,0,0
CL000793,Persona,Olivia Vargas Ramírez,PA01,México,Monterrey,Afluente,1961-03-15,2017-05-12,M,No aplica,76722,Bajo,Híbrido,Vigente,1,0
CL000794,Persona,Noah Reyes Hernández,PA02,Canadá,Toronto,Masivo,1957-12-24,2017-01-25,F,No aplica,27297,Alto,Híbrido,Vigente,0,0
CL000795,Persona,Élodie Flores Smith,PA05,Colombia,Manizales,Masivo,1996-05-13,2016-10-16,F,No aplica,18740,Bajo,Digital,Vigente,1,0
CL000796,Persona,Emiliano Wilson Morales,PA04,Perú,Cusco,Masivo,2002-01-01,2015-08-02,M,No aplica,20078,Bajo,Híbrido,Vigente,0,0
CL000797,Persona,Santiago Tremblay Martínez,PA01,México,León,Masivo,1984-10-16,2021-02-05,M,No aplica,18028,Medio,Digital,Vigente,1,0
CL000798,Persona,Liam Brown Martínez,PA03,Chile,Puerto Montt,Afluente,1986-02-26,2015-07-03,F,No aplica,57953,Bajo,Digital,Vigente,1,0
CL000799,Persona,Olivia Rodríguez González,PA02,Canadá,Edmonton,Afluente,1975-05-12,2022-05-31,F,No aplica,81931,Medio,Digital,Vigente,1,0
CL000800,Persona,Lucía Castro Martínez,PA05,Colombia,Santa Marta,Masivo,1974-12-14,2020-09-25,F,No aplica,20544,Alto,Híbrido,Vigente,0,0
CL000801,Persona,Santiago Castro Reyes,PA01,México,Toluca,Masivo,2002-06-10,2018-05-16,M,No aplica,14513,Medio,Híbrido,Vigente,1,0
CL000802,Empresa,López Agroindustria Partners,PA05,Colombia,Bucaramanga,PyME,2020-12-01,2015-09-12,No aplica,Comercio,236377,Alto,Tradicional,Vigente,1,0
CL000803,Persona,Sebastián Hernández Díaz,PA01,México,Tijuana,Banca privada,1973-01-25,2022-03-08,M,No aplica,278086,Medio,Híbrido,Vigente,1,0
CL000804,Persona,Mariana Morales Martin,PA03,Chile,Viña del Mar,Afluente,2000-07-16,2018-06-21,F,No aplica,103727,Bajo,Híbrido,Vigente,1,0
CL000805,Persona,Sofía Wilson Torres,PA03,Chile,Temuco,Banca privada,1989-08-13,2016-03-22,F,No aplica,195562,Medio,Híbrido,Vigente,1,0
CL000806,Persona,Emma González Morales,PA02,Canadá,Winnipeg,Masivo,1993-04-15,2018-11-12,No especificado,No aplica,16592,Bajo,Híbrido,Vigente,1,0
CL000807,Empresa,Pérez Construcción Partners,PA05,Colombia,Medellín,PyME,2018-02-01,2022-08-15,No aplica,Tecnología,491044,Alto,Digital,Vigente,0,0
CL000808,Persona,Olivia Castro Brown,PA01,México,Monterrey,Afluente,1998-08-03,2021-05-28,No especificado,No aplica,63119,Alto,Tradicional,Por vencer,1,0
CL000809,Persona,Élodie González Pérez,PA04,Perú,Chiclayo,Afluente,1983-07-21,2016-02-18,F,No aplica,91446,Medio,Digital,Vigente,1,0
CL000810,Persona,Santiago Flores Ramírez,PA02,Canadá,Québec,Masivo,1975-03-03,2019-08-09,F,No aplica,13823,Alto,Híbrido,Vigente,0,0
CL000811,Empresa,Hernández Construcción Partners,PA03,Chile,Santiago,PyME,1986-06-01,2016-02-13,No aplica,Tecnología,497830,Bajo,Híbrido,Vigente,0,0
CL000812,Empresa,Torres Educación S.A.,PA03,Chile,Antofagasta,Corporativo,2001-09-01,2020-05-30,No aplica,Turismo,4041761,Bajo,Digital,Vigente,1,0
CL000813,Persona,Mariana Smith Morales,PA04,Perú,Iquitos,Masivo,1979-03-01,2016-11-20,No especificado,No aplica,14826,Medio,Híbrido,Vigente,1,0
CL000814,Empresa,Sánchez Educación Partners,PA05,Colombia,Bogotá,PyME,2010-09-01,2020-02-09,No aplica,Agroindustria,630820,Alto,Digital,Vigente,0,0
CL000815,Empresa,Smith Construcción Latam,PA01,México,Mérida,PyME,2001-02-01,2020-05-03,No aplica,Tecnología,293274,Medio,Tradicional,Vigente,1,0
CL000816,Persona,Diego Cruz Martin,PA02,Canadá,Ottawa,Masivo,1952-10-24,2017-09-27,M,No aplica,29900,Alto,Tradicional,Vigente,1,0
CL000817,Persona,Renata Torres Cruz,PA02,Canadá,Mississauga,Masivo,1988-07-27,2017-10-25,No especificado,No aplica,14025,Alto,Digital,Vigente,1,0
CL000818,Persona,Emiliano Smith Torres,PA01,México,Monterrey,Masivo,1986-12-20,2020-04-06,M,No aplica,12702,Bajo,Tradicional,Vigente,0,0
CL000819,Persona,Mariana González Wilson,PA05,Colombia,Cali,Afluente,1969-07-13,2017-02-01,F,No aplica,50683,Bajo,Híbrido,Vigente,1,0
CL000820,Persona,Élodie López Brown,PA04,Perú,Cusco,Afluente,1948-12-15,2018-06-10,M,No aplica,79489,Bajo,Tradicional,Vigente,1,0
CL000821,Persona,Étienne Brown Martínez,PA01,México,León,Banca privada,1964-01-18,2020-01-18,F,No aplica,333592,Alto,Híbrido,Vigente,1,0
CL000822,Persona,Lucas Tremblay Pérez,PA02,Canadá,Montreal,Masivo,1958-04-22,2020-07-29,F,No aplica,21865,Alto,Digital,Vigente,1,0
CL000823,Persona,Daniela Pérez Morales,PA04,Perú,Lima,Masivo,1992-12-27,2021-12-07,F,No aplica,29512,Medio,Híbrido,Vigente,1,0
CL000824,Empresa,Martin Construcción Latam,PA05,Colombia,Bucaramanga,PyME,2012-03-01,2022-05-13,No aplica,Servicios profesionales,494719,Medio,Tradicional,Vigente,0,0
CL000825,Persona,Santiago Rivera Morales,PA02,Canadá,Vancouver,Masivo,1994-06-21,2018-08-07,F,No aplica,16014,Bajo,Digital,Vigente,0,0
CL000826,Persona,Gabriel Castro Morales,PA01,México,Veracruz,Afluente,1974-05-23,2018-03-12,F,No aplica,49193,Medio,Híbrido,Vigente,1,0
CL000827,Persona,Emma Gómez Hernández,PA02,Canadá,Vancouver,Masivo,1984-06-21,2018-12-15,No especificado,No aplica,24097,Medio,Digital,Vigente,1,0
CL000828,Persona,Emma Rodríguez Morales,PA03,Chile,Talca,Afluente,1982-08-16,2021-10-11,M,No aplica,59115,Bajo,Tradicional,Vigente,1,0
CL000829,Persona,Noah Castro Romero,PA04,Perú,Piura,Masivo,1973-05-28,2019-01-26,No especificado,No aplica,14383,Medio,Digital,Vigente,1,0
CL000830,Persona,Valentina Rodríguez García,PA01,México,Puebla,Masivo,1971-07-13,2022-11-11,M,No aplica,21696,Medio,Híbrido,Vigente,0,0
CL000831,Persona,Lucas Brown Ramírez,PA03,Chile,Viña del Mar,Masivo,1975-03-15,2016-11-01,F,No aplica,14388,Bajo,Híbrido,Vigente,1,0
CL000832,Persona,Nicolás Gómez Reyes,PA05,Colombia,Santa Marta,Afluente,1986-06-01,2022-02-12,M,No aplica,49729,Bajo,Digital,Vigente,1,0
CL000833,Persona,Liam Hernández Pérez,PA01,México,Toluca,Masivo,2001-11-12,2018-03-26,F,No aplica,27078,Bajo,Híbrido,Vigente,1,0
CL000834,Persona,Diego Smith Rivera,PA05,Colombia,Bogotá,Afluente,2003-09-27,2019-06-12,F,No aplica,66593,Alto,Híbrido,Vigente,0,0
CL000835,Persona,Mateo Romero Sánchez,PA01,México,Mérida,Banca privada,1994-08-11,2018-11-11,F,No aplica,136093,Bajo,Digital,Vigente,1,0
CL000836,Persona,Sofía Díaz González,PA01,México,Puebla,Masivo,2002-07-15,2015-05-19,F,No aplica,30529,Medio,Digital,Vigente,1,0
CL000837,Persona,Olivia Castro García,PA02,Canadá,Montreal,Banca privada,1991-12-08,2017-04-28,No especificado,No aplica,228245,Bajo,Digital,Vigente,1,0
CL000838,Persona,Diego Díaz Wilson,PA01,México,Mérida,Masivo,1948-01-05,2018-03-04,No especificado,No aplica,25123,Medio,Híbrido,Vigente,1,0
CL000839,Persona,Liam Morales Cruz,PA04,Perú,Arequipa,Masivo,1959-05-13,2021-11-18,M,No aplica,27604,Medio,Digital,Vigente,1,0
CL000840,Persona,Lucas Gómez Tremblay,PA02,Canadá,Edmonton,Masivo,1990-01-12,2021-08-15,F,No aplica,11065,Medio,Híbrido,Vigente,1,0
CL000841,Empresa,Castro Salud S.A.,PA03,Chile,Temuco,Corporativo,2020-02-01,2022-01-29,No aplica,Agroindustria,3499295,Medio,Tradicional,Vigente,0,0
CL000842,Persona,Élodie Castro Cruz,PA05,Colombia,Bucaramanga,Afluente,1978-08-16,2016-09-07,F,No aplica,53877,Medio,Híbrido,Vigente,1,0
CL000843,Persona,Martina Wilson Hernández,PA03,Chile,Santiago,Masivo,1967-08-16,2018-12-23,No especificado,No aplica,29378,Alto,Digital,Vigente,1,0
CL000844,Empresa,Ramírez Turismo Group,PA04,Perú,Cajamarca,PyME,2002-02-01,2019-04-24,No aplica,Tecnología,802751,Medio,Tradicional,Vigente,1,0
CL000845,Persona,Étienne Hernández Díaz,PA03,Chile,Santiago,Masivo,1996-04-12,2018-12-10,F,No aplica,12740,Alto,Tradicional,Vigente,0,0
CL000846,Persona,Mariana Rodríguez Torres,PA01,México,Monterrey,Afluente,1979-11-08,2015-12-25,No especificado,No aplica,104426,Bajo,Tradicional,Vigente,0,0
CL000847,Persona,Renata Rivera García,PA02,Canadá,Québec,Banca privada,1977-07-20,2020-12-17,M,No aplica,339848,Bajo,Digital,Vigente,1,0
CL000848,Persona,Olivia Ramírez Gómez,PA01,México,Tijuana,Afluente,1970-09-20,2018-09-23,M,No aplica,66076,Medio,Híbrido,Vigente,1,0
CL000849,Empresa,González Agroindustria Group,PA03,Chile,Valparaíso,PyME,2016-04-01,2017-04-19,No aplica,Tecnología,734144,Bajo,Digital,Vigente,0,0
CL000850,Persona,Noah Flores Ramírez,PA05,Colombia,Cúcuta,Masivo,1973-01-26,2017-07-13,No especificado,No aplica,18268,Medio,Digital,Vigente,1,0
CL000851,Persona,Olivia Díaz Flores,PA01,México,Mérida,Afluente,1966-04-18,2021-07-14,M,No aplica,74969,Bajo,Digital,Vigente,0,0
CL000852,Persona,Lucía Torres López,PA02,Canadá,Edmonton,Masivo,1980-08-27,2015-05-13,M,No aplica,19503,Medio,Híbrido,Vigente,1,0
CL000853,Persona,Sebastián Rivera Hernández,PA01,México,Querétaro,Afluente,1969-07-28,2022-08-09,F,No aplica,55737,Alto,Digital,Vigente,1,0
CL000854,Empresa,López Comercio Group,PA03,Chile,Valparaíso,PyME,2002-02-01,2018-02-10,No aplica,Servicios profesionales,356137,Bajo,Digital,Vigente,0,0
CL000855,Persona,Sofía Rivera Sánchez,PA01,México,Querétaro,Masivo,1976-01-14,2020-02-20,No especificado,No aplica,16737,Medio,Híbrido,Vigente,0,0
CL000856,Persona,Alejandro Cruz Gómez,PA02,Canadá,Ottawa,Masivo,2003-11-10,2022-03-26,M,No aplica,17466,Bajo,Digital,Vigente,0,0
CL000857,Persona,Gabriel Ramírez Vargas,PA04,Perú,Arequipa,Masivo,1969-04-24,2021-09-07,F,No aplica,18830,Alto,Híbrido,Vigente,0,0
CL000858,Persona,Étienne Rodríguez Morales,PA02,Canadá,Edmonton,Afluente,1953-03-08,2017-04-06,M,No aplica,49219,Bajo,Tradicional,Vigente,1,0
CL000859,Persona,Gabriel García Wilson,PA04,Perú,Cajamarca,Masivo,1948-07-06,2017-08-10,No especificado,No aplica,26145,Bajo,Híbrido,Vigente,0,0
CL000860,Persona,Élodie Torres Martin,PA04,Perú,Piura,Masivo,1959-06-01,2022-11-02,No especificado,No aplica,10503,Bajo,Híbrido,Vigente,1,1
CL000861,Persona,Mateo Tremblay López,PA03,Chile,Santiago,Masivo,1958-03-17,2016-10-21,M,No aplica,17261,Bajo,Híbrido,Vigente,0,0
CL000862,Persona,Martina González Flores,PA03,Chile,Santiago,Banca privada,1950-03-07,2015-12-14,No especificado,No aplica,202941,Bajo,Digital,Vigente,0,0
CL000863,Persona,Lucía Wilson Flores,PA03,Chile,Viña del Mar,Masivo,1971-12-17,2016-07-31,No especificado,No aplica,16165,Alto,Tradicional,Vigente,0,0
CL000864,Persona,Noah Rivera Martínez,PA02,Canadá,Montreal,Afluente,1988-03-13,2021-03-26,M,No aplica,90442,Bajo,Híbrido,Vigente,1,0
CL000865,Persona,Santiago Cruz López,PA03,Chile,Concepción,Afluente,1970-05-01,2021-03-22,No especificado,No aplica,68893,Medio,Tradicional,Vigente,1,0
CL000866,Persona,Renata Díaz Ramírez,PA01,México,Mérida,Afluente,1971-02-08,2015-09-23,No especificado,No aplica,62730,Alto,Híbrido,Vigente,0,0
CL000867,Persona,Diego Sánchez Castro,PA05,Colombia,Cali,Masivo,1991-06-18,2021-11-21,M,No aplica,20572,Alto,Híbrido,Por vencer,1,0
CL000868,Persona,Liam Castro Torres,PA05,Colombia,Cúcuta,Masivo,1973-12-10,2018-01-27,M,No aplica,24047,Medio,Digital,Vigente,1,0
CL000869,Persona,Sebastián Gómez Sánchez,PA03,Chile,Santiago,Afluente,1974-08-18,2016-05-20,M,No aplica,89155,Medio,Digital,Vigente,1,0
CL000870,Empresa,Rodríguez Logística S.A.,PA05,Colombia,Santa Marta,Corporativo,1982-03-01,2020-10-24,No aplica,Logística,8879551,Bajo,Híbrido,Vigente,1,0
CL000871,Persona,Valentina Díaz Torres,PA01,México,Toluca,Masivo,1985-03-05,2021-08-13,No especificado,No aplica,30234,Medio,Tradicional,Vigente,1,0
CL000872,Persona,Santiago Romero Flores,PA03,Chile,La Serena,Masivo,1985-09-11,2019-09-08,M,No aplica,16264,Alto,Tradicional,Vigente,1,0
CL000873,Persona,Mateo Romero Ramírez,PA05,Colombia,Medellín,Banca privada,1957-06-18,2019-07-27,M,No aplica,199270,Bajo,Híbrido,Vigente,1,0
CL000874,Persona,Noah Rivera Ramírez,PA05,Colombia,Cúcuta,Masivo,1979-05-06,2018-02-03,F,No aplica,18646,Bajo,Híbrido,Vigente,0,0
CL000875,Persona,Emiliano Pérez Martínez,PA02,Canadá,Toronto,Afluente,1975-01-03,2019-03-18,No especificado,No aplica,51140,Medio,Digital,Vigente,1,0
CL000876,Persona,Diego Hernández Torres,PA02,Canadá,Winnipeg,Afluente,1974-08-25,2018-08-15,F,No aplica,75330,Medio,Digital,Vigente,1,0
CL000877,Persona,Sofía Romero Castro,PA04,Perú,Cajamarca,Masivo,1989-03-14,2017-04-30,F,No aplica,21280,Bajo,Híbrido,Vigente,0,1
CL000878,Persona,Gabriel González García,PA03,Chile,Antofagasta,Masivo,1989-11-16,2022-04-24,F,No aplica,25811,Medio,Híbrido,Vigente,0,0
CL000879,Persona,Élodie Gómez Pérez,PA04,Perú,Tacna,Masivo,1996-05-24,2016-03-22,F,No aplica,11919,Bajo,Digital,Vigente,1,0
CL000880,Persona,Emiliano Rodríguez Reyes,PA03,Chile,Santiago,Masivo,1972-04-04,2016-10-14,F,No aplica,14905,Medio,Tradicional,Vigente,1,0
CL000881,Persona,Noah Reyes Díaz,PA04,Perú,Piura,Masivo,1996-07-08,2017-10-27,F,No aplica,16138,Medio,Híbrido,Vigente,1,0
CL000882,Empresa,Díaz Agroindustria Latam,PA03,Chile,Viña del Mar,PyME,2006-10-01,2019-06-20,No aplica,Salud,685264,Medio,Híbrido,Vigente,1,0
CL000883,Persona,Isabella Reyes Romero,PA03,Chile,Concepción,Afluente,1996-02-25,2019-02-07,F,No aplica,51344,Medio,Digital,Vigente,1,0
CL000884,Persona,Ava Ramírez Torres,PA03,Chile,Rancagua,Banca privada,1953-05-28,2022-10-19,F,No aplica,120934,Bajo,Híbrido,Vigente,0,0
CL000885,Persona,Sofía Brown Reyes,PA02,Canadá,Winnipeg,Masivo,1948-06-26,2018-02-24,F,No aplica,13546,Bajo,Digital,Vigente,0,0
CL000886,Persona,Camila Hernández Ramírez,PA04,Perú,Arequipa,Afluente,1985-01-14,2020-09-30,F,No aplica,99214,Medio,Híbrido,Vigente,0,0
CL000887,Empresa,Torres Agroindustria S.A.,PA02,Canadá,Québec,Corporativo,2017-09-01,2016-06-26,No aplica,Turismo,8286228,Bajo,Híbrido,Vigente,0,0
CL000888,Persona,Lucía Wilson Castro,PA04,Perú,Iquitos,Masivo,1990-04-16,2020-11-10,M,No aplica,16482,Bajo,Tradicional,Vigente,1,0
CL000889,Persona,Sofía Tremblay Flores,PA05,Colombia,Medellín,Afluente,1996-07-12,2022-11-06,No especificado,No aplica,103346,Alto,Digital,Vigente,1,0
CL000890,Persona,Martina Martínez Brown,PA01,México,Mérida,Afluente,1986-05-21,2017-07-17,M,No aplica,108237,Bajo,Híbrido,Vigente,0,0
CL000891,Persona,Daniela Gómez Smith,PA03,Chile,Viña del Mar,Masivo,1987-03-27,2017-05-18,No especificado,No aplica,27351,Alto,Híbrido,Vigente,1,0
CL000892,Persona,Santiago Sánchez Reyes,PA03,Chile,Talca,Banca privada,1985-12-19,2021-02-15,F,No aplica,307168,Alto,Digital,Vigente,1,0
CL000893,Persona,Mateo Martin Tremblay,PA04,Perú,Trujillo,Afluente,2003-01-06,2015-07-01,No especificado,No aplica,51826,Alto,Híbrido,Vigente,0,0
CL000894,Persona,Camila Rivera Hernández,PA02,Canadá,Edmonton,Afluente,1982-04-20,2021-01-12,No especificado,No aplica,42850,Medio,Digital,Vigente,0,0
CL000895,Persona,Étienne Morales Vargas,PA03,Chile,Santiago,Masivo,1954-07-22,2022-02-19,F,No aplica,12788,Bajo,Híbrido,Vigente,1,0
CL000896,Persona,Ava Flores Tremblay,PA03,Chile,La Serena,Masivo,1979-10-25,2017-03-21,No especificado,No aplica,24162,Medio,Tradicional,Vigente,1,0
CL000897,Persona,Alejandro Sánchez Wilson,PA05,Colombia,Bucaramanga,Banca privada,1967-03-04,2020-09-09,F,No aplica,126471,Bajo,Híbrido,Vigente,1,0
CL000898,Persona,Ava Wilson Tremblay,PA03,Chile,Viña del Mar,Banca privada,1962-02-28,2017-09-03,No especificado,No aplica,322984,Bajo,Digital,Vigente,0,0
CL000899,Persona,Emiliano Martínez González,PA04,Perú,Cusco,Afluente,1952-10-10,2017-08-11,F,No aplica,47652,Alto,Digital,Vigente,1,0
CL000900,Persona,Isabella Torres Hernández,PA04,Perú,Iquitos,Masivo,1972-02-14,2019-08-24,No especificado,No aplica,18255,Medio,Digital,Vigente,1,0
CL000901,Persona,Liam Brown Rivera,PA01,México,Tijuana,Masivo,1989-02-16,2021-12-17,F,No aplica,16280,Medio,Digital,Vigente,1,0
CL000902,Persona,Alejandro Rodríguez Martínez,PA03,Chile,Rancagua,Afluente,1965-12-13,2018-02-04,F,No aplica,44870,Alto,Digital,Vigente,0,0
CL000903,Persona,Nicolás Reyes Martin,PA01,México,Mérida,Banca privada,1984-03-14,2018-12-01,F,No aplica,287938,Alto,Tradicional,Vigente,1,0
CL000904,Persona,Liam Tremblay Castro,PA04,Perú,Iquitos,Masivo,1955-02-18,2019-03-16,M,No aplica,17832,Alto,Híbrido,Vigente,1,0
CL000905,Persona,Diego Tremblay Martin,PA03,Chile,Valparaíso,Masivo,1958-08-07,2017-01-12,M,No aplica,15650,Bajo,Híbrido,Vigente,1,0
CL000906,Persona,Lucía Rivera López,PA05,Colombia,Barranquilla,Afluente,1958-02-26,2022-06-11,No especificado,No aplica,80332,Alto,Híbrido,Vigente,1,0
CL000907,Persona,Mariana Tremblay Gómez,PA04,Perú,Chiclayo,Masivo,1977-02-12,2020-05-30,F,No aplica,14168,Medio,Digital,Vigente,1,1
CL000908,Persona,Élodie Pérez Gómez,PA02,Canadá,Mississauga,Banca privada,2003-10-23,2018-11-30,No especificado,No aplica,307416,Medio,Híbrido,Vigente,0,0
CL000909,Persona,Noah López Brown,PA04,Perú,Lima,Afluente,1966-12-05,2018-05-24,No especificado,No aplica,43575,Bajo,Tradicional,Vigente,1,0
CL000910,Persona,Mateo Hernández Rivera,PA05,Colombia,Manizales,Masivo,1999-01-07,2021-07-04,F,No aplica,20873,Medio,Híbrido,Vigente,0,0
CL000911,Empresa,Ramírez Construcción Latam,PA05,Colombia,Barranquilla,PyME,2001-02-01,2017-12-20,No aplica,Manufactura,424655,Alto,Híbrido,Vigente,1,0
CL000912,Persona,Diego López Vargas,PA05,Colombia,Santa Marta,Afluente,1958-09-22,2017-03-29,F,No aplica,81121,Bajo,Híbrido,Vigente,0,0
CL000913,Persona,Martina Martin Rodríguez,PA02,Canadá,Toronto,Afluente,1993-05-13,2015-12-17,No especificado,No aplica,104526,Bajo,Digital,Vigente,0,0
CL000914,Persona,Olivia Morales Castro,PA03,Chile,Talca,Banca privada,1956-07-23,2017-03-13,M,No aplica,179477,Bajo,Híbrido,Vigente,1,0
CL000915,Persona,Emiliano Brown Hernández,PA04,Perú,Piura,Banca privada,1999-10-19,2020-10-20,F,No aplica,363770,Bajo,Digital,Vigente,1,0
CL000916,Persona,Camila Wilson Reyes,PA05,Colombia,Santa Marta,Afluente,1984-02-26,2016-12-25,No especificado,No aplica,61754,Bajo,Tradicional,Vigente,1,0
CL000917,Persona,Isabella Smith Torres,PA04,Perú,Tacna,Masivo,1983-05-03,2016-01-05,No especificado,No aplica,30683,Bajo,Digital,Vigente,1,0
CL000918,Persona,Noah Castro Torres,PA03,Chile,Temuco,Afluente,1979-03-12,2021-07-02,M,No aplica,36418,Medio,Híbrido,Vigente,1,0
CL000919,Persona,Mateo Sánchez Sánchez,PA03,Chile,Viña del Mar,Afluente,1956-04-04,2021-03-05,M,No aplica,42716,Bajo,Tradicional,Vigente,0,0
CL000920,Persona,Élodie Castro Rodríguez,PA04,Perú,Arequipa,Masivo,1965-02-18,2022-08-18,M,No aplica,22394,Bajo,Digital,Vigente,1,0
CL000921,Empresa,Sánchez Agroindustria S.A.,PA03,Chile,Antofagasta,Corporativo,2008-03-01,2019-04-19,No aplica,Comercio,4442584,Bajo,Híbrido,Vigente,1,0
CL000922,Empresa,Hernández Construcción Partners,PA03,Chile,Viña del Mar,PyME,2010-03-01,2022-09-28,No aplica,Agroindustria,202546,Bajo,Tradicional,Vigente,1,0
CL000923,Persona,Renata Hernández Smith,PA02,Canadá,Calgary,Masivo,1995-06-28,2017-09-22,F,No aplica,20266,Medio,Digital,Vigente,1,0
CL000924,Persona,Élodie Tremblay Brown,PA02,Canadá,Ottawa,Masivo,1997-11-07,2020-07-27,No especificado,No aplica,13960,Medio,Tradicional,Vigente,1,0
CL000925,Persona,Nicolás Flores Flores,PA04,Perú,Iquitos,Masivo,1992-12-22,2017-04-28,F,No aplica,10819,Bajo,Digital,Vigente,0,0
CL000926,Empresa,Vargas Servicios profesionales S.A.,PA01,México,León,Corporativo,1987-05-01,2019-09-20,No aplica,Agroindustria,9250972,Medio,Digital,Vigente,0,0
CL000927,Persona,Emma Smith Morales,PA05,Colombia,Medellín,Masivo,1970-05-03,2018-08-14,M,No aplica,28003,Alto,Digital,Vigente,0,0
CL000928,Persona,Diego Smith Hernández,PA04,Perú,Trujillo,Masivo,1964-07-19,2019-10-04,M,No aplica,12831,Medio,Digital,Vigente,1,0
CL000929,Persona,Camila Brown Hernández,PA04,Perú,Arequipa,Banca privada,1988-03-01,2019-03-23,No especificado,No aplica,288111,Alto,Digital,Vigente,1,0
CL000930,Persona,Lucas Ramírez Martínez,PA03,Chile,Santiago,Afluente,1973-03-21,2020-04-20,F,No aplica,53435,Alto,Tradicional,Vigente,1,0
CL000931,Persona,Liam Flores Martínez,PA01,México,Veracruz,Masivo,1968-04-10,2022-10-29,F,No aplica,13183,Medio,Digital,Vigente,1,0
CL000932,Persona,Liam Smith Pérez,PA04,Perú,Piura,Afluente,1962-03-09,2017-02-20,F,No aplica,73221,Bajo,Digital,Vigente,1,0
CL000933,Empresa,Sánchez Construcción Latam,PA01,México,León,Corporativo,1983-09-01,2017-02-01,No aplica,Manufactura,4426939,Bajo,Tradicional,Vigente,1,0
CL000934,Persona,Liam Flores López,PA02,Canadá,Halifax,Afluente,1990-03-25,2020-05-27,M,No aplica,78610,Medio,Digital,Vigente,0,0
CL000935,Empresa,Castro Manufactura Partners,PA05,Colombia,Cúcuta,PyME,2002-05-01,2022-05-15,No aplica,Educación,194092,Alto,Tradicional,Vigente,0,0
CL000936,Persona,Daniela López Martínez,PA04,Perú,Lima,Masivo,1999-10-26,2016-12-14,F,No aplica,28426,Bajo,Digital,Vigente,0,0
CL000937,Persona,Gabriel Tremblay Tremblay,PA04,Perú,Iquitos,Afluente,1991-11-16,2018-04-15,No especificado,No aplica,44987,Medio,Híbrido,Vigente,1,0
CL000938,Persona,Diego Romero Flores,PA01,México,Ciudad de México,Afluente,1990-05-07,2016-02-16,M,No aplica,79454,Alto,Digital,Vigente,1,0
CL000939,Empresa,Hernández Turismo Group,PA03,Chile,Rancagua,PyME,2008-04-01,2018-10-22,No aplica,Manufactura,638029,Alto,Híbrido,Vigente,1,0
CL000940,Persona,Diego Vargas López,PA01,México,Ciudad de México,Afluente,1973-03-21,2022-11-27,F,No aplica,46682,Medio,Digital,Vigente,1,0
CL000941,Persona,Camila Wilson Romero,PA03,Chile,La Serena,Banca privada,1968-03-21,2020-03-01,M,No aplica,256107,Medio,Híbrido,Vigente,0,1
CL000942,Persona,Daniela López Rodríguez,PA05,Colombia,Medellín,Banca privada,1954-12-15,2016-06-28,M,No aplica,307570,Medio,Tradicional,Vigente,1,0
CL000943,Empresa,Morales Turismo Group,PA04,Perú,Huancayo,PyME,1991-03-01,2017-05-17,No aplica,Comercio,637391,Medio,Digital,Vigente,0,0
CL000944,Persona,Liam Morales Rodríguez,PA05,Colombia,Bucaramanga,Masivo,1951-12-15,2022-11-01,No especificado,No aplica,20204,Bajo,Híbrido,Vigente,0,0
CL000945,Persona,Valentina Romero Ramírez,PA01,México,Monterrey,Afluente,1964-07-27,2022-01-18,F,No aplica,60591,Bajo,Digital,Vigente,1,0
CL000946,Persona,Lucas Reyes Romero,PA04,Perú,Trujillo,Masivo,1949-01-15,2017-10-03,M,No aplica,20041,Medio,Tradicional,Vigente,1,0
CL000947,Persona,Sofía Martínez Hernández,PA04,Perú,Cajamarca,Banca privada,1993-12-22,2021-02-07,No especificado,No aplica,309414,Medio,Híbrido,Vigente,1,0
CL000948,Persona,Liam Rivera Ramírez,PA04,Perú,Tacna,Banca privada,1978-07-26,2021-04-06,F,No aplica,137086,Alto,Tradicional,Vigente,1,0
CL000949,Persona,Nicolás Romero Tremblay,PA05,Colombia,Cúcuta,Banca privada,1974-01-02,2017-02-12,F,No aplica,147123,Bajo,Híbrido,Vigente,1,0
CL000950,Persona,Mariana Gómez Martin,PA03,Chile,Talca,Masivo,2003-02-16,2016-11-30,No especificado,No aplica,27804,Medio,Digital,Vigente,1,0
CL000951,Persona,Martina Rodríguez Brown,PA01,México,Veracruz,Masivo,1979-01-26,2015-11-24,M,No aplica,19564,Medio,Digital,Vigente,1,0
CL000952,Persona,Emiliano Rodríguez Rodríguez,PA04,Perú,Cajamarca,Afluente,1998-02-20,2016-10-20,F,No aplica,74721,Medio,Híbrido,Vigente,0,0
CL000953,Empresa,Ramírez Salud Partners,PA01,México,Tijuana,PyME,1999-02-01,2016-08-12,No aplica,Salud,567134,Bajo,Tradicional,Vigente,0,0
CL000954,Persona,Martina López Brown,PA05,Colombia,Cúcuta,Banca privada,1996-09-22,2016-06-15,F,No aplica,252917,Bajo,Tradicional,Vigente,1,0
CL000955,Persona,Santiago Cruz Brown,PA02,Canadá,Toronto,Afluente,1995-08-21,2022-07-26,No especificado,No aplica,70652,Medio,Híbrido,Vigente,0,0
CL000956,Persona,Liam Reyes Vargas,PA05,Colombia,Bogotá,Masivo,1976-03-17,2018-07-06,M,No aplica,20148,Bajo,Digital,Vigente,1,0
CL000957,Persona,Renata Castro Pérez,PA05,Colombia,Cali,Afluente,1992-10-27,2022-04-26,No especificado,No aplica,86689,Medio,Digital,Vigente,1,0
CL000958,Persona,Daniela Reyes Hernández,PA02,Canadá,Montreal,Afluente,1951-04-18,2016-07-04,M,No aplica,64581,Alto,Digital,Vigente,1,0
CL000959,Persona,Sebastián García González,PA03,Chile,Viña del Mar,Banca privada,1978-02-03,2019-05-10,M,No aplica,120308,Bajo,Híbrido,Vigente,0,0
CL000960,Empresa,Morales Salud S.A.,PA04,Perú,Piura,PyME,1996-07-01,2018-03-11,No aplica,Agroindustria,206171,Bajo,Digital,Vigente,1,0
CL000961,Persona,Valentina Brown Gómez,PA03,Chile,Puerto Montt,Masivo,1971-11-15,2020-04-30,F,No aplica,22093,Alto,Híbrido,Vigente,1,0
CL000962,Persona,Alejandro Cruz Martínez,PA04,Perú,Chiclayo,Masivo,1980-03-03,2019-01-13,No especificado,No aplica,13719,Bajo,Digital,Vigente,0,0
CL000963,Persona,Élodie Smith Rodríguez,PA01,México,Querétaro,Masivo,1951-11-21,2021-05-05,M,No aplica,28595,Bajo,Digital,Vigente,1,0
CL000964,Empresa,Martin Servicios profesionales S.A.,PA05,Colombia,Pereira,PyME,1987-08-01,2019-01-12,No aplica,Turismo,641629,Medio,Híbrido,Vigente,1,0
CL000965,Persona,Samuel Tremblay Wilson,PA02,Canadá,Québec,Masivo,1992-09-04,2021-01-29,F,No aplica,30377,Bajo,Híbrido,Vigente,0,0
CL000966,Persona,Lucía García Romero,PA04,Perú,Piura,Afluente,1982-07-13,2019-05-21,F,No aplica,71528,Medio,Híbrido,Vigente,0,0
CL000967,Persona,Emiliano González Vargas,PA04,Perú,Trujillo,Masivo,1981-06-12,2022-09-05,F,No aplica,11914,Medio,Digital,Vigente,1,0
CL000968,Persona,Alejandro Reyes Rivera,PA01,México,Guadalajara,Afluente,1961-02-24,2015-10-15,F,No aplica,96171,Bajo,Híbrido,Vigente,0,0
CL000969,Persona,Lucas López Sánchez,PA01,México,Ciudad de México,Afluente,1970-03-07,2022-08-10,No especificado,No aplica,37566,Bajo,Híbrido,Vigente,1,0
CL000970,Persona,Samuel García Tremblay,PA01,México,Mérida,Afluente,1970-05-10,2021-01-02,M,No aplica,55230,Alto,Digital,Vigente,1,0
CL000971,Persona,Nicolás Vargas Cruz,PA04,Perú,Arequipa,Banca privada,2001-09-01,2019-08-22,No especificado,No aplica,188545,Medio,Híbrido,Vigente,1,0
CL000972,Persona,Lucas Vargas Ramírez,PA05,Colombia,Cúcuta,Afluente,1956-12-24,2020-02-23,No especificado,No aplica,57108,Medio,Digital,Vigente,0,0
CL000973,Persona,Gabriel López Gómez,PA03,Chile,Talca,Masivo,1959-04-06,2019-11-24,No especificado,No aplica,22471,Medio,Híbrido,Vigente,1,0
CL000974,Persona,Samuel González Hernández,PA02,Canadá,Québec,Masivo,1999-02-07,2015-07-09,No especificado,No aplica,29938,Medio,Digital,Vigente,0,0
CL000975,Persona,Lucía Ramírez Smith,PA04,Perú,Lima,Masivo,1969-12-06,2015-11-28,No especificado,No aplica,18674,Medio,Tradicional,Vigente,1,1
CL000976,Persona,Santiago Reyes Sánchez,PA05,Colombia,Cúcuta,Banca privada,1983-10-28,2018-11-06,M,No aplica,244845,Alto,Híbrido,Vigente,0,0
CL000977,Persona,Mariana Martin Romero,PA01,México,Mérida,Banca privada,1976-10-15,2019-07-22,F,No aplica,240919,Bajo,Híbrido,Vigente,1,0
CL000978,Empresa,Ramírez Construcción Group,PA05,Colombia,Barranquilla,PyME,2008-09-01,2018-01-16,No aplica,Tecnología,676909,Bajo,Híbrido,Vigente,1,0
CL000979,Persona,Alejandro Smith Cruz,PA02,Canadá,Halifax,Masivo,1992-03-14,2018-08-09,M,No aplica,11936,Medio,Digital,Vigente,0,0
CL000980,Persona,Mariana Wilson Tremblay,PA02,Canadá,Calgary,Banca privada,1992-06-14,2018-07-28,No especificado,No aplica,315146,Medio,Digital,Por vencer,1,0
CL000981,Persona,Gabriel Romero Brown,PA01,México,León,Masivo,1950-09-20,2022-08-18,No especificado,No aplica,13842,Alto,Híbrido,Vigente,1,0
CL000982,Persona,Isabella Castro Vargas,PA02,Canadá,Edmonton,Banca privada,1974-10-25,2020-07-22,M,No aplica,358685,Bajo,Digital,Vigente,1,0
CL000983,Persona,Daniela González Tremblay,PA04,Perú,Piura,Banca privada,2003-04-01,2019-06-24,M,No aplica,357073,Bajo,Digital,Vigente,1,0
CL000984,Persona,Isabella Reyes Torres,PA05,Colombia,Cúcuta,Afluente,2001-10-22,2016-03-20,M,No aplica,37186,Bajo,Híbrido,Vigente,0,0
CL000985,Persona,Isabella Cruz Cruz,PA04,Perú,Arequipa,Masivo,1986-05-13,2022-08-30,No especificado,No aplica,25337,Alto,Híbrido,Vigente,1,0
CL000986,Persona,Daniela Morales Brown,PA01,México,Ciudad de México,Afluente,1967-02-12,2016-07-07,F,No aplica,36687,Bajo,Digital,Vigente,0,0
CL000987,Persona,Camila Flores Torres,PA03,Chile,Viña del Mar,Masivo,1966-12-04,2018-06-12,No especificado,No aplica,13625,Bajo,Tradicional,Vigente,1,0
CL000988,Persona,Emiliano Rodríguez Rodríguez,PA02,Canadá,Winnipeg,Afluente,1984-01-27,2016-03-11,No especificado,No aplica,95609,Bajo,Digital,Vigente,1,0
CL000989,Persona,Gabriel Ramírez Romero,PA04,Perú,Chiclayo,Afluente,1998-06-17,2020-07-16,No especificado,No aplica,95563,Medio,Híbrido,Vigente,1,0
CL000990,Persona,Renata López Castro,PA04,Perú,Piura,Afluente,1950-10-17,2021-11-02,F,No aplica,88743,Medio,Digital,Vigente,0,0
CL000991,Empresa,Tremblay Educación Latam,PA03,Chile,Puerto Montt,Corporativo,1980-02-01,2017-08-15,No aplica,Servicios profesionales,2515616,Bajo,Tradicional,Vigente,0,0
CL000992,Persona,Daniela Vargas Gómez,PA02,Canadá,Montreal,Afluente,1996-08-05,2022-03-18,M,No aplica,37899,Medio,Digital,Vigente,0,0
CL000993,Persona,Emiliano Romero Martin,PA04,Perú,Cajamarca,Masivo,1984-01-14,2018-01-19,F,No aplica,20325,Bajo,Híbrido,Vigente,1,0
CL000994,Persona,Noah Smith Vargas,PA02,Canadá,Edmonton,Masivo,1985-09-02,2022-01-09,F,No aplica,18828,Medio,Digital,Vigente,1,0
CL000995,Persona,Emiliano Gómez Rodríguez,PA03,Chile,Valparaíso,Afluente,1948-11-17,2022-07-14,F,No aplica,88423,Alto,Híbrido,Vigente,1,0
CL000996,Persona,Samuel Rodríguez Martínez,PA03,Chile,Valparaíso,Masivo,1983-10-15,2019-07-28,M,No aplica,15467,Medio,Digital,Vigente,0,0
CL000997,Persona,Santiago Reyes Hernández,PA05,Colombia,Manizales,Masivo,1975-05-04,2019-12-03,F,No aplica,16567,Bajo,Digital,Vigente,1,0
CL000998,Empresa,Torres Construcción Latam,PA01,México,León,Corporativo,1995-08-01,2021-05-31,No aplica,Agroindustria,8295208,Bajo,Tradicional,Vigente,0,0
CL000999,Persona,Gabriel Brown Torres,PA02,Canadá,Québec,Masivo,1958-02-13,2018-07-14,M,No aplica,21707,Medio,Digital,Vigente,0,0
CL001000,Persona,Sofía Smith Morales,PA01,México,Mérida,Masivo,1952-10-06,2019-10-27,No especificado,No aplica,26774,Medio,Tradicional,Vigente,1,0
CL001001,Persona,Emma Cruz Tremblay,PA05,Colombia,Bogotá,Afluente,1981-05-22,2017-07-22,F,No aplica,81198,Bajo,Digital,Vigente,0,0
CL001002,Persona,Gabriel Romero Hernández,PA04,Perú,Tacna,Afluente,2002-08-07,2017-10-03,No especificado,No aplica,84615,Bajo,Digital,Vigente,0,0
CL001003,Persona,Sebastián Gómez Morales,PA04,Perú,Cajamarca,Masivo,1953-09-13,2020-04-01,No especificado,No aplica,15957,Alto,Híbrido,Vigente,1,0
CL001004,Persona,Mariana Martin Reyes,PA01,México,Ciudad de México,Masivo,1961-06-05,2017-09-01,No especificado,No aplica,24469,Medio,Digital,Vigente,1,0
CL001005,Persona,Liam Wilson López,PA04,Perú,Piura,Masivo,1965-05-01,2021-07-27,M,No aplica,11035,Bajo,Digital,Vigente,1,0
CL001006,Empresa,Pérez Turismo S.A.,PA01,México,Tijuana,PyME,2011-06-01,2019-01-02,No aplica,Turismo,712993,Bajo,Híbrido,Vigente,0,0
CL001007,Persona,Lucía Romero Wilson,PA01,México,Puebla,Masivo,1978-01-23,2019-02-24,M,No aplica,13903,Medio,Híbrido,Vigente,0,0
CL001008,Persona,Mateo Cruz González,PA02,Canadá,Vancouver,Afluente,1973-09-22,2019-11-23,No especificado,No aplica,75975,Alto,Híbrido,Vigente,0,0
CL001009,Persona,Mariana Gómez García,PA01,México,Veracruz,Masivo,1995-05-15,2018-11-21,M,No aplica,28495,Bajo,Tradicional,Vigente,1,0
CL001010,Empresa,Pérez Servicios profesionales Latam,PA04,Perú,Tacna,PyME,2003-05-01,2022-06-12,No aplica,Turismo,741287,Medio,Híbrido,Vigente,1,0
CL001011,Persona,Liam García Tremblay,PA01,México,Mérida,Masivo,1984-10-27,2021-01-07,M,No aplica,20474,Bajo,Tradicional,Vigente,1,0
CL001012,Empresa,Sánchez Comercio Partners,PA05,Colombia,Medellín,PyME,1981-02-01,2019-03-12,No aplica,Construcción,524546,Alto,Híbrido,Vigente,0,0
CL001013,Persona,Gabriel Rodríguez Gómez,PA05,Colombia,Cúcuta,Afluente,1970-12-09,2016-11-09,F,No aplica,55852,Bajo,Híbrido,Vigente,0,0
CL001014,Persona,Olivia Romero Sánchez,PA05,Colombia,Cartagena,Masivo,1994-07-03,2019-12-18,M,No aplica,17974,Medio,Híbrido,Vigente,0,0
CL001015,Persona,Emma López Vargas,PA01,México,Ciudad de México,Masivo,1962-03-04,2021-07-25,No especificado,No aplica,31203,Alto,Tradicional,Vigente,0,0
CL001016,Persona,Martina Tremblay Gómez,PA05,Colombia,Bucaramanga,Banca privada,1990-05-21,2022-05-21,M,No aplica,218608,Medio,Híbrido,Vigente,0,0
CL001017,Persona,Noah Pérez González,PA01,México,Veracruz,Masivo,1993-05-18,2020-06-17,No especificado,No aplica,12562,Bajo,Híbrido,Vigente,1,0
CL001018,Persona,Gabriel Pérez Rivera,PA04,Perú,Iquitos,Afluente,1979-12-10,2017-01-08,M,No aplica,93488,Medio,Tradicional,Vigente,1,0
CL001019,Persona,Daniela Reyes Cruz,PA03,Chile,Temuco,Banca privada,1988-05-14,2018-04-17,No especificado,No aplica,248729,Bajo,Digital,Vigente,0,0
CL001020,Persona,Alejandro Díaz Tremblay,PA01,México,Veracruz,Banca privada,1980-09-13,2018-02-25,No especificado,No aplica,265007,Medio,Híbrido,Vigente,1,0
CL001021,Persona,Isabella González Reyes,PA03,Chile,Rancagua,Afluente,1950-03-01,2017-08-24,F,No aplica,35600,Medio,Híbrido,Vigente,1,0
CL001022,Persona,Samuel Hernández Torres,PA04,Perú,Iquitos,Afluente,1951-01-28,2020-03-17,F,No aplica,36547,Alto,Digital,Vigente,0,0
CL001023,Persona,Emma Smith Martínez,PA03,Chile,Viña del Mar,Banca privada,1958-04-11,2022-08-10,F,No aplica,342751,Medio,Híbrido,Vigente,0,0
CL001024,Persona,Emma Reyes Sánchez,PA03,Chile,Temuco,Masivo,1999-10-06,2019-01-05,F,No aplica,17338,Medio,Híbrido,Vigente,0,0
CL001025,Persona,Gabriel Díaz Vargas,PA01,México,Guadalajara,Masivo,1958-07-08,2018-07-20,F,No aplica,14009,Medio,Tradicional,Vigente,1,0
CL001026,Persona,Sofía Cruz Rivera,PA01,México,Ciudad de México,Masivo,1971-09-08,2019-06-18,No especificado,No aplica,21307,Bajo,Híbrido,Vigente,0,0
CL001027,Persona,Lucía Vargas Sánchez,PA01,México,León,Masivo,1969-02-07,2022-05-18,M,No aplica,12764,Bajo,Tradicional,Vigente,0,0
CL001028,Persona,Emiliano Torres Ramírez,PA03,Chile,Temuco,Banca privada,1955-09-26,2022-10-15,M,No aplica,221838,Bajo,Digital,Vigente,0,0
CL001029,Persona,Nicolás Sánchez Rodríguez,PA02,Canadá,Edmonton,Masivo,1957-11-27,2016-12-22,F,No aplica,11819,Medio,Digital,Vigente,1,0
CL001030,Persona,Camila Romero Rivera,PA04,Perú,Piura,Afluente,1956-12-01,2017-03-27,M,No aplica,56162,Alto,Híbrido,Vigente,1,0
CL001031,Empresa,González Salud Latam,PA04,Perú,Lima,PyME,1992-12-01,2016-06-13,No aplica,Agroindustria,773688,Medio,Digital,Vigente,1,0
CL001032,Empresa,Pérez Educación Latam,PA03,Chile,Antofagasta,Corporativo,2001-04-01,2021-12-26,No aplica,Manufactura,3876018,Bajo,Digital,Vigente,0,0
CL001033,Persona,Alejandro Gómez Rivera,PA02,Canadá,Winnipeg,Afluente,1990-09-01,2017-03-23,M,No aplica,58914,Bajo,Híbrido,Vigente,1,0
CL001034,Persona,Nicolás Tremblay Hernández,PA05,Colombia,Cali,Afluente,1959-05-04,2020-02-06,No especificado,No aplica,52074,Bajo,Digital,Vigente,1,0
CL001035,Persona,Diego Díaz Castro,PA04,Perú,Cusco,Banca privada,1969-05-16,2020-07-19,M,No aplica,296808,Medio,Digital,Vigente,1,0
CL001036,Persona,Renata Rivera Hernández,PA01,México,León,Masivo,1953-06-01,2022-04-26,F,No aplica,14953,Bajo,Tradicional,Vigente,1,0
CL001037,Persona,Nicolás Cruz Martin,PA01,México,Monterrey,Masivo,1985-08-14,2017-09-22,No especificado,No aplica,20429,Medio,Digital,Vigente,1,0
CL001038,Empresa,Morales Comercio Partners,PA01,México,Monterrey,PyME,1999-09-01,2021-03-08,No aplica,Educación,655946,Medio,Digital,Vigente,1,0
CL001039,Persona,Noah González Tremblay,PA04,Perú,Cajamarca,Afluente,1978-07-25,2020-04-04,F,No aplica,35006,Medio,Digital,Vigente,1,0
CL001040,Persona,Alejandro Pérez Díaz,PA01,México,Mérida,Masivo,1979-01-22,2016-11-16,M,No aplica,23587,Medio,Tradicional,Vigente,1,0
CL001041,Empresa,Díaz Agroindustria Group,PA04,Perú,Cusco,PyME,2014-09-01,2019-07-05,No aplica,Turismo,324041,Bajo,Tradicional,Vigente,0,0
CL001042,Persona,Isabella Díaz Wilson,PA05,Colombia,Medellín,Masivo,1981-11-01,2021-09-28,M,No aplica,22606,Bajo,Tradicional,Vigente,1,0
CL001043,Persona,Camila Sánchez Cruz,PA02,Canadá,Vancouver,Masivo,2002-08-09,2015-09-24,No especificado,No aplica,29066,Medio,Híbrido,Vigente,0,0
CL001044,Persona,Camila Martin Smith,PA03,Chile,Rancagua,Masivo,1951-12-09,2017-12-12,F,No aplica,24122,Alto,Híbrido,Vigente,1,0
CL001045,Persona,Diego Tremblay Sánchez,PA01,México,Veracruz,Masivo,1972-12-27,2017-09-16,F,No aplica,25762,Medio,Digital,Vigente,0,0
CL001046,Persona,Liam Gómez Brown,PA01,México,León,Masivo,1965-04-09,2021-09-06,M,No aplica,26745,Alto,Tradicional,Vigente,0,0
CL001047,Persona,Élodie García Vargas,PA03,Chile,Concepción,Masivo,2000-07-11,2022-06-02,M,No aplica,28011,Medio,Digital,Vigente,1,0
CL001048,Persona,Sebastián Hernández Romero,PA03,Chile,Temuco,Banca privada,1986-08-12,2019-08-28,No especificado,No aplica,336417,Bajo,Digital,Vigente,1,0
CL001049,Persona,Daniela Romero Hernández,PA02,Canadá,Edmonton,Banca privada,1965-06-20,2019-10-28,No especificado,No aplica,211665,Bajo,Tradicional,Vigente,1,0
CL001050,Persona,Daniela López Martínez,PA02,Canadá,Toronto,Afluente,1953-03-21,2019-05-20,No especificado,No aplica,82439,Bajo,Híbrido,Vigente,1,0
CL001051,Persona,Élodie Tremblay Smith,PA02,Canadá,Calgary,Afluente,1960-07-26,2016-10-31,M,No aplica,46224,Medio,Digital,Vigente,0,0
CL001052,Persona,Samuel Cruz Hernández,PA04,Perú,Trujillo,Afluente,1999-08-01,2017-04-10,F,No aplica,108276,Bajo,Digital,Por vencer,1,0
CL001053,Persona,Gabriel Reyes Morales,PA03,Chile,Viña del Mar,Afluente,1986-11-27,2021-12-23,F,No aplica,61244,Medio,Tradicional,Vigente,1,0
CL001054,Persona,Gabriel Morales Tremblay,PA03,Chile,Rancagua,Masivo,1991-05-24,2020-08-02,No especificado,No aplica,10269,Alto,Digital,Vigente,0,0
CL001055,Persona,Santiago Cruz Smith,PA01,México,León,Masivo,1952-01-01,2016-08-23,M,No aplica,27330,Medio,Híbrido,Vigente,0,0
CL001056,Persona,Emma Martínez Hernández,PA02,Canadá,Calgary,Masivo,1970-07-09,2018-04-25,F,No aplica,27820,Bajo,Tradicional,Vigente,1,0
CL001057,Persona,Daniela Wilson Castro,PA05,Colombia,Cartagena,Afluente,1989-04-08,2017-05-11,No especificado,No aplica,48935,Alto,Tradicional,Vigente,1,0
CL001058,Persona,Liam Sánchez García,PA05,Colombia,Santa Marta,Banca privada,1988-08-23,2018-10-09,M,No aplica,186041,Alto,Digital,Vigente,1,0
CL001059,Persona,Olivia Sánchez Brown,PA04,Perú,Iquitos,Masivo,1976-10-27,2019-10-29,No especificado,No aplica,15503,Medio,Híbrido,Vigente,1,0
CL001060,Persona,Sofía Vargas Vargas,PA04,Perú,Trujillo,Afluente,1965-05-27,2015-11-10,M,No aplica,89884,Medio,Digital,Vigente,1,0
CL001061,Persona,Camila Rivera García,PA05,Colombia,Bucaramanga,Afluente,1990-05-09,2016-06-04,M,No aplica,105841,Bajo,Tradicional,Vigente,1,0
CL001062,Persona,Élodie Morales Castro,PA01,México,Puebla,Masivo,1989-02-02,2016-01-28,No especificado,No aplica,21484,Medio,Digital,Vigente,1,0
CL001063,Persona,Sebastián López Pérez,PA05,Colombia,Bucaramanga,Afluente,1977-12-18,2020-07-19,M,No aplica,100488,Medio,Digital,Vigente,0,0
CL001064,Persona,Emma Martínez Rodríguez,PA01,México,Veracruz,Afluente,1984-03-10,2017-10-26,M,No aplica,50803,Bajo,Híbrido,Vigente,1,0
CL001065,Persona,Valentina González Vargas,PA01,México,Toluca,Afluente,1952-10-10,2016-04-16,No especificado,No aplica,103508,Medio,Digital,Vigente,0,0
CL001066,Persona,Ava Pérez Pérez,PA01,México,Toluca,Masivo,1950-05-24,2017-02-21,M,No aplica,16857,Medio,Digital,Vigente,0,0
CL001067,Persona,Ava Flores Gómez,PA04,Perú,Chiclayo,Afluente,1961-09-03,2018-04-13,M,No aplica,86019,Bajo,Tradicional,Vigente,1,0
CL001068,Persona,Isabella Martínez Romero,PA03,Chile,Santiago,Afluente,1998-04-07,2016-12-18,M,No aplica,90503,Medio,Tradicional,Vigente,1,0
CL001069,Empresa,Brown Comercio S.A.,PA05,Colombia,Cúcuta,PyME,1985-12-01,2020-12-27,No aplica,Servicios profesionales,559613,Bajo,Tradicional,Vigente,1,0
CL001070,Persona,Emiliano Wilson Morales,PA03,Chile,Concepción,Afluente,1995-07-28,2016-08-29,F,No aplica,96023,Bajo,Híbrido,Vigente,1,0
CL001071,Persona,Liam Cruz Cruz,PA05,Colombia,Cúcuta,Afluente,1983-01-06,2015-08-13,No especificado,No aplica,86668,Bajo,Tradicional,Vigente,1,0
CL001072,Persona,Olivia Castro Morales,PA01,México,Tijuana,Masivo,1951-10-20,2020-10-11,F,No aplica,11696,Bajo,Híbrido,Vigente,0,0
CL001073,Empresa,Rodríguez Educación Group,PA01,México,Ciudad de México,PyME,1983-05-01,2015-08-19,No aplica,Comercio,260931,Alto,Digital,Vigente,0,0
CL001074,Empresa,Rodríguez Agroindustria Latam,PA02,Canadá,Edmonton,PyME,1995-11-01,2015-07-27,No aplica,Comercio,379683,Bajo,Digital,Vigente,0,1
CL001075,Persona,Isabella Ramírez Reyes,PA03,Chile,La Serena,Masivo,1958-03-24,2022-01-23,F,No aplica,30690,Medio,Híbrido,Vigente,1,1
CL001076,Persona,Mariana Brown Smith,PA02,Canadá,Halifax,Masivo,1974-05-22,2020-01-24,No especificado,No aplica,31265,Medio,Tradicional,Vigente,1,0
CL001077,Empresa,Romero Educación Latam,PA05,Colombia,Cúcuta,PyME,1983-05-01,2021-11-17,No aplica,Logística,351345,Bajo,Tradicional,Vigente,1,0
CL001078,Persona,Étienne Tremblay Martin,PA05,Colombia,Barranquilla,Afluente,1963-11-21,2015-10-19,F,No aplica,52796,Alto,Digital,Vigente,0,0
CL001079,Persona,Lucía Smith Cruz,PA05,Colombia,Manizales,Afluente,1976-01-07,2019-01-14,F,No aplica,107536,Alto,Híbrido,Por vencer,1,0
CL001080,Persona,Noah García González,PA03,Chile,Antofagasta,Afluente,1984-03-18,2021-03-22,No especificado,No aplica,82302,Bajo,Digital,Vigente,0,0
CL001081,Empresa,Brown Construcción Latam,PA03,Chile,Antofagasta,PyME,2018-12-01,2017-02-06,No aplica,Servicios profesionales,321981,Bajo,Digital,Vigente,1,0
CL001082,Persona,Diego Cruz Romero,PA05,Colombia,Bogotá,Afluente,1962-06-18,2022-01-20,No especificado,No aplica,93199,Medio,Digital,Vigente,1,0
CL001083,Persona,Renata Gómez Martínez,PA03,Chile,Rancagua,Afluente,2001-09-07,2015-09-26,No especificado,No aplica,78504,Bajo,Digital,Vigente,1,0
CL001084,Persona,Sofía Martínez Martínez,PA04,Perú,Iquitos,Afluente,1978-09-12,2021-02-17,No especificado,No aplica,41590,Medio,Híbrido,Vigente,1,0
CL001085,Persona,Ava Flores Wilson,PA01,México,Querétaro,Afluente,1977-09-18,2022-02-11,F,No aplica,92698,Bajo,Híbrido,Por vencer,1,0
CL001086,Persona,Daniela Martínez Morales,PA01,México,Puebla,Afluente,1964-03-15,2021-01-09,No especificado,No aplica,83415,Medio,Híbrido,Vigente,1,0
CL001087,Persona,Camila Pérez Morales,PA01,México,Puebla,Afluente,1969-04-24,2016-09-12,No especificado,No aplica,48399,Bajo,Digital,Vigente,1,0
CL001088,Persona,Nicolás Vargas García,PA03,Chile,Antofagasta,Masivo,1952-04-06,2022-08-06,F,No aplica,12855,Medio,Tradicional,Vigente,1,0
CL001089,Persona,Lucas Reyes Flores,PA04,Perú,Lima,Masivo,1982-05-28,2022-07-20,F,No aplica,25752,Bajo,Híbrido,Vigente,1,0
CL001090,Persona,Valentina Wilson Flores,PA05,Colombia,Bogotá,Masivo,1994-12-27,2016-06-24,M,No aplica,24641,Bajo,Tradicional,Vigente,1,0
CL001091,Persona,Nicolás Cruz Rodríguez,PA05,Colombia,Medellín,Banca privada,1967-08-06,2021-05-05,M,No aplica,163846,Medio,Tradicional,Vencido,1,0
CL001092,Persona,Samuel Díaz Hernández,PA02,Canadá,Calgary,Masivo,1999-06-25,2020-04-10,M,No aplica,25036,Alto,Digital,Vigente,0,0
CL001093,Persona,Lucía López Brown,PA04,Perú,Iquitos,Masivo,1980-01-04,2019-01-26,M,No aplica,15962,Medio,Tradicional,Vigente,0,0
CL001094,Persona,Gabriel Torres Vargas,PA04,Perú,Cusco,Afluente,1987-09-23,2020-04-19,F,No aplica,89061,Medio,Híbrido,Vigente,1,0
CL001095,Persona,Mariana Martínez Gómez,PA02,Canadá,Vancouver,Afluente,1985-07-19,2016-10-19,F,No aplica,42390,Bajo,Híbrido,Vigente,0,0
CL001096,Persona,Renata Díaz Castro,PA01,México,Mérida,Afluente,1972-09-02,2018-03-18,No especificado,No aplica,43024,Medio,Tradicional,Vigente,1,0
CL001097,Persona,Étienne Wilson Rodríguez,PA03,Chile,Valparaíso,Masivo,1976-03-11,2017-09-19,M,No aplica,19408,Alto,Digital,Vigente,1,1
CL001098,Persona,Emiliano Tremblay González,PA01,México,Veracruz,Masivo,1978-12-28,2016-09-01,M,No aplica,29631,Bajo,Híbrido,Vigente,0,0
CL001099,Persona,Ava Cruz Tremblay,PA05,Colombia,Manizales,Banca privada,1980-10-02,2021-11-25,M,No aplica,226476,Bajo,Híbrido,Vigente,1,0
CL001100,Persona,Ava Romero Gómez,PA02,Canadá,Québec,Masivo,1985-11-25,2022-07-05,M,No aplica,27545,Medio,Híbrido,Vigente,1,0
CL001101,Persona,Lucía Cruz Ramírez,PA05,Colombia,Barranquilla,Afluente,1948-05-20,2017-11-15,M,No aplica,79213,Bajo,Híbrido,Vigente,1,0
CL001102,Persona,Alejandro Vargas Smith,PA04,Perú,Chiclayo,Afluente,1980-05-04,2016-06-19,F,No aplica,38727,Medio,Híbrido,Vigente,1,0
CL001103,Persona,Liam Ramírez Romero,PA04,Perú,Huancayo,Masivo,2000-04-09,2016-07-08,No especificado,No aplica,18885,Medio,Híbrido,Vigente,1,0
CL001104,Persona,Emma Smith Vargas,PA03,Chile,Puerto Montt,Masivo,1988-09-28,2016-09-30,F,No aplica,19989,Alto,Tradicional,Vigente,0,1
CL001105,Persona,Lucía Pérez Pérez,PA04,Perú,Arequipa,Masivo,1966-10-01,2017-06-27,No especificado,No aplica,24837,Bajo,Digital,Vigente,1,0
CL001106,Persona,Nicolás López Romero,PA02,Canadá,Mississauga,Masivo,1955-07-01,2018-07-22,F,No aplica,20200,Bajo,Tradicional,Vigente,1,0
CL001107,Persona,Gabriel Martínez Flores,PA02,Canadá,Québec,Banca privada,1993-08-28,2019-03-31,No especificado,No aplica,290607,Alto,Digital,Vigente,1,0
CL001108,Persona,Sebastián González Romero,PA02,Canadá,Winnipeg,Masivo,1949-04-10,2017-06-29,M,No aplica,21206,Medio,Híbrido,Vigente,1,0
CL001109,Persona,Sebastián Gómez Hernández,PA04,Perú,Trujillo,Afluente,1989-08-06,2019-07-19,No especificado,No aplica,55735,Medio,Híbrido,Vigente,0,0
CL001110,Persona,Mateo Morales Martínez,PA03,Chile,Temuco,Masivo,1959-09-24,2022-04-21,M,No aplica,14659,Alto,Tradicional,Por vencer,1,0
CL001111,Persona,Emma Cruz Reyes,PA03,Chile,Antofagasta,Afluente,1984-11-16,2021-02-06,No especificado,No aplica,74537,Bajo,Digital,Vigente,0,0
CL001112,Persona,Ava Tremblay Vargas,PA05,Colombia,Pereira,Afluente,1981-04-01,2018-02-25,M,No aplica,101462,Alto,Digital,Vigente,1,0
CL001113,Empresa,López Logística Latam,PA03,Chile,Viña del Mar,PyME,2006-11-01,2015-06-15,No aplica,Logística,760832,Medio,Tradicional,Vigente,1,0
CL001114,Persona,Noah García Pérez,PA01,México,Querétaro,Masivo,1996-05-08,2017-05-28,F,No aplica,18085,Medio,Híbrido,Vigente,1,0
CL001115,Persona,Olivia González Ramírez,PA01,México,Mérida,Masivo,1948-11-05,2016-09-26,No especificado,No aplica,29437,Bajo,Híbrido,Vigente,1,0
CL001116,Persona,Santiago Gómez Pérez,PA03,Chile,Talca,Masivo,1979-07-03,2020-12-07,F,No aplica,23731,Bajo,Híbrido,Vigente,1,0
CL001117,Persona,Samuel Morales Brown,PA03,Chile,Santiago,Banca privada,1995-06-21,2017-01-27,No especificado,No aplica,299287,Medio,Híbrido,Vigente,0,0
CL001118,Persona,Renata Torres Martínez,PA05,Colombia,Medellín,Banca privada,1995-01-16,2017-04-10,M,No aplica,134966,Alto,Tradicional,Vigente,0,0
CL001119,Persona,Camila Martin Hernández,PA03,Chile,La Serena,Banca privada,1993-05-05,2022-06-14,No especificado,No aplica,171755,Medio,Tradicional,Vigente,0,0
CL001120,Persona,Noah Sánchez Cruz,PA01,México,Veracruz,Banca privada,1952-08-23,2022-05-24,F,No aplica,338056,Bajo,Tradicional,Vigente,1,0
CL001121,Persona,Sebastián Wilson Gómez,PA03,Chile,Antofagasta,Banca privada,2000-06-03,2019-01-03,M,No aplica,336946,Bajo,Híbrido,Vigente,1,0
CL001122,Persona,Noah Flores Martínez,PA03,Chile,Puerto Montt,Masivo,1986-02-25,2017-03-18,No especificado,No aplica,31295,Medio,Híbrido,Vigente,0,0
CL001123,Persona,Emma Flores Martin,PA05,Colombia,Manizales,Masivo,1994-02-09,2016-03-16,M,No aplica,27739,Bajo,Digital,Vigente,0,0
CL001124,Persona,Valentina García Wilson,PA03,Chile,Concepción,Masivo,1990-08-28,2019-09-17,No especificado,No aplica,20259,Bajo,Híbrido,Vigente,1,0
CL001125,Persona,Santiago García Castro,PA01,México,Ciudad de México,Masivo,1972-06-21,2021-02-20,No especificado,No aplica,30930,Medio,Digital,Vigente,0,0
CL001126,Persona,Martina Morales Rodríguez,PA04,Perú,Cusco,Masivo,1977-04-23,2021-12-24,No especificado,No aplica,17203,Medio,Híbrido,Vigente,1,0
CL001127,Empresa,Tremblay Tecnología S.A.,PA02,Canadá,Ottawa,Corporativo,2007-05-01,2021-09-03,No aplica,Salud,3163701,Alto,Híbrido,Vigente,0,0
CL001128,Persona,Noah Ramírez Vargas,PA05,Colombia,Bogotá,Banca privada,1957-11-23,2020-04-11,F,No aplica,304329,Alto,Híbrido,Vigente,0,0
CL001129,Empresa,Rivera Servicios profesionales S.A.,PA01,México,Mérida,PyME,2016-01-01,2019-07-22,No aplica,Agroindustria,641692,Bajo,Híbrido,Vigente,1,0
CL001130,Persona,Renata Cruz Torres,PA02,Canadá,Vancouver,Banca privada,1971-05-26,2016-06-10,F,No aplica,358043,Medio,Híbrido,Vigente,1,0
CL001131,Persona,Noah Torres Sánchez,PA01,México,Querétaro,Masivo,1951-07-24,2020-12-24,F,No aplica,22967,Medio,Digital,Vigente,1,0
CL001132,Persona,Emiliano Martin Pérez,PA02,Canadá,Toronto,Banca privada,2002-03-03,2020-07-06,No especificado,No aplica,333705,Medio,Digital,Vigente,1,0
CL001133,Persona,Noah Rivera Martínez,PA02,Canadá,Winnipeg,Masivo,1960-12-03,2017-05-01,F,No aplica,25109,Bajo,Digital,Vigente,0,0
CL001134,Persona,Liam Torres Flores,PA01,México,Tijuana,Afluente,1979-10-19,2019-04-12,F,No aplica,67793,Medio,Digital,Vigente,0,0
CL001135,Persona,Isabella Castro Ramírez,PA04,Perú,Huancayo,Afluente,1948-09-08,2020-04-14,No especificado,No aplica,101926,Bajo,Digital,Vigente,1,0
CL001136,Persona,Noah Martínez González,PA02,Canadá,Ottawa,Masivo,1995-06-02,2019-02-05,M,No aplica,30395,Medio,Híbrido,Vigente,0,0
CL001137,Persona,Emiliano Tremblay Martínez,PA03,Chile,Antofagasta,Masivo,1960-09-13,2020-08-15,M,No aplica,27181,Alto,Híbrido,Vigente,0,0
CL001138,Persona,Camila Torres Rodríguez,PA01,México,Toluca,Masivo,1982-02-12,2019-09-03,F,No aplica,22813,Bajo,Híbrido,Vigente,1,0
CL001139,Persona,Liam Castro Romero,PA02,Canadá,Mississauga,Banca privada,1953-07-15,2016-09-07,No especificado,No aplica,337809,Bajo,Digital,Vigente,1,0
CL001140,Persona,Camila Smith Morales,PA01,México,Ciudad de México,Masivo,1996-04-14,2021-08-07,No especificado,No aplica,26094,Bajo,Tradicional,Vigente,0,0
CL001141,Persona,Alejandro Pérez Martínez,PA02,Canadá,Edmonton,Masivo,1991-11-20,2018-02-11,F,No aplica,17317,Medio,Híbrido,Vigente,1,0
CL001142,Persona,Mariana Tremblay Cruz,PA02,Canadá,Québec,Afluente,1950-09-13,2016-07-24,M,No aplica,55642,Bajo,Digital,Vigente,0,0
CL001143,Persona,Élodie Cruz Sánchez,PA04,Perú,Huancayo,Masivo,1978-01-08,2018-03-05,F,No aplica,10588,Medio,Tradicional,Vigente,1,0
CL001144,Persona,Liam Vargas Rivera,PA05,Colombia,Barranquilla,Masivo,1948-09-11,2021-03-17,M,No aplica,31404,Bajo,Digital,Vigente,1,0
CL001145,Persona,Daniela Vargas López,PA04,Perú,Lima,Afluente,1962-01-06,2016-02-05,M,No aplica,95723,Medio,Híbrido,Vigente,0,0
CL001146,Persona,Camila Pérez Martin,PA03,Chile,Talca,Afluente,1954-09-24,2021-03-23,F,No aplica,68154,Bajo,Digital,Vigente,1,0
CL001147,Persona,Étienne Flores Rodríguez,PA01,México,Mérida,Masivo,1993-07-08,2021-01-16,M,No aplica,23469,Medio,Digital,Por vencer,1,0
CL001148,Persona,Gabriel Gómez Cruz,PA05,Colombia,Bogotá,Afluente,1973-02-24,2019-07-25,M,No aplica,104784,Bajo,Digital,Vigente,1,0
CL001149,Persona,Valentina Ramírez Martínez,PA05,Colombia,Cúcuta,Masivo,1993-02-27,2021-05-04,No especificado,No aplica,27306,Medio,Tradicional,Vigente,0,0
CL001150,Persona,Alejandro Castro Reyes,PA02,Canadá,Ottawa,Afluente,1958-02-13,2016-05-02,F,No aplica,34901,Medio,Híbrido,Vigente,1,0
CL001151,Persona,Liam Rodríguez Tremblay,PA01,México,Veracruz,Masivo,1989-03-05,2020-10-13,F,No aplica,25339,Medio,Híbrido,Vigente,1,0
CL001152,Persona,Diego Díaz Brown,PA05,Colombia,Barranquilla,Masivo,1953-02-07,2021-08-16,No especificado,No aplica,10867,Alto,Híbrido,Vigente,1,0
CL001153,Persona,Nicolás García González,PA03,Chile,Talca,Banca privada,1972-12-22,2018-02-09,M,No aplica,121618,Medio,Tradicional,Vigente,0,0
CL001154,Persona,Santiago Ramírez Martínez,PA01,México,Toluca,Masivo,1969-05-02,2018-05-18,F,No aplica,24638,Medio,Tradicional,Vigente,0,0
CL001155,Persona,Samuel Morales Tremblay,PA03,Chile,Talca,Masivo,1952-07-16,2019-08-14,No especificado,No aplica,10554,Medio,Híbrido,Vigente,0,0
CL001156,Persona,Nicolás Pérez Pérez,PA03,Chile,Rancagua,Banca privada,1982-05-17,2021-05-11,F,No aplica,337376,Medio,Tradicional,Vigente,0,0
CL001157,Persona,Martina Ramírez Smith,PA04,Perú,Chiclayo,Afluente,1990-02-01,2021-05-06,M,No aplica,60871,Medio,Híbrido,Vigente,1,0
CL001158,Persona,Noah Sánchez Wilson,PA04,Perú,Tacna,Afluente,1992-03-25,2016-11-05,No especificado,No aplica,44382,Bajo,Digital,Vigente,0,0
CL001159,Persona,Emiliano Castro Sánchez,PA04,Perú,Cajamarca,Masivo,1980-06-27,2018-09-25,No especificado,No aplica,12168,Alto,Tradicional,Vigente,1,0
CL001160,Empresa,Castro Servicios profesionales S.A.,PA01,México,León,PyME,2014-12-01,2021-07-26,No aplica,Logística,717748,Medio,Digital,Vigente,1,0
CL001161,Persona,Sofía Romero García,PA03,Chile,Santiago,Afluente,1952-09-18,2020-10-18,F,No aplica,47069,Alto,Híbrido,Vigente,0,0
CL001162,Persona,Emma Rodríguez Romero,PA04,Perú,Tacna,Afluente,1977-11-16,2019-08-11,M,No aplica,79111,Medio,Híbrido,Vigente,1,0
CL001163,Persona,Sebastián Flores Castro,PA01,México,Guadalajara,Masivo,1992-08-27,2018-07-01,M,No aplica,10790,Medio,Tradicional,Vigente,1,0
CL001164,Persona,Étienne Vargas Torres,PA02,Canadá,Toronto,Banca privada,1996-03-06,2021-08-09,No especificado,No aplica,152592,Medio,Tradicional,Vigente,0,0
CL001165,Persona,Samuel Cruz Martin,PA01,México,León,Masivo,1975-11-03,2017-02-20,No especificado,No aplica,14791,Bajo,Digital,Vigente,1,0
CL001166,Persona,Santiago Cruz Díaz,PA02,Canadá,Vancouver,Banca privada,1981-02-25,2019-03-25,M,No aplica,187703,Bajo,Digital,Vigente,1,0
CL001167,Persona,Lucía Wilson Díaz,PA03,Chile,Rancagua,Masivo,1955-04-27,2019-01-14,No especificado,No aplica,14912,Bajo,Híbrido,Vigente,0,0
CL001168,Persona,Renata López Pérez,PA04,Perú,Tacna,Masivo,1968-03-24,2019-08-05,M,No aplica,18617,Medio,Digital,Vigente,1,0
CL001169,Persona,Élodie Brown López,PA03,Chile,Temuco,Masivo,1989-02-20,2019-09-06,F,No aplica,27998,Alto,Digital,Vigente,1,0
CL001170,Persona,Emma Rodríguez García,PA01,México,Querétaro,Masivo,1995-07-24,2018-11-29,No especificado,No aplica,10728,Medio,Híbrido,Vigente,1,0
CL001171,Persona,Sofía García Morales,PA03,Chile,Temuco,Afluente,1955-01-20,2021-04-08,No especificado,No aplica,103044,Medio,Híbrido,Vigente,1,0
CL001172,Persona,Diego Tremblay Brown,PA04,Perú,Arequipa,Banca privada,1967-03-22,2020-10-24,F,No aplica,225088,Medio,Tradicional,Vigente,0,0
CL001173,Persona,Santiago Reyes Flores,PA03,Chile,Viña del Mar,Masivo,1979-09-03,2019-12-24,M,No aplica,27258,Bajo,Híbrido,Vigente,0,0
CL001174,Empresa,Ramírez Construcción Latam,PA04,Perú,Cusco,Corporativo,2005-02-01,2022-06-10,No aplica,Turismo,6814193,Medio,Híbrido,Vigente,0,0
CL001175,Persona,Martina Sánchez Rodríguez,PA03,Chile,Santiago,Banca privada,1994-10-13,2022-08-17,No especificado,No aplica,120235,Medio,Híbrido,Vigente,1,0
CL001176,Persona,Camila Hernández Romero,PA01,México,Tijuana,Banca privada,2000-05-07,2018-12-14,No especificado,No aplica,362139,Medio,Digital,Vigente,0,0
CL001177,Persona,Mateo Tremblay López,PA02,Canadá,Vancouver,Banca privada,1994-03-22,2018-10-26,M,No aplica,258997,Medio,Tradicional,Vigente,1,0
CL001178,Persona,Daniela Wilson Morales,PA04,Perú,Cajamarca,Masivo,1963-08-19,2016-10-18,F,No aplica,21030,Medio,Híbrido,Vigente,1,0
CL001179,Persona,Sebastián Castro González,PA02,Canadá,Halifax,Afluente,1991-05-14,2017-03-26,No especificado,No aplica,50559,Medio,Híbrido,Vigente,1,0
CL001180,Persona,Martina Cruz Reyes,PA01,México,Mérida,Afluente,1994-01-14,2019-01-07,No especificado,No aplica,69111,Medio,Híbrido,Vigente,0,0
CL001181,Empresa,García Educación S.A.,PA01,México,Toluca,Corporativo,1998-01-01,2016-10-21,No aplica,Turismo,2753582,Bajo,Tradicional,Vigente,1,0
CL001182,Persona,Lucía López García,PA02,Canadá,Winnipeg,Afluente,1994-10-12,2021-02-16,M,No aplica,90112,Alto,Híbrido,Por vencer,1,0
CL001183,Persona,Daniela López Tremblay,PA05,Colombia,Santa Marta,Afluente,1972-07-14,2017-02-14,F,No aplica,79902,Bajo,Tradicional,Vigente,0,0
CL001184,Persona,Lucas Romero Smith,PA04,Perú,Iquitos,Banca privada,1969-04-19,2019-04-26,F,No aplica,229998,Medio,Híbrido,Vigente,0,0
CL001185,Persona,Valentina García Reyes,PA05,Colombia,Pereira,Banca privada,1991-01-08,2022-02-11,No especificado,No aplica,304826,Medio,Digital,Vigente,1,0
CL001186,Persona,Daniela González Brown,PA03,Chile,Talca,Masivo,1971-10-25,2019-10-21,F,No aplica,23778,Bajo,Tradicional,Vigente,0,0
CL001187,Persona,Lucas Gómez Tremblay,PA04,Perú,Iquitos,Masivo,1973-04-24,2021-11-10,F,No aplica,10581,Bajo,Digital,Vigente,1,0
CL001188,Empresa,Martin Construcción Latam,PA05,Colombia,Bogotá,PyME,2009-01-01,2021-10-31,No aplica,Salud,394155,Bajo,Tradicional,Por vencer,0,0
CL001189,Persona,Diego Romero Torres,PA02,Canadá,Edmonton,Masivo,1996-10-13,2016-12-06,M,No aplica,12307,Medio,Digital,Vigente,1,0
CL001190,Persona,Camila Reyes Morales,PA02,Canadá,Toronto,Masivo,1959-09-28,2016-06-29,F,No aplica,15655,Medio,Digital,Vigente,1,0
CL001191,Persona,Ava Tremblay Romero,PA03,Chile,Antofagasta,Masivo,1961-08-01,2017-08-07,F,No aplica,30132,Alto,Híbrido,Vigente,1,0
CL001192,Persona,Liam Ramírez Rivera,PA05,Colombia,Cali,Masivo,1957-08-11,2018-11-21,F,No aplica,11511,Alto,Híbrido,Vigente,1,0
CL001193,Persona,Nicolás Vargas Ramírez,PA04,Perú,Huancayo,Masivo,1960-10-28,2020-05-12,F,No aplica,14904,Alto,Digital,Vigente,1,0
CL001194,Persona,Mateo Pérez Gómez,PA04,Perú,Trujillo,Banca privada,1958-11-22,2015-11-08,M,No aplica,312179,Bajo,Tradicional,Vigente,1,0
CL001195,Persona,Alejandro Reyes Romero,PA03,Chile,Santiago,Banca privada,1994-04-10,2019-01-13,No especificado,No aplica,194683,Bajo,Tradicional,Vigente,1,0
CL001196,Empresa,Pérez Salud Partners,PA01,México,Guadalajara,Corporativo,2005-11-01,2017-12-29,No aplica,Servicios profesionales,6096362,Medio,Tradicional,Vigente,1,0
CL001197,Persona,Sebastián Rodríguez González,PA04,Perú,Iquitos,Masivo,1975-07-01,2021-02-03,M,No aplica,15348,Alto,Híbrido,Vigente,0,0
CL001198,Persona,Emma López Romero,PA05,Colombia,Cali,Masivo,1950-07-01,2017-12-20,F,No aplica,30149,Alto,Híbrido,Vigente,1,0
CL001199,Persona,Emma Torres Torres,PA04,Perú,Arequipa,Afluente,1968-03-18,2018-05-04,No especificado,No aplica,78214,Medio,Híbrido,Vigente,1,0
CL001200,Persona,Olivia González Vargas,PA03,Chile,Puerto Montt,Banca privada,1955-12-17,2021-03-22,M,No aplica,204302,Medio,Tradicional,Vigente,1,0
CL001201,Persona,Martina Martínez Gómez,PA02,Canadá,Halifax,Afluente,1960-01-07,2018-08-05,M,No aplica,38181,Alto,Híbrido,Por vencer,0,0
CL001202,Persona,Valentina García Flores,PA04,Perú,Tacna,Afluente,1969-11-07,2017-04-09,No especificado,No aplica,75341,Bajo,Híbrido,Vigente,1,0
CL001203,Persona,Emiliano Pérez Sánchez,PA01,México,Toluca,Afluente,2002-12-03,2018-08-23,No especificado,No aplica,58995,Bajo,Híbrido,Vigente,1,0
CL001204,Empresa,Rodríguez Construcción Partners,PA04,Perú,Cajamarca,Corporativo,1986-12-01,2019-03-21,No aplica,Servicios profesionales,5152161,Medio,Digital,Vigente,1,0
CL001205,Persona,Santiago Cruz González,PA02,Canadá,Montreal,Afluente,1992-12-13,2020-03-09,F,No aplica,80537,Medio,Híbrido,Vigente,1,0
CL001206,Persona,Ava Díaz Cruz,PA03,Chile,Viña del Mar,Masivo,1986-10-02,2016-07-23,No especificado,No aplica,29041,Medio,Híbrido,Vigente,0,0
CL001207,Persona,Emiliano Martínez Martínez,PA03,Chile,Talca,Banca privada,1955-11-11,2018-07-03,M,No aplica,149135,Medio,Digital,Vigente,0,0
CL001208,Persona,Daniela Brown Sánchez,PA04,Perú,Cusco,Afluente,1977-09-18,2017-02-20,No especificado,No aplica,51748,Alto,Híbrido,Vigente,0,0
CL001209,Persona,Gabriel Martin Hernández,PA02,Canadá,Calgary,Afluente,1966-06-15,2019-04-28,No especificado,No aplica,66650,Medio,Digital,Por vencer,1,0
CL001210,Persona,Isabella Castro Tremblay,PA04,Perú,Tacna,Afluente,1951-03-04,2015-12-18,F,No aplica,36888,Medio,Digital,Vigente,1,0
CL001211,Persona,Lucía López Tremblay,PA01,México,Guadalajara,Banca privada,1954-11-25,2018-05-10,M,No aplica,151661,Bajo,Tradicional,Vigente,1,0
CL001212,Persona,Isabella Tremblay Wilson,PA03,Chile,Viña del Mar,Masivo,1952-12-23,2021-03-20,F,No aplica,24333,Bajo,Digital,Vigente,1,0
CL001213,Persona,Daniela Brown Wilson,PA03,Chile,Talca,Afluente,1962-02-23,2019-01-28,No especificado,No aplica,91459,Bajo,Digital,Vigente,1,0
CL001214,Persona,Liam Gómez Tremblay,PA03,Chile,Santiago,Masivo,1948-03-13,2016-07-01,M,No aplica,11078,Medio,Híbrido,Vigente,0,0
CL001215,Persona,Emiliano Ramírez Castro,PA04,Perú,Cusco,Masivo,1948-11-15,2016-10-29,F,No aplica,28874,Alto,Digital,Vigente,0,0
CL001216,Empresa,Rivera Manufactura S.A.,PA03,Chile,Santiago,PyME,2020-03-01,2020-11-20,No aplica,Educación,539090,Medio,Tradicional,Vigente,0,0
CL001217,Persona,Santiago Flores Díaz,PA04,Perú,Chiclayo,Masivo,1960-12-06,2021-02-02,F,No aplica,11158,Bajo,Híbrido,Vigente,1,0
CL001218,Persona,Sofía Flores García,PA03,Chile,Valparaíso,Afluente,1966-01-09,2016-03-19,F,No aplica,79497,Alto,Digital,Vigente,0,0
CL001219,Persona,Diego Smith Smith,PA05,Colombia,Santa Marta,Afluente,1983-12-22,2019-11-06,F,No aplica,45956,Bajo,Tradicional,Por vencer,0,0
CL001220,Persona,Samuel Castro Pérez,PA04,Perú,Cusco,Banca privada,1953-08-27,2020-12-28,F,No aplica,237247,Bajo,Tradicional,Vigente,0,0
CL001221,Persona,Daniela Rivera García,PA02,Canadá,Toronto,Masivo,1988-02-15,2021-01-06,M,No aplica,10482,Alto,Digital,Vigente,0,0
CL001222,Persona,Mariana Reyes Pérez,PA03,Chile,Temuco,Afluente,1986-08-02,2016-09-02,M,No aplica,69110,Bajo,Híbrido,Por vencer,1,1
CL001223,Empresa,Romero Construcción Group,PA05,Colombia,Cartagena,PyME,1982-02-01,2015-08-19,No aplica,Comercio,625431,Bajo,Híbrido,Vigente,0,0
CL001224,Persona,Emma Martínez Cruz,PA01,México,Veracruz,Afluente,1954-04-20,2017-05-19,No especificado,No aplica,66031,Bajo,Híbrido,Vigente,1,0
CL001225,Persona,Emma Morales Wilson,PA03,Chile,Temuco,Masivo,1990-07-19,2019-03-31,No especificado,No aplica,21960,Medio,Híbrido,Vigente,0,0
CL001226,Persona,Liam Ramírez González,PA01,México,Ciudad de México,Masivo,1995-12-08,2020-08-30,F,No aplica,26419,Medio,Digital,Vigente,0,0
CL001227,Empresa,Brown Agroindustria S.A.,PA05,Colombia,Cartagena,PyME,1995-04-01,2016-01-03,No aplica,Construcción,281332,Medio,Tradicional,Vigente,0,0
CL001228,Persona,Lucía González Wilson,PA05,Colombia,Barranquilla,Afluente,2003-07-13,2015-12-02,M,No aplica,78018,Alto,Híbrido,Vigente,1,0
CL001229,Persona,Martina Martin Hernández,PA05,Colombia,Santa Marta,Afluente,1990-10-26,2022-01-03,F,No aplica,40593,Medio,Híbrido,Vigente,0,0
CL001230,Empresa,López Construcción S.A.,PA05,Colombia,Cali,Corporativo,1989-07-01,2022-09-17,No aplica,Salud,7490030,Medio,Tradicional,Vigente,1,0
CL001231,Persona,Olivia Rodríguez Sánchez,PA05,Colombia,Bucaramanga,Banca privada,1967-06-18,2018-08-11,F,No aplica,147214,Bajo,Híbrido,Vigente,1,0
CL001232,Persona,Élodie Torres Ramírez,PA02,Canadá,Calgary,Masivo,1964-04-03,2020-05-14,M,No aplica,12238,Medio,Digital,Vigente,1,0
CL001233,Persona,Santiago Flores López,PA03,Chile,Puerto Montt,Masivo,1968-11-11,2015-06-15,F,No aplica,24276,Medio,Híbrido,Vigente,0,0
CL001234,Persona,Ava Gómez Romero,PA04,Perú,Arequipa,Masivo,1969-05-05,2019-06-23,F,No aplica,12552,Medio,Digital,Vigente,0,0
CL001235,Persona,Daniela González Cruz,PA02,Canadá,Halifax,Afluente,1991-11-20,2019-12-22,M,No aplica,80791,Alto,Digital,Vigente,1,0
CL001236,Persona,Camila Martin Smith,PA01,México,Toluca,Banca privada,1962-08-24,2021-05-02,M,No aplica,305337,Alto,Tradicional,Vigente,1,0
CL001237,Persona,Olivia Sánchez Tremblay,PA03,Chile,Valparaíso,Afluente,1991-08-03,2021-08-06,No especificado,No aplica,79519,Alto,Digital,Vigente,0,0
CL001238,Persona,Lucía García Romero,PA03,Chile,Antofagasta,Afluente,1985-08-12,2017-09-14,No especificado,No aplica,45244,Bajo,Digital,Vigente,1,0
CL001239,Persona,Santiago Rodríguez Smith,PA01,México,Monterrey,Afluente,1978-05-26,2019-02-18,No especificado,No aplica,87740,Bajo,Tradicional,Vigente,0,0
CL001240,Persona,Isabella González Pérez,PA02,Canadá,Vancouver,Masivo,1981-06-20,2018-03-28,M,No aplica,23830,Alto,Digital,Vigente,0,0
CL001241,Persona,Nicolás Gómez Martin,PA02,Canadá,Calgary,Afluente,1997-09-13,2021-10-23,F,No aplica,44747,Medio,Tradicional,Vigente,1,0
CL001242,Persona,Camila Sánchez Sánchez,PA05,Colombia,Bucaramanga,Masivo,1982-03-28,2016-01-01,No especificado,No aplica,13650,Medio,Digital,Vigente,1,0
CL001243,Persona,Renata Flores Hernández,PA02,Canadá,Ottawa,Afluente,1960-12-10,2015-06-25,F,No aplica,75451,Bajo,Digital,Vigente,1,0
CL001244,Persona,Valentina González García,PA05,Colombia,Medellín,Masivo,1965-10-01,2020-11-26,No especificado,No aplica,29702,Medio,Tradicional,Vigente,1,0
CL001245,Persona,Camila Gómez Morales,PA05,Colombia,Manizales,Masivo,1983-02-16,2021-03-31,F,No aplica,24323,Bajo,Híbrido,Vigente,0,0
CL001246,Persona,Daniela Díaz Díaz,PA04,Perú,Trujillo,Afluente,1970-08-24,2016-03-20,F,No aplica,107063,Bajo,Digital,Vigente,1,0
CL001247,Empresa,Pérez Salud Latam,PA01,México,Toluca,Corporativo,2020-05-01,2021-12-21,No aplica,Servicios profesionales,6082961,Medio,Híbrido,Vigente,1,0
CL001248,Persona,Mariana Gómez Pérez,PA02,Canadá,Mississauga,Masivo,1973-02-11,2019-06-13,M,No aplica,25956,Medio,Digital,Vigente,0,0
CL001249,Persona,Santiago Díaz Rodríguez,PA01,México,Querétaro,Masivo,1983-09-20,2020-08-11,F,No aplica,22779,Alto,Digital,Vigente,0,0
CL001250,Empresa,Torres Tecnología Latam,PA02,Canadá,Mississauga,PyME,1981-07-01,2016-09-13,No aplica,Tecnología,244508,Medio,Tradicional,Vigente,0,0
CL001251,Persona,Renata Sánchez Brown,PA01,México,León,Banca privada,1960-03-15,2020-05-15,No especificado,No aplica,261662,Bajo,Híbrido,Vigente,1,0
CL001252,Persona,Noah García Romero,PA04,Perú,Lima,Banca privada,1953-02-08,2017-01-16,F,No aplica,358341,Medio,Digital,Vigente,1,0
CL001253,Empresa,Reyes Construcción Group,PA05,Colombia,Santa Marta,PyME,2017-02-01,2017-02-10,No aplica,Logística,769987,Alto,Híbrido,Vigente,0,0
CL001254,Persona,Renata Torres Brown,PA03,Chile,Temuco,Afluente,1963-06-27,2021-03-25,M,No aplica,47623,Medio,Tradicional,Vigente,0,0
CL001255,Persona,Sebastián Cruz González,PA04,Perú,Arequipa,Masivo,1969-11-24,2019-07-21,F,No aplica,11418,Bajo,Digital,Vigente,1,0
CL001256,Persona,Diego Reyes Rivera,PA05,Colombia,Pereira,Afluente,1958-01-14,2019-08-25,F,No aplica,99864,Alto,Digital,Vigente,1,0
CL001257,Persona,Daniela Hernández Castro,PA03,Chile,Concepción,Afluente,1982-06-09,2022-07-03,F,No aplica,42714,Medio,Híbrido,Vigente,0,0
CL001258,Persona,Nicolás Tremblay Brown,PA03,Chile,Talca,Banca privada,1961-03-22,2018-03-24,F,No aplica,331168,Medio,Tradicional,Vigente,0,0
CL001259,Persona,Isabella Rivera Hernández,PA05,Colombia,Santa Marta,Masivo,1967-05-07,2015-11-14,M,No aplica,11710,Alto,Híbrido,Vigente,1,0
CL001260,Persona,Samuel Rodríguez Tremblay,PA05,Colombia,Cúcuta,Banca privada,1981-01-08,2021-12-30,M,No aplica,331477,Bajo,Híbrido,Vigente,1,0
CL001261,Persona,Gabriel Martin Martin,PA03,Chile,Antofagasta,Afluente,1974-06-03,2022-08-14,F,No aplica,56649,Bajo,Tradicional,Vigente,1,0
CL001262,Persona,Daniela Castro Torres,PA04,Perú,Lima,Banca privada,1959-07-01,2015-08-14,M,No aplica,291151,Medio,Digital,Vigente,1,1
CL001263,Persona,Santiago Morales García,PA04,Perú,Piura,Afluente,1962-11-05,2019-06-18,F,No aplica,88185,Medio,Digital,Vigente,1,0
CL001264,Persona,Mateo Hernández Rodríguez,PA05,Colombia,Santa Marta,Afluente,1955-05-17,2017-02-22,F,No aplica,79167,Medio,Tradicional,Vigente,1,0
CL001265,Persona,Santiago Cruz Pérez,PA01,México,Toluca,Afluente,1993-02-10,2020-04-06,F,No aplica,80420,Bajo,Híbrido,Vigente,0,0
CL001266,Persona,Samuel Castro Brown,PA04,Perú,Cajamarca,Afluente,1977-05-08,2018-12-26,No especificado,No aplica,68742,Alto,Híbrido,Vigente,0,0
CL001267,Persona,Martina Díaz Hernández,PA04,Perú,Iquitos,Masivo,1997-01-12,2016-06-27,M,No aplica,11165,Alto,Híbrido,Vigente,1,0
CL001268,Persona,Emiliano Flores Morales,PA04,Perú,Huancayo,Afluente,1983-01-13,2015-06-15,No especificado,No aplica,42286,Bajo,Híbrido,Vigente,1,0
CL001269,Empresa,García Turismo Partners,PA03,Chile,Valparaíso,PyME,2003-03-01,2020-11-28,No aplica,Logística,606500,Medio,Tradicional,Vigente,0,0
CL001270,Persona,Emma Smith Gómez,PA05,Colombia,Santa Marta,Masivo,1974-06-27,2020-12-22,F,No aplica,17118,Bajo,Tradicional,Vigente,1,0
CL001271,Persona,Étienne Flores Ramírez,PA01,México,Puebla,Masivo,1962-09-06,2022-10-22,M,No aplica,24724,Medio,Híbrido,Vigente,0,0
CL001272,Persona,Daniela González Morales,PA01,México,Mérida,Masivo,1950-01-10,2017-12-17,No especificado,No aplica,14836,Bajo,Híbrido,Vigente,0,0
CL001273,Persona,Sofía Rivera García,PA01,México,Guadalajara,Afluente,1997-08-27,2015-08-08,No especificado,No aplica,103036,Bajo,Tradicional,Vigente,1,0
CL001274,Persona,Santiago Torres Díaz,PA02,Canadá,Toronto,Afluente,1993-10-08,2019-10-12,F,No aplica,79949,Medio,Tradicional,Vigente,0,0
CL001275,Persona,Martina López Martin,PA03,Chile,Antofagasta,Afluente,1968-10-11,2015-09-21,No especificado,No aplica,54941,Medio,Híbrido,Vigente,1,0
CL001276,Persona,Emiliano Morales Morales,PA02,Canadá,Montreal,Masivo,2003-05-28,2021-07-15,No especificado,No aplica,30138,Medio,Híbrido,Vigente,0,0
CL001277,Persona,Liam Morales Vargas,PA03,Chile,Temuco,Banca privada,1966-07-27,2018-04-13,No especificado,No aplica,312885,Bajo,Digital,Vigente,1,0
CL001278,Persona,Nicolás Romero Vargas,PA04,Perú,Tacna,Afluente,1970-01-24,2016-09-09,F,No aplica,49237,Medio,Digital,Vigente,0,0
CL001279,Persona,Martina Martínez Flores,PA05,Colombia,Cali,Masivo,1963-06-20,2018-03-14,M,No aplica,22077,Medio,Digital,Vigente,1,0
CL001280,Empresa,Tremblay Manufactura Latam,PA03,Chile,Valparaíso,PyME,2009-08-01,2020-12-08,No aplica,Comercio,277736,Bajo,Híbrido,Vigente,1,0
CL001281,Empresa,Smith Agroindustria S.A.,PA02,Canadá,Mississauga,Corporativo,1993-06-01,2022-08-12,No aplica,Educación,5549086,Alto,Digital,Vigente,1,0
CL001282,Persona,Noah Sánchez López,PA04,Perú,Piura,Masivo,1952-02-17,2019-03-20,No especificado,No aplica,30608,Bajo,Híbrido,Vigente,1,0
CL001283,Persona,Liam Díaz Castro,PA05,Colombia,Santa Marta,Afluente,1965-01-25,2018-06-23,F,No aplica,70111,Medio,Híbrido,Vigente,0,0
CL001284,Persona,Diego Cruz Castro,PA03,Chile,Concepción,Afluente,1954-09-16,2021-10-31,No especificado,No aplica,59512,Bajo,Tradicional,Vigente,1,0
CL001285,Persona,Sebastián Reyes Torres,PA04,Perú,Chiclayo,Masivo,2003-08-07,2019-11-18,F,No aplica,23838,Medio,Híbrido,Vigente,0,0
CL001286,Persona,Nicolás Martin Díaz,PA05,Colombia,Cali,Afluente,1963-04-12,2015-06-04,No especificado,No aplica,45693,Medio,Digital,Vigente,0,0
CL001287,Persona,Étienne Rodríguez Rivera,PA03,Chile,La Serena,Afluente,1978-06-03,2019-01-13,No especificado,No aplica,104439,Medio,Híbrido,Vigente,1,0
CL001288,Persona,Mateo Ramírez Morales,PA05,Colombia,Bogotá,Afluente,1949-08-21,2017-12-04,No especificado,No aplica,89021,Bajo,Tradicional,Vigente,1,0
CL001289,Persona,Nicolás López Vargas,PA01,México,Ciudad de México,Afluente,1977-08-05,2016-08-24,F,No aplica,90972,Medio,Híbrido,Vigente,1,0
CL001290,Empresa,Castro Servicios profesionales Group,PA02,Canadá,Ottawa,PyME,2006-09-01,2017-04-10,No aplica,Turismo,532379,Alto,Digital,Por vencer,1,0
CL001291,Empresa,Sánchez Construcción Group,PA05,Colombia,Cúcuta,PyME,1990-05-01,2022-01-14,No aplica,Servicios profesionales,749667,Bajo,Digital,Vigente,1,1
CL001292,Empresa,Wilson Comercio Latam,PA01,México,Puebla,PyME,2012-01-01,2020-12-16,No aplica,Agroindustria,762623,Medio,Híbrido,Por vencer,0,0
CL001293,Persona,Olivia Martin Hernández,PA02,Canadá,Halifax,Afluente,1958-06-04,2020-04-29,No especificado,No aplica,71528,Medio,Digital,Vigente,0,0
CL001294,Persona,Lucas Tremblay Castro,PA05,Colombia,Cartagena,Banca privada,2003-11-05,2018-04-17,No especificado,No aplica,227233,Bajo,Digital,Por vencer,0,0
CL001295,Persona,Emma Reyes Castro,PA04,Perú,Arequipa,Afluente,1960-01-17,2022-11-13,No especificado,No aplica,55250,Bajo,Digital,Vigente,1,0
CL001296,Persona,Renata Morales Romero,PA04,Perú,Chiclayo,Banca privada,1950-03-28,2016-11-06,M,No aplica,167990,Bajo,Híbrido,Vigente,0,0
CL001297,Persona,Noah Tremblay Gómez,PA05,Colombia,Bucaramanga,Afluente,1964-11-04,2019-08-28,F,No aplica,96891,Bajo,Digital,Vigente,0,0
CL001298,Empresa,Rodríguez Educación Latam,PA01,México,Guadalajara,PyME,2004-03-01,2017-01-03,No aplica,Educación,474796,Alto,Tradicional,Vigente,1,0
CL001299,Persona,Noah Martin Smith,PA04,Perú,Cusco,Masivo,1985-01-18,2018-05-26,No especificado,No aplica,26101,Alto,Tradicional,Vigente,1,0
CL001300,Persona,Olivia Rivera Smith,PA01,México,Tijuana,Masivo,1972-06-22,2018-06-14,No especificado,No aplica,26659,Bajo,Híbrido,Vigente,1,0
CL001301,Persona,Isabella Smith Morales,PA03,Chile,Concepción,Banca privada,2002-08-01,2017-09-07,No especificado,No aplica,142845,Medio,Tradicional,Vigente,1,0
CL001302,Persona,Valentina Tremblay González,PA02,Canadá,Vancouver,Masivo,1948-12-19,2022-03-25,F,No aplica,18452,Bajo,Tradicional,Vigente,1,0
CL001303,Persona,Alejandro Brown Díaz,PA01,México,Mérida,Masivo,1970-04-01,2018-01-20,No especificado,No aplica,10558,Bajo,Digital,Vigente,1,0
CL001304,Empresa,Rodríguez Logística Latam,PA03,Chile,Santiago,PyME,2016-03-01,2021-10-05,No aplica,Turismo,591853,Bajo,Digital,Vigente,0,0
CL001305,Persona,Samuel Tremblay González,PA02,Canadá,Winnipeg,Afluente,1995-09-28,2018-03-06,M,No aplica,44246,Medio,Digital,Vigente,1,0
CL001306,Empresa,Flores Servicios profesionales S.A.,PA03,Chile,Concepción,PyME,2019-08-01,2017-10-08,No aplica,Servicios profesionales,683529,Medio,Digital,Vigente,1,0
CL001307,Persona,Emiliano Martin Flores,PA05,Colombia,Manizales,Afluente,1982-06-08,2018-04-10,F,No aplica,38850,Medio,Híbrido,Vigente,1,0
CL001308,Empresa,Cruz Salud Group,PA01,México,Mérida,PyME,2003-07-01,2019-03-10,No aplica,Turismo,799243,Medio,Híbrido,Por vencer,1,0
CL001309,Persona,Martina Morales Smith,PA01,México,León,Afluente,1970-11-03,2018-11-08,No especificado,No aplica,105053,Bajo,Digital,Vigente,0,0
CL001310,Persona,Emma González Morales,PA04,Perú,Trujillo,Masivo,1963-12-11,2021-04-30,No especificado,No aplica,20168,Bajo,Híbrido,Vigente,0,0
CL001311,Empresa,Flores Servicios profesionales Group,PA01,México,Tijuana,Corporativo,2000-01-01,2016-01-05,No aplica,Agroindustria,3609694,Bajo,Híbrido,Vigente,1,0
CL001312,Persona,Valentina Wilson Rivera,PA05,Colombia,Bucaramanga,Masivo,1964-09-18,2021-11-25,M,No aplica,22949,Medio,Digital,Vigente,1,0
CL001313,Persona,Valentina Vargas Díaz,PA05,Colombia,Bucaramanga,Masivo,1977-04-08,2021-04-16,F,No aplica,20312,Alto,Tradicional,Vigente,0,0
CL001314,Persona,Daniela Martin Brown,PA05,Colombia,Cúcuta,Masivo,1997-07-19,2015-06-17,M,No aplica,19986,Medio,Tradicional,Vigente,0,0
CL001315,Persona,Mateo Díaz Smith,PA05,Colombia,Cúcuta,Banca privada,1984-09-19,2018-12-17,No especificado,No aplica,165190,Alto,Digital,Vigente,1,0
CL001316,Persona,Liam García Díaz,PA03,Chile,Santiago,Masivo,1960-12-11,2018-06-12,M,No aplica,21766,Bajo,Digital,Vigente,1,0
CL001317,Persona,Martina Martínez Romero,PA03,Chile,Valparaíso,Masivo,1979-02-26,2020-01-02,F,No aplica,11273,Medio,Híbrido,Vigente,1,0
CL001318,Persona,Mariana Flores Tremblay,PA04,Perú,Iquitos,Masivo,1952-05-15,2015-06-15,M,No aplica,29610,Medio,Híbrido,Vigente,0,0
CL001319,Persona,Ava Gómez López,PA04,Perú,Piura,Masivo,1950-03-03,2017-04-12,F,No aplica,29051,Medio,Híbrido,Vigente,1,0
CL001320,Persona,Lucas Reyes Romero,PA04,Perú,Arequipa,Masivo,1977-08-08,2018-08-10,M,No aplica,12515,Bajo,Híbrido,Vigente,1,0
CL001321,Persona,Sofía Martínez García,PA03,Chile,Antofagasta,Masivo,1952-04-04,2019-05-11,F,No aplica,13098,Medio,Híbrido,Vigente,0,0
CL001322,Persona,Santiago Wilson Brown,PA05,Colombia,Medellín,Masivo,1961-08-13,2019-03-13,M,No aplica,28818,Medio,Tradicional,Vigente,1,0
CL001323,Persona,Valentina Pérez Vargas,PA05,Colombia,Cali,Afluente,1973-04-25,2020-11-20,F,No aplica,73055,Bajo,Híbrido,Vigente,1,0
CL001324,Persona,Élodie Cruz Gómez,PA04,Perú,Arequipa,Afluente,1958-02-06,2017-12-22,No especificado,No aplica,103133,Medio,Digital,Vigente,1,0
CL001325,Persona,Samuel López Hernández,PA02,Canadá,Québec,Afluente,1953-12-16,2015-05-27,M,No aplica,102592,Bajo,Híbrido,Vigente,0,0
CL001326,Empresa,Reyes Agroindustria S.A.,PA01,México,Tijuana,PyME,1987-10-01,2016-06-26,No aplica,Salud,333423,Alto,Digital,Vigente,0,0
CL001327,Persona,Étienne López Castro,PA04,Perú,Piura,Masivo,1961-03-10,2022-11-10,No especificado,No aplica,16907,Medio,Tradicional,Vigente,1,0
CL001328,Persona,Lucía Martínez Smith,PA05,Colombia,Medellín,Afluente,1998-01-08,2016-07-27,M,No aplica,73940,Bajo,Híbrido,Vigente,0,0
CL001329,Persona,Élodie Torres García,PA02,Canadá,Mississauga,Masivo,1983-12-14,2016-01-29,No especificado,No aplica,10044,Medio,Digital,Vigente,0,0
CL001330,Persona,Olivia Ramírez González,PA03,Chile,La Serena,Banca privada,1997-05-26,2021-09-30,No especificado,No aplica,135530,Bajo,Híbrido,Vigente,0,0
CL001331,Persona,Alejandro Wilson Tremblay,PA03,Chile,Talca,Afluente,2003-11-16,2018-06-30,F,No aplica,51966,Medio,Digital,Vigente,0,0
CL001332,Empresa,Martínez Manufactura S.A.,PA03,Chile,Valparaíso,PyME,2019-03-01,2021-04-15,No aplica,Turismo,291142,Alto,Tradicional,Por vencer,0,0
CL001333,Persona,Camila Díaz Sánchez,PA05,Colombia,Santa Marta,Afluente,1957-02-16,2022-09-09,M,No aplica,93747,Alto,Híbrido,Vigente,1,0
CL001334,Persona,Mariana Martínez González,PA04,Perú,Iquitos,Afluente,1985-02-07,2018-08-11,M,No aplica,47612,Bajo,Tradicional,Vigente,0,0
CL001335,Persona,Martina López Hernández,PA01,México,Veracruz,Banca privada,1979-12-01,2022-11-15,No especificado,No aplica,155804,Medio,Digital,Vigente,1,0
CL001336,Empresa,Cruz Logística Latam,PA02,Canadá,Mississauga,PyME,2020-05-01,2021-06-06,No aplica,Salud,761108,Alto,Digital,Vigente,0,0
CL001337,Persona,Samuel Díaz Cruz,PA01,México,Monterrey,Afluente,1979-02-18,2017-10-31,F,No aplica,74158,Medio,Digital,Vigente,0,0
CL001338,Persona,Renata Ramírez Rivera,PA01,México,Guadalajara,Afluente,1955-11-08,2017-09-18,F,No aplica,51170,Medio,Digital,Vigente,0,0
CL001339,Persona,Renata Hernández Sánchez,PA01,México,León,Masivo,1993-04-19,2017-11-15,M,No aplica,15651,Alto,Híbrido,Vigente,1,0
CL001340,Persona,Sofía Smith Rodríguez,PA05,Colombia,Santa Marta,Masivo,1950-09-17,2016-05-19,M,No aplica,26349,Bajo,Híbrido,Vigente,1,0
CL001341,Empresa,Romero Logística S.A.,PA03,Chile,Temuco,PyME,1997-11-01,2018-01-29,No aplica,Turismo,555567,Medio,Híbrido,Vigente,0,0
CL001342,Persona,Mariana Smith Tremblay,PA02,Canadá,Edmonton,Afluente,1950-09-03,2019-12-23,No especificado,No aplica,106232,Bajo,Híbrido,Vigente,1,0
CL001343,Persona,Isabella Ramírez Martin,PA01,México,Tijuana,Masivo,1958-03-03,2017-07-12,No especificado,No aplica,13920,Bajo,Híbrido,Vigente,0,0
CL001344,Empresa,García Comercio S.A.,PA05,Colombia,Cúcuta,Corporativo,2012-06-01,2015-12-06,No aplica,Tecnología,5555013,Medio,Tradicional,Vigente,1,0
CL001345,Empresa,Torres Salud Latam,PA02,Canadá,Vancouver,Corporativo,2019-02-01,2019-09-05,No aplica,Comercio,7143680,Alto,Híbrido,Por vencer,1,0
CL001346,Persona,Étienne Flores García,PA02,Canadá,Winnipeg,Afluente,1962-09-13,2021-11-28,M,No aplica,43764,Bajo,Tradicional,Vigente,1,0
CL001347,Persona,Santiago Pérez Rodríguez,PA05,Colombia,Medellín,Masivo,1973-12-17,2022-11-07,F,No aplica,26177,Medio,Híbrido,Vigente,0,0
CL001348,Persona,Alejandro Brown Rivera,PA02,Canadá,Winnipeg,Afluente,1984-01-13,2018-03-19,M,No aplica,53818,Alto,Digital,Vigente,0,0
CL001349,Empresa,Martínez Educación Latam,PA01,México,Monterrey,PyME,1982-09-01,2020-09-01,No aplica,Salud,700323,Bajo,Híbrido,Vigente,0,0
CL001350,Persona,Diego García Martínez,PA04,Perú,Tacna,Afluente,2003-04-20,2015-12-21,No especificado,No aplica,47706,Medio,Tradicional,Vigente,1,0
CL001351,Persona,Renata Ramírez Smith,PA03,Chile,Valparaíso,Masivo,1981-02-28,2020-03-02,M,No aplica,14748,Alto,Tradicional,Vigente,1,0
CL001352,Persona,Santiago Sánchez Torres,PA05,Colombia,Medellín,Masivo,1989-01-09,2018-01-24,F,No aplica,27559,Bajo,Híbrido,Vigente,0,1
CL001353,Persona,Sofía Martínez Cruz,PA05,Colombia,Cúcuta,Masivo,1972-06-09,2021-10-26,No especificado,No aplica,16310,Bajo,Híbrido,Vigente,1,0
CL001354,Persona,Daniela Rodríguez Cruz,PA01,México,Veracruz,Afluente,1996-01-10,2019-11-12,No especificado,No aplica,108280,Bajo,Digital,Vigente,0,0
CL001355,Persona,Étienne Ramírez Smith,PA02,Canadá,Halifax,Masivo,1966-03-14,2020-07-11,M,No aplica,23408,Alto,Tradicional,Vigente,1,0
CL001356,Persona,Mariana Reyes González,PA01,México,León,Masivo,2000-05-02,2022-07-26,F,No aplica,28420,Medio,Híbrido,Vigente,1,0
CL001357,Persona,Lucía Smith Martínez,PA05,Colombia,Santa Marta,Masivo,1974-10-25,2019-12-29,F,No aplica,15938,Bajo,Híbrido,Vigente,1,0
CL001358,Persona,Emiliano González López,PA02,Canadá,Ottawa,Banca privada,1963-03-01,2017-06-10,No especificado,No aplica,136017,Alto,Digital,Vigente,0,0
CL001359,Persona,Étienne Martínez Díaz,PA04,Perú,Cusco,Banca privada,1998-01-03,2017-12-16,F,No aplica,247240,Alto,Tradicional,Vigente,1,0
CL001360,Empresa,Tremblay Logística Latam,PA03,Chile,Valparaíso,PyME,1984-11-01,2015-08-16,No aplica,Turismo,284104,Bajo,Digital,Vigente,1,0
CL001361,Persona,Liam Pérez Sánchez,PA03,Chile,La Serena,Masivo,1948-05-08,2019-02-20,No especificado,No aplica,15176,Medio,Digital,Vigente,0,0
CL001362,Persona,Valentina Díaz Morales,PA04,Perú,Tacna,Masivo,1997-05-22,2017-02-12,No especificado,No aplica,14362,Bajo,Híbrido,Vigente,0,0
CL001363,Persona,Valentina Tremblay Pérez,PA04,Perú,Chiclayo,Masivo,1968-06-09,2022-01-28,F,No aplica,28946,Alto,Híbrido,Vigente,1,0
CL001364,Persona,Diego López Sánchez,PA03,Chile,Viña del Mar,Afluente,1976-05-12,2021-01-06,M,No aplica,79380,Alto,Tradicional,Por vencer,1,0
CL001365,Persona,Diego García Brown,PA02,Canadá,Vancouver,Masivo,1957-03-23,2017-12-23,F,No aplica,24639,Bajo,Híbrido,Vigente,1,0
CL001366,Persona,Sofía Wilson Torres,PA02,Canadá,Toronto,Afluente,1950-11-08,2021-08-31,F,No aplica,67935,Alto,Digital,Vigente,1,0
CL001367,Persona,Camila Flores Gómez,PA03,Chile,Valparaíso,Masivo,2001-08-26,2021-09-14,M,No aplica,16511,Medio,Tradicional,Vigente,0,0
CL001368,Persona,Martina Gómez Brown,PA03,Chile,Concepción,Masivo,1992-02-19,2021-08-24,No especificado,No aplica,29924,Medio,Híbrido,Vigente,0,0
CL001369,Persona,Camila Torres Rodríguez,PA05,Colombia,Cúcuta,Masivo,1966-09-26,2016-10-25,F,No aplica,21296,Bajo,Tradicional,Vigente,1,0
CL001370,Persona,Samuel Rodríguez Rivera,PA04,Perú,Huancayo,Banca privada,1980-08-09,2021-03-23,F,No aplica,201573,Bajo,Digital,Vigente,1,0
CL001371,Persona,Diego Wilson González,PA03,Chile,Talca,Afluente,1964-03-23,2022-11-26,M,No aplica,43825,Bajo,Híbrido,Vigente,1,0
CL001372,Persona,Valentina Díaz Martínez,PA01,México,Tijuana,Masivo,1957-06-18,2019-12-08,F,No aplica,22271,Medio,Híbrido,Vigente,1,0
CL001373,Persona,Santiago Flores Brown,PA04,Perú,Lima,Masivo,1963-12-28,2018-01-11,F,No aplica,21029,Bajo,Híbrido,Vigente,1,0
CL001374,Persona,Lucía Tremblay Gómez,PA04,Perú,Lima,Masivo,1974-12-08,2021-05-08,No especificado,No aplica,23794,Alto,Híbrido,Vigente,1,0
CL001375,Persona,Étienne Gómez Cruz,PA03,Chile,Puerto Montt,Masivo,2000-02-09,2019-11-06,F,No aplica,18394,Medio,Tradicional,Vigente,0,0
CL001376,Persona,Nicolás Rivera Rodríguez,PA04,Perú,Cajamarca,Afluente,1956-09-04,2022-09-01,M,No aplica,80027,Bajo,Digital,Vigente,1,0
CL001377,Persona,Olivia Tremblay Romero,PA02,Canadá,Toronto,Banca privada,1974-10-17,2020-08-18,F,No aplica,332922,Medio,Digital,Vigente,1,0
CL001378,Empresa,Pérez Construcción S.A.,PA01,México,Mérida,PyME,1990-02-01,2018-07-03,No aplica,Logística,273310,Alto,Tradicional,Vigente,1,0
CL001379,Persona,Sofía Pérez Rivera,PA02,Canadá,Winnipeg,Afluente,1957-03-06,2020-05-02,No especificado,No aplica,92708,Bajo,Digital,Vigente,1,0
CL001380,Persona,Martina Gómez Torres,PA01,México,Mérida,Masivo,1949-02-03,2018-12-12,M,No aplica,19505,Bajo,Tradicional,Vigente,0,0
CL001381,Persona,Daniela López Romero,PA05,Colombia,Cali,Masivo,1966-10-24,2021-09-26,F,No aplica,31238,Bajo,Digital,Vigente,0,0
CL001382,Persona,Alejandro Martin Martin,PA01,México,Guadalajara,Masivo,2000-09-15,2021-07-25,M,No aplica,10365,Alto,Digital,Vigente,1,1
CL001383,Empresa,Díaz Comercio Group,PA04,Perú,Tacna,PyME,2012-02-01,2019-12-11,No aplica,Turismo,390206,Bajo,Híbrido,Vigente,1,0
CL001384,Persona,Alejandro Rivera Brown,PA03,Chile,Talca,Masivo,1993-08-14,2022-11-11,No especificado,No aplica,11785,Bajo,Híbrido,Vigente,0,0
CL001385,Persona,Valentina Castro Gómez,PA03,Chile,Puerto Montt,Masivo,1976-02-15,2020-09-03,F,No aplica,15516,Bajo,Digital,Vigente,0,0
CL001386,Persona,Martina García Reyes,PA03,Chile,Rancagua,Banca privada,1955-06-28,2016-01-31,No especificado,No aplica,363145,Alto,Digital,Vigente,1,0
CL001387,Persona,Gabriel Romero Díaz,PA03,Chile,Valparaíso,Masivo,1956-02-07,2018-02-27,F,No aplica,23355,Medio,Tradicional,Vigente,1,0
CL001388,Persona,Renata Rodríguez Martin,PA02,Canadá,Calgary,Afluente,1986-03-04,2020-03-03,F,No aplica,87867,Alto,Híbrido,Vigente,1,0
CL001389,Persona,Martina López Martin,PA05,Colombia,Cali,Afluente,1958-02-07,2021-12-24,No especificado,No aplica,101986,Alto,Híbrido,Vigente,1,0
CL001390,Persona,Renata Morales Flores,PA01,México,Monterrey,Afluente,1975-11-19,2015-06-10,No especificado,No aplica,49193,Medio,Híbrido,Vigente,1,0
CL001391,Empresa,Romero Manufactura Latam,PA04,Perú,Iquitos,Corporativo,2017-03-01,2019-02-05,No aplica,Turismo,2946596,Alto,Tradicional,Vigente,0,0
CL001392,Persona,Liam Vargas Ramírez,PA01,México,Puebla,Masivo,1987-10-06,2015-12-15,F,No aplica,19186,Bajo,Tradicional,Vigente,1,0
CL001393,Persona,Santiago Morales Hernández,PA03,Chile,La Serena,Banca privada,1998-09-01,2019-11-04,F,No aplica,127810,Bajo,Tradicional,Vigente,1,0
CL001394,Persona,Emma Martin Rivera,PA01,México,León,Afluente,1969-12-04,2017-03-23,M,No aplica,40087,Medio,Digital,Vigente,0,0
CL001395,Persona,Mariana Flores López,PA05,Colombia,Bucaramanga,Banca privada,1968-01-02,2015-06-10,F,No aplica,269792,Bajo,Digital,Vigente,0,0
CL001396,Persona,Emma Reyes Cruz,PA04,Perú,Huancayo,Banca privada,1970-04-01,2017-07-10,M,No aplica,362552,Alto,Híbrido,Vigente,1,0
CL001397,Persona,Mariana Torres Sánchez,PA05,Colombia,Cartagena,Masivo,1966-05-19,2022-03-04,M,No aplica,29567,Medio,Tradicional,Vigente,1,0
CL001398,Persona,Valentina Tremblay Wilson,PA03,Chile,Talca,Masivo,1990-11-03,2020-08-28,No especificado,No aplica,21651,Medio,Híbrido,Vigente,0,0
CL001399,Persona,Santiago Sánchez Vargas,PA03,Chile,Concepción,Banca privada,1998-09-13,2016-09-15,F,No aplica,186378,Bajo,Digital,Vigente,1,0
CL001400,Persona,Camila Brown García,PA05,Colombia,Cali,Masivo,1959-01-06,2016-09-01,No especificado,No aplica,18963,Medio,Digital,Vigente,1,0
CL001401,Persona,Gabriel Romero García,PA05,Colombia,Cali,Afluente,1962-04-08,2017-04-08,No especificado,No aplica,34576,Bajo,Híbrido,Vigente,0,0
CL001402,Persona,Élodie López Castro,PA01,México,Veracruz,Masivo,1979-01-23,2019-04-26,F,No aplica,16635,Bajo,Tradicional,Vigente,1,0
CL001403,Persona,Daniela García Wilson,PA02,Canadá,Vancouver,Masivo,1958-02-28,2016-12-08,M,No aplica,27633,Medio,Digital,Vigente,0,0
CL001404,Persona,Martina Reyes Castro,PA01,México,Querétaro,Masivo,1966-01-01,2022-03-26,No especificado,No aplica,14539,Alto,Tradicional,Vigente,0,0
CL001405,Empresa,Díaz Tecnología Latam,PA04,Perú,Piura,PyME,2002-05-01,2019-01-14,No aplica,Construcción,637530,Bajo,Digital,Vigente,0,0
CL001406,Persona,Renata Gómez López,PA03,Chile,Viña del Mar,Afluente,1979-10-04,2021-01-05,No especificado,No aplica,91891,Alto,Híbrido,Vigente,1,0
CL001407,Persona,Lucas Romero Díaz,PA04,Perú,Cusco,Afluente,1955-07-20,2019-09-27,M,No aplica,94116,Medio,Digital,Vigente,1,0
CL001408,Persona,Sofía Reyes Smith,PA03,Chile,Talca,Afluente,1987-07-19,2017-03-04,M,No aplica,73433,Bajo,Digital,Vigente,0,0
CL001409,Persona,Étienne Castro Díaz,PA03,Chile,Valparaíso,Banca privada,1983-11-09,2021-09-19,M,No aplica,225892,Bajo,Híbrido,Vigente,0,0
CL001410,Persona,Emma Brown Hernández,PA01,México,León,Banca privada,1986-02-08,2019-09-23,F,No aplica,363667,Alto,Digital,Vigente,1,0
CL001411,Persona,Sebastián Smith Hernández,PA05,Colombia,Santa Marta,Masivo,1970-12-11,2015-09-27,M,No aplica,28429,Alto,Híbrido,Vigente,1,0
CL001412,Persona,Camila Ramírez García,PA02,Canadá,Mississauga,Masivo,1965-11-16,2018-12-05,No especificado,No aplica,31460,Bajo,Digital,Vigente,1,0
CL001413,Persona,Lucas Rodríguez Vargas,PA01,México,Querétaro,Afluente,1965-10-19,2021-04-16,No especificado,No aplica,36986,Bajo,Híbrido,Vigente,0,0
CL001414,Persona,Olivia López López,PA02,Canadá,Halifax,Masivo,1979-05-25,2015-12-03,F,No aplica,15357,Bajo,Digital,Vigente,0,0
CL001415,Persona,Alejandro Rodríguez López,PA03,Chile,Viña del Mar,Afluente,1955-08-23,2022-03-23,No especificado,No aplica,91213,Alto,Digital,Vigente,1,0
CL001416,Persona,Lucía Sánchez Pérez,PA02,Canadá,Ottawa,Afluente,1987-11-23,2019-08-17,No especificado,No aplica,68265,Bajo,Digital,Vigente,0,0
CL001417,Persona,Samuel Sánchez Tremblay,PA02,Canadá,Mississauga,Afluente,1996-04-02,2018-11-16,F,No aplica,45263,Alto,Híbrido,Vigente,0,0
CL001418,Persona,Ava Sánchez Rivera,PA03,Chile,Talca,Masivo,1959-07-27,2021-08-16,No especificado,No aplica,11265,Bajo,Digital,Vigente,1,0
CL001419,Persona,Camila Romero Gómez,PA05,Colombia,Pereira,Masivo,1951-04-18,2019-05-07,No especificado,No aplica,20018,Bajo,Híbrido,Vigente,0,0
CL001420,Persona,Diego Vargas Reyes,PA03,Chile,Rancagua,Banca privada,1975-11-07,2020-08-05,F,No aplica,288782,Bajo,Digital,Vigente,1,0
CL001421,Persona,Diego Martin Flores,PA04,Perú,Arequipa,Masivo,1964-03-03,2020-04-20,F,No aplica,11915,Medio,Tradicional,Vigente,1,1
CL001422,Persona,Étienne Romero Martin,PA01,México,León,Banca privada,1962-02-07,2020-03-15,F,No aplica,126217,Alto,Híbrido,Vigente,1,0
CL001423,Persona,Valentina Sánchez Brown,PA02,Canadá,Halifax,Masivo,1962-10-09,2019-01-30,F,No aplica,19379,Bajo,Tradicional,Vigente,1,0
CL001424,Persona,Martina Ramírez Reyes,PA01,México,Veracruz,Masivo,1994-09-03,2022-05-09,No especificado,No aplica,21956,Medio,Tradicional,Vigente,1,0
CL001425,Persona,Lucas Rodríguez Cruz,PA02,Canadá,Toronto,Banca privada,1959-06-22,2018-06-12,F,No aplica,175203,Medio,Híbrido,Vigente,1,0
CL001426,Persona,Mateo Flores Cruz,PA01,México,Querétaro,Masivo,2002-02-20,2020-07-22,F,No aplica,28580,Medio,Tradicional,Vigente,1,0
CL001427,Persona,Élodie Vargas López,PA03,Chile,Antofagasta,Banca privada,1949-03-17,2016-09-16,M,No aplica,175602,Medio,Híbrido,Vigente,1,0
CL001428,Persona,Emiliano Reyes Rivera,PA02,Canadá,Edmonton,Afluente,1955-11-09,2017-03-21,No especificado,No aplica,53022,Medio,Digital,Vigente,0,0
CL001429,Persona,Lucas Tremblay Torres,PA05,Colombia,Bucaramanga,Masivo,2001-02-23,2017-11-15,M,No aplica,29516,Medio,Digital,Vigente,1,0
CL001430,Persona,Élodie Castro Smith,PA02,Canadá,Halifax,Masivo,1971-03-07,2017-11-25,F,No aplica,25711,Bajo,Tradicional,Vigente,1,0
CL001431,Persona,Lucas Gómez Sánchez,PA04,Perú,Lima,Banca privada,1949-08-10,2021-10-27,M,No aplica,193304,Bajo,Híbrido,Vigente,0,0
CL001432,Persona,Emiliano Gómez Pérez,PA05,Colombia,Bogotá,Masivo,1964-07-13,2022-09-29,No especificado,No aplica,10216,Medio,Tradicional,Vigente,1,0
CL001433,Persona,Sebastián Ramírez Brown,PA04,Perú,Iquitos,Masivo,1994-02-19,2018-05-23,M,No aplica,15321,Bajo,Híbrido,Vigente,0,0
CL001434,Persona,Olivia Pérez Hernández,PA04,Perú,Chiclayo,Masivo,2000-12-27,2015-05-11,M,No aplica,13434,Medio,Digital,Vigente,1,0
CL001435,Empresa,Flores Educación Group,PA05,Colombia,Cartagena,PyME,2002-04-01,2018-11-14,No aplica,Educación,434105,Medio,Digital,Vigente,0,0
CL001436,Persona,Emma González Torres,PA01,México,Querétaro,Masivo,2001-03-25,2021-10-22,No especificado,No aplica,26320,Bajo,Híbrido,Vigente,1,0
CL001437,Persona,Camila Tremblay Díaz,PA03,Chile,Valparaíso,Banca privada,1963-10-02,2021-04-02,No especificado,No aplica,332762,Bajo,Tradicional,Vigente,0,0
CL001438,Persona,Camila Gómez Brown,PA04,Perú,Trujillo,Banca privada,1951-02-08,2017-10-24,F,No aplica,348557,Medio,Digital,Por vencer,0,0
CL001439,Persona,Renata Martínez Hernández,PA03,Chile,Rancagua,Masivo,1983-12-21,2018-03-27,No especificado,No aplica,25723,Bajo,Digital,Vigente,1,0
CL001440,Persona,Isabella Gómez Wilson,PA03,Chile,Viña del Mar,Afluente,1967-01-09,2015-06-13,M,No aplica,57132,Alto,Digital,Vigente,1,0
CL001441,Persona,Noah Morales Ramírez,PA03,Chile,Temuco,Banca privada,1971-09-20,2020-04-14,M,No aplica,117814,Alto,Híbrido,Vigente,0,0
CL001442,Persona,Sebastián García Tremblay,PA02,Canadá,Québec,Masivo,1971-08-20,2021-04-18,No especificado,No aplica,18835,Medio,Digital,Vigente,0,0
CL001443,Persona,Mateo Torres Cruz,PA04,Perú,Piura,Banca privada,1980-12-25,2020-11-14,No especificado,No aplica,243148,Bajo,Tradicional,Vigente,0,0
CL001444,Persona,Mateo Cruz Flores,PA01,México,Monterrey,Afluente,1964-05-11,2022-02-19,M,No aplica,90126,Bajo,Híbrido,Vigente,0,0
CL001445,Persona,Camila Sánchez Sánchez,PA02,Canadá,Halifax,Masivo,1956-05-04,2021-07-10,F,No aplica,19731,Medio,Digital,Vigente,0,0
CL001446,Persona,Santiago Cruz Flores,PA05,Colombia,Cali,Masivo,1954-12-10,2019-08-15,M,No aplica,25772,Medio,Tradicional,Vigente,1,0
CL001447,Empresa,Rodríguez Agroindustria S.A.,PA03,Chile,Valparaíso,PyME,2018-09-01,2018-02-22,No aplica,Comercio,331979,Medio,Digital,Vigente,0,0
CL001448,Persona,Diego Wilson Díaz,PA01,México,Monterrey,Masivo,1964-03-10,2016-02-10,F,No aplica,19368,Medio,Tradicional,Vigente,0,0
CL001449,Persona,Daniela Rivera González,PA03,Chile,Talca,Masivo,1985-01-23,2017-01-15,F,No aplica,19295,Medio,Tradicional,Vigente,1,0
CL001450,Persona,Gabriel Martin Rivera,PA01,México,Veracruz,Masivo,1965-02-22,2018-04-20,F,No aplica,26630,Bajo,Digital,Vigente,0,0
CL001451,Persona,Emma Reyes López,PA04,Perú,Lima,Afluente,1981-04-11,2022-06-12,No especificado,No aplica,88880,Medio,Tradicional,Vigente,1,0
CL001452,Empresa,Wilson Agroindustria Group,PA03,Chile,Antofagasta,Corporativo,2015-02-01,2017-08-08,No aplica,Manufactura,7972390,Alto,Digital,Vigente,1,0
CL001453,Persona,Noah Smith Rivera,PA03,Chile,Concepción,Afluente,1985-02-07,2019-01-16,No especificado,No aplica,65595,Bajo,Híbrido,Vigente,1,0
CL001454,Persona,Élodie Romero Díaz,PA03,Chile,Antofagasta,Banca privada,1992-05-11,2015-11-19,M,No aplica,223798,Bajo,Tradicional,Vigente,1,0
CL001455,Empresa,Rivera Comercio Partners,PA03,Chile,La Serena,PyME,1985-10-01,2020-12-12,No aplica,Logística,389434,Medio,Híbrido,Vigente,0,0
CL001456,Empresa,Brown Servicios profesionales Group,PA05,Colombia,Medellín,PyME,2005-04-01,2017-05-30,No aplica,Construcción,705666,Bajo,Digital,Vigente,1,0
CL001457,Persona,Santiago Romero Ramírez,PA01,México,Tijuana,Masivo,1981-09-06,2022-07-19,F,No aplica,18302,Alto,Híbrido,Vigente,1,0
CL001458,Persona,Élodie Flores Torres,PA05,Colombia,Bogotá,Banca privada,1995-03-22,2018-03-05,No especificado,No aplica,162373,Alto,Híbrido,Vigente,1,0
CL001459,Persona,Olivia Romero Wilson,PA02,Canadá,Halifax,Masivo,1974-10-03,2017-01-08,F,No aplica,15255,Medio,Híbrido,Vigente,0,0
CL001460,Persona,Élodie López Rivera,PA05,Colombia,Medellín,Banca privada,1952-04-01,2019-10-03,F,No aplica,279065,Medio,Tradicional,Vigente,1,0
CL001461,Persona,Lucía López Flores,PA05,Colombia,Bogotá,Masivo,1958-07-25,2016-04-18,No especificado,No aplica,18210,Medio,Tradicional,Vigente,1,0
CL001462,Persona,Emma Flores García,PA02,Canadá,Mississauga,Masivo,2001-11-19,2016-01-27,No especificado,No aplica,30919,Bajo,Tradicional,Vigente,1,0
CL001463,Persona,Mariana Tremblay Gómez,PA01,México,Ciudad de México,Masivo,1951-06-15,2015-09-06,M,No aplica,14497,Bajo,Digital,Vigente,1,0
CL001464,Persona,Daniela Vargas García,PA04,Perú,Arequipa,Masivo,1972-04-07,2017-11-09,M,No aplica,15010,Bajo,Tradicional,Vigente,0,0
CL001465,Persona,Lucía Vargas Torres,PA03,Chile,Santiago,Masivo,1974-04-23,2017-02-19,No especificado,No aplica,27745,Medio,Tradicional,Vigente,1,0
CL001466,Persona,Samuel Reyes Reyes,PA04,Perú,Iquitos,Masivo,1996-09-03,2021-01-20,M,No aplica,30115,Medio,Tradicional,Vigente,1,0
CL001467,Persona,Emiliano Pérez Sánchez,PA04,Perú,Piura,Afluente,1981-02-17,2020-12-22,No especificado,No aplica,48021,Medio,Híbrido,Vencido,1,0
CL001468,Empresa,Romero Servicios profesionales S.A.,PA01,México,Querétaro,PyME,2007-03-01,2020-06-18,No aplica,Salud,721098,Medio,Digital,Vigente,0,0
CL001469,Persona,Mateo González Morales,PA05,Colombia,Medellín,Masivo,1980-02-28,2019-03-06,F,No aplica,15196,Bajo,Tradicional,Vigente,1,0
CL001470,Persona,Sofía Rodríguez Torres,PA01,México,Monterrey,Masivo,1971-10-17,2017-10-21,F,No aplica,13246,Alto,Digital,Vigente,1,0
CL001471,Persona,Lucas Ramírez Tremblay,PA04,Perú,Arequipa,Banca privada,1993-02-20,2015-07-14,No especificado,No aplica,226690,Bajo,Híbrido,Vigente,1,0
CL001472,Empresa,Martínez Educación Latam,PA05,Colombia,Bogotá,PyME,1984-07-01,2022-09-02,No aplica,Construcción,728774,Alto,Híbrido,Vigente,1,0
CL001473,Persona,Emiliano García Smith,PA01,México,Puebla,Masivo,1961-10-20,2022-05-25,F,No aplica,28246,Bajo,Híbrido,Vigente,1,0
CL001474,Persona,Sebastián López Gómez,PA03,Chile,La Serena,Masivo,1960-12-10,2017-08-31,M,No aplica,19700,Medio,Digital,Vigente,1,0
CL001475,Persona,Martina Wilson Morales,PA02,Canadá,Halifax,Masivo,1985-07-20,2015-12-14,F,No aplica,20433,Bajo,Digital,Vigente,0,0
CL001476,Persona,Isabella Castro Sánchez,PA03,Chile,Antofagasta,Afluente,1995-04-24,2021-12-06,F,No aplica,56939,Medio,Híbrido,Por vencer,0,0
CL001477,Persona,Nicolás Gómez Rivera,PA02,Canadá,Toronto,Masivo,1962-06-02,2017-07-13,No especificado,No aplica,29131,Medio,Tradicional,Vigente,0,0
CL001478,Empresa,López Agroindustria S.A.,PA01,México,Mérida,PyME,2018-06-01,2019-03-03,No aplica,Logística,746882,Bajo,Digital,Vigente,1,0
CL001479,Persona,Liam Brown Flores,PA03,Chile,Rancagua,Masivo,1963-06-02,2017-06-24,No especificado,No aplica,17758,Bajo,Híbrido,Vigente,1,0
CL001480,Persona,Martina Reyes Smith,PA02,Canadá,Vancouver,Banca privada,1950-12-18,2016-11-19,No especificado,No aplica,261090,Bajo,Tradicional,Vigente,1,0
CL001481,Persona,Lucas López Rodríguez,PA05,Colombia,Bogotá,Masivo,2003-12-04,2017-07-29,No especificado,No aplica,10975,Bajo,Tradicional,Vigente,0,0
CL001482,Persona,Mariana Gómez Ramírez,PA01,México,Guadalajara,Afluente,1982-01-21,2020-06-13,No especificado,No aplica,78279,Bajo,Híbrido,Vigente,1,0
CL001483,Persona,Mariana Díaz Wilson,PA05,Colombia,Bogotá,Banca privada,1987-07-13,2016-12-12,F,No aplica,287678,Bajo,Híbrido,Vigente,1,0
CL001484,Persona,Camila Reyes Hernández,PA02,Canadá,Mississauga,Masivo,1987-01-21,2018-06-14,No especificado,No aplica,14564,Medio,Digital,Vigente,1,0
CL001485,Persona,Renata Rivera Wilson,PA03,Chile,Talca,Afluente,2003-06-07,2018-03-15,F,No aplica,57470,Bajo,Digital,Vigente,1,0
CL001486,Persona,Daniela Rodríguez López,PA01,México,Veracruz,Masivo,1958-10-07,2019-07-14,M,No aplica,16305,Bajo,Híbrido,Vigente,1,0
CL001487,Persona,Alejandro Martin Gómez,PA04,Perú,Arequipa,Masivo,1957-09-10,2022-07-07,No especificado,No aplica,14686,Bajo,Híbrido,Vigente,1,0
CL001488,Persona,Alejandro Castro Tremblay,PA03,Chile,Santiago,Masivo,1955-10-08,2016-06-03,F,No aplica,17992,Medio,Híbrido,Vigente,1,0
CL001489,Persona,Liam Morales Hernández,PA01,México,Tijuana,Afluente,2002-04-03,2022-01-11,M,No aplica,103253,Medio,Híbrido,Por vencer,1,0
CL001490,Empresa,Cruz Salud Partners,PA02,Canadá,Edmonton,PyME,1987-09-01,2021-07-07,No aplica,Agroindustria,695808,Medio,Tradicional,Vigente,1,0
CL001491,Persona,Liam Martin Cruz,PA04,Perú,Tacna,Banca privada,1989-08-28,2021-09-07,M,No aplica,200370,Alto,Híbrido,Vigente,1,0
CL001492,Persona,Liam Vargas Brown,PA04,Perú,Lima,Banca privada,1985-01-05,2019-06-23,F,No aplica,248453,Bajo,Híbrido,Vigente,0,0
CL001493,Persona,Ava Morales Flores,PA03,Chile,Rancagua,Banca privada,1996-09-19,2021-05-02,M,No aplica,345159,Medio,Tradicional,Vigente,1,0
CL001494,Persona,Sofía Sánchez Hernández,PA03,Chile,Viña del Mar,Afluente,1964-05-12,2022-08-27,M,No aplica,70064,Bajo,Digital,Vigente,0,0
CL001495,Persona,Sebastián Martin Ramírez,PA01,México,León,Masivo,1981-12-18,2015-05-08,F,No aplica,24466,Medio,Digital,Vigente,1,0
CL001496,Persona,Emiliano González Castro,PA05,Colombia,Cartagena,Afluente,1985-01-07,2020-03-08,F,No aplica,40874,Medio,Tradicional,Vigente,1,0
CL001497,Empresa,Flores Salud Latam,PA02,Canadá,Ottawa,PyME,1993-05-01,2021-07-13,No aplica,Servicios profesionales,723034,Medio,Tradicional,Vigente,1,0
CL001498,Persona,Samuel Rodríguez Torres,PA03,Chile,Puerto Montt,Masivo,1961-05-05,2019-02-16,No especificado,No aplica,27715,Medio,Tradicional,Vigente,1,0
CL001499,Persona,Valentina Cruz Ramírez,PA05,Colombia,Bucaramanga,Afluente,1972-08-25,2018-12-14,No especificado,No aplica,34935,Alto,Híbrido,Vigente,0,0
CL001500,Persona,Santiago García López,PA05,Colombia,Barranquilla,Masivo,1982-01-26,2017-07-26,M,No aplica,30977,Bajo,Digital,Vigente,1,0
CL001501,Persona,Nicolás Rodríguez Vargas,PA05,Colombia,Barranquilla,Banca privada,1991-10-20,2020-07-02,F,No aplica,328789,Alto,Tradicional,Vigente,1,0
CL001502,Persona,Gabriel Brown López,PA05,Colombia,Pereira,Afluente,2003-06-07,2018-01-03,M,No aplica,78096,Bajo,Híbrido,Vigente,1,0
CL001503,Persona,Camila Castro Martínez,PA03,Chile,Puerto Montt,Masivo,1980-10-24,2021-12-27,No especificado,No aplica,19162,Bajo,Tradicional,Vigente,0,0
CL001504,Persona,Mariana Castro Rodríguez,PA05,Colombia,Bogotá,Afluente,1990-01-24,2015-08-17,F,No aplica,40493,Medio,Digital,Vigente,1,0
CL001505,Persona,Diego Rodríguez Vargas,PA02,Canadá,Ottawa,Masivo,2002-03-27,2015-11-28,M,No aplica,14572,Medio,Híbrido,Vigente,1,0
CL001506,Persona,Renata Brown Martin,PA05,Colombia,Cúcuta,Masivo,1965-07-08,2017-02-23,No especificado,No aplica,24026,Medio,Digital,Vigente,0,0
CL001507,Persona,Samuel Gómez Hernández,PA03,Chile,Puerto Montt,Masivo,1964-04-18,2018-09-12,F,No aplica,23234,Medio,Tradicional,Vigente,0,0
CL001508,Persona,Mateo Gómez García,PA03,Chile,Valparaíso,Banca privada,1953-12-11,2018-09-10,F,No aplica,300359,Alto,Híbrido,Vigente,1,0
CL001509,Persona,Étienne González López,PA02,Canadá,Edmonton,Masivo,1985-05-19,2017-12-19,No especificado,No aplica,26439,Bajo,Híbrido,Vigente,0,0
CL001510,Persona,Sebastián Hernández Ramírez,PA04,Perú,Chiclayo,Banca privada,2000-06-18,2021-04-23,F,No aplica,165550,Medio,Digital,Por vencer,0,0
CL001511,Persona,Olivia Vargas Sánchez,PA02,Canadá,Edmonton,Masivo,1969-03-15,2021-09-03,F,No aplica,25707,Bajo,Tradicional,Vigente,0,0
CL001512,Persona,Emiliano Torres Ramírez,PA04,Perú,Arequipa,Afluente,1992-11-15,2019-04-27,No especificado,No aplica,39074,Medio,Híbrido,Vigente,0,0
CL001513,Persona,Renata Hernández Brown,PA02,Canadá,Winnipeg,Masivo,1953-11-23,2021-05-30,F,No aplica,10635,Bajo,Digital,Vigente,0,0
CL001514,Persona,Santiago Wilson Smith,PA01,México,Puebla,Masivo,2000-09-07,2020-05-25,No especificado,No aplica,12063,Medio,Híbrido,Vigente,1,0
CL001515,Persona,Emma Ramírez Hernández,PA02,Canadá,Vancouver,Masivo,1965-09-12,2019-05-20,M,No aplica,25706,Medio,Híbrido,Vigente,1,0
CL001516,Persona,Étienne Flores García,PA04,Perú,Chiclayo,Masivo,1977-03-19,2017-03-03,F,No aplica,24996,Alto,Híbrido,Vigente,1,0
CL001517,Empresa,Díaz Comercio S.A.,PA01,México,Ciudad de México,Corporativo,2014-08-01,2016-09-02,No aplica,Comercio,4482112,Bajo,Híbrido,Vigente,1,0
CL001518,Persona,Ava López Pérez,PA05,Colombia,Bucaramanga,Afluente,1982-04-02,2016-09-27,F,No aplica,97075,Medio,Híbrido,Vigente,1,0
CL001519,Persona,Mateo Flores Rodríguez,PA04,Perú,Lima,Masivo,1964-08-17,2017-11-12,No especificado,No aplica,28774,Alto,Híbrido,Vigente,1,0
CL001520,Persona,Alejandro Tremblay Flores,PA05,Colombia,Cúcuta,Afluente,2001-11-20,2022-09-11,F,No aplica,64713,Alto,Híbrido,Vigente,1,0
CL001521,Persona,Gabriel Reyes Rivera,PA01,México,Mérida,Masivo,2003-12-21,2021-07-10,No especificado,No aplica,20038,Medio,Híbrido,Por vencer,1,0
CL001522,Persona,Santiago Rivera Tremblay,PA01,México,Veracruz,Banca privada,1989-10-15,2016-11-18,F,No aplica,235671,Bajo,Híbrido,Vigente,1,0
CL001523,Persona,Ava Sánchez Rodríguez,PA04,Perú,Trujillo,Masivo,1986-09-15,2017-09-15,M,No aplica,15313,Medio,Tradicional,Vigente,1,0
CL001524,Empresa,Hernández Construcción Partners,PA04,Perú,Chiclayo,PyME,2014-09-01,2016-02-22,No aplica,Educación,703796,Bajo,Híbrido,Vigente,1,1
CL001525,Persona,Liam Vargas Brown,PA02,Canadá,Ottawa,Afluente,1963-09-16,2020-03-25,No especificado,No aplica,81912,Bajo,Digital,Vigente,0,0
CL001526,Persona,Mariana Flores Martin,PA01,México,Ciudad de México,Masivo,1979-09-08,2020-10-30,M,No aplica,15441,Alto,Híbrido,Vigente,1,0
CL001527,Persona,Ava Wilson Pérez,PA01,México,Toluca,Masivo,1953-02-22,2015-05-30,F,No aplica,21852,Medio,Digital,Vigente,1,0
CL001528,Persona,Renata Vargas García,PA01,México,León,Masivo,1984-06-27,2020-08-02,No especificado,No aplica,27512,Alto,Digital,Vigente,1,0
CL001529,Persona,Emma Rivera Castro,PA04,Perú,Arequipa,Afluente,1951-05-28,2015-05-16,No especificado,No aplica,84378,Alto,Híbrido,Vigente,1,0
CL001530,Persona,Emma Torres González,PA02,Canadá,Halifax,Masivo,1953-06-05,2016-02-08,No especificado,No aplica,28647,Medio,Digital,Vigente,1,0
CL001531,Persona,Emiliano Rodríguez Martin,PA01,México,León,Afluente,1987-11-16,2017-03-21,F,No aplica,38425,Bajo,Digital,Vigente,0,0
CL001532,Persona,Camila Rivera Romero,PA04,Perú,Arequipa,Afluente,1951-05-14,2018-06-06,M,No aplica,64883,Bajo,Digital,Vigente,0,0
CL001533,Persona,Camila Torres Brown,PA05,Colombia,Pereira,Masivo,1990-11-10,2021-07-28,No especificado,No aplica,25162,Bajo,Tradicional,Vigente,1,0
CL001534,Persona,Sebastián Rivera Cruz,PA04,Perú,Lima,Masivo,1950-03-25,2016-05-24,M,No aplica,10365,Medio,Tradicional,Vigente,1,0
CL001535,Persona,Élodie Flores Romero,PA05,Colombia,Santa Marta,Masivo,1969-02-12,2015-12-03,M,No aplica,22039,Bajo,Tradicional,Vigente,0,0
CL001536,Persona,Daniela Gómez Díaz,PA02,Canadá,Winnipeg,Afluente,1994-07-23,2019-05-18,F,No aplica,37393,Bajo,Digital,Vigente,1,0
CL001537,Persona,Samuel Ramírez Ramírez,PA03,Chile,La Serena,Afluente,1955-11-19,2021-06-14,M,No aplica,101890,Alto,Tradicional,Vigente,0,0
CL001538,Empresa,Torres Salud Latam,PA02,Canadá,Halifax,PyME,1997-02-01,2021-12-16,No aplica,Tecnología,345150,Bajo,Híbrido,Vigente,1,0
CL001539,Persona,Diego Castro Sánchez,PA02,Canadá,Calgary,Afluente,1959-10-05,2016-10-22,F,No aplica,46580,Alto,Digital,Vigente,1,0
CL001540,Persona,Olivia González Cruz,PA04,Perú,Lima,Masivo,1987-04-19,2020-03-19,F,No aplica,19729,Medio,Híbrido,Vigente,0,0
CL001541,Persona,Étienne López Martínez,PA02,Canadá,Halifax,Masivo,1963-05-17,2019-04-15,No especificado,No aplica,20301,Medio,Digital,Vigente,1,0
CL001542,Persona,Valentina Sánchez Tremblay,PA01,México,Ciudad de México,Masivo,1990-07-18,2015-05-26,No especificado,No aplica,13352,Bajo,Tradicional,Vigente,1,0
CL001543,Persona,Daniela García Pérez,PA05,Colombia,Bucaramanga,Masivo,1984-02-13,2022-04-11,No especificado,No aplica,30618,Medio,Híbrido,Vigente,0,0
CL001544,Persona,Camila Martin Martin,PA02,Canadá,Calgary,Masivo,1983-11-16,2019-11-03,F,No aplica,23952,Alto,Digital,Por vencer,1,0
CL001545,Persona,Ava Cruz Brown,PA02,Canadá,Québec,Afluente,1992-12-04,2020-11-27,F,No aplica,63203,Bajo,Digital,Vigente,1,0
CL001546,Persona,Renata Flores Flores,PA04,Perú,Trujillo,Afluente,1979-08-26,2020-02-26,No especificado,No aplica,45319,Bajo,Digital,Vigente,1,0
CL001547,Persona,Isabella Pérez Rodríguez,PA01,México,Puebla,Afluente,1985-09-06,2015-10-26,No especificado,No aplica,77547,Alto,Digital,Vigente,1,0
CL001548,Persona,Noah Reyes Rivera,PA02,Canadá,Montreal,Masivo,1967-12-06,2018-01-10,F,No aplica,11651,Bajo,Híbrido,Vigente,0,1
CL001549,Persona,Santiago Cruz Torres,PA02,Canadá,Toronto,Masivo,1951-11-25,2022-11-04,No especificado,No aplica,22341,Bajo,Híbrido,Vigente,1,0
CL001550,Persona,Mateo Castro Torres,PA02,Canadá,Vancouver,Masivo,1984-12-14,2018-11-15,F,No aplica,17691,Alto,Híbrido,Vigente,1,0
CL001551,Empresa,Díaz Agroindustria Latam,PA01,México,Guadalajara,PyME,1997-07-01,2019-06-22,No aplica,Servicios profesionales,376551,Bajo,Tradicional,Vigente,1,0
CL001552,Persona,Lucas Smith Gómez,PA01,México,Monterrey,Afluente,2003-05-11,2022-06-09,F,No aplica,93282,Bajo,Híbrido,Vigente,0,0
CL001553,Persona,Daniela Romero González,PA05,Colombia,Cali,Masivo,1969-11-24,2022-03-16,M,No aplica,11052,Alto,Tradicional,Vigente,0,0
CL001554,Persona,Liam Cruz Reyes,PA01,México,Toluca,Masivo,1975-12-22,2019-12-11,No especificado,No aplica,22428,Medio,Tradicional,Vigente,0,0
CL001555,Persona,Sebastián Martínez Martínez,PA05,Colombia,Pereira,Afluente,2001-03-04,2020-05-11,F,No aplica,99461,Bajo,Híbrido,Vigente,1,0
CL001556,Persona,Samuel López Gómez,PA03,Chile,Rancagua,Afluente,1997-08-13,2021-05-30,M,No aplica,34799,Bajo,Híbrido,Vigente,1,0
CL001557,Persona,Liam Morales Tremblay,PA01,México,Toluca,Masivo,1982-04-21,2021-04-13,F,No aplica,10364,Medio,Híbrido,Vigente,0,0
CL001558,Persona,Camila Wilson Morales,PA05,Colombia,Cartagena,Banca privada,1989-12-10,2021-05-06,F,No aplica,144497,Alto,Híbrido,Vigente,1,0
CL001559,Persona,Mariana Castro Smith,PA01,México,Monterrey,Masivo,1977-10-09,2021-02-17,No especificado,No aplica,12835,Medio,Tradicional,Vigente,1,0
CL001560,Empresa,Martin Construcción Group,PA02,Canadá,Toronto,PyME,1990-11-01,2017-11-11,No aplica,Tecnología,490414,Medio,Digital,Vigente,1,0
CL001561,Persona,Liam Rodríguez Hernández,PA04,Perú,Iquitos,Masivo,1999-10-23,2020-11-15,No especificado,No aplica,27321,Bajo,Digital,Vigente,1,0
CL001562,Persona,Samuel García Reyes,PA01,México,Guadalajara,Banca privada,1975-10-25,2016-11-27,M,No aplica,144864,Alto,Híbrido,Vigente,1,0
CL001563,Persona,Noah Martin Wilson,PA05,Colombia,Manizales,Afluente,2002-11-25,2020-11-24,No especificado,No aplica,48842,Bajo,Híbrido,Vigente,1,0
CL001564,Persona,Étienne Gómez Rivera,PA01,México,Toluca,Afluente,1972-12-23,2018-06-21,M,No aplica,46640,Bajo,Híbrido,Vigente,1,0
CL001565,Persona,Olivia Brown Brown,PA02,Canadá,Toronto,Afluente,1984-10-08,2018-02-20,No especificado,No aplica,65709,Medio,Digital,Vigente,1,0
CL001566,Persona,Renata Tremblay González,PA03,Chile,Concepción,Masivo,1963-11-18,2015-05-23,M,No aplica,29194,Bajo,Híbrido,Vigente,1,0
CL001567,Persona,Mariana Martínez Smith,PA04,Perú,Cajamarca,Afluente,1977-10-28,2018-05-22,M,No aplica,76133,Bajo,Digital,Vigente,1,0
CL001568,Persona,Emiliano Morales Reyes,PA01,México,Querétaro,Afluente,1964-08-16,2020-11-19,No especificado,No aplica,46675,Bajo,Digital,Vigente,0,0
CL001569,Persona,Camila Pérez Flores,PA01,México,Ciudad de México,Afluente,1971-01-16,2021-11-02,F,No aplica,105162,Bajo,Híbrido,Vigente,0,0
CL001570,Empresa,Ramírez Educación S.A.,PA01,México,Veracruz,PyME,1988-03-01,2020-07-19,No aplica,Salud,578455,Medio,Tradicional,Vigente,1,0
CL001571,Persona,Élodie Martínez Castro,PA04,Perú,Cajamarca,Afluente,1992-04-27,2022-07-15,M,No aplica,81617,Alto,Híbrido,Vigente,0,0
CL001572,Persona,Camila Hernández Torres,PA03,Chile,Santiago,Masivo,1954-02-21,2021-02-09,F,No aplica,22590,Bajo,Híbrido,Vigente,1,0
CL001573,Empresa,Torres Agroindustria Partners,PA03,Chile,La Serena,PyME,2007-01-01,2016-07-15,No aplica,Turismo,681262,Medio,Híbrido,Vigente,1,0
CL001574,Empresa,Rivera Agroindustria S.A.,PA04,Perú,Trujillo,Corporativo,2020-04-01,2018-03-17,No aplica,Logística,4432887,Bajo,Híbrido,Vigente,1,0
CL001575,Empresa,Martínez Tecnología S.A.,PA05,Colombia,Pereira,Corporativo,2004-07-01,2022-01-23,No aplica,Educación,7903394,Bajo,Digital,Vigente,0,0
CL001576,Empresa,Smith Servicios profesionales Partners,PA03,Chile,Temuco,PyME,1997-07-01,2021-04-18,No aplica,Educación,764349,Bajo,Digital,Vigente,0,0
CL001577,Persona,Sofía Flores Ramírez,PA01,México,León,Banca privada,1968-02-14,2019-12-22,F,No aplica,173476,Medio,Tradicional,Vigente,1,0
CL001578,Persona,Daniela García Ramírez,PA05,Colombia,Barranquilla,Masivo,1983-09-11,2019-06-22,No especificado,No aplica,28892,Bajo,Tradicional,Vigente,0,0
CL001579,Persona,Sofía Morales Flores,PA03,Chile,Temuco,Masivo,1995-06-25,2017-03-10,M,No aplica,20065,Bajo,Digital,Vigente,1,0
CL001580,Persona,Alejandro Martin Castro,PA05,Colombia,Cúcuta,Masivo,1971-11-27,2021-10-02,No especificado,No aplica,15436,Bajo,Tradicional,Vigente,1,0
CL001581,Persona,Samuel Castro Hernández,PA03,Chile,Rancagua,Banca privada,1961-09-08,2021-09-01,F,No aplica,272487,Alto,Tradicional,Vigente,0,0
CL001582,Persona,Isabella Ramírez Sánchez,PA05,Colombia,Cartagena,Masivo,1997-08-10,2019-04-15,F,No aplica,16366,Alto,Digital,Vigente,1,0
CL001583,Persona,Santiago Flores Gómez,PA01,México,León,Masivo,1997-08-06,2016-09-17,F,No aplica,15284,Medio,Híbrido,Vigente,0,0
CL001584,Persona,Liam Smith Sánchez,PA03,Chile,Puerto Montt,Afluente,2000-11-08,2022-09-09,F,No aplica,37731,Bajo,Digital,Vigente,1,0
CL001585,Persona,Gabriel Reyes Smith,PA04,Perú,Cajamarca,Banca privada,1997-09-26,2018-09-15,No especificado,No aplica,296372,Bajo,Digital,Vigente,0,0
CL001586,Persona,Camila Morales Brown,PA04,Perú,Iquitos,Afluente,1971-04-21,2019-07-11,F,No aplica,48065,Medio,Digital,Vigente,0,0
CL001587,Persona,Emiliano Gómez Rodríguez,PA04,Perú,Cajamarca,Masivo,1975-07-17,2016-01-06,F,No aplica,24725,Bajo,Digital,Vigente,1,0
CL001588,Empresa,Martínez Construcción Group,PA02,Canadá,Québec,Corporativo,2019-03-01,2018-10-05,No aplica,Logística,6755118,Medio,Tradicional,Vigente,0,0
CL001589,Persona,Ava Reyes Rodríguez,PA05,Colombia,Medellín,Masivo,1954-06-25,2017-12-10,No especificado,No aplica,19998,Bajo,Digital,Vigente,0,0
CL001590,Persona,Isabella Martin López,PA02,Canadá,Edmonton,Masivo,2002-03-07,2018-05-21,M,No aplica,20967,Alto,Tradicional,Vigente,0,0
CL001591,Persona,Emiliano Flores Castro,PA03,Chile,La Serena,Afluente,1961-03-18,2016-08-16,M,No aplica,64676,Bajo,Digital,Vigente,1,0
CL001592,Persona,Olivia Wilson Romero,PA02,Canadá,Halifax,Afluente,2001-05-10,2017-04-28,No especificado,No aplica,67383,Bajo,Híbrido,Vigente,0,0
CL001593,Empresa,Hernández Logística Group,PA01,México,Puebla,PyME,2006-09-01,2015-05-13,No aplica,Turismo,445598,Bajo,Tradicional,Vigente,1,0
CL001594,Persona,Emma Torres González,PA05,Colombia,Barranquilla,Afluente,1959-09-01,2017-05-18,F,No aplica,86097,Bajo,Digital,Vigente,1,0
CL001595,Persona,Sebastián Tremblay García,PA01,México,Ciudad de México,Afluente,1972-12-11,2017-09-30,F,No aplica,82702,Alto,Híbrido,Vigente,1,0
CL001596,Persona,Santiago Reyes Sánchez,PA04,Perú,Lima,Masivo,1978-11-20,2020-11-29,M,No aplica,13005,Bajo,Híbrido,Vigente,0,0
CL001597,Persona,Lucía Brown Rivera,PA02,Canadá,Ottawa,Banca privada,1995-11-01,2022-01-06,M,No aplica,355195,Medio,Digital,Vigente,1,0
CL001598,Persona,Gabriel Hernández Rivera,PA05,Colombia,Cali,Afluente,1976-06-21,2019-12-30,No especificado,No aplica,77495,Medio,Híbrido,Vigente,1,0
CL001599,Persona,Samuel Vargas Díaz,PA04,Perú,Cusco,Masivo,1953-07-12,2019-12-06,No especificado,No aplica,26927,Alto,Híbrido,Vigente,1,0
CL001600,Persona,Mariana Reyes Díaz,PA01,México,Puebla,Masivo,1971-09-16,2021-08-25,M,No aplica,21356,Medio,Híbrido,Vigente,1,0
CL001601,Empresa,Pérez Manufactura Latam,PA01,México,Ciudad de México,PyME,2014-04-01,2022-08-11,No aplica,Turismo,254952,Medio,Digital,Vigente,1,0
CL001602,Persona,Sebastián Brown Rodríguez,PA02,Canadá,Halifax,Masivo,1986-11-08,2017-07-31,M,No aplica,24149,Alto,Digital,Vigente,0,0
CL001603,Empresa,Díaz Logística Group,PA03,Chile,Viña del Mar,PyME,1993-10-01,2021-10-08,No aplica,Construcción,747149,Alto,Híbrido,Vigente,0,0
CL001604,Persona,Alejandro Flores Flores,PA04,Perú,Piura,Afluente,1951-04-16,2022-09-24,M,No aplica,60801,Medio,Tradicional,Vigente,0,0
CL001605,Persona,Camila Sánchez Hernández,PA01,México,Querétaro,Masivo,1971-12-16,2022-08-22,F,No aplica,13728,Medio,Digital,Vigente,1,0
CL001606,Persona,Valentina Martínez Martin,PA03,Chile,Puerto Montt,Banca privada,1997-11-01,2015-05-13,No especificado,No aplica,221548,Bajo,Híbrido,Vigente,1,0
CL001607,Persona,Emiliano Cruz Flores,PA05,Colombia,Manizales,Afluente,1992-07-11,2022-01-16,F,No aplica,43956,Medio,Digital,Vigente,1,0
CL001608,Persona,Élodie Martínez Cruz,PA01,México,Guadalajara,Masivo,1982-05-19,2015-12-16,F,No aplica,23101,Medio,Digital,Vigente,0,0
CL001609,Persona,Olivia Tremblay Martínez,PA03,Chile,Viña del Mar,Masivo,1980-04-09,2019-11-24,M,No aplica,29086,Alto,Digital,Vigente,0,0
CL001610,Persona,Nicolás Martínez Flores,PA04,Perú,Arequipa,Masivo,2001-02-23,2021-11-05,M,No aplica,31221,Medio,Digital,Vigente,1,0
CL001611,Persona,Martina Flores Sánchez,PA03,Chile,Temuco,Masivo,1984-08-21,2019-08-03,M,No aplica,22080,Medio,Digital,Vigente,0,0
CL001612,Persona,Alejandro Tremblay Morales,PA01,México,Toluca,Masivo,1999-08-07,2018-08-10,M,No aplica,16114,Medio,Híbrido,Vigente,1,0
CL001613,Persona,Martina Rodríguez Pérez,PA04,Perú,Cusco,Afluente,1980-07-20,2019-07-14,F,No aplica,34865,Medio,Digital,Vigente,0,0
CL001614,Persona,Mateo Díaz Cruz,PA02,Canadá,Ottawa,Afluente,1968-12-08,2020-07-01,M,No aplica,84846,Bajo,Digital,Vigente,1,0
CL001615,Persona,Gabriel Brown Vargas,PA01,México,Veracruz,Afluente,1983-10-08,2021-03-13,F,No aplica,82987,Bajo,Híbrido,Vigente,0,0
CL001616,Persona,Étienne Castro Rivera,PA05,Colombia,Bucaramanga,Masivo,1953-12-13,2019-08-28,F,No aplica,26250,Bajo,Tradicional,Vigente,0,0
CL001617,Persona,Noah Romero Wilson,PA05,Colombia,Pereira,Afluente,1996-04-25,2021-03-23,No especificado,No aplica,58354,Bajo,Tradicional,Vigente,0,0
CL001618,Persona,Sebastián González Rodríguez,PA04,Perú,Lima,Masivo,1962-12-12,2020-09-19,F,No aplica,21299,Alto,Híbrido,Vigente,1,0
CL001619,Persona,Mariana Cruz Sánchez,PA02,Canadá,Mississauga,Afluente,1990-07-08,2018-12-20,F,No aplica,46839,Bajo,Híbrido,Vigente,0,0
CL001620,Persona,Mariana Hernández Brown,PA03,Chile,La Serena,Masivo,1966-05-10,2021-10-08,No especificado,No aplica,30330,Bajo,Híbrido,Vigente,0,0
CL001621,Persona,Santiago González Romero,PA05,Colombia,Cúcuta,Afluente,1963-08-26,2018-04-08,F,No aplica,56630,Bajo,Digital,Vigente,0,0
CL001622,Persona,Diego Martínez Romero,PA02,Canadá,Montreal,Banca privada,1957-10-13,2017-07-06,M,No aplica,208160,Medio,Híbrido,Vigente,0,0
CL001623,Persona,Renata Romero Martin,PA03,Chile,Talca,Masivo,1978-09-23,2018-03-17,M,No aplica,30266,Bajo,Híbrido,Vigente,0,0
CL001624,Persona,Liam Hernández Romero,PA02,Canadá,Vancouver,Masivo,1993-12-17,2017-03-17,F,No aplica,27435,Bajo,Híbrido,Vigente,1,0
CL001625,Persona,Étienne Martínez Smith,PA02,Canadá,Québec,Masivo,1948-08-02,2022-01-07,No especificado,No aplica,20041,Bajo,Híbrido,Vigente,0,0
CL001626,Empresa,Hernández Logística S.A.,PA02,Canadá,Calgary,Corporativo,1998-11-01,2018-10-14,No aplica,Salud,5479758,Medio,Tradicional,Vigente,1,0
CL001627,Persona,Isabella Vargas Rodríguez,PA01,México,Veracruz,Masivo,1971-09-26,2015-07-24,M,No aplica,27333,Bajo,Tradicional,Vigente,1,0
CL001628,Persona,Mateo Flores Smith,PA01,México,Puebla,Masivo,1964-12-02,2022-04-09,F,No aplica,20820,Medio,Tradicional,Vigente,0,0
CL001629,Persona,Noah Smith Castro,PA05,Colombia,Manizales,Afluente,1995-03-22,2020-01-07,No especificado,No aplica,73470,Medio,Digital,Vigente,1,0
CL001630,Persona,Mariana González Reyes,PA01,México,Querétaro,Masivo,1974-06-01,2017-11-03,M,No aplica,19803,Medio,Híbrido,Vigente,1,0
CL001631,Persona,Étienne Wilson Martínez,PA04,Perú,Trujillo,Afluente,1988-12-16,2017-08-23,M,No aplica,80307,Alto,Digital,Vigente,1,0
CL001632,Persona,Lucía López Ramírez,PA04,Perú,Cusco,Afluente,1986-10-26,2020-08-02,F,No aplica,52374,Bajo,Híbrido,Vigente,1,0
CL001633,Empresa,González Tecnología Latam,PA05,Colombia,Medellín,Corporativo,2011-06-01,2018-05-21,No aplica,Comercio,6144985,Medio,Digital,Vigente,1,0
CL001634,Empresa,Reyes Agroindustria Group,PA02,Canadá,Mississauga,PyME,2010-02-01,2020-07-16,No aplica,Tecnología,232462,Bajo,Digital,Vigente,0,0
CL001635,Persona,Martina Romero Vargas,PA04,Perú,Lima,Afluente,1959-09-15,2020-12-31,No especificado,No aplica,79198,Medio,Digital,Vigente,1,0
CL001636,Persona,Sofía Martínez Martin,PA01,México,Querétaro,Masivo,1948-09-18,2017-09-26,No especificado,No aplica,15822,Medio,Tradicional,Vigente,0,0
CL001637,Persona,Renata Díaz Wilson,PA02,Canadá,Québec,Banca privada,1997-02-04,2018-04-20,No especificado,No aplica,252855,Medio,Híbrido,Vigente,0,0
CL001638,Persona,Mateo Morales Vargas,PA01,México,León,Afluente,1958-07-18,2019-12-21,M,No aplica,103915,Medio,Tradicional,Vigente,0,0
CL001639,Persona,Nicolás Tremblay Rivera,PA01,México,Veracruz,Masivo,1993-12-19,2020-12-02,F,No aplica,22293,Alto,Tradicional,Vigente,1,0
CL001640,Persona,Liam Wilson Pérez,PA04,Perú,Lima,Masivo,2002-08-03,2022-03-28,F,No aplica,20435,Medio,Digital,Vigente,1,0
CL001641,Persona,Lucía Smith López,PA05,Colombia,Barranquilla,Afluente,1972-02-11,2015-07-16,F,No aplica,48389,Bajo,Tradicional,Vigente,1,0
CL001642,Persona,Noah Ramírez Vargas,PA03,Chile,Talca,Banca privada,1984-01-20,2018-03-24,No especificado,No aplica,256837,Medio,Tradicional,Vigente,0,0
CL001643,Persona,Sofía González Martin,PA05,Colombia,Medellín,Masivo,1982-06-19,2021-04-05,F,No aplica,25507,Alto,Tradicional,Vigente,1,0
CL001644,Persona,Valentina Morales Brown,PA04,Perú,Cajamarca,Afluente,1989-07-25,2015-12-04,M,No aplica,77818,Medio,Digital,Vigente,0,0
CL001645,Persona,Ava González Smith,PA01,México,Querétaro,Afluente,1959-11-27,2016-05-12,No especificado,No aplica,75774,Medio,Híbrido,Vencido,0,0
CL001646,Persona,Isabella Torres Morales,PA05,Colombia,Bucaramanga,Banca privada,1980-09-04,2016-11-13,M,No aplica,286729,Bajo,Híbrido,Vigente,0,0
CL001647,Persona,Isabella Vargas Romero,PA05,Colombia,Barranquilla,Masivo,1970-03-12,2018-02-06,F,No aplica,23712,Alto,Híbrido,Vigente,1,0
CL001648,Persona,Élodie Smith Tremblay,PA02,Canadá,Montreal,Masivo,1954-05-09,2019-07-04,M,No aplica,20474,Bajo,Digital,Vigente,0,0
CL001649,Persona,Emiliano Vargas García,PA01,México,Guadalajara,Afluente,1992-04-06,2018-03-12,M,No aplica,41789,Medio,Híbrido,Vigente,1,0
CL001650,Persona,Lucas Castro Pérez,PA05,Colombia,Manizales,Afluente,1996-03-04,2021-02-27,F,No aplica,44041,Medio,Tradicional,Vigente,0,0
CL001651,Persona,Alejandro Sánchez Smith,PA02,Canadá,Winnipeg,Masivo,1997-08-20,2020-07-09,F,No aplica,13782,Alto,Digital,Vigente,0,0
CL001652,Empresa,Ramírez Salud Group,PA03,Chile,Concepción,PyME,2002-08-01,2015-06-19,No aplica,Agroindustria,590563,Medio,Tradicional,Vigente,1,0
CL001653,Persona,Nicolás Rivera Flores,PA05,Colombia,Cúcuta,Masivo,1956-01-26,2020-02-10,F,No aplica,25105,Medio,Tradicional,Vigente,0,0
CL001654,Persona,Olivia Cruz Torres,PA01,México,Monterrey,Masivo,1968-06-05,2019-07-29,F,No aplica,28874,Alto,Híbrido,Vigente,0,0
CL001655,Persona,Isabella Romero Smith,PA05,Colombia,Bogotá,Masivo,2003-04-03,2018-07-02,M,No aplica,14842,Medio,Digital,Vigente,1,0
CL001656,Empresa,Rivera Servicios profesionales Latam,PA03,Chile,Talca,PyME,1991-05-01,2020-07-10,No aplica,Tecnología,239868,Alto,Tradicional,Por vencer,1,0
CL001657,Persona,Renata Flores Hernández,PA02,Canadá,Halifax,Masivo,1986-04-03,2015-11-13,No especificado,No aplica,20649,Bajo,Digital,Vigente,0,0
CL001658,Persona,Renata López Ramírez,PA05,Colombia,Manizales,Banca privada,2002-08-22,2020-05-24,No especificado,No aplica,336100,Medio,Híbrido,Vigente,1,0
CL001659,Persona,Mateo Martínez Rivera,PA04,Perú,Tacna,Afluente,2002-04-28,2022-10-23,M,No aplica,104025,Alto,Digital,Vigente,0,0
CL001660,Persona,Mateo Castro Hernández,PA02,Canadá,Edmonton,Masivo,1975-01-12,2020-11-21,F,No aplica,18220,Medio,Híbrido,Vigente,0,0
CL001661,Persona,Samuel Rivera Ramírez,PA02,Canadá,Edmonton,Afluente,1995-03-12,2017-12-08,M,No aplica,81326,Bajo,Híbrido,Vigente,0,0
CL001662,Persona,Lucas García Flores,PA03,Chile,Temuco,Masivo,1957-10-17,2021-11-05,F,No aplica,30587,Medio,Tradicional,Vigente,1,0
CL001663,Persona,Ava Martínez Rivera,PA03,Chile,Rancagua,Masivo,1975-06-10,2018-11-16,No especificado,No aplica,16399,Bajo,Híbrido,Vigente,1,0
CL001664,Persona,Ava Romero Gómez,PA02,Canadá,Mississauga,Afluente,1958-01-12,2021-11-26,F,No aplica,34322,Medio,Digital,Vigente,0,0
CL001665,Empresa,Sánchez Salud Group,PA03,Chile,Rancagua,PyME,2018-06-01,2019-04-09,No aplica,Educación,809334,Bajo,Digital,Por vencer,0,0
CL001666,Persona,Martina Rodríguez Rodríguez,PA05,Colombia,Manizales,Banca privada,1978-05-28,2019-11-30,M,No aplica,163227,Bajo,Híbrido,Vigente,1,0
CL001667,Persona,Sebastián Martínez Castro,PA01,México,Puebla,Masivo,1992-09-16,2019-08-10,M,No aplica,17026,Medio,Digital,Vigente,1,0
CL001668,Persona,Mateo Ramírez Wilson,PA04,Perú,Cajamarca,Masivo,1954-03-07,2018-12-17,No especificado,No aplica,20933,Bajo,Tradicional,Vigente,1,0
CL001669,Persona,Daniela Smith Castro,PA02,Canadá,Winnipeg,Banca privada,1978-12-03,2021-11-26,No especificado,No aplica,347860,Medio,Digital,Vigente,1,0
CL001670,Persona,Lucas Rodríguez Ramírez,PA02,Canadá,Mississauga,Masivo,1982-06-17,2019-08-03,F,No aplica,24905,Medio,Híbrido,Vigente,1,0
CL001671,Persona,Samuel López Cruz,PA04,Perú,Piura,Afluente,1955-01-19,2017-12-05,No especificado,No aplica,50513,Medio,Digital,Vigente,1,0
CL001672,Persona,Daniela Sánchez Castro,PA05,Colombia,Manizales,Masivo,1953-08-24,2021-04-02,No especificado,No aplica,13379,Bajo,Híbrido,Vigente,1,0
CL001673,Persona,Sofía Wilson Rodríguez,PA03,Chile,Santiago,Banca privada,1956-12-25,2022-04-29,No especificado,No aplica,197811,Bajo,Híbrido,Vigente,1,0
CL001674,Persona,Alejandro López Romero,PA05,Colombia,Barranquilla,Afluente,1992-02-25,2020-01-09,No especificado,No aplica,61673,Alto,Híbrido,Vigente,1,0
CL001675,Persona,Mariana Torres López,PA04,Perú,Arequipa,Masivo,1950-08-23,2016-08-01,M,No aplica,13121,Alto,Digital,Vigente,1,0
CL001676,Persona,Emma Gómez Romero,PA05,Colombia,Santa Marta,Afluente,1973-08-08,2015-07-27,No especificado,No aplica,38242,Alto,Híbrido,Vigente,0,0
CL001677,Persona,Camila Vargas Ramírez,PA04,Perú,Huancayo,Masivo,1974-08-12,2017-09-25,M,No aplica,25882,Medio,Digital,Vigente,0,0
CL001678,Persona,Élodie Morales Morales,PA02,Canadá,Québec,Masivo,2002-09-12,2018-07-15,F,No aplica,27502,Medio,Digital,Vigente,0,0
CL001679,Persona,Emma Vargas Romero,PA02,Canadá,Montreal,Masivo,1961-01-05,2021-08-31,M,No aplica,27197,Bajo,Digital,Vigente,0,0
CL001680,Persona,Élodie Díaz Romero,PA04,Perú,Cajamarca,Banca privada,1978-09-09,2018-03-28,F,No aplica,289828,Medio,Digital,Vigente,1,0
CL001681,Persona,Lucas Rodríguez Wilson,PA01,México,Toluca,Afluente,1983-01-14,2016-02-23,F,No aplica,41492,Alto,Híbrido,Vigente,0,0
CL001682,Empresa,Rodríguez Comercio Latam,PA02,Canadá,Québec,PyME,2000-03-01,2018-09-17,No aplica,Agroindustria,503164,Bajo,Tradicional,Vigente,1,0
CL001683,Persona,Ava Torres Cruz,PA05,Colombia,Bogotá,Banca privada,1957-08-03,2019-09-11,F,No aplica,343994,Medio,Híbrido,Vigente,1,0
CL001684,Persona,Lucía Wilson Ramírez,PA02,Canadá,Toronto,Afluente,1956-04-13,2022-04-13,M,No aplica,72590,Alto,Digital,Vencido,0,0
CL001685,Persona,Alejandro Pérez Martin,PA03,Chile,Puerto Montt,Masivo,1958-02-11,2022-06-08,M,No aplica,12550,Bajo,Híbrido,Vigente,1,0
CL001686,Empresa,Ramírez Construcción S.A.,PA02,Canadá,Calgary,Corporativo,2013-04-01,2017-03-02,No aplica,Comercio,8574388,Medio,Híbrido,Vigente,0,0
CL001687,Persona,Renata Sánchez Wilson,PA04,Perú,Iquitos,Masivo,1964-10-26,2017-09-02,M,No aplica,23581,Bajo,Híbrido,Vigente,1,0
CL001688,Persona,Liam Torres Vargas,PA04,Perú,Piura,Banca privada,1991-11-10,2015-08-04,F,No aplica,232682,Medio,Híbrido,Vigente,1,0
CL001689,Persona,Étienne Rivera Smith,PA04,Perú,Piura,Masivo,1963-10-25,2016-12-29,No especificado,No aplica,16672,Medio,Híbrido,Por vencer,1,0
CL001690,Persona,Olivia Flores Flores,PA05,Colombia,Cúcuta,Masivo,1981-10-17,2017-09-16,F,No aplica,20061,Bajo,Híbrido,Vigente,0,0
CL001691,Persona,Emiliano Morales Sánchez,PA04,Perú,Iquitos,Afluente,1961-12-03,2018-04-27,No especificado,No aplica,51254,Alto,Híbrido,Vigente,0,0
CL001692,Persona,Nicolás Hernández Pérez,PA03,Chile,La Serena,Afluente,1962-10-20,2017-06-03,M,No aplica,37705,Bajo,Digital,Vigente,0,0
CL001693,Persona,Noah Reyes Martin,PA02,Canadá,Québec,Masivo,1981-05-06,2021-12-16,M,No aplica,26828,Medio,Híbrido,Vigente,0,0
CL001694,Persona,Martina Romero Torres,PA05,Colombia,Pereira,Afluente,1995-05-02,2021-06-16,No especificado,No aplica,52094,Medio,Híbrido,Vencido,1,0
CL001695,Persona,Diego Díaz Cruz,PA05,Colombia,Santa Marta,Masivo,1963-09-25,2015-06-26,No especificado,No aplica,20679,Bajo,Híbrido,Vigente,1,0
CL001696,Persona,Lucía González Smith,PA04,Perú,Arequipa,Banca privada,1985-06-27,2017-06-24,No especificado,No aplica,234010,Medio,Tradicional,Vigente,1,0
CL001697,Persona,Samuel Brown Brown,PA01,México,Mérida,Banca privada,1980-02-27,2016-12-23,No especificado,No aplica,321187,Medio,Híbrido,Vigente,1,0
CL001698,Persona,Mariana Pérez Hernández,PA05,Colombia,Santa Marta,Banca privada,2003-07-07,2016-01-14,No especificado,No aplica,140091,Medio,Híbrido,Vigente,0,0
CL001699,Persona,Sebastián López Rodríguez,PA02,Canadá,Ottawa,Afluente,1970-11-26,2015-06-22,M,No aplica,67467,Bajo,Tradicional,Vigente,1,0
CL001700,Empresa,Tremblay Comercio S.A.,PA05,Colombia,Cartagena,PyME,1994-09-01,2020-05-06,No aplica,Educación,566234,Medio,Híbrido,Por vencer,1,0
CL001701,Persona,Gabriel Torres García,PA05,Colombia,Pereira,Afluente,1962-01-24,2019-02-28,No especificado,No aplica,104843,Medio,Digital,Vigente,1,0
CL001702,Persona,Mariana Hernández Rivera,PA03,Chile,La Serena,Masivo,1982-07-03,2020-01-19,M,No aplica,22229,Medio,Digital,Vencido,0,0
CL001703,Persona,Valentina González Vargas,PA03,Chile,Viña del Mar,Afluente,2003-01-14,2019-04-26,F,No aplica,100202,Bajo,Híbrido,Vigente,0,0
CL001704,Persona,Daniela Reyes Martin,PA04,Perú,Huancayo,Masivo,1984-12-16,2016-06-29,No especificado,No aplica,22654,Bajo,Híbrido,Vigente,1,0
CL001705,Persona,Liam Díaz López,PA05,Colombia,Cali,Afluente,1996-02-11,2019-09-17,No especificado,No aplica,41147,Bajo,Híbrido,Vigente,0,0
CL001706,Persona,Mariana Wilson Flores,PA03,Chile,Viña del Mar,Afluente,1986-02-28,2022-09-06,F,No aplica,37362,Medio,Digital,Vigente,1,0
CL001707,Persona,Liam Díaz Martin,PA05,Colombia,Manizales,Afluente,1972-11-02,2021-09-25,No especificado,No aplica,56785,Medio,Tradicional,Vigente,1,0
CL001708,Persona,Mateo Wilson García,PA03,Chile,Talca,Afluente,1976-02-03,2020-09-16,M,No aplica,95465,Bajo,Híbrido,Vigente,0,0
CL001709,Persona,Mateo Rivera Romero,PA03,Chile,Talca,Masivo,1948-02-01,2022-11-25,M,No aplica,28895,Medio,Digital,Vigente,1,0
CL001710,Persona,Ava Smith Vargas,PA05,Colombia,Bucaramanga,Masivo,1966-03-18,2015-08-11,No especificado,No aplica,20298,Medio,Híbrido,Vigente,1,0
CL001711,Persona,Lucía González Brown,PA01,México,Guadalajara,Banca privada,1960-04-28,2021-07-27,F,No aplica,139122,Alto,Digital,Vigente,0,0
CL001712,Persona,Lucas Vargas Torres,PA05,Colombia,Bogotá,Masivo,1990-05-23,2021-09-04,No especificado,No aplica,12057,Bajo,Tradicional,Vigente,1,0
CL001713,Persona,Ava Reyes Wilson,PA03,Chile,Temuco,Masivo,1964-11-15,2017-12-22,No especificado,No aplica,10338,Bajo,Híbrido,Vigente,0,0
CL001714,Persona,Diego Vargas Rodríguez,PA02,Canadá,Toronto,Banca privada,1980-05-09,2019-12-24,No especificado,No aplica,170779,Medio,Digital,Vigente,1,0
CL001715,Empresa,García Salud Partners,PA02,Canadá,Mississauga,PyME,1990-07-01,2020-04-28,No aplica,Agroindustria,284580,Bajo,Híbrido,Vigente,0,0
CL001716,Persona,Étienne Gómez García,PA03,Chile,Santiago,Afluente,1949-11-28,2019-06-07,No especificado,No aplica,84227,Bajo,Digital,Vigente,0,0
CL001717,Persona,Sebastián Cruz Rodríguez,PA03,Chile,Puerto Montt,Afluente,1999-09-18,2017-09-21,M,No aplica,100981,Bajo,Tradicional,Vigente,1,0
CL001718,Persona,Renata González Tremblay,PA02,Canadá,Ottawa,Banca privada,1996-08-11,2021-02-21,F,No aplica,296234,Medio,Digital,Vigente,0,0
CL001719,Empresa,Torres Logística Group,PA02,Canadá,Mississauga,PyME,1985-10-01,2021-01-17,No aplica,Tecnología,241483,Alto,Digital,Vigente,0,0
CL001720,Persona,Martina Pérez Gómez,PA05,Colombia,Pereira,Afluente,1994-07-23,2016-02-11,No especificado,No aplica,61897,Medio,Digital,Vigente,0,1
CL001721,Persona,Gabriel Castro Sánchez,PA04,Perú,Cusco,Masivo,1956-10-01,2017-07-30,M,No aplica,19232,Medio,Digital,Vigente,1,0
CL001722,Persona,Élodie Pérez Martin,PA03,Chile,La Serena,Masivo,1980-05-21,2022-10-26,F,No aplica,11945,Bajo,Híbrido,Vigente,0,0
CL001723,Persona,Gabriel Smith Reyes,PA01,México,Mérida,Masivo,1996-02-12,2019-11-06,No especificado,No aplica,13871,Bajo,Digital,Vigente,1,0
CL001724,Persona,Lucas Martínez Cruz,PA04,Perú,Iquitos,Afluente,1987-03-10,2016-01-07,No especificado,No aplica,86623,Bajo,Híbrido,Vigente,1,0
CL001725,Persona,Camila Díaz Hernández,PA02,Canadá,Ottawa,Banca privada,1969-10-16,2016-04-14,No especificado,No aplica,193377,Bajo,Tradicional,Vigente,0,0
CL001726,Persona,Lucía Díaz Flores,PA02,Canadá,Calgary,Afluente,2003-01-16,2022-07-20,No especificado,No aplica,90392,Medio,Digital,Vigente,0,0
CL001727,Persona,Daniela Martin Rivera,PA01,México,Querétaro,Afluente,2002-11-03,2016-11-20,M,No aplica,100774,Bajo,Híbrido,Vigente,0,0
CL001728,Persona,Liam Brown Rivera,PA01,México,Mérida,Banca privada,1951-03-16,2019-09-14,No especificado,No aplica,281639,Alto,Digital,Vigente,1,0
CL001729,Persona,Sebastián Castro Reyes,PA01,México,León,Masivo,1960-02-23,2021-06-25,M,No aplica,29777,Bajo,Híbrido,Vigente,0,0
CL001730,Persona,Olivia Flores Flores,PA03,Chile,Temuco,Banca privada,1968-02-19,2016-02-29,M,No aplica,153886,Medio,Tradicional,Vigente,1,0
CL001731,Persona,Santiago Romero López,PA05,Colombia,Cartagena,Afluente,1971-08-07,2018-03-07,No especificado,No aplica,79517,Alto,Híbrido,Vigente,1,0
CL001732,Persona,Lucas Torres Castro,PA03,Chile,Temuco,Masivo,1951-09-20,2019-11-09,M,No aplica,13194,Medio,Híbrido,Vigente,1,0
CL001733,Persona,Liam Vargas López,PA05,Colombia,Manizales,Masivo,1953-11-19,2015-11-21,No especificado,No aplica,30990,Bajo,Digital,Vigente,1,0
CL001734,Persona,Camila Torres Pérez,PA03,Chile,Rancagua,Afluente,1967-08-20,2020-09-17,M,No aplica,95108,Medio,Híbrido,Vigente,1,0
CL001735,Persona,Mateo Torres Torres,PA03,Chile,Valparaíso,Masivo,1953-03-13,2020-09-12,F,No aplica,21479,Alto,Tradicional,Vigente,1,1
CL001736,Persona,Nicolás Sánchez Wilson,PA03,Chile,La Serena,Masivo,1949-08-10,2015-09-21,M,No aplica,27744,Bajo,Híbrido,Vigente,0,0
CL001737,Persona,Valentina Rivera González,PA03,Chile,Rancagua,Masivo,1997-07-15,2018-10-08,No especificado,No aplica,10443,Bajo,Tradicional,Vigente,0,0
CL001738,Persona,Renata Martínez Morales,PA04,Perú,Piura,Masivo,1956-02-10,2021-05-18,M,No aplica,14101,Bajo,Híbrido,Vigente,1,0
CL001739,Persona,Emiliano Wilson Castro,PA04,Perú,Iquitos,Masivo,1966-06-17,2020-08-25,M,No aplica,21389,Medio,Tradicional,Vigente,0,0
CL001740,Persona,Gabriel Hernández Smith,PA03,Chile,Viña del Mar,Banca privada,1985-01-08,2022-10-06,M,No aplica,238807,Bajo,Digital,Vigente,1,0
CL001741,Empresa,Wilson Manufactura S.A.,PA03,Chile,Puerto Montt,Corporativo,1981-10-01,2017-12-13,No aplica,Servicios profesionales,7465638,Bajo,Híbrido,Vigente,0,0
CL001742,Persona,Noah Reyes Martin,PA03,Chile,Puerto Montt,Masivo,1981-06-22,2016-04-12,No especificado,No aplica,29251,Bajo,Digital,Vigente,1,0
CL001743,Persona,Nicolás Vargas Martínez,PA03,Chile,La Serena,Masivo,1963-05-06,2020-09-13,M,No aplica,21886,Bajo,Digital,Vigente,0,0
CL001744,Persona,Renata Ramírez López,PA02,Canadá,Calgary,Afluente,1954-01-24,2017-04-01,M,No aplica,42424,Medio,Tradicional,Vigente,1,0
CL001745,Persona,Isabella Reyes Gómez,PA01,México,Toluca,Masivo,1980-01-19,2017-03-17,M,No aplica,26579,Bajo,Digital,Vigente,1,0
CL001746,Persona,Emma Morales Rivera,PA04,Perú,Huancayo,Afluente,1979-12-26,2021-10-30,No especificado,No aplica,90274,Bajo,Digital,Vigente,1,0
CL001747,Persona,Diego González Martínez,PA03,Chile,Temuco,Masivo,2000-10-22,2021-10-07,F,No aplica,11719,Medio,Híbrido,Vigente,1,0
CL001748,Persona,Ava Martin Rodríguez,PA05,Colombia,Medellín,Banca privada,1966-03-08,2020-03-12,F,No aplica,345025,Bajo,Híbrido,Vigente,0,0
CL001749,Persona,Sebastián Castro Rivera,PA05,Colombia,Manizales,Afluente,1984-11-17,2022-10-24,No especificado,No aplica,81482,Medio,Digital,Vigente,1,0
CL001750,Persona,Gabriel Tremblay Wilson,PA01,México,Mérida,Banca privada,1957-07-23,2017-02-26,No especificado,No aplica,228017,Bajo,Tradicional,Vigente,1,0
CL001751,Persona,Élodie González Romero,PA03,Chile,Valparaíso,Banca privada,1972-03-08,2018-05-28,No especificado,No aplica,174869,Medio,Tradicional,Vigente,1,0
CL001752,Empresa,Castro Comercio Group,PA02,Canadá,Toronto,PyME,2008-04-01,2020-04-07,No aplica,Comercio,773777,Medio,Híbrido,Vigente,1,0
CL001753,Persona,Lucas Ramírez Rivera,PA03,Chile,Temuco,Masivo,1970-02-06,2018-09-21,F,No aplica,29495,Medio,Digital,Vigente,1,0
CL001754,Persona,Renata Martin Pérez,PA02,Canadá,Winnipeg,Masivo,1994-04-11,2021-05-29,M,No aplica,26437,Medio,Tradicional,Vigente,1,0
CL001755,Empresa,Ramírez Comercio Latam,PA02,Canadá,Halifax,Corporativo,1983-04-01,2016-10-25,No aplica,Turismo,7944859,Bajo,Híbrido,Vigente,1,0
CL001756,Empresa,López Comercio Latam,PA03,Chile,Santiago,PyME,2017-09-01,2020-04-10,No aplica,Tecnología,598983,Medio,Tradicional,Vigente,1,0
CL001757,Persona,Emma Tremblay García,PA04,Perú,Lima,Banca privada,1963-03-20,2020-02-14,M,No aplica,119788,Alto,Híbrido,Vigente,1,0
CL001758,Persona,Mariana Romero Gómez,PA05,Colombia,Cartagena,Afluente,1973-05-12,2021-09-30,No especificado,No aplica,44453,Bajo,Híbrido,Vigente,0,0
CL001759,Empresa,Pérez Logística Partners,PA04,Perú,Cajamarca,PyME,2000-04-01,2016-08-19,No aplica,Logística,404344,Medio,Híbrido,Vigente,0,0
CL001760,Persona,Daniela García Cruz,PA03,Chile,Santiago,Masivo,1956-07-15,2022-10-05,No especificado,No aplica,14626,Medio,Tradicional,Vigente,0,0
CL001761,Persona,Emiliano Gómez López,PA01,México,Ciudad de México,Masivo,1988-03-04,2016-12-14,M,No aplica,18778,Alto,Híbrido,Vigente,1,0
CL001762,Persona,Alejandro Gómez Castro,PA05,Colombia,Barranquilla,Masivo,1948-04-06,2016-01-02,F,No aplica,24876,Bajo,Híbrido,Vigente,1,0
CL001763,Persona,Santiago García Rodríguez,PA04,Perú,Piura,Banca privada,1962-09-10,2019-12-02,M,No aplica,233903,Medio,Híbrido,Vigente,1,0
CL001764,Persona,Élodie Hernández Reyes,PA03,Chile,Concepción,Masivo,1997-11-02,2016-10-18,F,No aplica,10816,Medio,Digital,Vigente,0,1
CL001765,Persona,Lucas Castro Rodríguez,PA03,Chile,Puerto Montt,Masivo,1971-11-22,2022-06-11,M,No aplica,11607,Alto,Tradicional,Vigente,1,0
CL001766,Persona,Samuel Sánchez Cruz,PA01,México,Toluca,Afluente,1962-04-05,2018-10-14,M,No aplica,50166,Alto,Digital,Vigente,1,0
CL001767,Persona,Camila Vargas Torres,PA04,Perú,Tacna,Banca privada,1977-07-04,2021-07-10,M,No aplica,286275,Medio,Híbrido,Vigente,1,0
CL001768,Persona,Alejandro Torres Reyes,PA01,México,León,Afluente,1990-10-13,2020-04-29,F,No aplica,48503,Bajo,Híbrido,Vigente,1,0
CL001769,Persona,Isabella Cruz Rivera,PA01,México,Tijuana,Afluente,1992-11-01,2015-09-28,No especificado,No aplica,77878,Alto,Tradicional,Vigente,0,0
CL001770,Persona,Lucas Torres González,PA05,Colombia,Santa Marta,Banca privada,1991-03-23,2019-12-20,F,No aplica,196532,Bajo,Tradicional,Vigente,0,0
CL001771,Persona,Alejandro Ramírez Morales,PA03,Chile,Antofagasta,Masivo,1948-05-23,2015-07-23,M,No aplica,19688,Bajo,Híbrido,Vigente,0,0
CL001772,Persona,Camila Smith Brown,PA03,Chile,Talca,Masivo,1959-03-11,2018-06-11,M,No aplica,10090,Bajo,Tradicional,Vigente,1,0
CL001773,Persona,Lucas Smith Torres,PA03,Chile,Talca,Afluente,1976-06-14,2016-06-12,M,No aplica,51292,Alto,Tradicional,Vigente,1,0
CL001774,Empresa,Martínez Servicios profesionales Partners,PA01,México,Querétaro,PyME,1981-07-01,2018-08-26,No aplica,Educación,668051,Bajo,Digital,Vigente,1,0
CL001775,Persona,Olivia Rivera Vargas,PA05,Colombia,Cali,Banca privada,1958-06-25,2016-08-26,No especificado,No aplica,217509,Medio,Híbrido,Vigente,1,0
CL001776,Persona,Ava Tremblay Gómez,PA05,Colombia,Pereira,Banca privada,1987-07-10,2015-05-08,No especificado,No aplica,115846,Bajo,Tradicional,Vigente,0,0
CL001777,Persona,Lucía Reyes Sánchez,PA02,Canadá,Halifax,Banca privada,1972-10-16,2022-08-15,M,No aplica,133898,Bajo,Digital,Vigente,0,0
CL001778,Persona,Lucas Sánchez Ramírez,PA01,México,Veracruz,Banca privada,1957-03-14,2018-04-27,No especificado,No aplica,188568,Medio,Tradicional,Vigente,0,0
CL001779,Persona,Renata González Tremblay,PA05,Colombia,Cartagena,Masivo,1976-05-27,2019-05-07,F,No aplica,18391,Bajo,Híbrido,Vigente,1,0
CL001780,Empresa,Díaz Logística Group,PA02,Canadá,Québec,Corporativo,1998-01-01,2017-11-13,No aplica,Educación,4697387,Medio,Digital,Vigente,1,0
CL001781,Persona,Ava Cruz Smith,PA03,Chile,Temuco,Masivo,1952-03-22,2022-04-07,F,No aplica,19538,Bajo,Tradicional,Vigente,1,0
CL001782,Persona,Étienne Wilson Castro,PA02,Canadá,Calgary,Afluente,1958-02-23,2018-10-31,No especificado,No aplica,86955,Medio,Híbrido,Vigente,0,0
CL001783,Persona,Noah Romero Morales,PA03,Chile,Temuco,Masivo,1980-07-15,2018-02-03,F,No aplica,12962,Bajo,Digital,Vigente,1,0
CL001784,Persona,Sofía García Gómez,PA03,Chile,Concepción,Afluente,1975-07-16,2022-10-27,M,No aplica,87289,Bajo,Híbrido,Vigente,1,0
CL001785,Persona,Lucas Reyes Martínez,PA02,Canadá,Edmonton,Masivo,1991-04-19,2017-06-21,F,No aplica,29066,Bajo,Híbrido,Vigente,1,0
CL001786,Persona,Liam Wilson Flores,PA03,Chile,Valparaíso,Afluente,1981-07-18,2016-09-14,M,No aplica,95571,Medio,Híbrido,Vigente,1,0
CL001787,Persona,Santiago Hernández Vargas,PA04,Perú,Piura,Masivo,1982-01-19,2019-07-09,No especificado,No aplica,22491,Medio,Digital,Vigente,0,0
CL001788,Persona,Nicolás Pérez Wilson,PA01,México,Monterrey,Banca privada,1992-04-15,2022-11-02,F,No aplica,201718,Bajo,Híbrido,Vigente,0,0
CL001789,Persona,Ava García Smith,PA03,Chile,Santiago,Masivo,1949-11-27,2022-09-15,F,No aplica,28894,Medio,Tradicional,Vigente,1,0
CL001790,Persona,Liam Wilson Reyes,PA01,México,Toluca,Masivo,1989-12-25,2020-09-12,M,No aplica,29701,Medio,Digital,Vigente,1,0
CL001791,Persona,Lucía Hernández Castro,PA05,Colombia,Cartagena,Masivo,1977-10-14,2016-10-17,F,No aplica,24475,Medio,Híbrido,Vigente,1,0
CL001792,Persona,Isabella Gómez Tremblay,PA03,Chile,Santiago,Afluente,1982-07-05,2017-09-18,No especificado,No aplica,68201,Medio,Tradicional,Vigente,1,0
CL001793,Persona,Mateo Wilson García,PA04,Perú,Arequipa,Afluente,1964-03-20,2018-07-17,No especificado,No aplica,46400,Medio,Digital,Vigente,1,0
CL001794,Persona,Liam García Castro,PA01,México,Ciudad de México,Masivo,1958-12-01,2015-10-22,F,No aplica,12741,Medio,Híbrido,Vigente,1,0
CL001795,Persona,Camila Reyes Flores,PA04,Perú,Cajamarca,Afluente,1971-09-11,2021-10-04,M,No aplica,68341,Bajo,Tradicional,Vigente,0,0
CL001796,Persona,Sofía Pérez Romero,PA02,Canadá,Montreal,Masivo,2002-11-09,2021-02-24,M,No aplica,19473,Alto,Digital,Vigente,0,0
CL001797,Persona,Renata Tremblay Romero,PA02,Canadá,Toronto,Banca privada,1982-11-23,2022-04-26,F,No aplica,225942,Medio,Tradicional,Vigente,0,0
CL001798,Empresa,Martínez Servicios profesionales Partners,PA03,Chile,Rancagua,PyME,1999-12-01,2021-11-08,No aplica,Salud,302506,Bajo,Híbrido,Vigente,1,0
CL001799,Persona,Mateo Ramírez Gómez,PA03,Chile,Santiago,Afluente,1980-11-18,2017-08-18,No especificado,No aplica,80879,Medio,Híbrido,Vigente,0,0
CL001800,Persona,Emiliano Reyes Martin,PA05,Colombia,Cúcuta,Afluente,1962-11-25,2022-10-03,M,No aplica,61320,Bajo,Digital,Vigente,1,0
CL001801,Persona,Sofía Torres Torres,PA05,Colombia,Bogotá,Afluente,1983-05-19,2020-07-10,F,No aplica,50667,Medio,Tradicional,Vigente,1,0
CL001802,Persona,Liam Rodríguez Martínez,PA05,Colombia,Cali,Masivo,1955-04-23,2021-04-17,F,No aplica,16653,Alto,Híbrido,Vigente,0,0
CL001803,Persona,Mariana Cruz Torres,PA04,Perú,Cajamarca,Afluente,1970-11-21,2015-12-02,M,No aplica,74138,Bajo,Tradicional,Vigente,1,0
CL001804,Persona,Camila Morales Rivera,PA02,Canadá,Ottawa,Masivo,1999-03-24,2022-04-09,M,No aplica,28078,Bajo,Tradicional,Vigente,1,0
CL001805,Persona,Emiliano Martínez Martin,PA04,Perú,Iquitos,Masivo,1964-08-03,2017-09-26,F,No aplica,29992,Alto,Digital,Vigente,1,0
CL001806,Empresa,Rodríguez Manufactura Latam,PA02,Canadá,Toronto,PyME,2006-07-01,2019-08-21,No aplica,Comercio,520573,Bajo,Tradicional,Vigente,0,0
CL001807,Persona,Étienne García Díaz,PA04,Perú,Huancayo,Masivo,1949-06-15,2018-09-29,No especificado,No aplica,31398,Medio,Híbrido,Vigente,1,0
CL001808,Persona,Liam Tremblay Rodríguez,PA03,Chile,Antofagasta,Banca privada,1995-11-05,2021-08-06,M,No aplica,363998,Medio,Digital,Vigente,1,0
CL001809,Persona,Mariana Rodríguez Torres,PA04,Perú,Arequipa,Masivo,2000-11-09,2020-10-01,M,No aplica,10290,Bajo,Digital,Vigente,1,0
CL001810,Persona,Daniela Wilson Brown,PA02,Canadá,Winnipeg,Masivo,1962-01-06,2019-10-23,No especificado,No aplica,10241,Alto,Tradicional,Vigente,0,0
CL001811,Persona,Mateo Romero Castro,PA03,Chile,Talca,Masivo,2000-06-16,2015-11-28,F,No aplica,12820,Bajo,Híbrido,Vigente,1,0
CL001812,Persona,Gabriel Cruz Vargas,PA01,México,Tijuana,Masivo,1963-09-26,2022-04-07,M,No aplica,25864,Medio,Tradicional,Vigente,1,0
CL001813,Persona,Isabella Torres Pérez,PA01,México,Tijuana,Masivo,1981-12-10,2020-02-21,No especificado,No aplica,12968,Bajo,Digital,Vigente,1,0
CL001814,Persona,Santiago Pérez Sánchez,PA03,Chile,Valparaíso,Masivo,1992-05-28,2017-01-01,No especificado,No aplica,16169,Medio,Híbrido,Vigente,1,0
CL001815,Persona,Olivia Hernández Reyes,PA03,Chile,Antofagasta,Masivo,1950-02-20,2015-10-21,No especificado,No aplica,26218,Alto,Híbrido,Vigente,0,0
CL001816,Persona,Noah Martin Rodríguez,PA03,Chile,Viña del Mar,Afluente,1971-05-23,2015-06-27,M,No aplica,74118,Medio,Híbrido,Vigente,1,0
CL001817,Persona,Daniela Smith Gómez,PA02,Canadá,Québec,Afluente,1950-11-19,2019-04-20,No especificado,No aplica,103976,Bajo,Digital,Vigente,1,0
CL001818,Persona,Renata Castro Reyes,PA03,Chile,Rancagua,Afluente,1978-09-14,2017-02-03,M,No aplica,61024,Bajo,Tradicional,Vigente,1,0
CL001819,Empresa,Wilson Manufactura Group,PA05,Colombia,Medellín,PyME,1987-12-01,2020-11-27,No aplica,Agroindustria,519815,Medio,Digital,Vigente,1,0
CL001820,Persona,Daniela Brown Ramírez,PA04,Perú,Iquitos,Masivo,1949-12-27,2020-08-10,F,No aplica,19347,Medio,Híbrido,Vigente,0,0
CL001821,Persona,Valentina Ramírez Wilson,PA01,México,Puebla,Masivo,1992-04-07,2022-03-01,No especificado,No aplica,18028,Medio,Tradicional,Vigente,1,0
CL001822,Empresa,Ramírez Agroindustria Partners,PA04,Perú,Iquitos,Corporativo,2010-11-01,2018-06-22,No aplica,Construcción,5570993,Medio,Híbrido,Vigente,1,0
CL001823,Empresa,Smith Turismo S.A.,PA05,Colombia,Pereira,PyME,1994-08-01,2018-06-21,No aplica,Manufactura,395407,Bajo,Tradicional,Vigente,1,0
CL001824,Persona,Daniela Rivera Vargas,PA04,Perú,Cajamarca,Afluente,1971-03-12,2016-09-30,F,No aplica,64792,Medio,Híbrido,Vencido,0,0
CL001825,Persona,Emma Sánchez Cruz,PA03,Chile,Valparaíso,Masivo,1958-05-19,2019-11-26,No especificado,No aplica,15374,Alto,Tradicional,Vigente,0,0
CL001826,Empresa,García Servicios profesionales Latam,PA05,Colombia,Medellín,Corporativo,2006-07-01,2022-03-05,No aplica,Turismo,8640736,Bajo,Digital,Vigente,0,0
CL001827,Empresa,López Construcción Latam,PA01,México,Puebla,PyME,1987-08-01,2019-02-01,No aplica,Salud,346292,Medio,Híbrido,Vigente,0,0
CL001828,Persona,Nicolás Pérez Cruz,PA05,Colombia,Barranquilla,Banca privada,1949-06-11,2015-09-03,No especificado,No aplica,301236,Medio,Híbrido,Vigente,1,0
CL001829,Persona,Martina Gómez Vargas,PA05,Colombia,Santa Marta,Masivo,1961-11-11,2018-07-10,F,No aplica,11755,Medio,Híbrido,Vigente,1,0
CL001830,Empresa,López Logística Partners,PA01,México,Querétaro,Corporativo,1986-02-01,2019-11-15,No aplica,Logística,5578956,Medio,Híbrido,Vigente,0,0
CL001831,Empresa,Romero Manufactura S.A.,PA02,Canadá,Toronto,Corporativo,2009-10-01,2019-08-09,No aplica,Turismo,4753771,Alto,Híbrido,Vigente,0,0
CL001832,Persona,Noah López Wilson,PA04,Perú,Iquitos,Masivo,1995-08-27,2021-08-10,F,No aplica,10435,Medio,Híbrido,Vigente,1,0
CL001833,Persona,Daniela Romero Gómez,PA04,Perú,Huancayo,Masivo,1980-07-10,2019-12-04,M,No aplica,25264,Medio,Híbrido,Vigente,0,0
CL001834,Persona,Lucía Torres Morales,PA02,Canadá,Québec,Masivo,1968-07-04,2015-06-21,F,No aplica,30201,Alto,Tradicional,Vigente,1,0
CL001835,Persona,Diego Torres Castro,PA04,Perú,Cajamarca,Masivo,1992-12-23,2021-10-31,M,No aplica,22202,Medio,Digital,Vigente,1,0
CL001836,Empresa,García Construcción Group,PA03,Chile,Viña del Mar,Corporativo,2002-04-01,2018-09-18,No aplica,Educación,4550160,Alto,Tradicional,Vigente,0,0
CL001837,Empresa,Hernández Logística Latam,PA02,Canadá,Ottawa,PyME,1992-05-01,2018-06-04,No aplica,Tecnología,598060,Medio,Híbrido,Vigente,0,0
CL001838,Persona,Valentina Martin García,PA01,México,Guadalajara,Afluente,1963-02-04,2015-05-17,M,No aplica,80284,Alto,Digital,Vigente,1,0
CL001839,Persona,Sebastián González Vargas,PA02,Canadá,Calgary,Afluente,1970-07-03,2019-05-18,F,No aplica,82609,Bajo,Híbrido,Vigente,0,0
CL001840,Persona,Lucas Gómez Rivera,PA05,Colombia,Cartagena,Masivo,1985-04-20,2021-03-05,F,No aplica,20864,Medio,Híbrido,Vigente,1,0
CL001841,Persona,Lucía Vargas González,PA02,Canadá,Québec,Afluente,1953-02-07,2019-12-14,M,No aplica,89370,Medio,Digital,Vigente,1,0
CL001842,Persona,Mariana Gómez Hernández,PA04,Perú,Huancayo,Masivo,1970-08-15,2018-10-05,M,No aplica,22983,Alto,Tradicional,Vigente,1,0
CL001843,Persona,Liam López Reyes,PA03,Chile,Talca,Afluente,1955-11-24,2016-07-14,M,No aplica,100863,Alto,Digital,Vigente,1,0
CL001844,Persona,Mateo Tremblay Cruz,PA05,Colombia,Bogotá,Masivo,1980-12-17,2016-08-02,No especificado,No aplica,16827,Alto,Tradicional,Vigente,0,0
CL001845,Persona,Nicolás Tremblay López,PA03,Chile,Valparaíso,Banca privada,1994-03-28,2017-01-06,M,No aplica,200211,Bajo,Digital,Vigente,0,0
CL001846,Persona,Alejandro González González,PA01,México,Puebla,Banca privada,1957-05-07,2016-05-24,No especificado,No aplica,140075,Medio,Digital,Vigente,0,0
CL001847,Persona,Daniela Hernández Martin,PA03,Chile,Concepción,Afluente,2000-12-22,2022-02-06,F,No aplica,72015,Bajo,Digital,Vigente,1,0
CL001848,Persona,Sofía Brown Romero,PA01,México,Querétaro,Masivo,1999-11-01,2017-02-26,M,No aplica,17663,Bajo,Digital,Vigente,1,0
CL001849,Persona,Étienne Díaz Vargas,PA03,Chile,Viña del Mar,Afluente,1948-09-27,2020-01-28,F,No aplica,68307,Bajo,Digital,Vigente,1,0
CL001850,Persona,Martina López Rivera,PA03,Chile,Talca,Afluente,1956-12-01,2017-10-25,F,No aplica,91388,Medio,Tradicional,Vigente,0,0
CL001851,Empresa,Ramírez Salud Partners,PA03,Chile,Valparaíso,PyME,1987-01-01,2016-11-28,No aplica,Educación,567822,Bajo,Híbrido,Vigente,0,0
CL001852,Persona,Sebastián Castro Sánchez,PA02,Canadá,Québec,Afluente,1951-10-10,2018-07-22,No especificado,No aplica,65475,Medio,Híbrido,Vigente,1,0
CL001853,Persona,Lucía Gómez Martínez,PA01,México,Puebla,Masivo,1948-02-19,2016-09-25,F,No aplica,14096,Bajo,Híbrido,Vigente,1,0
CL001854,Persona,Noah Hernández Gómez,PA02,Canadá,Mississauga,Banca privada,2001-10-13,2018-05-16,M,No aplica,177015,Medio,Híbrido,Vigente,0,0
CL001855,Persona,Élodie Rivera Romero,PA02,Canadá,Halifax,Afluente,1993-03-11,2020-05-20,M,No aplica,84046,Alto,Híbrido,Vigente,0,0
CL001856,Empresa,Vargas Manufactura Group,PA03,Chile,La Serena,PyME,1983-01-01,2021-06-11,No aplica,Tecnología,814232,Alto,Híbrido,Vigente,1,0
CL001857,Empresa,Flores Tecnología Group,PA04,Perú,Cajamarca,PyME,2005-04-01,2019-11-27,No aplica,Comercio,798706,Bajo,Híbrido,Vigente,0,0
CL001858,Persona,Martina Vargas Rodríguez,PA05,Colombia,Cali,Afluente,1963-06-20,2022-01-23,No especificado,No aplica,74028,Medio,Digital,Vigente,1,0
CL001859,Empresa,Martin Tecnología S.A.,PA05,Colombia,Manizales,Corporativo,2006-10-01,2015-06-05,No aplica,Construcción,7034968,Bajo,Tradicional,Vigente,0,0
CL001860,Persona,Étienne Díaz Cruz,PA03,Chile,Puerto Montt,Banca privada,1999-10-23,2017-07-23,M,No aplica,177959,Bajo,Tradicional,Vigente,0,0
CL001861,Persona,Lucas Gómez Hernández,PA05,Colombia,Medellín,Afluente,1948-05-24,2020-06-02,No especificado,No aplica,72947,Alto,Digital,Vigente,1,0
CL001862,Persona,Mariana Rivera Díaz,PA01,México,Veracruz,Masivo,1962-03-21,2019-11-20,No especificado,No aplica,12488,Alto,Digital,Vigente,1,0
CL001863,Persona,Alejandro García García,PA02,Canadá,Mississauga,Afluente,1998-04-25,2020-03-21,M,No aplica,94733,Bajo,Digital,Vigente,1,0
CL001864,Persona,Olivia González García,PA01,México,Toluca,Masivo,1956-12-19,2016-01-02,F,No aplica,14573,Medio,Digital,Vigente,1,0
CL001865,Persona,Gabriel Smith López,PA05,Colombia,Bucaramanga,Afluente,1956-06-05,2022-11-22,F,No aplica,79569,Medio,Híbrido,Vigente,1,0
CL001866,Persona,Gabriel Sánchez Pérez,PA04,Perú,Tacna,Masivo,1950-05-10,2022-11-11,No especificado,No aplica,29050,Alto,Digital,Vigente,0,0
CL001867,Persona,Ava Gómez Flores,PA02,Canadá,Ottawa,Afluente,1970-06-21,2022-06-26,No especificado,No aplica,69047,Medio,Digital,Vigente,1,0
CL001868,Persona,Emma Martin Flores,PA01,México,Guadalajara,Masivo,1989-06-18,2015-06-15,No especificado,No aplica,13665,Bajo,Digital,Vigente,0,0
CL001869,Empresa,Romero Servicios profesionales S.A.,PA04,Perú,Chiclayo,PyME,2016-01-01,2020-11-08,No aplica,Servicios profesionales,627439,Bajo,Híbrido,Vigente,1,0
CL001870,Persona,Sofía Vargas García,PA04,Perú,Trujillo,Masivo,1970-11-02,2021-09-02,No especificado,No aplica,10170,Bajo,Tradicional,Vigente,1,0
CL001871,Persona,Emma Reyes Sánchez,PA05,Colombia,Bucaramanga,Banca privada,1968-06-17,2018-05-11,F,No aplica,161011,Medio,Digital,Vigente,0,0
CL001872,Persona,Étienne Gómez Pérez,PA01,México,Monterrey,Masivo,1980-05-05,2015-09-04,No especificado,No aplica,25350,Bajo,Híbrido,Vigente,1,0
CL001873,Persona,Sofía García Ramírez,PA01,México,Mérida,Masivo,1980-11-28,2016-07-26,F,No aplica,17455,Bajo,Digital,Vigente,1,0
CL001874,Persona,Emma Wilson Ramírez,PA02,Canadá,Québec,Masivo,2001-12-14,2018-09-19,M,No aplica,30668,Medio,Tradicional,Vigente,0,0
CL001875,Persona,Mateo Martin Sánchez,PA03,Chile,Concepción,Afluente,1955-05-27,2022-07-03,No especificado,No aplica,55252,Alto,Digital,Vigente,0,0
CL001876,Persona,Santiago Flores Martin,PA03,Chile,Temuco,Masivo,1962-05-05,2021-01-08,F,No aplica,10512,Alto,Híbrido,Vigente,1,0
CL001877,Persona,Santiago Wilson Díaz,PA04,Perú,Cusco,Masivo,1976-10-21,2021-10-02,F,No aplica,25925,Medio,Híbrido,Vigente,1,0
CL001878,Persona,Liam Romero González,PA05,Colombia,Bucaramanga,Afluente,1965-11-09,2017-09-15,M,No aplica,49878,Bajo,Digital,Vigente,1,0
CL001879,Persona,Gabriel Reyes Rivera,PA02,Canadá,Edmonton,Masivo,1982-10-01,2022-08-31,M,No aplica,10881,Bajo,Digital,Vigente,1,1
CL001880,Empresa,López Construcción Latam,PA03,Chile,La Serena,Corporativo,1986-01-01,2018-09-27,No aplica,Construcción,6036889,Medio,Híbrido,Vigente,0,0
CL001881,Persona,Camila Smith Torres,PA05,Colombia,Bogotá,Afluente,1969-02-18,2021-12-12,M,No aplica,95429,Bajo,Digital,Vigente,0,0
CL001882,Empresa,Rivera Agroindustria Group,PA03,Chile,Talca,Corporativo,1987-05-01,2019-02-11,No aplica,Servicios profesionales,7577663,Alto,Tradicional,Vigente,0,0
CL001883,Persona,Lucas Torres Tremblay,PA01,México,Puebla,Masivo,1983-09-02,2021-02-28,F,No aplica,21738,Bajo,Digital,Vigente,1,0
CL001884,Persona,Ava Sánchez Castro,PA01,México,Puebla,Afluente,1991-10-01,2019-03-10,No especificado,No aplica,76072,Medio,Híbrido,Vigente,0,0
CL001885,Persona,Daniela Martin Ramírez,PA02,Canadá,Montreal,Masivo,1968-07-01,2022-07-29,No especificado,No aplica,18769,Medio,Híbrido,Vigente,0,0
CL001886,Persona,Emma Sánchez Sánchez,PA01,México,Veracruz,Afluente,1982-07-02,2019-02-28,F,No aplica,87836,Alto,Digital,Vigente,1,0
CL001887,Persona,Ava Sánchez Torres,PA05,Colombia,Bogotá,Banca privada,1948-05-26,2015-06-21,No especificado,No aplica,241975,Bajo,Digital,Vigente,1,0
CL001888,Persona,Sebastián Díaz Díaz,PA01,México,León,Masivo,1980-07-23,2019-02-03,F,No aplica,28370,Bajo,Digital,Vigente,1,0
CL001889,Empresa,Cruz Logística Latam,PA04,Perú,Piura,PyME,2019-01-01,2019-01-24,No aplica,Turismo,674346,Bajo,Híbrido,Vigente,0,0
CL001890,Persona,Samuel Rodríguez Vargas,PA04,Perú,Iquitos,Masivo,1982-12-03,2019-01-31,F,No aplica,17292,Bajo,Híbrido,Por vencer,1,0
CL001891,Persona,Emiliano Tremblay López,PA02,Canadá,Vancouver,Banca privada,1981-12-23,2019-01-04,F,No aplica,314319,Bajo,Digital,Vigente,1,0
CL001892,Persona,Emma Gómez Vargas,PA04,Perú,Cusco,Afluente,1955-08-23,2021-03-30,M,No aplica,46885,Medio,Híbrido,Vigente,1,0
CL001893,Persona,Emiliano García González,PA02,Canadá,Halifax,Banca privada,1992-11-01,2017-10-08,M,No aplica,298850,Bajo,Tradicional,Vigente,1,0
CL001894,Persona,Nicolás Brown Wilson,PA05,Colombia,Barranquilla,Masivo,1998-12-16,2018-12-07,M,No aplica,29126,Alto,Digital,Vigente,1,0
CL001895,Persona,Isabella Rodríguez García,PA01,México,Toluca,Masivo,1981-05-22,2020-02-24,No especificado,No aplica,24400,Medio,Digital,Vigente,0,0
CL001896,Persona,Samuel Díaz Smith,PA02,Canadá,Winnipeg,Masivo,1977-05-28,2015-10-18,F,No aplica,26964,Bajo,Digital,Vigente,1,0
CL001897,Empresa,Torres Construcción Latam,PA01,México,Querétaro,PyME,2000-12-01,2020-10-23,No aplica,Tecnología,207805,Alto,Híbrido,Vigente,0,0
CL001898,Persona,Alejandro González Rivera,PA02,Canadá,Québec,Banca privada,1970-11-21,2016-11-06,F,No aplica,231402,Medio,Tradicional,Vigente,1,0
CL001899,Empresa,Hernández Educación Group,PA04,Perú,Cajamarca,Corporativo,2008-11-01,2019-06-04,No aplica,Construcción,4490662,Medio,Tradicional,Por vencer,0,0
CL001900,Persona,Liam Gómez García,PA04,Perú,Trujillo,Masivo,1955-10-17,2020-03-27,F,No aplica,22634,Medio,Digital,Vigente,0,0
CL001901,Persona,Samuel Sánchez Reyes,PA04,Perú,Piura,Afluente,1976-07-19,2019-03-04,No especificado,No aplica,40899,Medio,Digital,Vigente,0,0
CL001902,Persona,Daniela Tremblay Castro,PA04,Perú,Lima,Masivo,1996-11-24,2022-06-27,F,No aplica,23497,Alto,Digital,Por vencer,1,0
CL001903,Persona,Samuel Hernández Rivera,PA03,Chile,Viña del Mar,Masivo,1970-07-14,2019-02-22,M,No aplica,22166,Bajo,Híbrido,Vigente,0,0
CL001904,Persona,Gabriel Rivera Tremblay,PA03,Chile,Santiago,Masivo,1998-07-28,2017-08-23,M,No aplica,20990,Bajo,Híbrido,Vigente,0,0
CL001905,Empresa,Gómez Educación Latam,PA01,México,Ciudad de México,PyME,1981-07-01,2016-10-28,No aplica,Salud,476289,Medio,Digital,Vigente,1,1
CL001906,Persona,Mariana Martínez Martin,PA01,México,Monterrey,Masivo,1983-03-04,2015-12-29,M,No aplica,15471,Alto,Digital,Vigente,0,0
CL001907,Persona,Emiliano Brown Wilson,PA05,Colombia,Cartagena,Masivo,1967-03-02,2015-06-20,No especificado,No aplica,11890,Alto,Digital,Vigente,1,0
CL001908,Persona,Liam López Romero,PA03,Chile,Talca,Afluente,1962-07-07,2015-11-24,F,No aplica,97574,Alto,Digital,Vigente,0,0
CL001909,Empresa,Díaz Educación Latam,PA02,Canadá,Winnipeg,PyME,1983-09-01,2018-07-05,No aplica,Tecnología,577181,Bajo,Híbrido,Vigente,1,0
CL001910,Persona,Gabriel Brown Morales,PA05,Colombia,Cúcuta,Afluente,1984-05-19,2018-01-30,F,No aplica,84702,Medio,Tradicional,Vigente,1,0
CL001911,Empresa,González Tecnología Partners,PA03,Chile,Santiago,PyME,1998-04-01,2016-03-25,No aplica,Turismo,599561,Bajo,Tradicional,Vigente,1,0
CL001912,Persona,Emiliano Díaz Rivera,PA03,Chile,Puerto Montt,Masivo,1952-04-22,2015-07-15,M,No aplica,16918,Medio,Digital,Vigente,1,0
CL001913,Persona,Diego Sánchez Hernández,PA04,Perú,Iquitos,Masivo,1956-03-05,2022-02-19,F,No aplica,29390,Medio,Tradicional,Vigente,0,0
CL001914,Persona,Noah Torres Romero,PA02,Canadá,Halifax,Afluente,1966-11-05,2019-12-13,F,No aplica,67047,Medio,Digital,Vigente,1,0
CL001915,Persona,Renata Smith Díaz,PA02,Canadá,Winnipeg,Afluente,1992-03-07,2021-01-04,F,No aplica,93849,Alto,Híbrido,Vigente,0,0
CL001916,Persona,Santiago Pérez García,PA02,Canadá,Ottawa,Masivo,1996-06-05,2018-10-05,F,No aplica,24460,Medio,Híbrido,Vigente,1,0
CL001917,Persona,Lucía Ramírez Díaz,PA02,Canadá,Mississauga,Masivo,2001-07-11,2018-02-08,F,No aplica,17054,Bajo,Híbrido,Vigente,1,0
CL001918,Empresa,Wilson Construcción S.A.,PA05,Colombia,Cartagena,PyME,2013-08-01,2016-11-02,No aplica,Tecnología,657070,Bajo,Tradicional,Vigente,1,0
CL001919,Persona,Diego Morales Rodríguez,PA04,Perú,Chiclayo,Masivo,1973-03-02,2018-08-25,F,No aplica,28060,Alto,Digital,Vigente,1,0
CL001920,Persona,Samuel Hernández Rivera,PA04,Perú,Arequipa,Masivo,1978-12-08,2021-10-01,M,No aplica,18673,Bajo,Digital,Vigente,1,0
CL001921,Empresa,González Comercio Latam,PA04,Perú,Tacna,Corporativo,2010-03-01,2017-11-27,No aplica,Turismo,3681649,Alto,Híbrido,Vigente,1,0
CL001922,Persona,Mateo Brown Vargas,PA05,Colombia,Barranquilla,Masivo,2001-11-16,2016-06-24,M,No aplica,11730,Bajo,Tradicional,Vigente,0,0
CL001923,Persona,Étienne Torres Sánchez,PA01,México,Toluca,Masivo,1965-10-20,2019-06-04,M,No aplica,15067,Medio,Híbrido,Vigente,0,0
CL001924,Persona,Lucas Gómez Pérez,PA02,Canadá,Ottawa,Masivo,1989-03-05,2021-07-21,F,No aplica,15939,Alto,Híbrido,Vigente,0,0
CL001925,Persona,Noah Rivera Brown,PA01,México,León,Masivo,1990-03-25,2018-04-27,F,No aplica,16953,Alto,Híbrido,Vigente,0,0
CL001926,Empresa,Hernández Tecnología Partners,PA02,Canadá,Montreal,PyME,2004-06-01,2015-08-07,No aplica,Construcción,424106,Bajo,Digital,Vigente,0,0
CL001927,Persona,Martina Tremblay García,PA04,Perú,Cusco,Masivo,1955-10-18,2021-04-07,M,No aplica,21079,Bajo,Híbrido,Vigente,1,0
CL001928,Persona,Olivia Castro Vargas,PA02,Canadá,Calgary,Afluente,1977-08-04,2020-05-19,M,No aplica,68075,Medio,Híbrido,Vigente,0,0
CL001929,Persona,Samuel García Gómez,PA03,Chile,Concepción,Masivo,1959-09-21,2020-07-24,M,No aplica,29914,Medio,Híbrido,Vigente,0,0
CL001930,Persona,Mariana Tremblay Rivera,PA02,Canadá,Calgary,Afluente,1976-01-28,2017-04-26,F,No aplica,38884,Medio,Digital,Vigente,0,0
CL001931,Persona,Sebastián Cruz Morales,PA02,Canadá,Ottawa,Afluente,1988-05-02,2020-03-22,M,No aplica,87874,Bajo,Híbrido,Vigente,1,0
CL001932,Persona,Valentina Cruz Brown,PA02,Canadá,Mississauga,Masivo,1999-12-24,2018-03-01,F,No aplica,30627,Medio,Digital,Vigente,1,0
CL001933,Persona,Alejandro Flores Morales,PA02,Canadá,Mississauga,Afluente,1977-03-07,2020-09-08,No especificado,No aplica,86485,Medio,Tradicional,Vigente,1,0
CL001934,Persona,Daniela García Gómez,PA03,Chile,La Serena,Masivo,1975-01-26,2019-07-08,F,No aplica,31129,Bajo,Digital,Vigente,1,0
CL001935,Persona,Daniela Rodríguez Romero,PA04,Perú,Chiclayo,Masivo,1999-01-09,2022-06-11,No especificado,No aplica,28797,Bajo,Híbrido,Vigente,0,0
CL001936,Persona,Lucas Pérez Rodríguez,PA03,Chile,Concepción,Masivo,1989-12-23,2018-07-18,M,No aplica,12464,Medio,Híbrido,Vigente,0,1
CL001937,Empresa,Cruz Servicios profesionales Partners,PA01,México,Puebla,Corporativo,2016-11-01,2019-01-12,No aplica,Salud,6481104,Bajo,Híbrido,Vigente,1,0
CL001938,Persona,Lucas Cruz Ramírez,PA01,México,Toluca,Afluente,1982-07-26,2015-10-30,F,No aplica,100812,Medio,Híbrido,Vigente,1,0
CL001939,Persona,Nicolás Wilson Martínez,PA05,Colombia,Cúcuta,Masivo,1987-06-02,2016-10-07,M,No aplica,26530,Alto,Tradicional,Vigente,1,0
CL001940,Persona,Étienne López Martin,PA05,Colombia,Pereira,Masivo,1951-12-11,2022-11-17,No especificado,No aplica,15757,Bajo,Tradicional,Vigente,0,0
CL001941,Persona,Ava Rivera Rodríguez,PA02,Canadá,Québec,Banca privada,1967-08-09,2017-06-25,No especificado,No aplica,354146,Bajo,Digital,Vigente,1,0
CL001942,Persona,Daniela Pérez Díaz,PA05,Colombia,Cartagena,Masivo,1961-05-03,2021-08-04,F,No aplica,14557,Bajo,Digital,Vigente,1,0
CL001943,Persona,Martina González Rodríguez,PA05,Colombia,Bogotá,Masivo,1973-11-16,2017-02-23,No especificado,No aplica,19069,Medio,Digital,Vigente,0,0
CL001944,Persona,Diego Reyes Wilson,PA01,México,Puebla,Banca privada,1962-10-28,2022-06-25,M,No aplica,271900,Bajo,Híbrido,Vigente,0,0
CL001945,Persona,Samuel Rodríguez Pérez,PA05,Colombia,Cali,Afluente,2001-09-05,2021-02-26,F,No aplica,107327,Alto,Híbrido,Vigente,1,0
CL001946,Persona,Olivia Smith Smith,PA02,Canadá,Montreal,Afluente,1948-11-23,2018-06-12,F,No aplica,42505,Medio,Digital,Vigente,0,0
CL001947,Persona,Samuel Rivera Gómez,PA02,Canadá,Calgary,Masivo,1959-04-18,2018-11-16,No especificado,No aplica,14797,Medio,Digital,Vigente,1,0
CL001948,Persona,Mariana Tremblay Reyes,PA03,Chile,La Serena,Masivo,1969-12-17,2017-01-27,F,No aplica,14202,Medio,Digital,Vigente,0,0
CL001949,Empresa,Martin Salud Partners,PA01,México,Monterrey,PyME,2005-07-01,2017-10-30,No aplica,Logística,817384,Bajo,Híbrido,Vigente,0,0
CL001950,Persona,Emiliano Cruz Martin,PA05,Colombia,Bogotá,Masivo,1963-04-27,2017-04-12,F,No aplica,20008,Medio,Híbrido,Por vencer,0,0
CL001951,Persona,Samuel Martin Castro,PA01,México,Monterrey,Masivo,1966-03-21,2016-08-22,F,No aplica,10609,Bajo,Híbrido,Vigente,0,0
CL001952,Empresa,Díaz Construcción Group,PA04,Perú,Cajamarca,Corporativo,1991-11-01,2021-07-12,No aplica,Manufactura,3093418,Medio,Híbrido,Vigente,0,0
CL001953,Persona,Mariana Gómez Ramírez,PA02,Canadá,Toronto,Afluente,1991-01-04,2015-10-05,No especificado,No aplica,98931,Alto,Híbrido,Vigente,0,0
CL001954,Persona,Noah Reyes Pérez,PA01,México,Puebla,Afluente,1985-04-01,2017-10-11,No especificado,No aplica,68912,Medio,Híbrido,Vigente,0,0
CL001955,Persona,Samuel Pérez Vargas,PA05,Colombia,Bogotá,Banca privada,1958-01-22,2016-02-20,No especificado,No aplica,314600,Medio,Tradicional,Vigente,1,0
CL001956,Persona,Emma Rivera Hernández,PA01,México,Monterrey,Afluente,1964-07-19,2016-03-07,M,No aplica,97240,Alto,Híbrido,Vencido,1,0
CL001957,Persona,Emiliano Martin Smith,PA03,Chile,Valparaíso,Afluente,1950-07-09,2017-05-08,No especificado,No aplica,47702,Alto,Híbrido,Vigente,1,0
CL001958,Persona,Isabella López Hernández,PA01,México,Querétaro,Banca privada,1965-06-23,2016-02-17,M,No aplica,206382,Medio,Híbrido,Vigente,1,0
CL001959,Persona,Noah González Flores,PA01,México,Puebla,Masivo,1999-04-28,2019-02-05,M,No aplica,22718,Medio,Tradicional,Por vencer,1,0
CL001960,Persona,Sofía Torres Vargas,PA05,Colombia,Santa Marta,Afluente,1998-11-14,2016-03-27,M,No aplica,85022,Medio,Híbrido,Vigente,1,0
CL001961,Persona,Étienne Morales Tremblay,PA01,México,León,Afluente,1962-07-12,2019-10-13,M,No aplica,58548,Alto,Digital,Vigente,1,0
CL001962,Persona,Valentina Reyes Reyes,PA02,Canadá,Halifax,Afluente,2000-08-06,2016-08-05,M,No aplica,94220,Medio,Digital,Vigente,1,0
CL001963,Persona,Renata Reyes Morales,PA03,Chile,Santiago,Masivo,1989-07-15,2017-01-06,No especificado,No aplica,15082,Medio,Tradicional,Vigente,1,0
CL001964,Persona,Isabella Hernández Flores,PA03,Chile,Viña del Mar,Masivo,1996-02-07,2016-09-18,No especificado,No aplica,16743,Medio,Híbrido,Vigente,1,0
CL001965,Persona,Nicolás Torres Wilson,PA01,México,Guadalajara,Masivo,1978-05-09,2019-11-27,No especificado,No aplica,19287,Bajo,Híbrido,Vigente,1,0
CL001966,Persona,Olivia Rodríguez Ramírez,PA01,México,Monterrey,Masivo,1993-11-01,2021-05-08,F,No aplica,27628,Bajo,Digital,Vigente,0,0
CL001967,Persona,Gabriel Sánchez Martin,PA01,México,Tijuana,Afluente,1996-07-13,2018-08-14,No especificado,No aplica,41561,Bajo,Híbrido,Vigente,1,0
CL001968,Persona,Daniela Gómez Castro,PA02,Canadá,Ottawa,Masivo,1984-10-19,2020-04-22,F,No aplica,13340,Bajo,Digital,Vigente,1,0
CL001969,Persona,Sebastián Pérez Rivera,PA05,Colombia,Barranquilla,Banca privada,1994-03-22,2022-05-11,F,No aplica,141152,Medio,Tradicional,Vigente,0,0
CL001970,Persona,Isabella Sánchez Vargas,PA05,Colombia,Manizales,Masivo,1992-02-27,2019-02-28,M,No aplica,15057,Bajo,Híbrido,Vigente,0,0
CL001971,Persona,Samuel Pérez Gómez,PA04,Perú,Tacna,Banca privada,2002-12-12,2015-07-15,No especificado,No aplica,288871,Medio,Híbrido,Vigente,0,0
CL001972,Persona,Valentina Flores Díaz,PA05,Colombia,Cali,Masivo,1951-03-05,2019-12-20,F,No aplica,20235,Bajo,Híbrido,Vigente,1,0
CL001973,Persona,Lucía Flores Ramírez,PA01,México,Guadalajara,Masivo,1960-07-14,2019-06-21,F,No aplica,12327,Bajo,Digital,Vigente,0,0
CL001974,Persona,Étienne Castro Brown,PA02,Canadá,Québec,Afluente,1948-10-10,2016-04-02,No especificado,No aplica,79329,Bajo,Digital,Vigente,0,0
CL001975,Persona,Alejandro Díaz Martínez,PA02,Canadá,Montreal,Masivo,1960-08-14,2017-02-21,M,No aplica,23132,Bajo,Digital,Vigente,1,0
CL001976,Persona,Emma Castro Castro,PA04,Perú,Cusco,Masivo,1994-11-25,2021-10-24,No especificado,No aplica,21705,Bajo,Tradicional,Vigente,0,0
CL001977,Persona,Renata Rivera Torres,PA03,Chile,La Serena,Afluente,1980-07-19,2022-02-21,M,No aplica,82903,Alto,Digital,Vigente,1,0
CL001978,Persona,Gabriel Cruz Reyes,PA05,Colombia,Barranquilla,Afluente,1952-06-12,2015-06-30,F,No aplica,51684,Medio,Digital,Vigente,1,0
CL001979,Persona,Alejandro González Morales,PA01,México,Toluca,Banca privada,1978-12-02,2022-03-10,F,No aplica,225646,Alto,Híbrido,Vigente,0,0
CL001980,Empresa,Rivera Agroindustria Latam,PA01,México,Tijuana,PyME,2018-11-01,2021-05-30,No aplica,Manufactura,400296,Medio,Híbrido,Vigente,1,0
CL001981,Empresa,Díaz Agroindustria Group,PA02,Canadá,Québec,PyME,2016-06-01,2015-10-06,No aplica,Comercio,535660,Bajo,Híbrido,Vigente,1,0
CL001982,Persona,Renata García García,PA04,Perú,Cajamarca,Masivo,1987-08-11,2019-02-01,M,No aplica,23369,Bajo,Digital,Vigente,1,0
CL001983,Persona,Emiliano Brown Reyes,PA05,Colombia,Bucaramanga,Masivo,1951-11-07,2019-06-18,M,No aplica,18535,Bajo,Híbrido,Vigente,1,0
CL001984,Persona,Lucas Tremblay García,PA05,Colombia,Cartagena,Afluente,1968-11-28,2015-06-05,No especificado,No aplica,36412,Bajo,Digital,Vigente,1,0
CL001985,Persona,Lucas Vargas González,PA03,Chile,Concepción,Masivo,1998-04-08,2018-06-15,No especificado,No aplica,28689,Bajo,Tradicional,Vigente,0,0
CL001986,Persona,Lucas Smith Vargas,PA05,Colombia,Cali,Masivo,1956-06-02,2022-09-16,No especificado,No aplica,10111,Medio,Tradicional,Vigente,0,0
CL001987,Persona,Sofía Torres Castro,PA04,Perú,Tacna,Afluente,1970-09-25,2021-12-30,M,No aplica,83330,Bajo,Digital,Vigente,0,0
CL001988,Persona,Valentina Torres Smith,PA04,Perú,Tacna,Masivo,1973-12-02,2017-09-27,M,No aplica,12766,Bajo,Tradicional,Vigente,1,0
CL001989,Persona,Olivia Romero Martínez,PA02,Canadá,Halifax,Afluente,1968-11-21,2017-11-09,M,No aplica,82065,Medio,Digital,Vigente,0,0
CL001990,Persona,Emiliano Flores Martínez,PA01,México,Querétaro,Afluente,1959-02-22,2018-06-24,F,No aplica,38546,Medio,Híbrido,Vigente,1,0
CL001991,Persona,Sofía Sánchez Pérez,PA02,Canadá,Vancouver,Banca privada,1951-10-17,2019-07-16,No especificado,No aplica,248110,Medio,Digital,Por vencer,1,0
CL001992,Persona,Santiago Romero Pérez,PA01,México,Puebla,Afluente,1965-12-19,2020-12-13,F,No aplica,50474,Bajo,Tradicional,Vigente,1,0
CL001993,Persona,Sofía Morales Tremblay,PA03,Chile,Temuco,Masivo,1957-10-15,2020-11-03,No especificado,No aplica,15408,Alto,Digital,Vigente,0,0
CL001994,Persona,Sebastián García García,PA01,México,Monterrey,Masivo,1963-05-06,2019-08-12,M,No aplica,21069,Alto,Digital,Vigente,0,0
CL001995,Persona,Mateo Sánchez González,PA02,Canadá,Vancouver,Masivo,1952-02-13,2020-05-11,F,No aplica,29982,Medio,Híbrido,Vigente,1,0
CL001996,Empresa,Flores Manufactura Group,PA02,Canadá,Vancouver,PyME,1993-03-01,2019-09-10,No aplica,Servicios profesionales,459852,Medio,Digital,Vigente,1,0
CL001997,Persona,Mariana Castro Vargas,PA04,Perú,Iquitos,Masivo,1973-08-14,2019-01-05,No especificado,No aplica,13323,Bajo,Tradicional,Vigente,1,0
CL001998,Persona,Daniela Hernández Díaz,PA05,Colombia,Cúcuta,Masivo,1974-09-07,2020-04-05,M,No aplica,12669,Medio,Tradicional,Vencido,1,0
CL001999,Persona,Noah Rivera González,PA02,Canadá,Toronto,Afluente,1962-02-22,2018-09-23,M,No aplica,43814,Alto,Tradicional,Vigente,1,0
CL002000,Empresa,Morales Logística S.A.,PA02,Canadá,Toronto,PyME,2013-10-01,2021-01-11,No aplica,Salud,595217,Medio,Híbrido,Vigente,1,0
CL002001,Empresa,Hernández Comercio S.A.,PA01,México,Puebla,Corporativo,2006-10-01,2019-08-10,No aplica,Turismo,3395102,Bajo,Híbrido,Vigente,1,0
CL002002,Persona,Mateo Ramírez Martínez,PA05,Colombia,Medellín,Afluente,2000-02-01,2021-07-09,No especificado,No aplica,77197,Bajo,Híbrido,Vigente,1,0
CL002003,Persona,Lucas Vargas Reyes,PA04,Perú,Cusco,Banca privada,1991-06-02,2020-07-20,M,No aplica,172242,Bajo,Digital,Vigente,0,0
CL002004,Persona,Isabella Vargas Martin,PA05,Colombia,Cali,Afluente,1972-09-24,2019-12-25,No especificado,No aplica,82731,Bajo,Híbrido,Vigente,1,0
CL002005,Empresa,Romero Construcción Latam,PA02,Canadá,Winnipeg,Corporativo,1983-08-01,2015-12-13,No aplica,Comercio,2320035,Medio,Digital,Vigente,1,0
CL002006,Persona,Emma Torres Brown,PA04,Perú,Lima,Banca privada,1964-07-14,2017-07-29,F,No aplica,119307,Bajo,Tradicional,Vigente,1,0
CL002007,Empresa,Martínez Agroindustria S.A.,PA05,Colombia,Manizales,PyME,1994-06-01,2021-02-22,No aplica,Logística,451115,Medio,Tradicional,Vigente,0,0
CL002008,Persona,Liam Torres Morales,PA01,México,Puebla,Masivo,1957-06-13,2022-08-05,F,No aplica,25569,Alto,Híbrido,Vigente,0,0
CL002009,Persona,Étienne Smith Vargas,PA01,México,Guadalajara,Masivo,1956-04-28,2017-05-23,F,No aplica,11461,Bajo,Híbrido,Vigente,0,0
CL002010,Persona,Gabriel Smith García,PA02,Canadá,Ottawa,Masivo,1995-05-07,2015-07-04,M,No aplica,16746,Bajo,Híbrido,Vencido,1,0
CL002011,Persona,Camila Cruz Morales,PA05,Colombia,Bucaramanga,Masivo,1988-12-20,2019-04-13,No especificado,No aplica,31489,Medio,Híbrido,Vigente,1,0
CL002012,Persona,Emiliano Torres Romero,PA03,Chile,Concepción,Banca privada,1973-01-09,2022-10-16,M,No aplica,351249,Bajo,Híbrido,Vencido,0,0
CL002013,Persona,Camila Martin Hernández,PA05,Colombia,Barranquilla,Afluente,1954-12-14,2017-08-16,No especificado,No aplica,86815,Bajo,Híbrido,Vigente,1,0
CL002014,Persona,Valentina Rodríguez Hernández,PA04,Perú,Lima,Masivo,1991-02-19,2017-08-21,F,No aplica,21697,Medio,Híbrido,Vigente,1,1
CL002015,Persona,Élodie Romero Morales,PA03,Chile,Puerto Montt,Masivo,1992-08-23,2017-03-20,No especificado,No aplica,23727,Alto,Híbrido,Vigente,0,0
CL002016,Persona,Olivia Vargas Cruz,PA01,México,Guadalajara,Afluente,1965-04-03,2015-11-16,M,No aplica,94164,Bajo,Digital,Vigente,1,0
CL002017,Persona,Lucas Wilson Wilson,PA05,Colombia,Medellín,Banca privada,1984-08-25,2021-02-23,No especificado,No aplica,232367,Alto,Híbrido,Vigente,0,0
CL002018,Persona,Étienne Rivera Díaz,PA03,Chile,Temuco,Afluente,1951-12-16,2020-09-17,M,No aplica,50852,Bajo,Híbrido,Vigente,1,0
CL002019,Persona,Santiago Gómez Díaz,PA05,Colombia,Cúcuta,Afluente,1980-09-02,2020-01-14,F,No aplica,92216,Medio,Tradicional,Vigente,0,0
CL002020,Persona,Lucas González Martínez,PA03,Chile,Puerto Montt,Afluente,1993-08-01,2016-10-12,M,No aplica,51670,Bajo,Tradicional,Vigente,1,0
CL002021,Persona,Noah García Pérez,PA04,Perú,Iquitos,Afluente,2003-01-24,2022-05-12,F,No aplica,40054,Medio,Híbrido,Vigente,0,0
CL002022,Persona,Emma Hernández Castro,PA02,Canadá,Québec,Afluente,1999-02-04,2016-02-02,No especificado,No aplica,54218,Medio,Digital,Vigente,0,0
CL002023,Persona,Emma García Martínez,PA04,Perú,Tacna,Afluente,1997-05-09,2018-02-15,No especificado,No aplica,55749,Alto,Digital,Vigente,0,0
CL002024,Persona,Santiago García Romero,PA05,Colombia,Bogotá,Masivo,1969-06-09,2018-02-13,M,No aplica,27646,Bajo,Tradicional,Vigente,0,0
CL002025,Persona,Lucas Wilson Cruz,PA02,Canadá,Montreal,Masivo,1997-10-10,2015-06-04,F,No aplica,21184,Medio,Digital,Vigente,1,0
CL002026,Persona,Nicolás González Martin,PA03,Chile,Puerto Montt,Banca privada,1983-04-16,2020-10-13,No especificado,No aplica,283804,Bajo,Tradicional,Vigente,1,0
CL002027,Empresa,Pérez Servicios profesionales Partners,PA03,Chile,La Serena,Corporativo,1982-11-01,2020-01-09,No aplica,Servicios profesionales,4787448,Bajo,Híbrido,Vigente,1,0
CL002028,Empresa,Morales Manufactura Latam,PA01,México,Guadalajara,Corporativo,1982-01-01,2021-07-04,No aplica,Comercio,4780118,Medio,Digital,Vigente,1,0
CL002029,Persona,Étienne Cruz Reyes,PA05,Colombia,Manizales,Masivo,1986-01-07,2018-12-11,No especificado,No aplica,10734,Medio,Híbrido,Vigente,1,0
CL002030,Persona,Mariana Sánchez Díaz,PA05,Colombia,Bogotá,Banca privada,1994-04-25,2021-11-05,M,No aplica,270807,Medio,Híbrido,Vigente,1,0
CL002031,Persona,Isabella Díaz Gómez,PA05,Colombia,Medellín,Masivo,1987-06-26,2022-11-03,F,No aplica,21274,Bajo,Tradicional,Vigente,1,0
CL002032,Persona,Olivia Pérez Tremblay,PA04,Perú,Trujillo,Afluente,1981-04-10,2020-05-06,F,No aplica,67846,Alto,Híbrido,Vigente,0,0
CL002033,Persona,Diego Sánchez Rodríguez,PA02,Canadá,Québec,Banca privada,1951-02-13,2018-11-29,M,No aplica,136041,Bajo,Híbrido,Vigente,0,0
CL002034,Persona,Diego Sánchez Rivera,PA04,Perú,Cusco,Banca privada,1995-10-28,2017-02-14,No especificado,No aplica,265733,Bajo,Híbrido,Vigente,1,0
CL002035,Persona,Diego Pérez González,PA01,México,Querétaro,Banca privada,1992-06-24,2017-08-01,F,No aplica,140628,Bajo,Tradicional,Vigente,1,0
CL002036,Persona,Olivia Vargas Romero,PA01,México,Toluca,Banca privada,1987-06-15,2019-03-04,F,No aplica,295952,Bajo,Digital,Vigente,1,0
CL002037,Persona,Étienne Smith Reyes,PA04,Perú,Cajamarca,Masivo,1970-07-11,2018-06-06,M,No aplica,28901,Alto,Híbrido,Vigente,1,0
CL002038,Persona,Liam Castro Ramírez,PA04,Perú,Cajamarca,Afluente,1978-04-13,2020-07-13,M,No aplica,54131,Medio,Tradicional,Vigente,0,0
CL002039,Persona,Nicolás Romero Brown,PA04,Perú,Iquitos,Masivo,1987-03-28,2019-01-20,F,No aplica,19317,Bajo,Tradicional,Vigente,1,0
CL002040,Persona,Lucía Díaz García,PA03,Chile,Antofagasta,Afluente,1967-04-13,2016-06-14,F,No aplica,35250,Medio,Híbrido,Vigente,0,0
CL002041,Persona,Sofía Sánchez Gómez,PA04,Perú,Trujillo,Banca privada,1989-06-20,2017-02-17,No especificado,No aplica,294815,Medio,Híbrido,Vigente,0,0
CL002042,Persona,Santiago Flores Vargas,PA02,Canadá,Ottawa,Afluente,1963-01-22,2020-03-08,F,No aplica,43135,Medio,Híbrido,Por vencer,1,0
CL002043,Persona,Isabella Sánchez Morales,PA01,México,León,Banca privada,1951-09-06,2019-02-27,F,No aplica,322579,Medio,Digital,Vigente,1,0
CL002044,Persona,Samuel Sánchez Díaz,PA01,México,Puebla,Masivo,1960-09-10,2015-07-02,F,No aplica,20486,Medio,Tradicional,Vigente,0,0
CL002045,Persona,Samuel Pérez Gómez,PA03,Chile,Puerto Montt,Afluente,1978-11-15,2020-12-10,F,No aplica,64943,Bajo,Híbrido,Vigente,1,0
CL002046,Persona,Gabriel Pérez González,PA01,México,Querétaro,Afluente,1998-03-08,2022-10-05,M,No aplica,68476,Medio,Digital,Vigente,0,0
CL002047,Persona,Gabriel Brown Rodríguez,PA05,Colombia,Barranquilla,Afluente,1981-10-04,2020-02-28,No especificado,No aplica,78218,Medio,Híbrido,Vigente,0,0
CL002048,Persona,Samuel Vargas Cruz,PA05,Colombia,Cali,Masivo,1987-10-15,2018-09-12,F,No aplica,31467,Medio,Híbrido,Vigente,1,0
CL002049,Persona,Emiliano García Sánchez,PA01,México,Guadalajara,Masivo,1976-04-10,2019-06-10,M,No aplica,23788,Alto,Híbrido,Vigente,1,0
CL002050,Empresa,Torres Logística Partners,PA03,Chile,Rancagua,PyME,2006-02-01,2021-05-15,No aplica,Logística,251358,Alto,Híbrido,Vigente,1,0
CL002051,Persona,Étienne Morales Cruz,PA05,Colombia,Bogotá,Banca privada,1962-05-23,2021-12-26,M,No aplica,316670,Bajo,Tradicional,Vigente,1,0
CL002052,Persona,Samuel Vargas Ramírez,PA05,Colombia,Cúcuta,Afluente,1983-08-16,2017-03-01,F,No aplica,94211,Bajo,Híbrido,Vigente,1,0
CL002053,Persona,Isabella Hernández Morales,PA03,Chile,Concepción,Masivo,1959-10-18,2015-05-11,No especificado,No aplica,15059,Bajo,Digital,Vigente,1,0
CL002054,Persona,Martina Reyes Cruz,PA05,Colombia,Bogotá,Masivo,1949-06-03,2015-06-11,No especificado,No aplica,17993,Bajo,Híbrido,Vigente,1,0
CL002055,Persona,Sebastián Torres Díaz,PA01,México,Veracruz,Masivo,1965-11-25,2018-09-03,M,No aplica,19961,Bajo,Híbrido,Vigente,1,0
CL002056,Persona,Ava Martínez Tremblay,PA02,Canadá,Calgary,Masivo,1989-02-06,2017-12-06,F,No aplica,14950,Medio,Híbrido,Vigente,0,0
CL002057,Persona,Santiago Cruz Rodríguez,PA01,México,Mérida,Banca privada,1990-10-16,2020-10-18,F,No aplica,130508,Alto,Híbrido,Vigente,1,0
CL002058,Persona,Nicolás Morales Reyes,PA02,Canadá,Winnipeg,Afluente,1950-07-17,2019-06-28,M,No aplica,103909,Bajo,Digital,Vigente,0,0
CL002059,Persona,Isabella Rivera García,PA01,México,Ciudad de México,Afluente,2002-04-07,2016-05-05,M,No aplica,97029,Bajo,Digital,Vigente,1,0
CL002060,Persona,Emma Gómez Flores,PA02,Canadá,Vancouver,Banca privada,1962-04-15,2017-12-03,M,No aplica,205509,Bajo,Digital,Vigente,1,0
CL002061,Empresa,Rodríguez Tecnología Group,PA02,Canadá,Québec,PyME,1999-07-01,2017-11-06,No aplica,Tecnología,670861,Medio,Tradicional,Por vencer,1,0
CL002062,Empresa,Tremblay Agroindustria Partners,PA01,México,Tijuana,PyME,2019-07-01,2016-11-05,No aplica,Construcción,694629,Medio,Tradicional,Vigente,0,0
CL002063,Empresa,Díaz Servicios profesionales S.A.,PA03,Chile,Santiago,Corporativo,2017-03-01,2022-02-16,No aplica,Salud,5916000,Medio,Digital,Vigente,1,0
CL002064,Persona,Lucas Rivera Reyes,PA04,Perú,Huancayo,Masivo,1949-02-14,2018-02-18,No especificado,No aplica,22311,Medio,Híbrido,Vigente,1,0
CL002065,Persona,Emma Martin Smith,PA01,México,Mérida,Banca privada,1969-08-26,2018-07-08,No especificado,No aplica,364194,Medio,Tradicional,Vigente,0,0
CL002066,Persona,Alejandro Morales Ramírez,PA02,Canadá,Ottawa,Masivo,1993-08-24,2016-05-06,F,No aplica,15405,Bajo,Híbrido,Vigente,1,0
CL002067,Persona,Sebastián Martin Díaz,PA05,Colombia,Bucaramanga,Banca privada,1971-09-07,2020-09-22,No especificado,No aplica,270611,Bajo,Tradicional,Vigente,0,0
CL002068,Empresa,Wilson Educación Partners,PA01,México,Tijuana,PyME,2005-04-01,2020-07-01,No aplica,Manufactura,196164,Bajo,Híbrido,Vigente,0,0
CL002069,Persona,Daniela Sánchez García,PA04,Perú,Lima,Masivo,1992-05-07,2018-02-11,M,No aplica,29602,Alto,Híbrido,Vigente,1,0
CL002070,Persona,Alejandro Brown Hernández,PA05,Colombia,Pereira,Masivo,1953-08-04,2021-10-15,F,No aplica,22675,Medio,Híbrido,Vigente,1,0
CL002071,Persona,Emiliano Sánchez Morales,PA01,México,Ciudad de México,Masivo,1952-04-01,2019-08-18,F,No aplica,29567,Medio,Digital,Vigente,1,0
CL002072,Persona,Élodie Brown Cruz,PA02,Canadá,Winnipeg,Banca privada,1948-05-15,2022-10-12,F,No aplica,341133,Medio,Tradicional,Vigente,0,0
CL002073,Persona,Valentina Rodríguez Smith,PA01,México,Guadalajara,Banca privada,1981-03-11,2022-07-23,F,No aplica,215896,Bajo,Híbrido,Vigente,0,0
CL002074,Persona,Nicolás Vargas Brown,PA02,Canadá,Winnipeg,Masivo,1962-03-08,2022-07-10,M,No aplica,30984,Alto,Híbrido,Vigente,1,0
CL002075,Persona,Élodie López Vargas,PA04,Perú,Piura,Masivo,1958-07-18,2017-02-05,F,No aplica,30016,Medio,Híbrido,Vigente,1,0
CL002076,Persona,Emma Morales Martin,PA03,Chile,Talca,Banca privada,2002-08-13,2020-03-04,M,No aplica,119762,Medio,Híbrido,Vigente,1,0
CL002077,Persona,Camila Romero Brown,PA04,Perú,Tacna,Afluente,1979-03-26,2022-03-30,M,No aplica,47574,Alto,Tradicional,Por vencer,0,0
CL002078,Persona,Nicolás López López,PA05,Colombia,Cúcuta,Masivo,1970-01-28,2021-01-14,No especificado,No aplica,18556,Bajo,Híbrido,Vigente,1,0
CL002079,Persona,Martina García Reyes,PA01,México,Ciudad de México,Banca privada,1964-04-10,2018-04-29,F,No aplica,118536,Medio,Tradicional,Vigente,1,0
CL002080,Persona,Mariana Castro Díaz,PA02,Canadá,Edmonton,Banca privada,1987-09-13,2017-01-05,No especificado,No aplica,354506,Medio,Digital,Vigente,0,0
CL002081,Persona,Élodie Sánchez Rodríguez,PA01,México,Monterrey,Afluente,1965-04-06,2016-04-19,No especificado,No aplica,53721,Bajo,Híbrido,Por vencer,0,0
CL002082,Persona,Renata Castro Castro,PA04,Perú,Arequipa,Masivo,1995-06-12,2019-02-11,M,No aplica,12501,Alto,Tradicional,Vigente,1,0
CL002083,Persona,Sebastián Martínez Sánchez,PA04,Perú,Tacna,Masivo,1975-03-16,2018-10-24,M,No aplica,26941,Medio,Digital,Vigente,1,0
CL002084,Persona,Diego Ramírez Hernández,PA01,México,Ciudad de México,Afluente,1987-08-24,2016-10-29,F,No aplica,75156,Alto,Digital,Vigente,1,0
CL002085,Persona,Alejandro Díaz Brown,PA04,Perú,Cusco,Afluente,1991-03-03,2017-11-18,No especificado,No aplica,51023,Medio,Híbrido,Vigente,1,0
CL002086,Persona,Lucía Tremblay Flores,PA04,Perú,Chiclayo,Afluente,1978-04-28,2021-04-12,F,No aplica,63843,Alto,Digital,Vigente,0,0
CL002087,Persona,Liam Vargas González,PA04,Perú,Arequipa,Masivo,1973-06-05,2021-01-16,F,No aplica,13374,Bajo,Híbrido,Vigente,1,0
CL002088,Persona,Alejandro Tremblay Martin,PA04,Perú,Huancayo,Masivo,1975-12-02,2015-08-01,M,No aplica,22025,Bajo,Híbrido,Vigente,1,0
CL002089,Persona,Renata Rodríguez Romero,PA04,Perú,Tacna,Afluente,1999-06-02,2015-12-02,No especificado,No aplica,57462,Medio,Híbrido,Vigente,0,0
CL002090,Persona,Olivia Tremblay Ramírez,PA02,Canadá,Calgary,Banca privada,1989-04-15,2015-08-03,No especificado,No aplica,120252,Medio,Digital,Vigente,0,0
CL002091,Persona,Étienne Flores Torres,PA04,Perú,Iquitos,Masivo,1980-03-22,2018-07-05,F,No aplica,25035,Medio,Digital,Vigente,1,0
CL002092,Persona,Daniela Martin Torres,PA02,Canadá,Québec,Masivo,1965-08-28,2018-07-01,F,No aplica,25483,Medio,Híbrido,Vigente,1,0
CL002093,Persona,Gabriel García Wilson,PA03,Chile,Concepción,Afluente,1978-06-22,2016-02-10,No especificado,No aplica,80236,Bajo,Híbrido,Vigente,1,0
CL002094,Persona,Diego López Martin,PA04,Perú,Chiclayo,Masivo,1970-01-08,2018-06-12,F,No aplica,20694,Bajo,Tradicional,Vigente,0,0
CL002095,Persona,Nicolás Castro Rodríguez,PA01,México,Querétaro,Masivo,1982-02-26,2022-06-08,F,No aplica,27655,Bajo,Digital,Vigente,0,0
CL002096,Persona,Emma Wilson Gómez,PA01,México,Mérida,Afluente,1956-07-26,2017-02-15,M,No aplica,100495,Alto,Digital,Vigente,1,0
CL002097,Persona,Sebastián Reyes Sánchez,PA03,Chile,La Serena,Afluente,1950-06-21,2018-10-06,M,No aplica,64307,Bajo,Digital,Vigente,1,0
CL002098,Empresa,Díaz Salud Group,PA03,Chile,Temuco,PyME,2013-05-01,2017-01-12,No aplica,Logística,658500,Medio,Tradicional,Vigente,0,0
CL002099,Persona,Isabella Ramírez Romero,PA02,Canadá,Edmonton,Afluente,1988-12-19,2020-03-15,No especificado,No aplica,76735,Bajo,Digital,Vigente,1,0
CL002100,Empresa,Vargas Educación S.A.,PA03,Chile,Antofagasta,PyME,2014-11-01,2016-01-15,No aplica,Servicios profesionales,518505,Alto,Digital,Vigente,1,0
CL002101,Persona,Emma Gómez Rodríguez,PA03,Chile,La Serena,Masivo,1986-05-20,2016-11-05,F,No aplica,27118,Medio,Digital,Vigente,0,0
CL002102,Empresa,Reyes Logística Partners,PA02,Canadá,Calgary,Corporativo,2007-08-01,2016-10-20,No aplica,Turismo,8856827,Bajo,Tradicional,Vigente,1,0
CL002103,Persona,Santiago Martin Vargas,PA03,Chile,Viña del Mar,Banca privada,1960-03-12,2015-08-31,No especificado,No aplica,333625,Alto,Híbrido,Vigente,1,0
CL002104,Persona,Étienne Vargas Flores,PA01,México,Puebla,Masivo,1982-05-05,2022-07-23,F,No aplica,11920,Alto,Digital,Vigente,1,0
CL002105,Empresa,López Agroindustria S.A.,PA01,México,Tijuana,PyME,1991-10-01,2022-02-25,No aplica,Turismo,228040,Medio,Digital,Vigente,0,0
CL002106,Persona,Santiago Cruz Tremblay,PA01,México,Monterrey,Masivo,1958-03-23,2019-02-02,F,No aplica,17608,Medio,Tradicional,Vigente,1,0
CL002107,Persona,Isabella Wilson Flores,PA02,Canadá,Halifax,Masivo,1988-06-06,2022-09-21,F,No aplica,14628,Medio,Híbrido,Vencido,1,0
CL002108,Empresa,López Comercio Group,PA02,Canadá,Winnipeg,Corporativo,1993-02-01,2017-10-15,No aplica,Manufactura,2977950,Bajo,Híbrido,Vigente,1,0
CL002109,Persona,Emiliano Morales Flores,PA03,Chile,Antofagasta,Masivo,1967-10-22,2020-11-19,No especificado,No aplica,22167,Bajo,Tradicional,Vigente,0,0
CL002110,Empresa,Castro Educación Latam,PA04,Perú,Arequipa,PyME,1987-02-01,2018-02-02,No aplica,Servicios profesionales,402927,Bajo,Híbrido,Vigente,1,0
CL002111,Empresa,Martin Educación Partners,PA02,Canadá,Mississauga,PyME,1998-09-01,2021-04-10,No aplica,Comercio,333101,Bajo,Híbrido,Vigente,1,0
CL002112,Persona,Mariana Torres García,PA03,Chile,Rancagua,Afluente,1986-11-09,2021-02-06,M,No aplica,46818,Bajo,Híbrido,Vigente,1,0
CL002113,Persona,Sebastián Tremblay Martínez,PA02,Canadá,Toronto,Banca privada,1965-03-10,2015-08-14,No especificado,No aplica,296822,Medio,Híbrido,Vigente,0,0
CL002114,Persona,Isabella Cruz Tremblay,PA01,México,Puebla,Afluente,1984-05-05,2021-05-21,M,No aplica,87843,Medio,Híbrido,Vigente,1,0
CL002115,Persona,Ava Rodríguez Pérez,PA05,Colombia,Santa Marta,Masivo,1982-11-18,2020-07-07,No especificado,No aplica,16438,Bajo,Híbrido,Vigente,1,0
CL002116,Persona,Martina Sánchez Rivera,PA05,Colombia,Bucaramanga,Masivo,1956-04-20,2016-08-26,No especificado,No aplica,16056,Alto,Híbrido,Vigente,1,0
CL002117,Persona,Alejandro Pérez Martínez,PA05,Colombia,Cartagena,Masivo,1984-06-01,2021-02-22,F,No aplica,25536,Alto,Tradicional,Vigente,0,0
CL002118,Persona,Martina Morales Reyes,PA03,Chile,Santiago,Masivo,1976-08-27,2021-10-22,F,No aplica,22709,Bajo,Digital,Vigente,1,0
CL002119,Persona,Étienne López Brown,PA05,Colombia,Pereira,Afluente,1982-04-08,2021-11-08,No especificado,No aplica,59968,Medio,Híbrido,Vigente,1,0
CL002120,Persona,Ava López Gómez,PA05,Colombia,Santa Marta,Afluente,1955-09-20,2015-09-19,No especificado,No aplica,66973,Bajo,Híbrido,Vigente,0,0
CL002121,Persona,Emma López Ramírez,PA01,México,Toluca,Afluente,1949-12-27,2020-10-30,F,No aplica,63091,Bajo,Digital,Vigente,1,0
CL002122,Persona,Mariana Tremblay Martin,PA03,Chile,Temuco,Banca privada,1968-06-12,2019-10-08,F,No aplica,215058,Medio,Tradicional,Vigente,1,1
CL002123,Persona,Valentina González Brown,PA01,México,Ciudad de México,Banca privada,1989-10-20,2017-12-31,M,No aplica,216337,Medio,Digital,Vigente,1,0
CL002124,Persona,Isabella Brown López,PA02,Canadá,Toronto,Afluente,1995-06-16,2022-05-24,No especificado,No aplica,42749,Bajo,Híbrido,Vigente,1,1
CL002125,Persona,Emiliano Vargas Pérez,PA05,Colombia,Manizales,Afluente,1958-08-16,2016-12-25,F,No aplica,86780,Bajo,Tradicional,Vigente,1,0
CL002126,Empresa,Rivera Comercio Latam,PA03,Chile,Viña del Mar,PyME,2005-04-01,2018-03-29,No aplica,Logística,430255,Alto,Digital,Vigente,1,0
CL002127,Persona,Élodie Smith Morales,PA04,Perú,Cusco,Masivo,1994-02-21,2017-03-10,M,No aplica,30022,Medio,Tradicional,Vigente,0,0
CL002128,Persona,Santiago Tremblay Castro,PA03,Chile,Antofagasta,Masivo,1954-09-05,2022-02-06,M,No aplica,19203,Bajo,Tradicional,Vigente,1,0
CL002129,Persona,Santiago Martin Flores,PA02,Canadá,Québec,Masivo,1993-03-25,2019-11-21,M,No aplica,23821,Medio,Tradicional,Vigente,1,0
CL002130,Persona,Ava Romero Sánchez,PA03,Chile,Concepción,Afluente,1984-08-01,2019-10-12,No especificado,No aplica,92779,Bajo,Híbrido,Vigente,1,0
CL002131,Persona,Liam Cruz Ramírez,PA04,Perú,Chiclayo,Banca privada,1997-09-16,2022-08-13,F,No aplica,346508,Alto,Tradicional,Vigente,0,0
CL002132,Persona,Étienne Martin Pérez,PA03,Chile,Antofagasta,Masivo,1996-04-01,2018-10-25,M,No aplica,19537,Medio,Digital,Vigente,1,0
CL002133,Persona,Noah Pérez Díaz,PA05,Colombia,Bogotá,Masivo,1973-11-10,2022-10-11,M,No aplica,22410,Medio,Híbrido,Vencido,1,1
CL002134,Persona,Diego Díaz Torres,PA04,Perú,Iquitos,Masivo,1995-09-05,2021-01-06,M,No aplica,23203,Medio,Digital,Vigente,0,0
CL002135,Persona,Nicolás Castro Díaz,PA03,Chile,Santiago,Masivo,1972-06-09,2020-07-16,F,No aplica,31301,Medio,Híbrido,Vigente,1,0
CL002136,Persona,Ava Torres Flores,PA01,México,Toluca,Afluente,1953-06-02,2018-09-22,F,No aplica,41178,Medio,Híbrido,Vigente,1,0
CL002137,Persona,Étienne Ramírez Martínez,PA02,Canadá,Québec,Masivo,1955-11-13,2018-08-05,M,No aplica,13863,Alto,Digital,Vigente,1,0
CL002138,Persona,Lucía Martin Flores,PA05,Colombia,Medellín,Afluente,1970-10-16,2018-08-10,No especificado,No aplica,107812,Alto,Digital,Vigente,1,0
CL002139,Persona,Nicolás Brown Martin,PA02,Canadá,Edmonton,Afluente,1984-08-23,2022-11-09,F,No aplica,81615,Medio,Digital,Vigente,0,0
CL002140,Persona,Ava Rodríguez Castro,PA05,Colombia,Medellín,Afluente,1991-04-17,2017-07-18,M,No aplica,55513,Bajo,Digital,Vigente,1,0
CL002141,Empresa,Brown Salud S.A.,PA01,México,Ciudad de México,PyME,1999-06-01,2016-09-10,No aplica,Educación,211442,Alto,Híbrido,Vigente,0,0
CL002142,Persona,Sofía Díaz Martínez,PA02,Canadá,Ottawa,Masivo,1992-10-24,2018-12-18,M,No aplica,23824,Medio,Digital,Vigente,0,0
CL002143,Persona,Nicolás Brown Reyes,PA04,Perú,Lima,Afluente,1988-02-19,2017-04-27,No especificado,No aplica,81760,Medio,Híbrido,Vigente,1,0
CL002144,Persona,Gabriel Martin Flores,PA03,Chile,Concepción,Afluente,1976-11-14,2019-04-14,F,No aplica,104709,Medio,Digital,Vigente,1,0
CL002145,Persona,Isabella Torres Romero,PA01,México,Mérida,Masivo,1962-01-22,2019-08-23,M,No aplica,17212,Bajo,Híbrido,Vigente,1,0
CL002146,Persona,Santiago Díaz García,PA05,Colombia,Cúcuta,Afluente,1974-09-09,2021-11-16,M,No aplica,38584,Bajo,Híbrido,Vigente,0,0
CL002147,Persona,Sofía Cruz García,PA02,Canadá,Mississauga,Banca privada,1978-10-11,2020-03-17,F,No aplica,204217,Bajo,Híbrido,Vigente,0,0
CL002148,Empresa,Martin Construcción Partners,PA04,Perú,Piura,Corporativo,1985-05-01,2022-01-15,No aplica,Salud,3323911,Alto,Híbrido,Vigente,1,0
CL002149,Persona,Sebastián Martin Tremblay,PA05,Colombia,Barranquilla,Masivo,1976-08-21,2022-05-17,F,No aplica,11358,Bajo,Híbrido,Vigente,1,0
CL002150,Persona,Alejandro Brown Ramírez,PA05,Colombia,Pereira,Masivo,1969-06-08,2020-10-07,M,No aplica,13976,Medio,Tradicional,Vigente,0,0
CL002151,Persona,Élodie Sánchez Pérez,PA04,Perú,Cusco,Afluente,1995-04-19,2022-05-18,No especificado,No aplica,42516,Bajo,Híbrido,Vigente,1,1
CL002152,Persona,Samuel Brown Pérez,PA05,Colombia,Barranquilla,Masivo,1953-02-18,2022-08-17,No especificado,No aplica,17257,Alto,Digital,Vigente,1,0
CL002153,Persona,Daniela Torres Pérez,PA02,Canadá,Vancouver,Banca privada,1988-01-14,2020-03-23,M,No aplica,314758,Bajo,Tradicional,Vigente,0,0
CL002154,Persona,Étienne Rivera Reyes,PA02,Canadá,Québec,Afluente,1958-12-10,2019-11-24,M,No aplica,50862,Medio,Híbrido,Vigente,1,0
CL002155,Persona,Noah Rivera Sánchez,PA01,México,Toluca,Masivo,1956-10-27,2018-07-10,F,No aplica,30411,Alto,Híbrido,Vigente,1,0
CL002156,Persona,Lucas Rodríguez Romero,PA02,Canadá,Calgary,Masivo,1987-07-15,2019-10-18,M,No aplica,21743,Medio,Digital,Vigente,0,0
CL002157,Persona,Camila Torres Brown,PA02,Canadá,Calgary,Banca privada,1980-05-21,2022-09-19,No especificado,No aplica,308505,Medio,Híbrido,Por vencer,1,0
CL002158,Persona,Lucía Flores Pérez,PA04,Perú,Tacna,Afluente,2002-09-11,2019-09-13,M,No aplica,78804,Bajo,Digital,Vigente,1,0
CL002159,Persona,Martina Smith Martínez,PA05,Colombia,Cúcuta,Afluente,1964-07-01,2022-07-13,M,No aplica,35965,Bajo,Tradicional,Vigente,1,0
CL002160,Persona,Diego Torres Romero,PA03,Chile,Viña del Mar,Masivo,1997-10-28,2022-03-21,M,No aplica,28126,Medio,Digital,Vigente,1,0
CL002161,Persona,Étienne López Smith,PA01,México,Puebla,Masivo,1966-01-17,2020-06-21,F,No aplica,31284,Bajo,Híbrido,Vigente,0,0
CL002162,Empresa,Wilson Construcción Group,PA05,Colombia,Medellín,PyME,2013-07-01,2020-10-23,No aplica,Turismo,445110,Bajo,Híbrido,Vigente,0,0
CL002163,Persona,Olivia Díaz Smith,PA01,México,Puebla,Afluente,2003-04-18,2021-11-11,No especificado,No aplica,39429,Alto,Digital,Vigente,1,0
CL002164,Empresa,Brown Logística S.A.,PA02,Canadá,Vancouver,PyME,2009-09-01,2019-03-13,No aplica,Salud,579323,Bajo,Tradicional,Vigente,1,0
CL002165,Persona,Nicolás Ramírez Wilson,PA04,Perú,Huancayo,Afluente,1954-03-09,2021-02-03,M,No aplica,106631,Bajo,Híbrido,Vigente,1,0
CL002166,Persona,Nicolás Castro Hernández,PA01,México,Monterrey,Masivo,1999-05-18,2022-03-15,F,No aplica,19362,Medio,Híbrido,Vigente,1,0
CL002167,Persona,Sofía Rivera Hernández,PA01,México,Puebla,Banca privada,1972-09-09,2021-05-11,No especificado,No aplica,165350,Bajo,Híbrido,Vigente,1,0
CL002168,Persona,Emiliano Díaz Ramírez,PA04,Perú,Arequipa,Masivo,1970-11-13,2016-05-14,F,No aplica,24140,Medio,Híbrido,Vigente,1,0
CL002169,Persona,Liam Castro Martin,PA04,Perú,Arequipa,Masivo,2003-08-14,2017-01-13,M,No aplica,19025,Bajo,Híbrido,Vigente,0,0
CL002170,Persona,Isabella García Cruz,PA05,Colombia,Medellín,Afluente,1949-10-18,2022-07-03,No especificado,No aplica,104695,Alto,Digital,Vigente,0,0
CL002171,Persona,Mariana Pérez Brown,PA01,México,Veracruz,Masivo,1996-01-20,2020-11-06,No especificado,No aplica,12383,Medio,Tradicional,Vigente,1,0
CL002172,Persona,Emiliano Smith Martin,PA03,Chile,La Serena,Masivo,1971-08-03,2018-09-08,M,No aplica,14271,Bajo,Digital,Vigente,1,0
CL002173,Persona,Étienne López Torres,PA04,Perú,Lima,Afluente,1999-01-08,2016-05-15,No especificado,No aplica,74711,Medio,Híbrido,Vigente,0,0
CL002174,Persona,Élodie Romero Hernández,PA04,Perú,Huancayo,Afluente,1991-12-20,2022-09-09,No especificado,No aplica,58385,Alto,Tradicional,Vigente,0,1
CL002175,Empresa,Smith Manufactura Partners,PA03,Chile,Rancagua,PyME,1990-07-01,2017-02-25,No aplica,Salud,756797,Alto,Tradicional,Vigente,1,0
CL002176,Persona,Mariana González Díaz,PA02,Canadá,Edmonton,Afluente,1987-02-28,2022-05-16,M,No aplica,75609,Alto,Digital,Vigente,0,0
CL002177,Persona,Samuel Brown Rodríguez,PA03,Chile,Temuco,Afluente,1973-09-18,2018-11-14,No especificado,No aplica,56834,Alto,Híbrido,Vigente,0,0
CL002178,Persona,Valentina Morales Morales,PA02,Canadá,Vancouver,Masivo,1993-12-28,2021-06-20,No especificado,No aplica,19067,Medio,Digital,Vigente,1,0
CL002179,Persona,Camila García Morales,PA04,Perú,Cajamarca,Masivo,2003-09-22,2022-08-26,M,No aplica,17577,Medio,Digital,Vigente,0,0
CL002180,Persona,Renata Gómez Romero,PA03,Chile,Valparaíso,Masivo,1990-07-09,2022-01-29,M,No aplica,25581,Medio,Híbrido,Vigente,1,0
CL002181,Persona,Ava Gómez Wilson,PA01,México,Puebla,Masivo,1991-10-13,2017-03-26,No especificado,No aplica,18939,Bajo,Híbrido,Vigente,1,0
CL002182,Persona,Emiliano González Cruz,PA02,Canadá,Mississauga,Masivo,2003-12-06,2020-12-16,M,No aplica,11665,Medio,Híbrido,Vigente,1,0
CL002183,Persona,Sofía González Gómez,PA01,México,Mérida,Afluente,1965-11-23,2019-10-29,M,No aplica,60994,Medio,Híbrido,Vigente,1,0
CL002184,Persona,Samuel Romero González,PA01,México,Ciudad de México,Afluente,1992-09-06,2018-08-03,F,No aplica,76244,Medio,Híbrido,Vigente,0,0
CL002185,Persona,Renata Romero Torres,PA04,Perú,Tacna,Afluente,1955-12-21,2015-09-28,M,No aplica,39198,Alto,Híbrido,Por vencer,1,0
CL002186,Persona,Olivia Sánchez Rivera,PA01,México,Guadalajara,Masivo,1957-08-11,2022-12-01,No especificado,No aplica,18051,Alto,Digital,Vigente,1,0
CL002187,Empresa,Martínez Turismo Latam,PA04,Perú,Cajamarca,PyME,2009-06-01,2015-05-11,No aplica,Tecnología,192407,Bajo,Híbrido,Vigente,1,0
CL002188,Persona,Élodie Reyes Martin,PA05,Colombia,Bucaramanga,Masivo,1991-10-08,2022-05-03,No especificado,No aplica,14332,Alto,Digital,Vigente,0,0
CL002189,Persona,Liam Castro Flores,PA05,Colombia,Cúcuta,Banca privada,1992-07-26,2022-01-25,F,No aplica,360550,Bajo,Tradicional,Vigente,0,0
CL002190,Persona,Olivia Martin Flores,PA04,Perú,Chiclayo,Afluente,1990-09-14,2020-04-19,F,No aplica,77084,Bajo,Híbrido,Vigente,1,0
CL002191,Persona,Étienne López Reyes,PA03,Chile,Puerto Montt,Masivo,1976-07-14,2022-07-21,No especificado,No aplica,14000,Bajo,Digital,Vigente,1,0
CL002192,Persona,Mariana López Cruz,PA05,Colombia,Barranquilla,Banca privada,1950-05-11,2021-07-21,M,No aplica,286642,Bajo,Digital,Vigente,1,0
CL002193,Persona,Daniela Tremblay Brown,PA04,Perú,Trujillo,Banca privada,1983-06-09,2021-02-07,M,No aplica,288614,Bajo,Digital,Vigente,1,0
CL002194,Persona,Camila Gómez Reyes,PA04,Perú,Chiclayo,Afluente,1963-01-09,2019-05-03,No especificado,No aplica,52689,Bajo,Tradicional,Vigente,0,0
CL002195,Persona,Renata Rodríguez García,PA04,Perú,Piura,Banca privada,1974-02-22,2021-11-24,No especificado,No aplica,136039,Medio,Digital,Vigente,1,0
CL002196,Persona,Gabriel Flores Romero,PA02,Canadá,Québec,Masivo,1988-07-12,2015-12-10,F,No aplica,21131,Medio,Híbrido,Vigente,0,0
CL002197,Persona,Gabriel Sánchez Tremblay,PA01,México,Querétaro,Afluente,1992-12-09,2020-03-18,M,No aplica,105427,Bajo,Híbrido,Vigente,0,0
CL002198,Persona,Lucas Rodríguez Rivera,PA02,Canadá,Vancouver,Masivo,1991-10-10,2016-05-06,M,No aplica,23730,Medio,Híbrido,Vigente,0,0
CL002199,Persona,Renata Gómez Brown,PA03,Chile,La Serena,Masivo,1978-01-07,2016-10-04,No especificado,No aplica,30574,Medio,Híbrido,Vigente,1,0
CL002200,Persona,Samuel Morales López,PA01,México,Querétaro,Masivo,1950-12-13,2019-05-23,F,No aplica,28596,Bajo,Híbrido,Vigente,1,0
CL002201,Persona,Samuel Cruz Rivera,PA01,México,Guadalajara,Masivo,1978-10-23,2021-09-02,M,No aplica,17590,Bajo,Híbrido,Vigente,0,0
CL002202,Persona,Lucas Ramírez Romero,PA05,Colombia,Bogotá,Masivo,1990-11-14,2020-12-23,M,No aplica,22205,Medio,Digital,Vigente,1,0
CL002203,Persona,Sofía Flores Pérez,PA01,México,Veracruz,Banca privada,1960-11-27,2020-03-28,F,No aplica,135499,Medio,Tradicional,Vigente,0,0
CL002204,Persona,Lucas López Martínez,PA04,Perú,Chiclayo,Afluente,1972-09-04,2020-12-25,M,No aplica,77604,Bajo,Digital,Vigente,1,0
CL002205,Persona,Lucas Romero Tremblay,PA01,México,Veracruz,Masivo,1983-06-16,2021-12-24,F,No aplica,17572,Medio,Híbrido,Vigente,1,0
CL002206,Persona,Emma Gómez Pérez,PA03,Chile,Talca,Masivo,1953-09-12,2022-11-21,M,No aplica,21568,Medio,Tradicional,Vigente,1,0
CL002207,Empresa,Romero Comercio Group,PA02,Canadá,Vancouver,PyME,2008-09-01,2021-05-02,No aplica,Educación,201239,Medio,Tradicional,Vigente,1,0
CL002208,Persona,Mariana García Vargas,PA05,Colombia,Medellín,Afluente,1949-03-03,2019-05-04,F,No aplica,57587,Alto,Tradicional,Vigente,1,0
CL002209,Persona,Emma Tremblay Wilson,PA01,México,Guadalajara,Masivo,1951-01-14,2018-07-05,F,No aplica,12370,Bajo,Híbrido,Vigente,1,0
CL002210,Empresa,Rivera Comercio Partners,PA02,Canadá,Edmonton,Corporativo,1997-10-01,2018-07-07,No aplica,Manufactura,7251560,Bajo,Digital,Vigente,1,0
CL002211,Empresa,Díaz Turismo S.A.,PA02,Canadá,Edmonton,Corporativo,2020-05-01,2019-10-09,No aplica,Educación,7249215,Bajo,Digital,Vigente,1,0
CL002212,Empresa,Castro Tecnología Group,PA04,Perú,Tacna,PyME,2007-03-01,2020-06-24,No aplica,Logística,733804,Medio,Digital,Vigente,1,0
CL002213,Persona,Gabriel Wilson García,PA02,Canadá,Mississauga,Masivo,1987-03-03,2020-05-19,No especificado,No aplica,22950,Bajo,Digital,Vigente,1,0
CL002214,Empresa,Brown Turismo Group,PA01,México,León,PyME,2010-03-01,2017-07-27,No aplica,Tecnología,502553,Medio,Digital,Vigente,1,0
CL002215,Persona,Mateo López Torres,PA05,Colombia,Bucaramanga,Afluente,1969-11-26,2020-06-03,M,No aplica,87168,Bajo,Digital,Vigente,0,0
CL002216,Persona,Valentina Brown Rodríguez,PA01,México,Veracruz,Banca privada,2001-08-22,2022-09-11,F,No aplica,240818,Medio,Tradicional,Vigente,0,0
CL002217,Persona,Martina López Martínez,PA05,Colombia,Santa Marta,Masivo,1963-05-02,2019-05-02,F,No aplica,22506,Alto,Híbrido,Vigente,0,0
CL002218,Persona,Lucía González Tremblay,PA01,México,Toluca,Masivo,1949-11-18,2020-03-29,M,No aplica,21096,Medio,Digital,Vigente,0,0
CL002219,Empresa,Flores Manufactura Partners,PA04,Perú,Chiclayo,Corporativo,1987-01-01,2016-10-11,No aplica,Servicios profesionales,3684211,Alto,Tradicional,Vigente,0,0
CL002220,Persona,Samuel Gómez González,PA01,México,Mérida,Masivo,1993-04-15,2019-09-16,F,No aplica,20912,Medio,Híbrido,Vigente,1,0
CL002221,Persona,Sebastián López Ramírez,PA04,Perú,Iquitos,Banca privada,1961-11-03,2022-09-20,F,No aplica,310112,Medio,Tradicional,Vigente,1,0
CL002222,Empresa,Tremblay Servicios profesionales S.A.,PA04,Perú,Iquitos,PyME,2013-04-01,2018-01-04,No aplica,Tecnología,315341,Medio,Digital,Vigente,0,0
CL002223,Persona,Gabriel Tremblay Hernández,PA05,Colombia,Bogotá,Afluente,1954-08-02,2019-10-18,No especificado,No aplica,89636,Bajo,Digital,Vigente,0,1
CL002224,Persona,Valentina Flores Cruz,PA03,Chile,Talca,Masivo,1948-08-17,2021-07-04,F,No aplica,14403,Bajo,Híbrido,Vigente,1,0
CL002225,Persona,Isabella Rodríguez Hernández,PA04,Perú,Cusco,Afluente,1952-09-06,2019-09-19,No especificado,No aplica,88988,Medio,Digital,Vigente,0,0
CL002226,Persona,Olivia García Martínez,PA04,Perú,Cajamarca,Banca privada,1952-06-23,2017-10-14,F,No aplica,211514,Bajo,Tradicional,Vigente,1,0
CL002227,Persona,Mariana Rivera Díaz,PA01,México,León,Masivo,1972-09-23,2015-11-25,M,No aplica,24426,Medio,Híbrido,Vigente,1,0
CL002228,Persona,Isabella Castro Vargas,PA01,México,Tijuana,Masivo,1995-06-25,2020-06-23,F,No aplica,23901,Alto,Híbrido,Vigente,1,0
CL002229,Persona,Lucía Rivera Cruz,PA01,México,Tijuana,Afluente,1976-03-15,2017-06-24,M,No aplica,40946,Medio,Digital,Vigente,0,0
CL002230,Empresa,Hernández Construcción Group,PA03,Chile,Rancagua,PyME,1997-12-01,2017-01-09,No aplica,Educación,488167,Alto,Híbrido,Vigente,1,0
CL002231,Persona,Isabella González García,PA01,México,Monterrey,Masivo,1982-10-24,2021-03-06,M,No aplica,24119,Medio,Digital,Vigente,0,0
CL002232,Persona,Étienne Brown Torres,PA01,México,Monterrey,Masivo,1961-01-02,2019-03-14,F,No aplica,22659,Medio,Tradicional,Vigente,1,0
CL002233,Persona,Ava Romero Smith,PA01,México,Querétaro,Banca privada,1971-01-18,2015-07-27,F,No aplica,360709,Medio,Híbrido,Por vencer,1,0
CL002234,Persona,Samuel González Morales,PA01,México,Ciudad de México,Afluente,1991-05-09,2017-06-06,No especificado,No aplica,69409,Bajo,Digital,Vigente,0,0
CL002235,Persona,Élodie Martin Ramírez,PA03,Chile,Santiago,Afluente,1956-11-14,2015-06-21,M,No aplica,85091,Medio,Digital,Vigente,0,0
CL002236,Persona,Liam Brown Martínez,PA04,Perú,Piura,Masivo,1968-05-20,2018-08-15,F,No aplica,12089,Bajo,Tradicional,Vigente,1,0
CL002237,Persona,Renata Smith Rodríguez,PA01,México,Toluca,Masivo,1962-01-03,2016-05-13,F,No aplica,15273,Medio,Híbrido,Vigente,1,0
CL002238,Persona,Lucía Díaz Brown,PA01,México,Mérida,Masivo,1951-12-09,2020-05-14,M,No aplica,28329,Bajo,Digital,Vigente,0,0
CL002239,Persona,Renata López Cruz,PA03,Chile,Puerto Montt,Masivo,1958-03-07,2019-06-17,M,No aplica,18294,Medio,Híbrido,Vigente,1,0
CL002240,Persona,Emma Cruz Martin,PA05,Colombia,Pereira,Masivo,1998-04-17,2020-08-10,M,No aplica,17604,Bajo,Tradicional,Vigente,1,0
CL002241,Persona,Emiliano Rivera Cruz,PA01,México,Monterrey,Afluente,1963-03-16,2022-06-08,M,No aplica,102383,Bajo,Híbrido,Vigente,0,0
CL002242,Persona,Diego Morales Rivera,PA02,Canadá,Ottawa,Banca privada,1968-01-19,2019-11-25,F,No aplica,342608,Medio,Tradicional,Vigente,1,0
CL002243,Persona,Alejandro Martínez Cruz,PA05,Colombia,Manizales,Afluente,1973-09-07,2016-08-26,M,No aplica,98532,Bajo,Híbrido,Vigente,0,0
CL002244,Persona,Alejandro Sánchez Romero,PA02,Canadá,Calgary,Banca privada,1978-06-04,2021-12-25,M,No aplica,206359,Bajo,Digital,Vigente,1,0
CL002245,Persona,Alejandro Smith Sánchez,PA03,Chile,Valparaíso,Masivo,1997-09-01,2015-10-01,F,No aplica,12472,Bajo,Digital,Vigente,1,0
CL002246,Persona,Camila Flores López,PA03,Chile,Temuco,Masivo,1990-08-02,2019-06-12,No especificado,No aplica,10972,Medio,Híbrido,Vigente,0,0
CL002247,Persona,Alejandro Brown Smith,PA05,Colombia,Bucaramanga,Masivo,1974-10-08,2022-03-23,No especificado,No aplica,14293,Bajo,Híbrido,Vigente,0,0
CL002248,Persona,Alejandro Flores Brown,PA02,Canadá,Vancouver,Banca privada,1959-03-20,2020-06-10,No especificado,No aplica,246434,Medio,Digital,Vigente,0,0
CL002249,Persona,Diego Torres Díaz,PA02,Canadá,Toronto,Banca privada,1995-08-13,2022-03-22,No especificado,No aplica,118679,Bajo,Digital,Vigente,1,0
CL002250,Empresa,Flores Agroindustria Group,PA02,Canadá,Montreal,PyME,2018-01-01,2020-07-22,No aplica,Educación,268361,Bajo,Híbrido,Vigente,1,0
CL002251,Persona,Nicolás Torres González,PA02,Canadá,Montreal,Masivo,2003-06-24,2015-09-09,No especificado,No aplica,24910,Bajo,Híbrido,Vigente,1,0
CL002252,Persona,Étienne González Romero,PA03,Chile,Valparaíso,Masivo,1997-08-25,2022-05-23,M,No aplica,28027,Bajo,Digital,Vigente,0,0
CL002253,Persona,Renata Sánchez González,PA04,Perú,Huancayo,Masivo,2001-11-11,2017-05-28,No especificado,No aplica,16331,Medio,Digital,Vigente,1,0
CL002254,Persona,Samuel Reyes Torres,PA03,Chile,Talca,Afluente,1958-01-26,2018-10-07,No especificado,No aplica,96808,Bajo,Híbrido,Vigente,1,0
CL002255,Persona,Martina Brown Rodríguez,PA04,Perú,Huancayo,Afluente,1953-04-27,2018-04-10,No especificado,No aplica,43194,Medio,Digital,Vigente,1,0
CL002256,Persona,Camila Sánchez Rivera,PA05,Colombia,Santa Marta,Afluente,1980-04-23,2020-07-01,No especificado,No aplica,108460,Bajo,Digital,Por vencer,0,0
CL002257,Persona,Lucía Díaz Sánchez,PA04,Perú,Tacna,Afluente,1970-10-20,2015-07-20,No especificado,No aplica,36488,Bajo,Digital,Vigente,0,0
CL002258,Persona,Sofía Cruz Pérez,PA03,Chile,Viña del Mar,Afluente,1969-10-25,2018-03-19,No especificado,No aplica,87001,Bajo,Tradicional,Vigente,0,0
CL002259,Empresa,Gómez Construcción Latam,PA04,Perú,Iquitos,PyME,2008-11-01,2019-09-28,No aplica,Turismo,723924,Bajo,Digital,Vigente,0,0
CL002260,Persona,Diego Sánchez Flores,PA04,Perú,Lima,Afluente,1969-09-11,2017-05-02,F,No aplica,107664,Medio,Digital,Vigente,0,0
CL002261,Empresa,Cruz Tecnología S.A.,PA01,México,Tijuana,PyME,1983-08-01,2021-04-16,No aplica,Manufactura,787909,Medio,Digital,Vigente,0,0
CL002262,Persona,Liam Rodríguez Rivera,PA03,Chile,Talca,Masivo,1990-10-19,2021-12-08,No especificado,No aplica,30589,Medio,Digital,Vigente,1,0
CL002263,Persona,Emiliano Tremblay Tremblay,PA04,Perú,Iquitos,Masivo,1970-01-09,2018-06-09,F,No aplica,23026,Medio,Tradicional,Vigente,1,0
CL002264,Persona,Gabriel Hernández Morales,PA03,Chile,Santiago,Masivo,1990-10-01,2022-01-10,M,No aplica,18363,Alto,Híbrido,Por vencer,0,0
CL002265,Persona,Emiliano Sánchez Castro,PA02,Canadá,Halifax,Masivo,1990-09-22,2016-02-09,No especificado,No aplica,17334,Alto,Digital,Vigente,0,0
CL002266,Persona,Sebastián Tremblay Morales,PA03,Chile,Temuco,Afluente,1997-02-09,2018-09-02,M,No aplica,99898,Medio,Digital,Vigente,0,0
CL002267,Persona,Diego Cruz García,PA05,Colombia,Medellín,Masivo,1993-10-24,2015-06-13,F,No aplica,11654,Medio,Tradicional,Vigente,0,0
CL002268,Persona,Mateo Flores García,PA02,Canadá,Mississauga,Afluente,1993-05-12,2016-11-05,No especificado,No aplica,75474,Medio,Híbrido,Vigente,1,0
CL002269,Persona,Ava Tremblay Romero,PA02,Canadá,Halifax,Masivo,1960-02-20,2016-08-17,F,No aplica,20165,Alto,Digital,Vigente,0,0
CL002270,Persona,Alejandro López Morales,PA01,México,Tijuana,Masivo,1997-10-10,2022-11-21,No especificado,No aplica,28432,Medio,Híbrido,Vigente,1,0
CL002271,Persona,Emma Martínez Wilson,PA04,Perú,Iquitos,Banca privada,2001-12-13,2018-10-19,No especificado,No aplica,319886,Medio,Híbrido,Vigente,0,0
CL002272,Persona,Daniela Tremblay Pérez,PA01,México,Ciudad de México,Masivo,1966-03-08,2015-05-11,F,No aplica,30140,Alto,Tradicional,Vigente,1,0
CL002273,Persona,Daniela Torres Brown,PA05,Colombia,Manizales,Masivo,1960-02-26,2017-05-13,M,No aplica,28267,Bajo,Digital,Vigente,1,0
CL002274,Persona,Olivia López Reyes,PA02,Canadá,Halifax,Masivo,1953-07-12,2018-02-28,F,No aplica,21748,Bajo,Híbrido,Vigente,1,0
CL002275,Persona,Valentina Gómez Torres,PA03,Chile,Rancagua,Masivo,1993-03-28,2018-07-16,F,No aplica,20648,Bajo,Tradicional,Vigente,0,0
CL002276,Persona,Alejandro Ramírez Martin,PA03,Chile,Rancagua,Afluente,1952-05-14,2019-09-22,F,No aplica,58285,Medio,Digital,Vigente,0,0
CL002277,Persona,Valentina Ramírez Vargas,PA02,Canadá,Winnipeg,Banca privada,2003-11-24,2020-02-09,No especificado,No aplica,196343,Bajo,Híbrido,Vigente,0,0
CL002278,Persona,Daniela Flores Cruz,PA02,Canadá,Halifax,Afluente,1980-01-23,2020-04-29,No especificado,No aplica,66696,Bajo,Híbrido,Vigente,0,0
CL002279,Persona,Lucas Martínez Sánchez,PA04,Perú,Chiclayo,Masivo,1960-09-21,2020-09-10,M,No aplica,13962,Bajo,Digital,Vigente,1,0
CL002280,Persona,Liam Tremblay Martínez,PA03,Chile,Antofagasta,Banca privada,1976-03-03,2020-09-07,F,No aplica,185317,Bajo,Tradicional,Vigente,0,0
CL002281,Persona,Lucía Tremblay Romero,PA03,Chile,La Serena,Masivo,1992-07-15,2016-10-12,F,No aplica,19898,Alto,Tradicional,Vigente,0,0
CL002282,Persona,Mateo Flores Cruz,PA02,Canadá,Ottawa,Afluente,1952-11-15,2018-04-11,No especificado,No aplica,34389,Alto,Digital,Vigente,1,0
CL002283,Persona,Noah Rodríguez Rivera,PA02,Canadá,Vancouver,Afluente,1986-02-07,2019-04-28,F,No aplica,52558,Alto,Tradicional,Vigente,1,0
CL002284,Persona,Étienne Pérez Romero,PA01,México,Mérida,Afluente,1973-03-11,2019-11-22,M,No aplica,92425,Bajo,Híbrido,Vigente,1,0
CL002285,Persona,Liam Torres Romero,PA02,Canadá,Winnipeg,Masivo,1997-07-26,2022-08-02,No especificado,No aplica,23853,Medio,Tradicional,Vigente,1,0
CL002286,Persona,Valentina Rivera Romero,PA02,Canadá,Calgary,Afluente,1992-01-12,2019-12-07,M,No aplica,105404,Bajo,Digital,Vigente,0,0
CL002287,Persona,Mariana González Sánchez,PA05,Colombia,Cúcuta,Afluente,1958-01-06,2016-12-16,F,No aplica,106413,Medio,Tradicional,Vigente,1,0
CL002288,Persona,Emma Gómez Martínez,PA01,México,Toluca,Masivo,1971-09-20,2019-08-12,M,No aplica,25587,Bajo,Digital,Vigente,1,0
CL002289,Persona,Isabella Brown Gómez,PA02,Canadá,Montreal,Afluente,1950-05-23,2017-05-28,No especificado,No aplica,99848,Medio,Digital,Vigente,1,0
CL002290,Empresa,Romero Educación Latam,PA02,Canadá,Québec,PyME,1998-08-01,2018-10-29,No aplica,Tecnología,384587,Medio,Tradicional,Vigente,1,0
CL002291,Persona,Nicolás Vargas Martin,PA01,México,Puebla,Masivo,1962-03-25,2022-04-30,M,No aplica,19628,Medio,Híbrido,Vigente,0,0
CL002292,Persona,Olivia González Morales,PA01,México,Monterrey,Banca privada,1948-12-22,2016-02-14,No especificado,No aplica,213299,Medio,Híbrido,Vigente,1,0
CL002293,Persona,Gabriel Sánchez López,PA02,Canadá,Vancouver,Afluente,1959-03-09,2021-11-29,No especificado,No aplica,97494,Medio,Híbrido,Vigente,0,0
CL002294,Persona,Samuel Martínez Ramírez,PA05,Colombia,Cúcuta,Banca privada,1973-02-01,2017-03-29,F,No aplica,307779,Alto,Híbrido,Vigente,0,0
CL002295,Persona,Valentina Smith Morales,PA03,Chile,La Serena,Masivo,1948-12-22,2021-05-07,No especificado,No aplica,15982,Bajo,Digital,Vigente,0,0
CL002296,Persona,Élodie Martin Gómez,PA04,Perú,Tacna,Afluente,1998-02-15,2017-08-30,No especificado,No aplica,75129,Medio,Digital,Vigente,0,0
CL002297,Persona,Sofía Castro Rivera,PA01,México,Puebla,Afluente,1987-11-13,2016-09-15,No especificado,No aplica,71701,Alto,Híbrido,Vigente,1,0
CL002298,Persona,Lucía Pérez Tremblay,PA02,Canadá,Edmonton,Masivo,1948-05-22,2016-09-02,No especificado,No aplica,16905,Bajo,Digital,Vigente,1,0
CL002299,Persona,Noah González Morales,PA02,Canadá,Vancouver,Banca privada,2002-12-06,2020-09-13,No especificado,No aplica,192871,Medio,Tradicional,Vigente,1,0
CL002300,Persona,Renata Wilson Castro,PA04,Perú,Piura,Masivo,1994-09-11,2017-03-30,M,No aplica,13462,Medio,Híbrido,Vigente,0,0
CL002301,Empresa,Rivera Turismo S.A.,PA04,Perú,Cajamarca,Corporativo,2010-03-01,2021-08-23,No aplica,Turismo,8683786,Medio,Híbrido,Vigente,1,0
CL002302,Persona,Daniela Torres Romero,PA01,México,Querétaro,Afluente,1949-07-07,2018-10-31,M,No aplica,54835,Bajo,Digital,Vigente,0,0
CL002303,Persona,Sebastián Sánchez González,PA02,Canadá,Toronto,Masivo,1952-11-23,2018-03-29,M,No aplica,23538,Bajo,Híbrido,Vigente,1,0
CL002304,Persona,Ava Brown Wilson,PA02,Canadá,Winnipeg,Afluente,1948-03-21,2021-04-25,No especificado,No aplica,69562,Alto,Híbrido,Vigente,0,0
CL002305,Persona,Martina Flores Reyes,PA05,Colombia,Bogotá,Masivo,1977-07-22,2020-10-08,No especificado,No aplica,23920,Alto,Híbrido,Vigente,0,0
CL002306,Persona,Renata Martínez Cruz,PA03,Chile,Antofagasta,Masivo,2003-12-06,2016-05-25,F,No aplica,22871,Medio,Tradicional,Vigente,1,0
CL002307,Persona,Mariana Ramírez Romero,PA01,México,Mérida,Masivo,1981-10-20,2020-08-29,M,No aplica,28738,Alto,Híbrido,Vigente,0,0
CL002308,Empresa,López Tecnología S.A.,PA04,Perú,Cajamarca,PyME,2000-10-01,2022-10-15,No aplica,Construcción,534066,Bajo,Digital,Vigente,1,0
CL002309,Persona,Gabriel Romero Wilson,PA01,México,Guadalajara,Afluente,1974-03-12,2021-06-29,M,No aplica,76726,Medio,Digital,Por vencer,0,0
CL002310,Persona,Lucía Cruz Brown,PA05,Colombia,Bogotá,Banca privada,1954-11-02,2015-05-29,M,No aplica,119847,Medio,Híbrido,Vigente,1,0
CL002311,Persona,Renata Ramírez Díaz,PA01,México,León,Masivo,1983-03-25,2016-02-25,M,No aplica,13548,Alto,Híbrido,Vigente,1,0
CL002312,Persona,Nicolás Hernández López,PA01,México,Tijuana,Masivo,1988-11-25,2020-12-06,M,No aplica,10113,Medio,Híbrido,Vigente,1,0
CL002313,Persona,Nicolás García Tremblay,PA02,Canadá,Edmonton,Afluente,2002-09-15,2017-02-24,M,No aplica,52938,Medio,Tradicional,Vigente,1,0
CL002314,Persona,Sebastián Castro Pérez,PA05,Colombia,Bucaramanga,Masivo,1991-08-11,2016-03-01,No especificado,No aplica,24543,Bajo,Digital,Vigente,1,0
CL002315,Persona,Martina Ramírez Romero,PA05,Colombia,Cúcuta,Banca privada,1983-04-05,2020-06-03,F,No aplica,346412,Bajo,Digital,Vigente,0,0
CL002316,Persona,Noah Smith Rodríguez,PA02,Canadá,Ottawa,Afluente,1957-06-21,2015-05-03,No especificado,No aplica,82406,Bajo,Digital,Vigente,0,0
CL002317,Persona,Étienne Tremblay Hernández,PA01,México,Veracruz,Masivo,1950-07-10,2018-10-15,M,No aplica,27575,Bajo,Híbrido,Vigente,1,0
CL002318,Persona,Liam Gómez González,PA05,Colombia,Santa Marta,Banca privada,1957-01-23,2019-09-19,No especificado,No aplica,166756,Bajo,Tradicional,Vigente,1,0
CL002319,Persona,Sofía Brown García,PA02,Canadá,Toronto,Banca privada,1964-03-23,2016-08-12,No especificado,No aplica,237719,Medio,Tradicional,Vigente,1,0
CL002320,Persona,Emma Morales Morales,PA03,Chile,Temuco,Afluente,1985-01-19,2017-10-20,No especificado,No aplica,93002,Bajo,Digital,Vigente,1,0
CL002321,Persona,Valentina Reyes Rivera,PA02,Canadá,Ottawa,Masivo,1965-12-17,2022-03-13,M,No aplica,29385,Bajo,Digital,Vigente,0,0
CL002322,Persona,Daniela González Romero,PA01,México,Mérida,Masivo,1968-08-06,2016-12-20,No especificado,No aplica,22735,Alto,Híbrido,Vigente,1,1
CL002323,Persona,Sebastián García Hernández,PA04,Perú,Arequipa,Afluente,1998-07-17,2019-03-16,No especificado,No aplica,80963,Medio,Tradicional,Vigente,0,0
CL002324,Empresa,Tremblay Salud Group,PA04,Perú,Trujillo,Corporativo,1996-07-01,2019-11-22,No aplica,Manufactura,3986873,Medio,Híbrido,Vigente,0,0
CL002325,Persona,Mateo Castro Pérez,PA02,Canadá,Edmonton,Masivo,1985-03-04,2018-03-15,M,No aplica,19932,Bajo,Digital,Vigente,0,0
CL002326,Persona,Lucas Martínez Tremblay,PA04,Perú,Tacna,Masivo,1985-04-18,2021-02-23,No especificado,No aplica,17086,Medio,Digital,Vigente,1,0
CL002327,Persona,Sebastián Rodríguez Díaz,PA04,Perú,Cusco,Masivo,1953-01-27,2016-01-07,F,No aplica,10022,Bajo,Híbrido,Vigente,0,0
CL002328,Persona,Daniela Torres Pérez,PA02,Canadá,Mississauga,Afluente,1958-03-12,2016-04-09,M,No aplica,56467,Medio,Digital,Vigente,1,0
CL002329,Persona,Mariana Martínez Romero,PA02,Canadá,Ottawa,Masivo,1954-12-26,2016-09-04,F,No aplica,29994,Alto,Digital,Vigente,1,0
CL002330,Persona,Élodie López Gómez,PA01,México,Puebla,Afluente,1982-08-15,2020-07-19,M,No aplica,50670,Bajo,Digital,Vigente,1,0
CL002331,Persona,Renata Hernández Martínez,PA04,Perú,Cusco,Masivo,1996-05-08,2015-06-01,M,No aplica,19515,Medio,Híbrido,Vigente,1,0
CL002332,Persona,Samuel Rivera Torres,PA01,México,Guadalajara,Banca privada,1951-10-13,2016-06-29,F,No aplica,144917,Medio,Digital,Vigente,1,0
CL002333,Persona,Étienne Brown Castro,PA04,Perú,Iquitos,Masivo,1966-05-25,2022-11-27,M,No aplica,15523,Bajo,Tradicional,Vigente,0,0
CL002334,Persona,Mateo Martínez Hernández,PA02,Canadá,Edmonton,Masivo,1969-04-13,2016-09-16,M,No aplica,21344,Bajo,Híbrido,Vigente,1,0
CL002335,Persona,Samuel Martínez Flores,PA03,Chile,Antofagasta,Afluente,1953-10-07,2019-06-21,M,No aplica,43825,Medio,Digital,Vigente,0,0
CL002336,Persona,Camila Smith Martínez,PA05,Colombia,Cartagena,Masivo,1948-09-10,2021-01-30,M,No aplica,23715,Alto,Digital,Vigente,1,0
CL002337,Persona,Renata Tremblay Ramírez,PA02,Canadá,Montreal,Masivo,1979-05-27,2022-06-20,No especificado,No aplica,12656,Bajo,Tradicional,Vigente,1,0
CL002338,Persona,Isabella Castro Martin,PA01,México,Toluca,Masivo,1986-01-09,2016-10-17,M,No aplica,26762,Alto,Digital,Vigente,1,0
CL002339,Persona,Ava Sánchez Pérez,PA02,Canadá,Montreal,Masivo,1959-10-11,2019-08-07,M,No aplica,10288,Bajo,Digital,Vigente,1,0
CL002340,Empresa,Smith Comercio Partners,PA02,Canadá,Vancouver,Corporativo,1981-10-01,2016-10-24,No aplica,Agroindustria,6028618,Bajo,Digital,Vigente,0,0
CL002341,Persona,Lucía Morales Morales,PA05,Colombia,Bogotá,Afluente,1987-10-17,2015-08-08,F,No aplica,55036,Medio,Tradicional,Vigente,1,0
CL002342,Persona,Valentina Martin Romero,PA03,Chile,Viña del Mar,Afluente,1969-08-05,2018-10-24,M,No aplica,86483,Medio,Digital,Vigente,1,0
CL002343,Persona,Lucía Díaz Vargas,PA01,México,Veracruz,Banca privada,1970-11-13,2017-07-19,F,No aplica,132156,Medio,Digital,Vigente,0,0
CL002344,Persona,Daniela Brown Wilson,PA05,Colombia,Cali,Masivo,1976-05-26,2021-03-09,No especificado,No aplica,19424,Medio,Digital,Vigente,1,0
CL002345,Persona,Mateo Romero Díaz,PA02,Canadá,Ottawa,Afluente,1986-01-01,2019-04-07,No especificado,No aplica,102967,Medio,Híbrido,Vigente,0,0
CL002346,Persona,Mariana Castro Vargas,PA05,Colombia,Cartagena,Banca privada,1969-02-28,2019-10-28,F,No aplica,166626,Bajo,Tradicional,Vigente,0,0
CL002347,Persona,Daniela Martin Rivera,PA03,Chile,La Serena,Afluente,1951-10-28,2015-12-19,No especificado,No aplica,85095,Medio,Híbrido,Vigente,1,0
CL002348,Persona,Étienne Sánchez Castro,PA05,Colombia,Manizales,Masivo,1994-12-21,2022-06-03,F,No aplica,21248,Bajo,Digital,Vigente,1,0
CL002349,Persona,Étienne Torres López,PA04,Perú,Lima,Masivo,2002-05-19,2022-01-21,F,No aplica,10576,Medio,Tradicional,Vigente,0,0
CL002350,Empresa,Wilson Construcción Partners,PA05,Colombia,Cali,Corporativo,2018-09-01,2021-01-02,No aplica,Tecnología,7193660,Bajo,Híbrido,Vigente,0,0
CL002351,Persona,Renata Romero Tremblay,PA01,México,Mérida,Masivo,1962-08-14,2018-09-05,M,No aplica,21556,Alto,Digital,Vigente,1,0
CL002352,Persona,Étienne Díaz Díaz,PA03,Chile,Rancagua,Afluente,1990-05-03,2017-06-23,F,No aplica,73068,Alto,Digital,Vigente,0,0
CL002353,Persona,Gabriel Vargas Ramírez,PA05,Colombia,Manizales,Afluente,2000-02-23,2018-04-18,M,No aplica,102808,Bajo,Digital,Vigente,0,0
CL002354,Persona,Sofía Ramírez Brown,PA05,Colombia,Santa Marta,Banca privada,2000-11-13,2020-08-05,F,No aplica,115750,Bajo,Digital,Vigente,0,0
CL002355,Persona,Santiago Gómez Reyes,PA02,Canadá,Vancouver,Masivo,1997-08-18,2018-05-21,M,No aplica,13775,Bajo,Tradicional,Vigente,0,0
CL002356,Persona,Sofía Smith Vargas,PA03,Chile,Santiago,Afluente,1972-12-13,2017-09-28,No especificado,No aplica,59689,Bajo,Híbrido,Vigente,1,0
CL002357,Persona,Lucas González Morales,PA01,México,León,Afluente,1971-10-27,2015-09-09,M,No aplica,40473,Bajo,Tradicional,Vigente,0,0
CL002358,Persona,Ava Díaz Díaz,PA04,Perú,Piura,Masivo,1985-12-05,2015-10-02,M,No aplica,24778,Bajo,Híbrido,Vigente,1,0
CL002359,Persona,Isabella Martin Brown,PA03,Chile,Valparaíso,Banca privada,1987-10-25,2018-06-01,M,No aplica,117867,Medio,Tradicional,Vigente,0,0
CL002360,Persona,Ava Cruz Gómez,PA05,Colombia,Medellín,Banca privada,1972-10-01,2021-07-09,No especificado,No aplica,277479,Medio,Híbrido,Vigente,1,0
CL002361,Persona,Emiliano Cruz Reyes,PA05,Colombia,Manizales,Afluente,2002-10-15,2015-11-24,No especificado,No aplica,46207,Bajo,Digital,Vigente,1,0
CL002362,Persona,Sebastián López Gómez,PA02,Canadá,Montreal,Masivo,1994-12-28,2020-05-04,No especificado,No aplica,19350,Alto,Tradicional,Vigente,0,0
CL002363,Persona,Lucía Gómez Reyes,PA04,Perú,Piura,Masivo,1982-09-16,2016-03-19,M,No aplica,10720,Alto,Tradicional,Vigente,1,0
CL002364,Persona,Emma Sánchez Díaz,PA03,Chile,Santiago,Masivo,1959-06-17,2019-12-10,M,No aplica,30453,Bajo,Digital,Vigente,1,0
CL002365,Empresa,Díaz Logística Partners,PA02,Canadá,Halifax,PyME,2019-09-01,2022-04-15,No aplica,Educación,468635,Bajo,Tradicional,Vigente,0,0
CL002366,Persona,Élodie Cruz Tremblay,PA03,Chile,Puerto Montt,Banca privada,2002-02-08,2020-10-08,M,No aplica,251488,Bajo,Digital,Vigente,1,0
CL002367,Persona,Noah Romero González,PA04,Perú,Iquitos,Masivo,1998-07-20,2016-02-02,M,No aplica,19177,Medio,Híbrido,Vigente,0,0
CL002368,Persona,Noah Castro Brown,PA02,Canadá,Calgary,Masivo,1973-10-10,2019-07-18,F,No aplica,15490,Alto,Tradicional,Vigente,1,0
CL002369,Persona,Martina Torres Martínez,PA04,Perú,Lima,Masivo,1960-10-13,2019-11-27,M,No aplica,16078,Alto,Digital,Vigente,1,0
CL002370,Persona,Sebastián Romero Flores,PA03,Chile,Antofagasta,Banca privada,1987-11-11,2019-05-01,No especificado,No aplica,316245,Bajo,Digital,Vigente,1,0
CL002371,Persona,Élodie Díaz Tremblay,PA05,Colombia,Bogotá,Masivo,1987-08-16,2022-08-09,F,No aplica,19135,Medio,Híbrido,Vigente,1,0
CL002372,Persona,Camila Gómez Castro,PA03,Chile,Antofagasta,Afluente,1980-12-10,2017-09-04,F,No aplica,61264,Bajo,Digital,Vigente,1,0
CL002373,Persona,Nicolás Smith Díaz,PA02,Canadá,Montreal,Masivo,1955-02-01,2017-03-30,M,No aplica,10741,Medio,Híbrido,Vigente,1,1
CL002374,Persona,Samuel Cruz López,PA03,Chile,Antofagasta,Masivo,1963-08-01,2017-10-06,M,No aplica,22162,Alto,Híbrido,Vigente,0,0
CL002375,Persona,Diego Díaz Brown,PA01,México,Toluca,Banca privada,1995-01-22,2016-02-06,No especificado,No aplica,352482,Medio,Tradicional,Vigente,1,0
CL002376,Persona,Santiago Tremblay Rodríguez,PA04,Perú,Cajamarca,Banca privada,1955-01-16,2017-07-13,No especificado,No aplica,131544,Bajo,Digital,Vigente,1,0
CL002377,Persona,Noah Romero Smith,PA04,Perú,Chiclayo,Banca privada,1982-06-23,2017-11-06,M,No aplica,260982,Medio,Digital,Vigente,0,0
CL002378,Persona,Camila Torres Cruz,PA04,Perú,Huancayo,Masivo,1993-07-13,2020-12-19,No especificado,No aplica,22152,Medio,Digital,Vencido,0,0
CL002379,Persona,Isabella Tremblay Brown,PA03,Chile,Santiago,Masivo,1982-01-20,2015-08-13,F,No aplica,27783,Bajo,Híbrido,Vigente,0,0
CL002380,Persona,Lucas Hernández Martínez,PA03,Chile,Viña del Mar,Banca privada,1994-01-12,2017-03-06,No especificado,No aplica,278328,Medio,Híbrido,Vigente,0,0
CL002381,Persona,Lucía Hernández López,PA05,Colombia,Bucaramanga,Masivo,1963-06-09,2021-09-18,M,No aplica,15183,Alto,Híbrido,Vigente,1,0
CL002382,Persona,Santiago Sánchez Brown,PA02,Canadá,Vancouver,Masivo,1981-01-26,2016-05-07,F,No aplica,19485,Bajo,Híbrido,Vigente,1,0
CL002383,Persona,Lucas Reyes Rodríguez,PA05,Colombia,Bucaramanga,Masivo,2001-07-02,2018-05-11,F,No aplica,11732,Bajo,Híbrido,Vigente,1,0
CL002384,Persona,Noah Sánchez Ramírez,PA01,México,Tijuana,Afluente,1951-04-19,2019-08-12,M,No aplica,74922,Medio,Híbrido,Vigente,1,0
CL002385,Persona,Ava Flores Torres,PA01,México,Ciudad de México,Masivo,1999-12-09,2016-10-09,F,No aplica,30847,Medio,Híbrido,Vigente,1,0
CL002386,Persona,Lucas López Flores,PA02,Canadá,Winnipeg,Afluente,1960-04-21,2020-11-13,F,No aplica,73776,Medio,Digital,Vigente,0,0
CL002387,Persona,Gabriel Gómez Hernández,PA05,Colombia,Barranquilla,Afluente,1948-04-19,2020-10-13,No especificado,No aplica,81590,Bajo,Digital,Vigente,1,0
CL002388,Persona,Lucía Cruz Romero,PA04,Perú,Piura,Afluente,1968-11-18,2016-08-15,No especificado,No aplica,40507,Alto,Híbrido,Vigente,1,0
CL002389,Persona,Olivia González Wilson,PA05,Colombia,Barranquilla,Banca privada,1952-08-27,2017-02-25,No especificado,No aplica,275939,Medio,Tradicional,Vigente,1,0
CL002390,Persona,Nicolás Martin Castro,PA02,Canadá,Montreal,Afluente,1988-05-08,2019-06-07,M,No aplica,88447,Bajo,Híbrido,Vigente,0,0
CL002391,Persona,Sebastián Smith Flores,PA01,México,Veracruz,Banca privada,1965-02-25,2021-08-30,No especificado,No aplica,128385,Medio,Digital,Vigente,1,0
CL002392,Persona,Sofía Castro Martin,PA01,México,Ciudad de México,Afluente,1971-03-13,2016-12-21,M,No aplica,73553,Bajo,Tradicional,Vigente,1,0
CL002393,Persona,Gabriel Sánchez Brown,PA05,Colombia,Bogotá,Masivo,1970-09-24,2021-01-05,No especificado,No aplica,13373,Bajo,Tradicional,Vigente,1,0
CL002394,Empresa,Brown Agroindustria Group,PA03,Chile,Antofagasta,PyME,1991-03-01,2021-05-03,No aplica,Educación,352460,Medio,Híbrido,Vigente,0,0
CL002395,Persona,Élodie Vargas Ramírez,PA02,Canadá,Toronto,Masivo,1952-12-22,2017-01-27,No especificado,No aplica,14024,Alto,Digital,Vigente,0,0
CL002396,Empresa,Cruz Logística Partners,PA05,Colombia,Barranquilla,PyME,1991-08-01,2017-09-20,No aplica,Comercio,593987,Alto,Híbrido,Vigente,0,0
CL002397,Persona,Ava García Tremblay,PA04,Perú,Cusco,Masivo,1985-07-01,2022-06-05,M,No aplica,20692,Bajo,Digital,Vigente,1,0
CL002398,Persona,Alejandro Pérez Wilson,PA03,Chile,Santiago,Masivo,1987-11-05,2019-04-02,M,No aplica,19680,Bajo,Híbrido,Vigente,0,0
CL002399,Persona,Mateo Rodríguez Hernández,PA05,Colombia,Barranquilla,Afluente,1982-02-18,2018-09-17,M,No aplica,105692,Alto,Híbrido,Vigente,0,0
CL002400,Persona,Isabella Martínez Wilson,PA01,México,Ciudad de México,Masivo,1961-06-14,2022-08-16,F,No aplica,14499,Medio,Digital,Vigente,0,0
CL002401,Persona,Camila Rivera Sánchez,PA05,Colombia,Pereira,Banca privada,1971-09-26,2018-09-13,M,No aplica,143322,Bajo,Híbrido,Vigente,1,0
CL002402,Empresa,Ramírez Logística Partners,PA05,Colombia,Pereira,PyME,1982-03-01,2022-09-06,No aplica,Turismo,530188,Bajo,Tradicional,Vigente,1,0
CL002403,Persona,Nicolás Díaz Rodríguez,PA01,México,León,Afluente,1955-03-25,2019-10-30,M,No aplica,51073,Alto,Híbrido,Vigente,0,0
CL002404,Empresa,Smith Salud Group,PA01,México,Querétaro,PyME,1999-11-01,2021-06-26,No aplica,Turismo,480271,Bajo,Tradicional,Vigente,0,0
CL002405,Persona,Noah Cruz Rivera,PA03,Chile,Rancagua,Afluente,1960-03-04,2015-12-28,M,No aplica,94789,Medio,Híbrido,Vigente,1,0
CL002406,Persona,Nicolás Flores Díaz,PA01,México,Ciudad de México,Masivo,1985-06-03,2015-12-23,M,No aplica,26042,Medio,Digital,Vigente,1,0
CL002407,Persona,Diego González Wilson,PA04,Perú,Cusco,Masivo,1989-11-04,2021-07-29,F,No aplica,18928,Medio,Tradicional,Vigente,1,0
CL002408,Persona,Mateo Wilson González,PA01,México,Mérida,Afluente,1964-03-18,2017-01-22,M,No aplica,76699,Bajo,Digital,Vigente,1,0
CL002409,Persona,Liam Flores Smith,PA03,Chile,La Serena,Masivo,1968-04-20,2017-10-05,No especificado,No aplica,28838,Alto,Tradicional,Vigente,0,0
CL002410,Persona,Diego Martínez Cruz,PA02,Canadá,Calgary,Afluente,1966-04-16,2017-08-31,M,No aplica,96467,Bajo,Híbrido,Vigente,0,0
CL002411,Persona,Camila Brown Sánchez,PA04,Perú,Cusco,Masivo,1958-12-23,2015-07-13,M,No aplica,14011,Alto,Híbrido,Vigente,1,0
CL002412,Persona,Ava Brown Díaz,PA04,Perú,Iquitos,Masivo,1958-08-17,2022-01-23,F,No aplica,14495,Medio,Híbrido,Vigente,0,0
CL002413,Persona,Renata López Gómez,PA01,México,Querétaro,Afluente,1964-02-25,2016-08-25,No especificado,No aplica,71549,Medio,Tradicional,Vigente,1,0
CL002414,Persona,Olivia Flores Ramírez,PA05,Colombia,Pereira,Masivo,1996-06-05,2020-03-05,M,No aplica,26447,Medio,Tradicional,Vigente,1,0
CL002415,Persona,Valentina Ramírez Tremblay,PA02,Canadá,Winnipeg,Masivo,1987-06-28,2018-07-23,F,No aplica,29280,Alto,Híbrido,Vigente,1,0
CL002416,Persona,Diego Martin Martínez,PA01,México,Guadalajara,Afluente,1972-07-13,2015-06-14,No especificado,No aplica,55570,Medio,Híbrido,Vigente,0,0
CL002417,Persona,Valentina García Romero,PA02,Canadá,Winnipeg,Masivo,1995-06-02,2018-03-30,F,No aplica,24672,Medio,Digital,Vigente,1,0
CL002418,Persona,Liam González Brown,PA02,Canadá,Ottawa,Afluente,1977-11-15,2018-04-04,F,No aplica,65141,Bajo,Digital,Vigente,1,0
CL002419,Empresa,Martin Servicios profesionales Group,PA05,Colombia,Medellín,PyME,2014-09-01,2022-04-06,No aplica,Educación,625555,Bajo,Híbrido,Vigente,1,0
CL002420,Empresa,Díaz Manufactura S.A.,PA05,Colombia,Pereira,PyME,2013-11-01,2021-06-07,No aplica,Manufactura,355231,Bajo,Digital,Vigente,1,0
CL002421,Empresa,Brown Salud S.A.,PA02,Canadá,Halifax,Corporativo,1984-08-01,2019-06-09,No aplica,Educación,8676988,Bajo,Tradicional,Vigente,0,0
CL002422,Persona,Camila Rodríguez García,PA04,Perú,Lima,Masivo,1977-02-16,2019-05-28,No especificado,No aplica,19153,Bajo,Híbrido,Vigente,0,0
CL002423,Empresa,Rivera Manufactura S.A.,PA01,México,Querétaro,PyME,2007-02-01,2015-12-05,No aplica,Logística,465085,Bajo,Híbrido,Vigente,0,0
CL002424,Persona,Mateo Romero Torres,PA02,Canadá,Halifax,Banca privada,1973-05-24,2016-03-17,F,No aplica,258251,Medio,Híbrido,Vigente,1,0
CL002425,Empresa,Torres Servicios profesionales Partners,PA01,México,Tijuana,PyME,2014-08-01,2017-02-17,No aplica,Salud,433004,Alto,Tradicional,Vigente,1,0
CL002426,Persona,Valentina Hernández Smith,PA03,Chile,Antofagasta,Afluente,1990-08-14,2020-09-26,F,No aplica,75615,Medio,Digital,Vigente,1,0
CL002427,Persona,Lucas Romero Tremblay,PA03,Chile,Viña del Mar,Masivo,1968-10-14,2020-07-30,M,No aplica,12526,Medio,Híbrido,Vigente,1,0
CL002428,Persona,Sofía Reyes Brown,PA05,Colombia,Cúcuta,Banca privada,1957-06-02,2017-11-19,F,No aplica,346389,Bajo,Híbrido,Vigente,1,0
CL002429,Persona,Liam Díaz Castro,PA05,Colombia,Medellín,Afluente,1973-04-23,2016-08-11,M,No aplica,91171,Alto,Digital,Vigente,1,0
CL002430,Persona,Ava Hernández García,PA05,Colombia,Cartagena,Masivo,1961-12-17,2017-06-11,No especificado,No aplica,13499,Bajo,Tradicional,Vigente,0,0
CL002431,Persona,Lucía Romero Martin,PA03,Chile,Viña del Mar,Masivo,1974-02-02,2019-06-23,M,No aplica,18130,Medio,Híbrido,Vigente,1,0
CL002432,Persona,Diego Reyes Torres,PA05,Colombia,Bogotá,Afluente,1996-01-20,2017-08-24,No especificado,No aplica,84563,Bajo,Híbrido,Vigente,1,0
CL002433,Persona,Emma Vargas Romero,PA01,México,Mérida,Afluente,1979-08-05,2019-12-31,No especificado,No aplica,87077,Medio,Digital,Vencido,1,0
CL002434,Persona,Ava Vargas Gómez,PA01,México,Querétaro,Afluente,1989-08-17,2017-09-27,No especificado,No aplica,105227,Alto,Híbrido,Vigente,1,0
CL002435,Persona,Noah Brown Ramírez,PA05,Colombia,Medellín,Afluente,1971-12-18,2019-02-19,No especificado,No aplica,46305,Medio,Tradicional,Vigente,1,0
CL002436,Persona,Mariana Ramírez Reyes,PA04,Perú,Lima,Masivo,1966-10-10,2019-01-31,M,No aplica,16529,Bajo,Digital,Vigente,1,0
CL002437,Persona,Martina Reyes Castro,PA03,Chile,Rancagua,Masivo,1978-07-28,2016-02-16,F,No aplica,27082,Bajo,Híbrido,Vigente,1,0
CL002438,Persona,Diego García Martínez,PA04,Perú,Huancayo,Masivo,1993-09-12,2020-11-23,No especificado,No aplica,11197,Bajo,Digital,Vigente,0,0
CL002439,Persona,Daniela Martínez Díaz,PA04,Perú,Cajamarca,Afluente,1960-08-12,2017-05-20,F,No aplica,80297,Alto,Híbrido,Vigente,0,0
CL002440,Persona,Lucía López García,PA04,Perú,Cajamarca,Masivo,1949-10-20,2020-05-16,F,No aplica,20831,Medio,Híbrido,Vigente,0,0
CL002441,Empresa,Morales Educación S.A.,PA03,Chile,La Serena,PyME,1996-11-01,2022-08-22,No aplica,Servicios profesionales,650747,Medio,Híbrido,Vigente,1,0
CL002442,Empresa,Rivera Logística Latam,PA01,México,Toluca,Corporativo,1980-11-01,2022-06-04,No aplica,Servicios profesionales,8533123,Medio,Híbrido,Vigente,1,0
CL002443,Persona,Martina García Tremblay,PA03,Chile,Valparaíso,Afluente,1953-02-15,2018-06-03,M,No aplica,103140,Medio,Digital,Vigente,1,0
CL002444,Persona,Alejandro Rodríguez Brown,PA05,Colombia,Santa Marta,Masivo,1982-04-22,2020-08-27,F,No aplica,15997,Medio,Híbrido,Vigente,0,0
CL002445,Persona,Martina Castro Reyes,PA01,México,Toluca,Banca privada,1963-04-08,2021-08-29,F,No aplica,208856,Alto,Híbrido,Vigente,1,0
CL002446,Persona,Emma Brown Smith,PA04,Perú,Lima,Afluente,1969-01-19,2016-04-06,No especificado,No aplica,62400,Medio,Digital,Vigente,0,0
CL002447,Empresa,Martínez Educación Latam,PA02,Canadá,Québec,Corporativo,1986-06-01,2016-09-03,No aplica,Logística,8053253,Medio,Híbrido,Vigente,1,0
CL002448,Persona,Ava Tremblay Díaz,PA01,México,Guadalajara,Masivo,1952-12-18,2019-01-29,No especificado,No aplica,11037,Alto,Digital,Vigente,1,0
CL002449,Persona,Lucas Pérez Cruz,PA04,Perú,Trujillo,Afluente,1948-01-15,2016-10-16,F,No aplica,84336,Medio,Híbrido,Vigente,1,0
CL002450,Persona,Samuel Cruz Cruz,PA01,México,Tijuana,Masivo,1965-10-26,2020-10-09,F,No aplica,30557,Medio,Tradicional,Vigente,0,0
CL002451,Persona,Lucas Martínez Torres,PA04,Perú,Trujillo,Banca privada,1987-04-07,2016-12-31,No especificado,No aplica,243920,Alto,Tradicional,Vigente,1,0
CL002452,Persona,Mateo Smith Rodríguez,PA05,Colombia,Bogotá,Masivo,1995-02-28,2016-03-27,M,No aplica,26966,Bajo,Híbrido,Vencido,1,0
CL002453,Persona,Martina Castro Rivera,PA03,Chile,Viña del Mar,Afluente,1987-12-22,2015-10-07,No especificado,No aplica,47040,Bajo,Digital,Vigente,1,0
CL002454,Persona,Emiliano Pérez Hernández,PA02,Canadá,Mississauga,Afluente,1984-04-25,2021-09-27,F,No aplica,87624,Bajo,Digital,Vigente,1,0
CL002455,Empresa,Castro Comercio Group,PA03,Chile,Viña del Mar,PyME,1998-07-01,2019-01-14,No aplica,Agroindustria,364020,Alto,Híbrido,Vigente,0,0
CL002456,Empresa,Vargas Comercio Group,PA03,Chile,Valparaíso,PyME,1997-11-01,2019-07-01,No aplica,Servicios profesionales,762372,Medio,Tradicional,Vigente,0,0
CL002457,Persona,Mariana Rodríguez Rivera,PA02,Canadá,Edmonton,Afluente,1998-04-01,2020-05-15,No especificado,No aplica,45532,Bajo,Digital,Vigente,1,0
CL002458,Persona,Olivia Martin Flores,PA03,Chile,Valparaíso,Afluente,1970-03-06,2018-11-10,F,No aplica,59367,Bajo,Digital,Por vencer,0,0
CL002459,Persona,Valentina Wilson Martin,PA03,Chile,Antofagasta,Afluente,1958-11-08,2016-10-25,No especificado,No aplica,49349,Medio,Digital,Vigente,0,0
CL002460,Persona,Valentina Díaz Cruz,PA01,México,León,Masivo,1980-08-20,2017-05-06,F,No aplica,13454,Medio,Tradicional,Vigente,1,0
CL002461,Persona,Emiliano Vargas Díaz,PA05,Colombia,Cúcuta,Masivo,1955-03-23,2017-05-11,No especificado,No aplica,19969,Medio,Digital,Vigente,0,0
CL002462,Persona,Sofía Morales Vargas,PA03,Chile,Santiago,Masivo,1992-10-01,2019-12-16,F,No aplica,25680,Bajo,Digital,Vigente,1,0
CL002463,Persona,Daniela Sánchez Ramírez,PA01,México,Ciudad de México,Banca privada,1999-01-03,2020-01-27,No especificado,No aplica,213568,Alto,Digital,Vigente,1,0
CL002464,Persona,Valentina Rivera Brown,PA03,Chile,Antofagasta,Masivo,1979-04-21,2020-02-03,No especificado,No aplica,25059,Alto,Tradicional,Vigente,0,0
CL002465,Persona,Liam García Flores,PA01,México,Tijuana,Banca privada,1976-05-27,2016-05-05,M,No aplica,207597,Bajo,Híbrido,Vigente,1,0
CL002466,Persona,Emma González Cruz,PA03,Chile,Antofagasta,Banca privada,1994-05-03,2022-06-28,M,No aplica,276313,Bajo,Tradicional,Vigente,1,0
CL002467,Persona,Noah García Tremblay,PA04,Perú,Iquitos,Masivo,1963-03-13,2016-02-07,M,No aplica,24048,Bajo,Híbrido,Vigente,1,0
CL002468,Persona,Martina Martínez Ramírez,PA01,México,Tijuana,Masivo,1971-10-23,2018-09-06,F,No aplica,27646,Bajo,Digital,Vigente,0,0
CL002469,Persona,Valentina Martin Flores,PA05,Colombia,Santa Marta,Banca privada,1962-10-06,2019-09-08,F,No aplica,327910,Bajo,Tradicional,Vigente,1,0
CL002470,Persona,Étienne Tremblay Tremblay,PA01,México,Monterrey,Afluente,2000-11-08,2021-07-09,M,No aplica,55514,Medio,Tradicional,Vigente,1,0
CL002471,Persona,Camila García Romero,PA05,Colombia,Cúcuta,Masivo,2003-01-07,2018-11-30,No especificado,No aplica,24608,Medio,Digital,Vigente,1,0
CL002472,Persona,Sofía Torres Brown,PA01,México,Mérida,Banca privada,1957-10-25,2017-08-27,M,No aplica,198141,Medio,Tradicional,Vigente,0,0
CL002473,Persona,Emma García Vargas,PA04,Perú,Iquitos,Afluente,1969-12-09,2017-06-07,No especificado,No aplica,37463,Medio,Híbrido,Vigente,1,0
CL002474,Persona,Élodie García Rivera,PA01,México,Puebla,Masivo,1960-01-12,2015-07-22,No especificado,No aplica,29076,Medio,Digital,Vigente,0,0
CL002475,Persona,Renata García Romero,PA02,Canadá,Montreal,Banca privada,1952-02-17,2019-07-10,F,No aplica,361542,Bajo,Híbrido,Vigente,0,0
CL002476,Persona,Liam Hernández Hernández,PA04,Perú,Cajamarca,Afluente,1972-04-03,2022-10-14,M,No aplica,47030,Medio,Digital,Vigente,1,0
CL002477,Persona,Diego Martin Smith,PA05,Colombia,Cali,Masivo,1983-08-08,2016-04-10,M,No aplica,30088,Bajo,Digital,Vigente,1,0
CL002478,Persona,Mariana Martínez Pérez,PA01,México,Guadalajara,Masivo,2003-07-24,2021-09-28,F,No aplica,24508,Bajo,Híbrido,Vigente,0,0
CL002479,Persona,Sofía Torres Brown,PA04,Perú,Arequipa,Masivo,1953-07-15,2020-12-12,M,No aplica,21953,Medio,Híbrido,Vigente,1,0
CL002480,Persona,Étienne Romero Cruz,PA03,Chile,Santiago,Masivo,1949-07-19,2019-08-10,F,No aplica,11209,Bajo,Digital,Vigente,0,0
CL002481,Persona,Valentina González Cruz,PA04,Perú,Lima,Afluente,1984-07-05,2021-04-21,No especificado,No aplica,102914,Alto,Digital,Vigente,1,0
CL002482,Persona,Mateo Torres Ramírez,PA04,Perú,Piura,Afluente,1990-11-16,2017-12-01,M,No aplica,90977,Bajo,Híbrido,Vigente,0,0
CL002483,Persona,Emma Morales Pérez,PA03,Chile,Temuco,Masivo,1967-03-02,2021-07-29,No especificado,No aplica,23961,Medio,Digital,Vigente,0,0
CL002484,Persona,Gabriel Castro Hernández,PA01,México,Veracruz,Afluente,1951-10-08,2018-10-06,M,No aplica,107664,Bajo,Tradicional,Vigente,1,0
CL002485,Persona,Renata Wilson Ramírez,PA05,Colombia,Barranquilla,Afluente,1980-05-11,2018-08-09,No especificado,No aplica,83112,Alto,Híbrido,Vigente,1,0
CL002486,Persona,Samuel Gómez Torres,PA03,Chile,Concepción,Afluente,1985-07-07,2017-06-20,No especificado,No aplica,100319,Medio,Digital,Vigente,0,0
CL002487,Persona,Alejandro Pérez Hernández,PA03,Chile,Rancagua,Masivo,1961-11-26,2022-10-21,F,No aplica,14449,Bajo,Tradicional,Vigente,1,0
CL002488,Persona,Diego Brown Sánchez,PA03,Chile,Talca,Masivo,1987-05-19,2018-12-25,No especificado,No aplica,20536,Medio,Digital,Vigente,0,0
CL002489,Persona,Valentina Morales Smith,PA02,Canadá,Halifax,Masivo,1976-05-01,2018-06-18,M,No aplica,17435,Medio,Híbrido,Vigente,1,0
CL002490,Persona,Olivia Vargas Flores,PA03,Chile,Santiago,Masivo,2003-04-10,2016-10-19,No especificado,No aplica,30241,Medio,Híbrido,Vigente,1,0
CL002491,Persona,Ava Vargas Hernández,PA01,México,Querétaro,Masivo,2000-06-18,2021-05-01,M,No aplica,16663,Alto,Tradicional,Vigente,1,0
CL002492,Empresa,Torres Salud Partners,PA02,Canadá,Ottawa,PyME,2012-06-01,2016-02-23,No aplica,Logística,636240,Alto,Tradicional,Vigente,1,0
CL002493,Persona,Renata Martin González,PA03,Chile,Antofagasta,Masivo,1976-10-24,2017-10-22,F,No aplica,18353,Bajo,Híbrido,Vigente,1,0
CL002494,Persona,Renata Hernández Romero,PA03,Chile,Talca,Afluente,1987-07-21,2021-08-31,F,No aplica,100552,Bajo,Digital,Vigente,0,0
CL002495,Persona,Lucas Romero Tremblay,PA05,Colombia,Cartagena,Afluente,1958-10-22,2017-09-14,F,No aplica,59827,Bajo,Tradicional,Vigente,1,0
CL002496,Persona,Renata González Castro,PA05,Colombia,Bogotá,Masivo,1989-02-21,2018-03-17,F,No aplica,20666,Medio,Híbrido,Vigente,1,0
CL002497,Persona,Liam Martin García,PA01,México,Puebla,Masivo,1973-03-24,2019-04-03,F,No aplica,14593,Bajo,Digital,Vigente,1,0
CL002498,Persona,Ava Brown Pérez,PA05,Colombia,Cartagena,Afluente,1982-01-03,2018-05-30,M,No aplica,96422,Medio,Digital,Vigente,1,0
CL002499,Persona,Camila Hernández Gómez,PA04,Perú,Trujillo,Afluente,1988-11-20,2019-04-28,F,No aplica,103961,Bajo,Híbrido,Vigente,1,0
CL002500,Empresa,Ramírez Logística Latam,PA02,Canadá,Edmonton,PyME,2012-01-01,2022-08-06,No aplica,Construcción,540862,Bajo,Digital,Vigente,1,0
CL002501,Persona,Liam González Cruz,PA01,México,León,Afluente,1958-03-04,2020-06-13,No especificado,No aplica,100492,Bajo,Híbrido,Vigente,1,0
CL002502,Persona,Étienne Cruz Cruz,PA05,Colombia,Cali,Banca privada,1983-04-02,2018-01-12,F,No aplica,152193,Medio,Híbrido,Vigente,0,0
CL002503,Persona,Santiago Wilson Castro,PA02,Canadá,Montreal,Afluente,1960-09-14,2016-07-06,No especificado,No aplica,80544,Medio,Tradicional,Vigente,1,0
CL002504,Empresa,Tremblay Tecnología Partners,PA02,Canadá,Québec,PyME,2006-10-01,2020-08-22,No aplica,Tecnología,720798,Alto,Digital,Vigente,0,0
CL002505,Empresa,Díaz Salud S.A.,PA03,Chile,Concepción,PyME,1990-03-01,2021-03-26,No aplica,Comercio,301691,Medio,Híbrido,Vigente,1,0
CL002506,Persona,Emiliano Sánchez Martínez,PA01,México,Veracruz,Afluente,1989-01-12,2018-07-21,F,No aplica,103989,Alto,Digital,Vigente,1,0
CL002507,Persona,Samuel Pérez Vargas,PA01,México,Mérida,Masivo,1999-06-12,2020-10-22,No especificado,No aplica,25843,Medio,Híbrido,Vigente,1,0
CL002508,Persona,Noah Tremblay González,PA02,Canadá,Vancouver,Banca privada,1972-11-22,2016-04-05,F,No aplica,166151,Medio,Híbrido,Vigente,1,0
CL002509,Persona,Élodie Tremblay Brown,PA01,México,León,Masivo,1998-05-21,2019-09-29,No especificado,No aplica,24307,Medio,Tradicional,Vigente,1,0
CL002510,Persona,Mateo Morales Vargas,PA01,México,Veracruz,Masivo,1953-11-07,2020-12-24,F,No aplica,15173,Medio,Digital,Vigente,0,0
CL002511,Persona,Santiago Flores Rivera,PA05,Colombia,Manizales,Masivo,1992-12-15,2016-08-05,M,No aplica,27764,Bajo,Digital,Vigente,1,0
CL002512,Persona,Lucas López Rodríguez,PA04,Perú,Chiclayo,Masivo,1955-06-13,2022-07-05,No especificado,No aplica,10200,Medio,Híbrido,Vigente,1,0
CL002513,Persona,Sebastián Castro Morales,PA04,Perú,Piura,Afluente,1980-09-18,2017-05-04,No especificado,No aplica,64078,Alto,Digital,Vigente,1,0
CL002514,Persona,Lucía Flores Reyes,PA03,Chile,Viña del Mar,Afluente,1954-11-19,2016-04-30,F,No aplica,88084,Medio,Híbrido,Vigente,1,0
CL002515,Persona,Noah Pérez Ramírez,PA01,México,Monterrey,Afluente,1978-12-28,2018-02-12,F,No aplica,42510,Bajo,Híbrido,Vigente,1,0
CL002516,Persona,Martina Vargas García,PA01,México,Ciudad de México,Banca privada,1958-11-03,2020-09-12,F,No aplica,337463,Medio,Digital,Vigente,1,0
CL002517,Empresa,Pérez Construcción Partners,PA04,Perú,Arequipa,Corporativo,1983-03-01,2015-08-09,No aplica,Tecnología,2714173,Medio,Tradicional,Vigente,1,0
CL002518,Persona,Lucía Romero García,PA03,Chile,Valparaíso,Masivo,1964-04-13,2016-01-10,F,No aplica,24614,Bajo,Híbrido,Vigente,1,0
CL002519,Persona,Diego Castro Rodríguez,PA01,México,León,Afluente,1985-02-14,2020-10-29,No especificado,No aplica,56335,Bajo,Tradicional,Vigente,1,0
CL002520,Persona,Élodie Martin López,PA03,Chile,Temuco,Masivo,1955-11-07,2017-02-12,F,No aplica,14205,Medio,Tradicional,Vigente,1,0
CL002521,Persona,Sebastián Martínez Wilson,PA05,Colombia,Barranquilla,Masivo,1978-07-01,2018-07-23,M,No aplica,26484,Bajo,Digital,Vigente,1,0
CL002522,Persona,Mateo Morales Vargas,PA05,Colombia,Bucaramanga,Masivo,1999-07-12,2017-05-26,No especificado,No aplica,23385,Alto,Híbrido,Vigente,0,0
CL002523,Persona,Étienne Díaz Flores,PA02,Canadá,Ottawa,Masivo,1982-01-10,2017-10-07,F,No aplica,23302,Bajo,Tradicional,Vigente,1,0
CL002524,Persona,Emiliano Tremblay González,PA05,Colombia,Pereira,Afluente,1961-07-23,2021-09-27,M,No aplica,90370,Medio,Digital,Vigente,0,0
CL002525,Persona,Noah Tremblay Pérez,PA01,México,Guadalajara,Afluente,1986-11-23,2015-10-13,F,No aplica,92667,Alto,Tradicional,Vigente,1,0
CL002526,Persona,Lucía García Vargas,PA04,Perú,Lima,Afluente,1989-11-13,2019-07-05,No especificado,No aplica,102386,Bajo,Digital,Vigente,1,0
CL002527,Persona,Isabella López Sánchez,PA04,Perú,Iquitos,Masivo,2002-06-28,2016-07-21,M,No aplica,19034,Medio,Híbrido,Vigente,0,0
CL002528,Persona,Renata López Ramírez,PA03,Chile,Santiago,Masivo,1950-01-28,2020-01-29,M,No aplica,19689,Alto,Híbrido,Vigente,0,0
CL002529,Persona,Daniela Reyes Pérez,PA04,Perú,Lima,Masivo,1980-01-23,2022-03-16,No especificado,No aplica,28934,Bajo,Híbrido,Vigente,1,0
CL002530,Persona,Alejandro Tremblay García,PA04,Perú,Huancayo,Banca privada,1999-07-05,2020-04-14,No especificado,No aplica,225595,Bajo,Digital,Vigente,0,0
CL002531,Persona,Valentina Martin Romero,PA03,Chile,Antofagasta,Afluente,1990-09-03,2015-08-23,M,No aplica,69651,Alto,Híbrido,Vigente,1,0
CL002532,Persona,Camila Torres Tremblay,PA02,Canadá,Winnipeg,Masivo,1975-02-21,2019-10-10,No especificado,No aplica,21279,Bajo,Tradicional,Vigente,0,0
CL002533,Empresa,Martínez Comercio Partners,PA03,Chile,Valparaíso,PyME,1997-07-01,2021-09-22,No aplica,Logística,506225,Alto,Híbrido,Vigente,1,0
CL002534,Persona,Mariana Sánchez Martin,PA04,Perú,Iquitos,Afluente,1986-05-25,2021-01-21,M,No aplica,103316,Medio,Digital,Vigente,1,0
CL002535,Persona,Lucas Rivera Martin,PA05,Colombia,Medellín,Masivo,1978-11-16,2022-03-09,M,No aplica,27999,Medio,Híbrido,Vigente,0,0
CL002536,Persona,Isabella Flores Gómez,PA01,México,Ciudad de México,Masivo,1997-10-13,2021-07-24,M,No aplica,31331,Medio,Digital,Vigente,0,0
CL002537,Persona,Renata Morales Hernández,PA02,Canadá,Québec,Afluente,1959-05-05,2020-10-17,F,No aplica,44796,Alto,Híbrido,Vigente,1,0
CL002538,Empresa,Ramírez Salud Latam,PA03,Chile,Viña del Mar,PyME,1986-04-01,2019-04-24,No aplica,Comercio,345933,Medio,Híbrido,Vigente,1,0
CL002539,Persona,Mariana Rodríguez Romero,PA03,Chile,Santiago,Banca privada,1990-03-19,2020-01-20,M,No aplica,355921,Medio,Tradicional,Vigente,0,0
CL002540,Persona,Alejandro Ramírez García,PA03,Chile,Talca,Masivo,1954-01-27,2018-12-06,No especificado,No aplica,23545,Medio,Digital,Vigente,0,0
CL002541,Persona,Sofía Vargas Rodríguez,PA02,Canadá,Mississauga,Banca privada,1983-04-26,2019-09-25,No especificado,No aplica,318934,Bajo,Tradicional,Vigente,1,0
CL002542,Persona,Santiago Torres Wilson,PA03,Chile,Valparaíso,Masivo,1955-01-21,2020-10-22,No especificado,No aplica,15547,Alto,Digital,Vigente,1,0
CL002543,Empresa,Brown Turismo Partners,PA03,Chile,Rancagua,PyME,1985-10-01,2019-07-15,No aplica,Turismo,221324,Medio,Híbrido,Vigente,0,0
CL002544,Persona,Sebastián Smith Hernández,PA03,Chile,Concepción,Afluente,1994-05-03,2020-06-21,No especificado,No aplica,41963,Medio,Digital,Vigente,1,0
CL002545,Persona,Martina Rodríguez Torres,PA01,México,Puebla,Banca privada,1966-08-22,2017-08-28,M,No aplica,117871,Bajo,Digital,Vigente,0,0
CL002546,Persona,Renata Rodríguez Rodríguez,PA04,Perú,Piura,Banca privada,1963-09-20,2022-11-17,No especificado,No aplica,354778,Alto,Digital,Vigente,1,0
CL002547,Persona,Valentina González Wilson,PA04,Perú,Piura,Afluente,1978-08-02,2019-08-13,M,No aplica,58159,Bajo,Híbrido,Vigente,0,0
CL002548,Persona,Renata Gómez Martínez,PA03,Chile,Concepción,Masivo,1982-10-09,2022-07-31,F,No aplica,13611,Bajo,Híbrido,Vigente,1,0
CL002549,Persona,Nicolás Castro Pérez,PA05,Colombia,Santa Marta,Banca privada,1990-03-19,2021-01-06,M,No aplica,191643,Bajo,Tradicional,Vigente,1,0
CL002550,Persona,Diego Castro Flores,PA01,México,Tijuana,Afluente,1963-01-20,2017-09-12,F,No aplica,104797,Medio,Híbrido,Vigente,0,0
CL002551,Persona,Nicolás Martin Gómez,PA04,Perú,Trujillo,Afluente,1994-11-27,2020-01-09,No especificado,No aplica,98806,Medio,Híbrido,Vigente,1,0
CL002552,Persona,Sebastián Smith Martínez,PA05,Colombia,Cali,Afluente,1986-04-16,2018-10-23,M,No aplica,68128,Alto,Híbrido,Vigente,1,0
CL002553,Persona,Olivia Gómez Smith,PA01,México,León,Afluente,1986-06-13,2017-07-13,F,No aplica,91583,Bajo,Digital,Vigente,1,0
CL002554,Persona,Emma García Díaz,PA02,Canadá,Winnipeg,Banca privada,1981-07-02,2020-10-06,No especificado,No aplica,280175,Bajo,Híbrido,Vigente,1,0
CL002555,Empresa,Ramírez Tecnología S.A.,PA05,Colombia,Medellín,Corporativo,2003-01-01,2022-10-14,No aplica,Servicios profesionales,3454878,Medio,Híbrido,Vigente,1,0
CL002556,Persona,Élodie Tremblay Martínez,PA05,Colombia,Manizales,Afluente,1965-06-16,2017-06-03,M,No aplica,75006,Bajo,Digital,Vigente,1,0
CL002557,Persona,Étienne Brown Vargas,PA03,Chile,Puerto Montt,Afluente,1968-09-23,2017-02-03,M,No aplica,55555,Bajo,Tradicional,Vigente,1,0
CL002558,Empresa,Morales Servicios profesionales S.A.,PA03,Chile,Santiago,PyME,1999-08-01,2018-07-09,No aplica,Logística,613875,Bajo,Digital,Vigente,0,0
CL002559,Persona,Santiago Hernández Hernández,PA05,Colombia,Cali,Afluente,1960-03-16,2016-12-01,F,No aplica,53919,Alto,Digital,Vigente,1,0
CL002560,Persona,Emma Rodríguez García,PA02,Canadá,Vancouver,Afluente,2003-08-05,2021-01-24,F,No aplica,62557,Bajo,Híbrido,Vigente,1,0
CL002561,Empresa,Smith Agroindustria Group,PA03,Chile,Antofagasta,Corporativo,1993-06-01,2020-04-30,No aplica,Servicios profesionales,4255701,Bajo,Híbrido,Vigente,1,0
CL002562,Persona,Alejandro López Tremblay,PA01,México,Ciudad de México,Afluente,1984-07-28,2021-04-24,M,No aplica,38978,Medio,Digital,Vigente,0,0
CL002563,Persona,Ava Rivera Díaz,PA04,Perú,Cajamarca,Afluente,1998-03-27,2016-12-10,F,No aplica,68451,Medio,Tradicional,Vigente,0,1
CL002564,Empresa,Morales Construcción Partners,PA04,Perú,Huancayo,PyME,2013-10-01,2017-12-13,No aplica,Turismo,494434,Bajo,Digital,Vigente,0,0
CL002565,Persona,Liam Martin Hernández,PA05,Colombia,Pereira,Banca privada,1963-12-07,2017-09-10,M,No aplica,244540,Medio,Tradicional,Vigente,1,0
CL002566,Persona,Mateo García Wilson,PA03,Chile,Talca,Masivo,1967-02-10,2022-05-03,M,No aplica,20531,Alto,Híbrido,Vigente,0,0
CL002567,Persona,Ava Rodríguez Gómez,PA05,Colombia,Medellín,Afluente,1957-02-27,2022-02-08,No especificado,No aplica,92996,Alto,Digital,Vigente,0,0
CL002568,Persona,Diego Flores Rivera,PA04,Perú,Cusco,Masivo,1961-01-01,2016-10-13,F,No aplica,11291,Bajo,Híbrido,Vigente,0,0
CL002569,Persona,Martina Flores Wilson,PA01,México,León,Masivo,1952-12-26,2018-09-08,No especificado,No aplica,16907,Medio,Híbrido,Vigente,1,0
CL002570,Persona,Gabriel Castro Tremblay,PA03,Chile,Antofagasta,Masivo,1982-09-11,2020-04-29,F,No aplica,21821,Medio,Tradicional,Vigente,1,0
CL002571,Persona,Santiago López Flores,PA04,Perú,Piura,Banca privada,1955-09-17,2022-08-07,No especificado,No aplica,229313,Medio,Digital,Vigente,1,0
CL002572,Persona,Étienne Castro López,PA05,Colombia,Cúcuta,Afluente,1971-10-10,2019-12-27,M,No aplica,69965,Medio,Híbrido,Vigente,1,1
CL002573,Persona,Isabella Pérez Wilson,PA01,México,Guadalajara,Afluente,1949-01-14,2016-06-17,No especificado,No aplica,98166,Medio,Digital,Vigente,0,0
CL002574,Persona,Gabriel Flores Rodríguez,PA04,Perú,Cajamarca,Masivo,1951-03-14,2020-08-31,F,No aplica,11489,Bajo,Tradicional,Vigente,0,0
CL002575,Empresa,Tremblay Servicios profesionales Group,PA01,México,Puebla,PyME,2009-07-01,2019-04-08,No aplica,Turismo,489058,Bajo,Digital,Vigente,0,0
CL002576,Persona,Mariana Cruz Wilson,PA01,México,Veracruz,Banca privada,1954-11-02,2015-12-30,F,No aplica,121381,Medio,Tradicional,Vigente,0,0
CL002577,Persona,Liam Morales Martínez,PA01,México,Querétaro,Masivo,1984-09-17,2016-01-27,No especificado,No aplica,28825,Bajo,Tradicional,Vigente,0,0
CL002578,Persona,Camila Castro Vargas,PA04,Perú,Cajamarca,Masivo,1998-07-16,2021-12-09,F,No aplica,10076,Bajo,Tradicional,Vigente,1,0
CL002579,Persona,Mariana García González,PA01,México,Ciudad de México,Afluente,1952-07-28,2016-07-04,No especificado,No aplica,70124,Medio,Híbrido,Vigente,1,0
CL002580,Empresa,Rodríguez Educación Latam,PA01,México,Tijuana,PyME,1996-01-01,2020-09-30,No aplica,Servicios profesionales,785608,Bajo,Digital,Vigente,0,0
CL002581,Persona,Alejandro Brown Martínez,PA05,Colombia,Santa Marta,Banca privada,1985-03-20,2021-09-05,No especificado,No aplica,340589,Alto,Tradicional,Vigente,1,0
CL002582,Persona,Santiago Brown Hernández,PA02,Canadá,Toronto,Masivo,1991-04-21,2017-10-10,F,No aplica,15849,Alto,Tradicional,Vigente,1,0
CL002583,Persona,Mariana Tremblay Hernández,PA04,Perú,Cajamarca,Afluente,1962-03-13,2019-03-12,M,No aplica,102486,Medio,Híbrido,Vigente,0,0
CL002584,Persona,Olivia Gómez Rivera,PA01,México,Puebla,Masivo,1983-09-27,2021-05-06,F,No aplica,22445,Medio,Híbrido,Vigente,1,0
CL002585,Persona,Ava Martin Flores,PA01,México,Veracruz,Masivo,1978-06-07,2016-09-07,No especificado,No aplica,24889,Alto,Híbrido,Vigente,1,0
CL002586,Persona,Alejandro Díaz Martínez,PA01,México,León,Afluente,1981-09-14,2016-05-18,F,No aplica,82292,Bajo,Digital,Vigente,0,0
CL002587,Empresa,García Construcción S.A.,PA03,Chile,Valparaíso,PyME,1998-11-01,2016-11-05,No aplica,Logística,583835,Alto,Digital,Vigente,0,0
CL002588,Persona,Nicolás López Torres,PA03,Chile,Antofagasta,Masivo,1993-02-22,2020-05-19,F,No aplica,30882,Bajo,Digital,Vigente,0,0
CL002589,Persona,Mariana Brown Tremblay,PA04,Perú,Lima,Afluente,1999-08-04,2022-04-16,F,No aplica,45147,Alto,Híbrido,Vigente,1,0
CL002590,Persona,Isabella Tremblay Díaz,PA01,México,Querétaro,Afluente,1999-06-18,2017-08-03,No especificado,No aplica,61470,Bajo,Tradicional,Vigente,1,0
CL002591,Empresa,Wilson Tecnología Partners,PA03,Chile,Puerto Montt,PyME,1991-01-01,2022-08-11,No aplica,Salud,261769,Bajo,Híbrido,Vigente,1,0
CL002592,Persona,Santiago Romero Brown,PA02,Canadá,Toronto,Afluente,2002-12-16,2020-03-08,M,No aplica,81871,Bajo,Tradicional,Vigente,1,0
CL002593,Persona,Sofía Smith Hernández,PA02,Canadá,Vancouver,Masivo,2003-10-03,2019-04-14,No especificado,No aplica,29603,Medio,Digital,Vigente,1,0
CL002594,Persona,Nicolás Hernández Cruz,PA02,Canadá,Ottawa,Masivo,1996-11-18,2019-03-12,M,No aplica,26413,Bajo,Tradicional,Vigente,1,0
CL002595,Persona,Liam Cruz Díaz,PA03,Chile,Valparaíso,Masivo,1997-02-28,2021-12-11,F,No aplica,27662,Medio,Tradicional,Vigente,1,0
CL002596,Persona,Camila Díaz Torres,PA05,Colombia,Medellín,Afluente,1989-09-09,2016-09-06,F,No aplica,86597,Bajo,Híbrido,Vigente,1,0
CL002597,Persona,Olivia Cruz Hernández,PA04,Perú,Lima,Afluente,1981-06-19,2018-05-07,M,No aplica,84343,Alto,Híbrido,Vigente,1,0
CL002598,Persona,Diego Smith Morales,PA05,Colombia,Bucaramanga,Masivo,1998-04-26,2016-09-10,No especificado,No aplica,28444,Medio,Tradicional,Vigente,1,0
CL002599,Persona,Nicolás Romero González,PA03,Chile,Antofagasta,Masivo,1977-03-04,2021-07-02,No especificado,No aplica,25312,Medio,Híbrido,Vigente,0,0
CL002600,Persona,Daniela Smith Romero,PA02,Canadá,Halifax,Masivo,1992-06-24,2021-07-30,M,No aplica,25461,Medio,Híbrido,Vigente,0,0
CL002601,Empresa,García Comercio S.A.,PA03,Chile,Talca,Corporativo,1988-12-01,2015-11-08,No aplica,Construcción,3119408,Bajo,Tradicional,Vigente,1,0
CL002602,Persona,Diego Martin Hernández,PA03,Chile,Temuco,Banca privada,1969-05-24,2017-03-27,F,No aplica,362554,Bajo,Tradicional,Vigente,1,0
CL002603,Persona,Gabriel Ramírez López,PA04,Perú,Iquitos,Afluente,1991-05-24,2022-04-18,F,No aplica,102549,Alto,Tradicional,Vigente,1,0
CL002604,Persona,Isabella Reyes Smith,PA03,Chile,Temuco,Masivo,1962-10-26,2019-06-27,No especificado,No aplica,17063,Alto,Digital,Vigente,1,0
CL002605,Persona,Nicolás Martínez Gómez,PA04,Perú,Cajamarca,Masivo,1976-11-07,2019-09-30,F,No aplica,27546,Bajo,Digital,Vigente,1,0
CL002606,Persona,Nicolás Ramírez Cruz,PA04,Perú,Huancayo,Banca privada,1949-01-28,2017-12-09,M,No aplica,262855,Medio,Digital,Vigente,0,0
CL002607,Empresa,Wilson Agroindustria Group,PA01,México,León,Corporativo,1998-09-01,2015-09-16,No aplica,Educación,8087242,Bajo,Digital,Vigente,1,0
CL002608,Empresa,Gómez Construcción Latam,PA01,México,Querétaro,PyME,1998-02-01,2019-03-03,No aplica,Manufactura,368033,Alto,Tradicional,Vigente,1,0
CL002609,Persona,Liam Tremblay González,PA02,Canadá,Québec,Afluente,1978-03-13,2016-04-23,No especificado,No aplica,78642,Medio,Digital,Vigente,1,0
CL002610,Persona,Lucas Ramírez Flores,PA01,México,Veracruz,Masivo,1962-02-23,2018-07-13,No especificado,No aplica,22057,Alto,Híbrido,Vencido,0,0
CL002611,Empresa,Pérez Logística Partners,PA05,Colombia,Cartagena,PyME,1993-10-01,2021-08-15,No aplica,Comercio,248280,Medio,Híbrido,Vigente,1,0
CL002612,Persona,Lucas Hernández Castro,PA05,Colombia,Cartagena,Afluente,1969-06-23,2020-07-31,F,No aplica,68577,Bajo,Digital,Vigente,0,0
CL002613,Empresa,Romero Salud S.A.,PA05,Colombia,Barranquilla,PyME,2015-03-01,2020-08-31,No aplica,Servicios profesionales,713361,Alto,Digital,Vigente,0,0
CL002614,Persona,Noah Pérez González,PA04,Perú,Piura,Afluente,1994-03-14,2017-10-09,F,No aplica,89853,Medio,Digital,Vigente,0,0
CL002615,Persona,Élodie Flores Wilson,PA04,Perú,Lima,Masivo,1969-02-23,2022-09-14,M,No aplica,19029,Bajo,Tradicional,Vigente,1,0
CL002616,Persona,Élodie Rivera Reyes,PA02,Canadá,Vancouver,Banca privada,1951-10-06,2018-02-28,No especificado,No aplica,306123,Medio,Tradicional,Vigente,1,0
CL002617,Persona,Olivia Hernández Martin,PA02,Canadá,Toronto,Masivo,1979-03-03,2019-09-19,F,No aplica,26344,Bajo,Híbrido,Vigente,1,0
CL002618,Persona,Diego Díaz Cruz,PA03,Chile,Concepción,Masivo,1975-07-22,2018-06-05,F,No aplica,10919,Medio,Tradicional,Vigente,0,0
CL002619,Persona,Valentina Ramírez Flores,PA02,Canadá,Winnipeg,Masivo,1985-03-17,2021-06-21,No especificado,No aplica,18718,Medio,Digital,Vigente,0,0
CL002620,Persona,Mateo López Torres,PA05,Colombia,Manizales,Afluente,1997-06-15,2021-09-12,M,No aplica,105335,Bajo,Digital,Vigente,0,0
CL002621,Persona,Gabriel Cruz Smith,PA03,Chile,Rancagua,Afluente,1978-10-21,2022-06-17,F,No aplica,56942,Bajo,Tradicional,Vigente,0,0
CL002622,Persona,Lucas Tremblay Sánchez,PA03,Chile,Temuco,Banca privada,1999-11-09,2018-03-25,No especificado,No aplica,260641,Medio,Tradicional,Vigente,1,0
CL002623,Persona,Sofía Cruz Sánchez,PA02,Canadá,Calgary,Banca privada,1978-12-23,2018-12-14,No especificado,No aplica,255007,Medio,Híbrido,Vigente,1,0
CL002624,Persona,Mateo González Wilson,PA04,Perú,Tacna,Banca privada,1958-01-09,2020-03-03,No especificado,No aplica,209772,Alto,Híbrido,Vigente,0,0
CL002625,Persona,Valentina Rodríguez Romero,PA01,México,Ciudad de México,Banca privada,1992-02-05,2021-08-08,M,No aplica,252019,Bajo,Híbrido,Vigente,1,0
CL002626,Persona,Martina Smith García,PA05,Colombia,Santa Marta,Afluente,1998-11-07,2020-11-18,F,No aplica,81202,Bajo,Híbrido,Vigente,0,0
CL002627,Persona,Lucía Cruz Smith,PA01,México,León,Masivo,1979-07-24,2021-03-25,M,No aplica,27127,Alto,Tradicional,Vigente,1,0
CL002628,Persona,Santiago Rodríguez Wilson,PA01,México,Toluca,Afluente,2000-10-18,2016-05-17,No especificado,No aplica,51908,Medio,Tradicional,Vigente,1,0
CL002629,Persona,Nicolás Flores García,PA01,México,Querétaro,Masivo,2002-08-24,2016-10-27,F,No aplica,16324,Medio,Híbrido,Vigente,1,0
CL002630,Persona,Nicolás Cruz Brown,PA03,Chile,Talca,Afluente,1956-07-28,2019-07-05,M,No aplica,77922,Bajo,Híbrido,Vigente,1,0
CL002631,Persona,Liam Rivera Smith,PA05,Colombia,Barranquilla,Masivo,1976-05-21,2018-06-21,No especificado,No aplica,27148,Bajo,Híbrido,Vigente,0,1
CL002632,Persona,Samuel Wilson Rodríguez,PA01,México,Veracruz,Afluente,1960-12-18,2021-06-21,No especificado,No aplica,87816,Alto,Híbrido,Vigente,0,0
CL002633,Persona,Isabella Rivera Ramírez,PA04,Perú,Chiclayo,Banca privada,1964-05-15,2021-06-05,M,No aplica,210192,Medio,Tradicional,Vigente,1,0
CL002634,Empresa,Smith Turismo S.A.,PA02,Canadá,Montreal,PyME,2018-12-01,2020-07-27,No aplica,Servicios profesionales,507489,Bajo,Híbrido,Vigente,1,0
CL002635,Empresa,Smith Logística Group,PA03,Chile,Santiago,PyME,1989-02-01,2020-08-30,No aplica,Educación,499225,Bajo,Digital,Vigente,1,0
CL002636,Persona,Isabella Rodríguez Smith,PA03,Chile,Santiago,Afluente,1993-08-21,2021-05-02,F,No aplica,91522,Bajo,Tradicional,Vigente,1,0
CL002637,Persona,Étienne Ramírez Wilson,PA05,Colombia,Bucaramanga,Afluente,1958-07-15,2016-10-16,No especificado,No aplica,36785,Alto,Digital,Vigente,0,0
CL002638,Persona,Diego Romero Wilson,PA01,México,Puebla,Masivo,1985-05-25,2016-04-20,M,No aplica,31248,Medio,Híbrido,Vigente,1,0
CL002639,Persona,Ava Ramírez Vargas,PA04,Perú,Cusco,Afluente,1954-05-19,2020-11-01,No especificado,No aplica,67124,Bajo,Digital,Vigente,1,0
CL002640,Persona,Diego López Torres,PA03,Chile,La Serena,Masivo,1994-08-15,2019-02-05,M,No aplica,29952,Bajo,Digital,Vigente,1,0
CL002641,Persona,Emiliano Martin Tremblay,PA03,Chile,Talca,Banca privada,1983-01-19,2021-05-24,M,No aplica,136175,Bajo,Digital,Vigente,0,0
CL002642,Persona,Liam Morales Torres,PA05,Colombia,Medellín,Masivo,1989-06-22,2020-06-16,No especificado,No aplica,21574,Medio,Tradicional,Vigente,0,0
CL002643,Persona,Sofía Martin Tremblay,PA04,Perú,Cajamarca,Banca privada,2003-01-09,2016-11-01,F,No aplica,125646,Medio,Digital,Vigente,1,0
CL002644,Persona,Gabriel Pérez Castro,PA05,Colombia,Medellín,Banca privada,2002-12-20,2021-07-01,No especificado,No aplica,190204,Bajo,Digital,Vigente,1,0
CL002645,Empresa,Martínez Salud S.A.,PA03,Chile,Valparaíso,PyME,2007-08-01,2017-07-02,No aplica,Salud,313678,Alto,Híbrido,Vigente,1,0
CL002646,Persona,Mariana Martínez Tremblay,PA04,Perú,Huancayo,Afluente,1987-04-03,2017-12-26,No especificado,No aplica,92137,Bajo,Tradicional,Vigente,1,0
CL002647,Persona,Gabriel Pérez Reyes,PA04,Perú,Tacna,Masivo,1975-06-18,2021-11-08,No especificado,No aplica,20758,Bajo,Tradicional,Vigente,1,0
CL002648,Persona,Étienne García García,PA03,Chile,Viña del Mar,Masivo,1989-11-25,2017-09-01,No especificado,No aplica,31112,Medio,Tradicional,Vigente,1,0
CL002649,Persona,Renata Wilson Brown,PA05,Colombia,Barranquilla,Afluente,1971-11-23,2016-01-18,No especificado,No aplica,93831,Bajo,Tradicional,Vigente,1,0
CL002650,Persona,Noah Cruz Rodríguez,PA02,Canadá,Mississauga,Banca privada,1972-08-01,2018-09-19,F,No aplica,284584,Bajo,Digital,Vigente,0,0
CL002651,Persona,Martina Tremblay Tremblay,PA04,Perú,Lima,Masivo,1996-06-07,2019-06-05,No especificado,No aplica,20194,Alto,Híbrido,Vigente,0,0
CL002652,Persona,Sofía Torres Brown,PA01,México,Querétaro,Masivo,1979-10-16,2021-09-27,No especificado,No aplica,13487,Medio,Digital,Vigente,1,0
CL002653,Persona,Alejandro Tremblay Vargas,PA02,Canadá,Québec,Masivo,1961-11-13,2022-06-09,F,No aplica,18049,Medio,Híbrido,Vigente,0,0
CL002654,Persona,Noah Romero Martínez,PA05,Colombia,Pereira,Masivo,1995-10-26,2021-01-23,No especificado,No aplica,30845,Medio,Tradicional,Vigente,1,0
CL002655,Persona,Liam Torres Martínez,PA05,Colombia,Pereira,Masivo,1995-03-10,2022-09-23,F,No aplica,28804,Bajo,Tradicional,Vigente,0,0
CL002656,Persona,Sofía Romero Martin,PA05,Colombia,Cali,Masivo,1994-08-19,2019-04-18,M,No aplica,21618,Bajo,Tradicional,Vigente,1,0
CL002657,Empresa,Rodríguez Servicios profesionales S.A.,PA05,Colombia,Cali,Corporativo,2006-12-01,2018-01-03,No aplica,Tecnología,3251312,Bajo,Tradicional,Vigente,1,0
CL002658,Persona,Camila García Ramírez,PA05,Colombia,Bucaramanga,Masivo,1973-10-03,2021-12-03,M,No aplica,14179,Medio,Tradicional,Vigente,1,0
CL002659,Persona,Alejandro Reyes Torres,PA02,Canadá,Vancouver,Afluente,1975-06-11,2018-08-20,F,No aplica,98476,Medio,Digital,Vigente,0,0
CL002660,Persona,Étienne Cruz Pérez,PA05,Colombia,Barranquilla,Masivo,1992-02-22,2019-10-23,No especificado,No aplica,28769,Alto,Tradicional,Vigente,1,0
CL002661,Empresa,Vargas Logística S.A.,PA02,Canadá,Montreal,Corporativo,2006-07-01,2021-11-25,No aplica,Educación,6300011,Bajo,Digital,Vigente,1,0
CL002662,Persona,Renata González Ramírez,PA04,Perú,Tacna,Masivo,1956-04-13,2020-06-01,M,No aplica,16058,Bajo,Híbrido,Vigente,0,0
CL002663,Persona,Emiliano Cruz Brown,PA03,Chile,Rancagua,Masivo,1988-08-28,2016-10-17,M,No aplica,14666,Medio,Híbrido,Por vencer,0,0
CL002664,Persona,Diego Rivera Martínez,PA05,Colombia,Medellín,Banca privada,1986-06-20,2016-02-02,M,No aplica,171770,Medio,Digital,Vigente,1,0
CL002665,Persona,Noah Flores Cruz,PA05,Colombia,Cúcuta,Banca privada,1999-09-20,2020-07-06,F,No aplica,291162,Alto,Digital,Vigente,1,0
CL002666,Persona,Emma Ramírez Morales,PA01,México,Toluca,Banca privada,1990-10-28,2021-01-03,F,No aplica,121503,Medio,Tradicional,Vigente,1,0
CL002667,Persona,Nicolás Castro García,PA05,Colombia,Cali,Masivo,1970-07-17,2016-06-10,No especificado,No aplica,23738,Medio,Híbrido,Vigente,0,0
CL002668,Persona,Gabriel Tremblay Morales,PA04,Perú,Cusco,Masivo,1999-02-25,2021-11-01,F,No aplica,13839,Bajo,Híbrido,Vigente,1,0
CL002669,Empresa,Martin Servicios profesionales Group,PA04,Perú,Trujillo,PyME,2012-08-01,2018-09-27,No aplica,Servicios profesionales,675467,Medio,Híbrido,Vigente,0,0
CL002670,Persona,Mateo Flores Pérez,PA02,Canadá,Toronto,Afluente,1953-02-11,2016-06-26,F,No aplica,90489,Bajo,Híbrido,Vigente,1,0
CL002671,Persona,Isabella Smith Rodríguez,PA05,Colombia,Medellín,Masivo,1969-08-14,2020-01-20,No especificado,No aplica,29954,Medio,Digital,Vigente,0,0
CL002672,Persona,Emma Flores Tremblay,PA04,Perú,Cajamarca,Masivo,1992-12-23,2018-12-09,M,No aplica,22184,Bajo,Tradicional,Vencido,1,0
CL002673,Persona,Emma Gómez Smith,PA05,Colombia,Bogotá,Afluente,1979-03-03,2015-12-30,F,No aplica,94526,Alto,Digital,Vigente,1,0
CL002674,Persona,Liam González Flores,PA03,Chile,Santiago,Masivo,1972-08-25,2016-10-11,F,No aplica,28681,Medio,Digital,Vigente,0,0
CL002675,Persona,Mariana Díaz Ramírez,PA02,Canadá,Toronto,Masivo,1956-11-25,2016-08-03,F,No aplica,14320,Bajo,Tradicional,Vigente,1,0
CL002676,Persona,Samuel Morales Brown,PA04,Perú,Iquitos,Afluente,1951-06-19,2016-06-07,F,No aplica,37085,Bajo,Digital,Vigente,0,0
CL002677,Persona,Emma Sánchez Tremblay,PA03,Chile,Concepción,Masivo,1990-12-23,2019-03-26,F,No aplica,27572,Bajo,Tradicional,Vigente,1,0
CL002678,Persona,Élodie Castro Wilson,PA01,México,Querétaro,Afluente,1966-10-12,2018-11-23,F,No aplica,87245,Medio,Digital,Vigente,1,0
CL002679,Persona,Étienne Torres Romero,PA05,Colombia,Cali,Afluente,1974-01-18,2017-05-19,No especificado,No aplica,89909,Medio,Híbrido,Vigente,0,0
CL002680,Persona,Étienne Romero Castro,PA01,México,León,Afluente,1982-10-16,2020-11-04,No especificado,No aplica,50302,Alto,Digital,Vigente,1,0
CL002681,Persona,Daniela Brown López,PA01,México,Ciudad de México,Masivo,1948-10-25,2022-03-26,M,No aplica,28895,Alto,Híbrido,Vigente,1,0
CL002682,Empresa,Pérez Servicios profesionales S.A.,PA05,Colombia,Pereira,PyME,1981-06-01,2016-10-08,No aplica,Tecnología,603126,Bajo,Tradicional,Vigente,0,0
CL002683,Empresa,Tremblay Tecnología Latam,PA02,Canadá,Toronto,PyME,2001-10-01,2020-09-20,No aplica,Turismo,563355,Bajo,Digital,Vigente,0,1
CL002684,Empresa,González Tecnología Group,PA04,Perú,Cajamarca,Corporativo,2015-03-01,2019-02-08,No aplica,Turismo,4781145,Alto,Híbrido,Vigente,0,0
CL002685,Persona,Daniela Sánchez Smith,PA02,Canadá,Winnipeg,Afluente,2002-02-21,2022-05-16,F,No aplica,93595,Alto,Digital,Vigente,0,0
CL002686,Persona,Samuel Rivera Martin,PA04,Perú,Huancayo,Masivo,1982-07-16,2021-06-04,No especificado,No aplica,17832,Bajo,Tradicional,Vigente,0,1
CL002687,Persona,Emma Wilson Martin,PA04,Perú,Huancayo,Banca privada,1948-01-06,2020-01-17,F,No aplica,284741,Bajo,Tradicional,Vigente,0,0
CL002688,Persona,Daniela Wilson Castro,PA02,Canadá,Winnipeg,Masivo,1954-08-27,2019-02-11,M,No aplica,13361,Medio,Híbrido,Vigente,1,0
CL002689,Empresa,Torres Logística Partners,PA03,Chile,Viña del Mar,PyME,2004-06-01,2020-11-26,No aplica,Agroindustria,735634,Medio,Híbrido,Vigente,1,0
CL002690,Persona,Gabriel Gómez Sánchez,PA01,México,Puebla,Masivo,1978-08-14,2020-02-12,F,No aplica,11807,Alto,Híbrido,Vigente,0,0
CL002691,Empresa,Gómez Educación S.A.,PA03,Chile,Concepción,PyME,2016-11-01,2017-12-22,No aplica,Educación,448000,Medio,Digital,Vigente,1,0
CL002692,Persona,Sebastián Sánchez García,PA03,Chile,Valparaíso,Masivo,1950-02-01,2018-12-14,F,No aplica,30421,Bajo,Híbrido,Vigente,1,0
CL002693,Empresa,Hernández Tecnología Latam,PA01,México,Guadalajara,Corporativo,2016-09-01,2022-08-13,No aplica,Manufactura,8174589,Alto,Tradicional,Vigente,1,0
CL002694,Persona,Martina Vargas Morales,PA02,Canadá,Québec,Banca privada,1958-07-11,2018-01-08,No especificado,No aplica,168983,Bajo,Híbrido,Vigente,1,0
CL002695,Persona,Alejandro Morales Smith,PA05,Colombia,Medellín,Afluente,1992-07-04,2021-04-29,No especificado,No aplica,50534,Alto,Híbrido,Vigente,1,0
CL002696,Empresa,Cruz Educación Latam,PA02,Canadá,Montreal,Corporativo,2015-05-01,2021-12-22,No aplica,Agroindustria,5515951,Bajo,Tradicional,Vigente,1,0
CL002697,Persona,Sofía Wilson Díaz,PA04,Perú,Cajamarca,Masivo,1951-06-12,2019-12-17,M,No aplica,18519,Medio,Híbrido,Vigente,0,0
CL002698,Empresa,Cruz Construcción Latam,PA05,Colombia,Cartagena,Corporativo,1989-03-01,2016-06-25,No aplica,Construcción,2517717,Medio,Tradicional,Vigente,1,0
CL002699,Persona,Alejandro Ramírez Díaz,PA02,Canadá,Toronto,Masivo,1986-02-04,2015-09-21,No especificado,No aplica,26645,Medio,Tradicional,Vigente,0,0
CL002700,Empresa,Martin Construcción S.A.,PA01,México,Veracruz,Corporativo,2009-03-01,2016-02-15,No aplica,Tecnología,8978476,Bajo,Híbrido,Vigente,1,0
CL002701,Persona,Diego Hernández Morales,PA04,Perú,Cajamarca,Banca privada,1972-07-11,2018-12-31,No especificado,No aplica,348528,Bajo,Híbrido,Vigente,1,0
CL002702,Persona,Lucas Morales Sánchez,PA02,Canadá,Calgary,Afluente,1998-10-14,2017-08-22,F,No aplica,47607,Bajo,Híbrido,Vigente,1,0
CL002703,Persona,Renata González Flores,PA03,Chile,Santiago,Banca privada,1980-01-25,2018-08-17,No especificado,No aplica,128681,Alto,Digital,Vigente,1,0
CL002704,Persona,Santiago Romero Pérez,PA03,Chile,Rancagua,Banca privada,1980-09-15,2017-12-12,M,No aplica,151035,Medio,Híbrido,Vigente,1,0
CL002705,Persona,Emma Pérez Tremblay,PA01,México,Tijuana,Afluente,1970-02-02,2019-07-28,F,No aplica,78236,Bajo,Tradicional,Vigente,1,0
CL002706,Persona,Mateo Morales Vargas,PA05,Colombia,Bucaramanga,Masivo,2003-02-18,2022-03-13,No especificado,No aplica,20774,Medio,Digital,Vigente,1,0
CL002707,Empresa,Romero Turismo Latam,PA02,Canadá,Toronto,PyME,2002-09-01,2019-04-11,No aplica,Tecnología,371393,Bajo,Híbrido,Vigente,0,0
CL002708,Persona,Mateo Martínez Flores,PA05,Colombia,Medellín,Masivo,1986-11-23,2021-07-04,M,No aplica,20799,Medio,Tradicional,Vigente,0,0
CL002709,Persona,Élodie Torres Ramírez,PA04,Perú,Tacna,Banca privada,1977-05-26,2015-07-27,F,No aplica,317187,Medio,Híbrido,Vigente,1,0
CL002710,Persona,Gabriel García Ramírez,PA01,México,Veracruz,Afluente,1954-06-17,2018-08-18,M,No aplica,62474,Alto,Digital,Vigente,0,0
CL002711,Persona,Lucas Reyes Gómez,PA04,Perú,Cajamarca,Afluente,1983-07-13,2016-10-03,No especificado,No aplica,100831,Medio,Híbrido,Vigente,0,0
CL002712,Persona,Étienne Brown Rivera,PA04,Perú,Arequipa,Afluente,1988-03-24,2017-08-28,M,No aplica,61553,Alto,Digital,Vigente,0,0
CL002713,Persona,Lucas Reyes Rodríguez,PA02,Canadá,Québec,Afluente,1960-05-19,2020-07-29,F,No aplica,95512,Bajo,Digital,Vigente,0,0
CL002714,Persona,Renata Martin Cruz,PA04,Perú,Piura,Masivo,1953-10-07,2018-12-27,M,No aplica,30065,Bajo,Híbrido,Vigente,1,0
CL002715,Persona,Camila Gómez Castro,PA05,Colombia,Medellín,Afluente,1974-11-19,2020-04-13,F,No aplica,88912,Bajo,Tradicional,Vigente,0,0
CL002716,Persona,Sebastián López Martínez,PA03,Chile,Rancagua,Afluente,1996-12-21,2021-02-17,No especificado,No aplica,43245,Bajo,Híbrido,Vigente,0,0
CL002717,Empresa,Wilson Educación S.A.,PA02,Canadá,Edmonton,PyME,1996-12-01,2018-11-13,No aplica,Construcción,717218,Medio,Híbrido,Vigente,0,0
CL002718,Persona,Martina Castro Sánchez,PA02,Canadá,Québec,Afluente,1990-07-08,2018-04-04,No especificado,No aplica,102107,Medio,Tradicional,Vigente,1,0
CL002719,Persona,Gabriel Torres Brown,PA03,Chile,La Serena,Masivo,1979-04-20,2020-03-17,No especificado,No aplica,24058,Medio,Tradicional,Vigente,1,0
CL002720,Persona,Martina Rivera Gómez,PA02,Canadá,Toronto,Masivo,1959-11-15,2022-09-09,M,No aplica,11708,Alto,Digital,Vigente,1,0
CL002721,Empresa,Smith Servicios profesionales Latam,PA04,Perú,Piura,PyME,1980-02-01,2019-06-20,No aplica,Agroindustria,445354,Bajo,Híbrido,Vigente,1,0
CL002722,Persona,Martina Hernández Torres,PA01,México,Mérida,Afluente,1949-01-13,2015-06-07,M,No aplica,97735,Medio,Digital,Vigente,0,0
CL002723,Persona,Lucas García Castro,PA01,México,Puebla,Banca privada,1985-07-02,2019-09-24,No especificado,No aplica,169890,Medio,Híbrido,Vigente,1,0
CL002724,Persona,Étienne Díaz Morales,PA04,Perú,Cajamarca,Masivo,1971-05-03,2020-11-12,M,No aplica,23178,Alto,Híbrido,Vigente,0,0
CL002725,Empresa,Romero Turismo Group,PA03,Chile,Rancagua,Corporativo,1991-03-01,2018-04-30,No aplica,Logística,7031329,Alto,Híbrido,Vigente,0,0
CL002726,Persona,Emma Ramírez García,PA05,Colombia,Medellín,Afluente,1985-04-09,2021-01-10,M,No aplica,99913,Bajo,Híbrido,Vigente,1,0
CL002727,Persona,Nicolás Gómez Wilson,PA03,Chile,Rancagua,Masivo,1958-01-15,2020-09-29,No especificado,No aplica,16606,Bajo,Digital,Vigente,0,0
CL002728,Persona,Noah Hernández Rivera,PA02,Canadá,Montreal,Masivo,1963-04-25,2018-01-09,No especificado,No aplica,22352,Bajo,Digital,Vigente,1,0
CL002729,Persona,Olivia Gómez Brown,PA04,Perú,Piura,Masivo,2002-11-21,2017-09-28,F,No aplica,29710,Alto,Híbrido,Vigente,0,0
CL002730,Persona,Noah Castro Romero,PA01,México,Tijuana,Afluente,1987-05-02,2021-07-31,M,No aplica,102741,Alto,Híbrido,Vigente,1,0
CL002731,Persona,Camila Martínez Rivera,PA05,Colombia,Santa Marta,Afluente,1962-06-01,2020-05-17,M,No aplica,94207,Bajo,Híbrido,Vigente,1,0
CL002732,Persona,Lucas Brown Castro,PA02,Canadá,Halifax,Masivo,1952-05-02,2020-05-11,M,No aplica,30364,Bajo,Digital,Vigente,0,0
CL002733,Empresa,Sánchez Construcción Latam,PA02,Canadá,Mississauga,Corporativo,2014-07-01,2021-07-22,No aplica,Servicios profesionales,4039542,Alto,Híbrido,Vigente,0,0
CL002734,Persona,Sebastián Smith Cruz,PA04,Perú,Chiclayo,Afluente,1948-10-24,2022-03-25,M,No aplica,73951,Medio,Híbrido,Vigente,1,0
CL002735,Persona,Mateo Hernández Rodríguez,PA01,México,Tijuana,Afluente,1989-03-27,2018-04-09,F,No aplica,68917,Bajo,Híbrido,Vigente,1,0
CL002736,Persona,Valentina García Wilson,PA01,México,Monterrey,Masivo,1975-06-22,2015-12-02,M,No aplica,24882,Medio,Híbrido,Vigente,0,0
CL002737,Persona,Sofía Brown Gómez,PA05,Colombia,Pereira,Banca privada,1977-01-24,2018-12-04,No especificado,No aplica,270078,Medio,Digital,Vigente,0,0
CL002738,Persona,Emma Brown Torres,PA02,Canadá,Halifax,Masivo,1956-04-14,2018-12-19,No especificado,No aplica,25161,Medio,Híbrido,Vigente,0,0
CL002739,Persona,Santiago Sánchez García,PA04,Perú,Cajamarca,Afluente,1954-02-11,2015-08-21,M,No aplica,45513,Medio,Híbrido,Vigente,0,0
CL002740,Persona,Lucía Romero Cruz,PA03,Chile,Santiago,Masivo,1968-12-14,2017-02-05,F,No aplica,25283,Medio,Tradicional,Vigente,1,0
CL002741,Persona,Nicolás Ramírez Cruz,PA04,Perú,Tacna,Masivo,1998-06-01,2017-12-14,F,No aplica,18229,Bajo,Digital,Vigente,1,0
CL002742,Persona,Nicolás Martínez Hernández,PA02,Canadá,Winnipeg,Afluente,1976-05-16,2018-08-15,M,No aplica,107752,Medio,Digital,Vigente,1,0
CL002743,Persona,Mateo Martínez Romero,PA01,México,León,Masivo,1986-06-25,2015-11-17,F,No aplica,18156,Bajo,Híbrido,Vigente,0,0
CL002744,Persona,Liam Flores Martínez,PA05,Colombia,Medellín,Masivo,1989-10-26,2018-12-09,M,No aplica,19002,Medio,Tradicional,Vigente,1,0
CL002745,Empresa,García Manufactura Partners,PA05,Colombia,Barranquilla,PyME,1998-04-01,2022-03-23,No aplica,Salud,431458,Bajo,Tradicional,Vigente,0,0
CL002746,Persona,Mariana Romero Gómez,PA05,Colombia,Medellín,Masivo,1963-01-16,2021-05-07,F,No aplica,29840,Bajo,Híbrido,Vigente,1,0
CL002747,Persona,Diego Smith Ramírez,PA05,Colombia,Cúcuta,Masivo,1948-02-24,2022-11-20,M,No aplica,25566,Bajo,Híbrido,Vigente,1,0
CL002748,Persona,Daniela Cruz Ramírez,PA05,Colombia,Manizales,Masivo,1962-10-08,2016-05-06,M,No aplica,24553,Medio,Digital,Vigente,1,0
CL002749,Persona,Alejandro Gómez Wilson,PA05,Colombia,Manizales,Masivo,1963-02-20,2021-04-29,No especificado,No aplica,22785,Bajo,Digital,Vigente,1,0
CL002750,Persona,Gabriel Smith Cruz,PA04,Perú,Piura,Banca privada,2000-01-20,2022-01-14,M,No aplica,367390,Medio,Híbrido,Vigente,0,0
CL002751,Persona,Lucas García Díaz,PA05,Colombia,Medellín,Afluente,1969-06-03,2015-09-18,M,No aplica,62049,Alto,Digital,Vigente,0,0
CL002752,Persona,Valentina Pérez Tremblay,PA02,Canadá,Ottawa,Afluente,1984-03-14,2019-12-27,F,No aplica,78315,Medio,Digital,Vigente,1,0
CL002753,Persona,Ava Tremblay Hernández,PA01,México,Mérida,Afluente,1948-05-06,2021-02-04,F,No aplica,66959,Medio,Híbrido,Vigente,1,0
CL002754,Persona,Lucas Rodríguez Vargas,PA03,Chile,Concepción,Masivo,1952-10-04,2022-11-13,F,No aplica,12060,Medio,Digital,Vigente,1,0
CL002755,Persona,Alejandro Martínez Díaz,PA05,Colombia,Bogotá,Masivo,1999-04-28,2020-07-08,F,No aplica,13648,Alto,Digital,Vigente,0,0
CL002756,Persona,Sofía Smith Reyes,PA02,Canadá,Winnipeg,Masivo,1975-09-05,2019-07-04,No especificado,No aplica,31030,Bajo,Híbrido,Vigente,0,0
CL002757,Empresa,Martínez Servicios profesionales S.A.,PA05,Colombia,Cúcuta,PyME,2012-02-01,2016-10-10,No aplica,Servicios profesionales,296926,Alto,Híbrido,Vigente,1,0
CL002758,Persona,Étienne Tremblay Tremblay,PA03,Chile,Puerto Montt,Banca privada,1953-04-15,2018-02-28,No especificado,No aplica,192624,Bajo,Híbrido,Vigente,1,0
CL002759,Empresa,Díaz Salud S.A.,PA02,Canadá,Mississauga,Corporativo,2005-11-01,2020-11-24,No aplica,Tecnología,8365222,Medio,Híbrido,Vigente,1,0
CL002760,Persona,Diego Gómez Torres,PA05,Colombia,Medellín,Afluente,1997-03-18,2018-12-04,F,No aplica,49824,Alto,Híbrido,Vigente,1,0
CL002761,Persona,Gabriel López Castro,PA04,Perú,Chiclayo,Masivo,1973-02-09,2020-02-21,M,No aplica,30638,Alto,Híbrido,Vigente,0,0
CL002762,Persona,Lucía Rivera Brown,PA01,México,Puebla,Banca privada,1986-10-21,2016-10-19,No especificado,No aplica,266187,Alto,Digital,Vigente,0,0
CL002763,Persona,Diego Torres Martin,PA02,Canadá,Toronto,Masivo,1980-12-24,2018-10-16,No especificado,No aplica,23197,Bajo,Digital,Vencido,1,0
CL002764,Persona,Étienne Brown Ramírez,PA01,México,Mérida,Masivo,1959-02-28,2019-01-08,No especificado,No aplica,15676,Medio,Híbrido,Vigente,1,0
CL002765,Empresa,Smith Manufactura Partners,PA05,Colombia,Barranquilla,Corporativo,2012-09-01,2015-11-08,No aplica,Turismo,3635810,Medio,Híbrido,Vigente,0,0
CL002766,Persona,Samuel Martin Cruz,PA03,Chile,Rancagua,Banca privada,1965-01-13,2020-07-27,F,No aplica,219807,Bajo,Digital,Vigente,0,0
CL002767,Persona,Ava Torres Torres,PA01,México,Mérida,Masivo,1981-04-19,2022-07-24,No especificado,No aplica,27092,Medio,Tradicional,Vigente,0,0
CL002768,Persona,Gabriel Ramírez Flores,PA03,Chile,Talca,Masivo,1995-11-09,2021-10-31,F,No aplica,30992,Medio,Tradicional,Vigente,1,0
CL002769,Persona,Liam Torres López,PA04,Perú,Cajamarca,Afluente,2000-06-17,2015-06-08,F,No aplica,59866,Medio,Tradicional,Vigente,1,0
CL002770,Persona,Diego González Rodríguez,PA03,Chile,Talca,Afluente,1980-10-20,2022-01-07,M,No aplica,44822,Medio,Híbrido,Vigente,1,0
CL002771,Persona,Ava Vargas Morales,PA01,México,Querétaro,Masivo,1973-01-06,2022-09-08,F,No aplica,11848,Alto,Híbrido,Vigente,0,0
CL002772,Persona,Emma Smith López,PA05,Colombia,Bogotá,Afluente,1971-07-24,2019-10-14,F,No aplica,40523,Bajo,Tradicional,Vigente,0,0
CL002773,Persona,Étienne Gómez Morales,PA03,Chile,Valparaíso,Masivo,1964-12-26,2016-07-01,F,No aplica,29151,Medio,Tradicional,Vencido,0,0
CL002774,Persona,Samuel Wilson Martin,PA02,Canadá,Ottawa,Afluente,1992-06-18,2021-02-08,M,No aplica,75131,Medio,Digital,Vigente,1,0
CL002775,Persona,Liam Smith Ramírez,PA03,Chile,Puerto Montt,Banca privada,1968-10-28,2016-04-17,No especificado,No aplica,256476,Bajo,Híbrido,Vigente,1,0
CL002776,Persona,Alejandro Rodríguez Rodríguez,PA05,Colombia,Santa Marta,Banca privada,1996-06-04,2022-10-17,M,No aplica,316755,Alto,Tradicional,Por vencer,0,0
CL002777,Empresa,Pérez Agroindustria S.A.,PA02,Canadá,Toronto,Corporativo,1990-04-01,2016-05-12,No aplica,Educación,6235463,Medio,Digital,Vigente,0,0
CL002778,Empresa,Wilson Logística Group,PA04,Perú,Tacna,PyME,2012-08-01,2018-06-25,No aplica,Educación,553933,Alto,Tradicional,Por vencer,0,0
CL002779,Persona,Olivia Rodríguez Díaz,PA05,Colombia,Bucaramanga,Afluente,1978-04-15,2018-11-21,M,No aplica,103636,Medio,Híbrido,Vigente,1,0
CL002780,Persona,Noah Vargas López,PA05,Colombia,Cúcuta,Masivo,2002-09-16,2017-04-27,No especificado,No aplica,14165,Medio,Tradicional,Vigente,1,0
CL002781,Persona,Samuel García García,PA02,Canadá,Toronto,Afluente,1957-05-18,2015-07-26,F,No aplica,102778,Medio,Digital,Vigente,0,0
CL002782,Persona,Lucía Cruz Hernández,PA02,Canadá,Toronto,Afluente,1974-02-21,2017-05-21,No especificado,No aplica,72865,Medio,Híbrido,Vigente,1,0
CL002783,Persona,Diego Wilson Morales,PA01,México,Ciudad de México,Afluente,1955-01-04,2021-01-24,No especificado,No aplica,55086,Bajo,Híbrido,Vigente,0,0
CL002784,Empresa,Pérez Salud S.A.,PA05,Colombia,Pereira,Corporativo,1987-04-01,2016-11-29,No aplica,Educación,5106302,Medio,Digital,Vigente,0,0
CL002785,Persona,Sofía Reyes Reyes,PA01,México,Guadalajara,Masivo,1968-11-22,2019-10-30,M,No aplica,15361,Alto,Híbrido,Por vencer,1,0
CL002786,Persona,Gabriel Martin Sánchez,PA02,Canadá,Toronto,Afluente,1959-01-01,2020-09-14,F,No aplica,92855,Alto,Híbrido,Vigente,1,0
CL002787,Persona,Ava Vargas Rodríguez,PA02,Canadá,Toronto,Afluente,1994-07-12,2020-03-13,M,No aplica,78496,Medio,Híbrido,Vigente,1,0
CL002788,Persona,Alejandro Díaz García,PA01,México,Tijuana,Afluente,1990-07-24,2017-07-21,No especificado,No aplica,94659,Medio,Digital,Vigente,1,0
CL002789,Persona,Samuel Sánchez González,PA04,Perú,Cajamarca,Masivo,1969-04-18,2015-12-30,F,No aplica,15572,Bajo,Híbrido,Vigente,1,0
CL002790,Persona,Valentina Morales González,PA03,Chile,Puerto Montt,Afluente,1964-11-26,2015-12-23,M,No aplica,106152,Alto,Digital,Vigente,1,0
CL002791,Persona,Gabriel Gómez Rodríguez,PA05,Colombia,Bucaramanga,Banca privada,1978-12-03,2016-07-26,No especificado,No aplica,360141,Medio,Digital,Vigente,1,0
CL002792,Persona,Santiago Romero García,PA03,Chile,Antofagasta,Masivo,1971-04-11,2022-05-16,No especificado,No aplica,11227,Bajo,Digital,Vigente,0,0
CL002793,Persona,Emiliano Martínez Rodríguez,PA03,Chile,Antofagasta,Masivo,1963-01-04,2020-06-17,F,No aplica,11154,Bajo,Híbrido,Vigente,1,0
CL002794,Empresa,Martin Salud Latam,PA03,Chile,Talca,Corporativo,1988-07-01,2018-06-24,No aplica,Tecnología,6916409,Medio,Híbrido,Vigente,0,0
CL002795,Persona,Camila Flores Hernández,PA05,Colombia,Barranquilla,Masivo,2000-05-19,2019-02-17,No especificado,No aplica,21066,Medio,Digital,Vigente,1,0
CL002796,Persona,Diego Tremblay Gómez,PA01,México,Monterrey,Masivo,1960-08-12,2019-08-03,M,No aplica,30195,Bajo,Híbrido,Vigente,1,0
CL002797,Persona,Étienne González Cruz,PA05,Colombia,Bucaramanga,Banca privada,1980-01-27,2015-10-28,M,No aplica,187992,Medio,Tradicional,Vigente,0,0
CL002798,Persona,Mariana Díaz Rivera,PA03,Chile,Valparaíso,Afluente,1992-03-03,2020-04-06,F,No aplica,91294,Medio,Híbrido,Vigente,1,0
CL002799,Persona,Gabriel Díaz López,PA01,México,Guadalajara,Afluente,1968-11-10,2019-01-12,M,No aplica,46027,Medio,Híbrido,Vigente,1,0
CL002800,Empresa,Rivera Servicios profesionales Latam,PA04,Perú,Trujillo,Corporativo,1996-01-01,2021-11-02,No aplica,Logística,5573252,Medio,Híbrido,Vigente,0,0
CL002801,Persona,Liam Torres Castro,PA04,Perú,Cusco,Masivo,2002-02-03,2016-05-05,F,No aplica,18706,Medio,Tradicional,Vigente,0,0
CL002802,Persona,Diego Flores Sánchez,PA01,México,Guadalajara,Masivo,1959-06-18,2015-10-18,M,No aplica,30957,Bajo,Tradicional,Vigente,1,0
CL002803,Persona,Nicolás Flores García,PA05,Colombia,Cali,Masivo,1970-11-07,2016-10-06,No especificado,No aplica,31280,Bajo,Tradicional,Vigente,1,0
CL002804,Persona,Sebastián Rivera Rivera,PA05,Colombia,Cali,Banca privada,1987-10-22,2016-10-04,No especificado,No aplica,238877,Alto,Tradicional,Vigente,1,1
CL002805,Persona,Emiliano Ramírez Flores,PA02,Canadá,Halifax,Masivo,1965-08-01,2020-09-14,F,No aplica,29857,Alto,Híbrido,Vigente,0,0
CL002806,Persona,Emma Ramírez Sánchez,PA05,Colombia,Santa Marta,Masivo,1952-02-18,2021-04-02,F,No aplica,23102,Alto,Híbrido,Vigente,1,0
CL002807,Persona,Sofía Reyes Martin,PA02,Canadá,Halifax,Masivo,2002-12-01,2016-06-29,No especificado,No aplica,16134,Bajo,Híbrido,Vigente,1,0
CL002808,Persona,Isabella Cruz Martin,PA03,Chile,Viña del Mar,Masivo,1948-12-08,2021-12-23,No especificado,No aplica,29421,Alto,Tradicional,Vigente,1,0
CL002809,Empresa,Flores Comercio Partners,PA02,Canadá,Vancouver,Corporativo,2011-10-01,2021-09-30,No aplica,Turismo,5331163,Bajo,Tradicional,Vigente,1,0
CL002810,Persona,Gabriel Martínez Martínez,PA05,Colombia,Bucaramanga,Banca privada,1979-05-21,2020-04-11,No especificado,No aplica,182661,Medio,Híbrido,Vigente,0,0
CL002811,Persona,Mateo Flores Torres,PA04,Perú,Chiclayo,Afluente,1990-11-06,2015-12-08,No especificado,No aplica,60148,Bajo,Digital,Vigente,1,0
CL002812,Persona,Renata Martin Torres,PA01,México,Tijuana,Banca privada,1992-07-24,2018-12-27,No especificado,No aplica,197354,Bajo,Híbrido,Vigente,1,0
CL002813,Persona,Étienne Sánchez Díaz,PA05,Colombia,Bucaramanga,Masivo,1986-01-26,2022-05-17,F,No aplica,24187,Bajo,Digital,Vigente,1,0
CL002814,Persona,Daniela González Castro,PA05,Colombia,Medellín,Masivo,1989-12-25,2017-12-23,M,No aplica,17354,Medio,Híbrido,Vigente,0,0
CL002815,Persona,Ava García Cruz,PA02,Canadá,Vancouver,Masivo,1989-11-24,2017-03-30,M,No aplica,29893,Bajo,Híbrido,Vigente,1,0
CL002816,Persona,Emma Flores Torres,PA04,Perú,Piura,Afluente,1988-11-06,2022-04-09,No especificado,No aplica,71218,Alto,Híbrido,Vigente,1,0
CL002817,Persona,Nicolás Wilson Wilson,PA01,México,Monterrey,Banca privada,1959-11-10,2016-02-23,M,No aplica,161913,Bajo,Híbrido,Vigente,0,0
CL002818,Empresa,Hernández Turismo S.A.,PA03,Chile,Talca,PyME,1985-10-01,2015-10-07,No aplica,Educación,681582,Medio,Híbrido,Por vencer,0,0
CL002819,Persona,Lucas Pérez Castro,PA03,Chile,Rancagua,Masivo,1990-02-08,2021-08-30,F,No aplica,17976,Bajo,Digital,Vigente,0,0
CL002820,Empresa,Rodríguez Educación Latam,PA01,México,Querétaro,PyME,1981-05-01,2019-04-22,No aplica,Manufactura,574459,Medio,Tradicional,Vigente,0,0
CL002821,Persona,Sebastián Hernández Wilson,PA01,México,Toluca,Masivo,1978-12-23,2017-09-17,F,No aplica,15780,Medio,Digital,Vigente,1,0
CL002822,Empresa,Hernández Salud Partners,PA04,Perú,Arequipa,PyME,2013-03-01,2017-09-12,No aplica,Comercio,361066,Bajo,Digital,Vigente,1,0
CL002823,Persona,Lucía Ramírez González,PA02,Canadá,Toronto,Banca privada,1956-08-22,2019-09-07,M,No aplica,165819,Bajo,Tradicional,Vigente,1,0
CL002824,Persona,Renata Castro Cruz,PA04,Perú,Arequipa,Masivo,1957-12-20,2020-01-12,M,No aplica,16881,Bajo,Tradicional,Vigente,1,0
CL002825,Persona,Santiago Hernández García,PA03,Chile,Concepción,Banca privada,1993-02-21,2016-09-10,F,No aplica,171186,Alto,Híbrido,Vigente,1,0
CL002826,Persona,Gabriel Romero Ramírez,PA04,Perú,Chiclayo,Masivo,1969-08-28,2020-03-30,F,No aplica,23656,Bajo,Digital,Vigente,1,0
CL002827,Persona,Liam Torres Flores,PA02,Canadá,Québec,Masivo,1999-08-07,2020-08-25,M,No aplica,13778,Alto,Híbrido,Vigente,0,1
CL002828,Persona,Camila García Pérez,PA01,México,Monterrey,Masivo,1961-08-24,2020-02-15,No especificado,No aplica,22204,Bajo,Tradicional,Vigente,0,0
CL002829,Persona,Alejandro Reyes López,PA03,Chile,Concepción,Masivo,1972-09-15,2015-11-07,M,No aplica,23135,Medio,Tradicional,Vigente,0,0
CL002830,Persona,Isabella Morales Sánchez,PA05,Colombia,Bucaramanga,Masivo,1960-10-06,2016-09-15,No especificado,No aplica,28312,Alto,Digital,Vigente,0,0
CL002831,Empresa,Reyes Manufactura Group,PA02,Canadá,Mississauga,Corporativo,1993-01-01,2020-04-19,No aplica,Comercio,8276229,Medio,Digital,Vigente,1,0
CL002832,Persona,Isabella Smith Sánchez,PA01,México,Toluca,Masivo,1951-07-15,2015-08-08,M,No aplica,29160,Medio,Digital,Vigente,0,0
CL002833,Persona,Gabriel Rodríguez López,PA04,Perú,Arequipa,Afluente,1957-03-01,2019-04-08,F,No aplica,97116,Medio,Digital,Por vencer,1,0
CL002834,Persona,Alejandro Torres Flores,PA03,Chile,Rancagua,Afluente,1972-02-06,2019-06-19,F,No aplica,99085,Medio,Digital,Vigente,0,0
CL002835,Persona,Camila Sánchez Cruz,PA02,Canadá,Toronto,Masivo,2002-04-04,2015-12-20,F,No aplica,11732,Bajo,Híbrido,Vigente,0,0
CL002836,Persona,Nicolás Flores Reyes,PA05,Colombia,Santa Marta,Masivo,1977-12-14,2020-05-12,M,No aplica,23018,Bajo,Híbrido,Vigente,1,0
CL002837,Persona,Valentina Martínez Wilson,PA05,Colombia,Medellín,Afluente,1948-01-24,2016-08-30,M,No aplica,47805,Bajo,Híbrido,Vigente,1,0
CL002838,Persona,Noah Díaz Morales,PA04,Perú,Huancayo,Afluente,1964-10-22,2019-02-12,F,No aplica,49430,Alto,Tradicional,Vigente,1,0
CL002839,Persona,Noah Martínez Sánchez,PA02,Canadá,Winnipeg,Afluente,1952-11-02,2017-05-15,M,No aplica,51561,Bajo,Digital,Vigente,1,0
CL002840,Empresa,López Construcción S.A.,PA01,México,Monterrey,PyME,2011-01-01,2017-12-18,No aplica,Salud,793162,Bajo,Tradicional,Vigente,0,0
CL002841,Persona,Santiago Díaz Morales,PA02,Canadá,Mississauga,Masivo,2003-06-27,2019-10-28,No especificado,No aplica,15829,Alto,Híbrido,Vigente,0,0
CL002842,Persona,Diego Romero Torres,PA02,Canadá,Calgary,Afluente,1949-09-22,2021-10-09,F,No aplica,36454,Bajo,Híbrido,Vigente,1,0
CL002843,Persona,Ava Castro Smith,PA03,Chile,Temuco,Afluente,1952-02-04,2016-07-12,M,No aplica,81851,Bajo,Digital,Vigente,1,0
CL002844,Persona,Lucía Wilson Smith,PA02,Canadá,Halifax,Masivo,1962-01-10,2020-11-08,No especificado,No aplica,20744,Bajo,Digital,Vigente,1,0
CL002845,Empresa,Wilson Servicios profesionales Partners,PA03,Chile,Concepción,PyME,2015-06-01,2022-07-15,No aplica,Logística,298972,Alto,Híbrido,Vigente,0,0
CL002846,Persona,Martina Tremblay Castro,PA05,Colombia,Cúcuta,Masivo,1998-06-24,2019-07-11,M,No aplica,26591,Bajo,Híbrido,Vigente,1,0
CL002847,Empresa,Hernández Comercio Latam,PA05,Colombia,Barranquilla,Corporativo,1993-06-01,2015-09-23,No aplica,Turismo,4036401,Bajo,Híbrido,Vigente,0,0
CL002848,Persona,Camila Rivera Torres,PA01,México,Toluca,Masivo,1959-03-14,2015-06-17,M,No aplica,12919,Medio,Digital,Vigente,1,0
CL002849,Persona,Mariana Romero Hernández,PA04,Perú,Trujillo,Banca privada,1986-01-19,2017-05-08,F,No aplica,291306,Bajo,Híbrido,Vigente,1,0
CL002850,Persona,Alejandro Castro Romero,PA04,Perú,Chiclayo,Masivo,1983-01-21,2022-04-09,F,No aplica,12315,Bajo,Digital,Vigente,0,0
CL002851,Persona,Samuel Martin Martin,PA02,Canadá,Toronto,Masivo,1968-06-20,2019-11-10,No especificado,No aplica,15769,Bajo,Digital,Vigente,1,0
CL002852,Persona,Gabriel Romero Reyes,PA04,Perú,Lima,Masivo,1995-03-22,2016-05-09,F,No aplica,16818,Medio,Híbrido,Vigente,0,0
CL002853,Persona,Étienne Vargas Romero,PA05,Colombia,Barranquilla,Afluente,1962-06-21,2016-08-27,M,No aplica,38782,Bajo,Híbrido,Vigente,0,0
CL002854,Persona,Élodie Díaz Vargas,PA05,Colombia,Medellín,Masivo,1952-06-12,2022-01-24,No especificado,No aplica,16499,Alto,Tradicional,Vigente,1,0
CL002855,Persona,Mariana Ramírez Castro,PA02,Canadá,Edmonton,Masivo,1958-05-26,2020-04-27,F,No aplica,27437,Medio,Tradicional,Por vencer,0,0
CL002856,Persona,Martina Rivera Rivera,PA01,México,Toluca,Afluente,1967-10-27,2020-03-04,No especificado,No aplica,62976,Bajo,Digital,Vigente,0,0
CL002857,Empresa,Ramírez Educación S.A.,PA04,Perú,Tacna,Corporativo,2018-06-01,2017-12-11,No aplica,Agroindustria,6624176,Medio,Híbrido,Vigente,1,0
CL002858,Persona,Olivia Tremblay Torres,PA03,Chile,Concepción,Masivo,1955-03-03,2020-01-15,No especificado,No aplica,17294,Medio,Híbrido,Vigente,1,0
CL002859,Persona,Sofía Smith Tremblay,PA04,Perú,Chiclayo,Masivo,1990-01-18,2018-08-08,F,No aplica,20454,Bajo,Híbrido,Vigente,1,0
CL002860,Persona,Emma Brown Cruz,PA01,México,Mérida,Masivo,1998-11-25,2021-09-25,F,No aplica,17065,Medio,Tradicional,Vigente,1,0
CL002861,Persona,Étienne Romero Pérez,PA05,Colombia,Bucaramanga,Masivo,1981-04-04,2020-08-02,No especificado,No aplica,19969,Bajo,Tradicional,Vigente,0,0
CL002862,Persona,Alejandro Sánchez Tremblay,PA03,Chile,Rancagua,Masivo,1958-04-19,2020-03-28,M,No aplica,18499,Medio,Tradicional,Vigente,1,0
CL002863,Persona,Samuel Hernández Gómez,PA04,Perú,Huancayo,Afluente,1957-05-12,2018-03-07,M,No aplica,37898,Bajo,Digital,Vigente,1,0
CL002864,Persona,Noah Rodríguez Rodríguez,PA03,Chile,Valparaíso,Afluente,1955-06-01,2016-04-09,F,No aplica,65465,Bajo,Híbrido,Vigente,1,0
CL002865,Persona,Daniela Romero Ramírez,PA01,México,Tijuana,Masivo,2002-07-13,2019-02-24,F,No aplica,30998,Bajo,Digital,Vigente,1,0
CL002866,Persona,Sofía Flores Cruz,PA01,México,Ciudad de México,Masivo,1971-02-15,2015-12-14,M,No aplica,19819,Alto,Híbrido,Vigente,1,0
CL002867,Persona,Mateo Castro García,PA04,Perú,Lima,Masivo,1995-07-22,2016-12-25,M,No aplica,18186,Alto,Digital,Vencido,1,0
CL002868,Persona,Renata Rivera Martínez,PA05,Colombia,Medellín,Afluente,1988-02-09,2019-01-14,F,No aplica,70294,Medio,Digital,Vigente,0,0
CL002869,Empresa,Flores Comercio Latam,PA05,Colombia,Barranquilla,Corporativo,2015-12-01,2021-03-18,No aplica,Servicios profesionales,5546857,Alto,Híbrido,Vigente,0,0
CL002870,Persona,Isabella Wilson Brown,PA04,Perú,Cajamarca,Masivo,1981-06-27,2022-02-28,No especificado,No aplica,25978,Bajo,Digital,Vigente,1,0
CL002871,Persona,Isabella Hernández Díaz,PA01,México,Puebla,Banca privada,1959-02-15,2017-10-22,No especificado,No aplica,192500,Alto,Digital,Vigente,1,0
CL002872,Persona,Lucía Rivera Martínez,PA04,Perú,Chiclayo,Banca privada,2003-07-25,2015-07-30,No especificado,No aplica,236379,Bajo,Digital,Vigente,0,0
CL002873,Persona,Étienne Hernández Martin,PA02,Canadá,Calgary,Afluente,1988-02-18,2015-12-23,F,No aplica,66086,Bajo,Digital,Vigente,1,0
CL002874,Persona,Alejandro Wilson López,PA03,Chile,Santiago,Masivo,1988-03-08,2019-12-23,M,No aplica,19824,Bajo,Tradicional,Vigente,0,0
CL002875,Persona,Renata Gómez Díaz,PA05,Colombia,Cartagena,Afluente,1971-06-09,2022-11-17,No especificado,No aplica,37889,Bajo,Digital,Vigente,0,0
CL002876,Persona,Valentina Hernández Díaz,PA01,México,León,Masivo,1973-02-19,2020-12-09,M,No aplica,15069,Alto,Digital,Vigente,0,0
CL002877,Empresa,Gómez Salud Group,PA02,Canadá,Québec,PyME,2009-06-01,2019-12-10,No aplica,Construcción,384271,Alto,Híbrido,Vigente,1,0
CL002878,Persona,Étienne Flores López,PA03,Chile,Temuco,Masivo,1983-11-04,2019-07-26,No especificado,No aplica,14462,Alto,Tradicional,Vigente,1,0
CL002879,Persona,Lucas Torres Hernández,PA03,Chile,La Serena,Banca privada,1954-12-26,2021-12-14,F,No aplica,330022,Medio,Híbrido,Vigente,1,0
CL002880,Persona,Emiliano Gómez Ramírez,PA02,Canadá,Québec,Masivo,1982-03-19,2018-12-04,No especificado,No aplica,17937,Medio,Híbrido,Vigente,0,0
CL002881,Persona,Diego García Pérez,PA03,Chile,Santiago,Masivo,1990-08-17,2016-01-16,M,No aplica,20246,Alto,Híbrido,Vigente,1,0
CL002882,Empresa,Castro Comercio Group,PA02,Canadá,Mississauga,PyME,2018-05-01,2016-02-28,No aplica,Turismo,262165,Bajo,Tradicional,Vigente,0,0
CL002883,Persona,Isabella Sánchez Pérez,PA04,Perú,Lima,Masivo,1994-10-22,2021-09-12,No especificado,No aplica,19366,Bajo,Tradicional,Vigente,0,0
CL002884,Persona,Ava Rivera Castro,PA02,Canadá,Calgary,Masivo,1996-08-28,2019-04-20,No especificado,No aplica,16028,Alto,Híbrido,Vigente,1,0
CL002885,Persona,Daniela Martin González,PA04,Perú,Huancayo,Banca privada,1977-12-16,2022-05-05,No especificado,No aplica,128314,Bajo,Digital,Vigente,1,0
CL002886,Persona,Mateo Flores González,PA03,Chile,Concepción,Afluente,1994-07-19,2021-06-13,F,No aplica,94701,Bajo,Digital,Vigente,0,0
CL002887,Persona,Mariana Brown Smith,PA05,Colombia,Cali,Afluente,1971-11-13,2018-09-07,M,No aplica,54389,Medio,Digital,Vigente,1,0
CL002888,Persona,Emma Tremblay González,PA01,México,Puebla,Afluente,1964-12-20,2017-05-22,F,No aplica,47996,Alto,Híbrido,Vigente,0,0
CL002889,Persona,Emma Rivera Torres,PA01,México,Puebla,Afluente,1950-06-08,2015-10-12,M,No aplica,34833,Bajo,Digital,Vigente,1,0
CL002890,Persona,Renata Wilson Vargas,PA01,México,Tijuana,Masivo,1995-10-11,2022-02-25,No especificado,No aplica,21792,Bajo,Híbrido,Vigente,0,0
CL002891,Persona,Samuel Flores Flores,PA01,México,León,Afluente,1978-10-05,2019-09-30,F,No aplica,68901,Medio,Digital,Vigente,1,0
CL002892,Persona,Étienne Brown Martínez,PA05,Colombia,Cali,Banca privada,1957-06-17,2018-07-31,F,No aplica,229538,Medio,Digital,Vigente,1,0
CL002893,Persona,Isabella Hernández Morales,PA04,Perú,Tacna,Afluente,1999-09-20,2017-08-08,M,No aplica,74076,Bajo,Híbrido,Vigente,1,0
CL002894,Persona,Emma Hernández Flores,PA04,Perú,Huancayo,Afluente,1968-01-05,2021-05-29,M,No aplica,83658,Alto,Digital,Vigente,0,0
CL002895,Persona,Ava García Wilson,PA03,Chile,Rancagua,Afluente,1959-11-05,2016-07-20,F,No aplica,61008,Medio,Tradicional,Vigente,1,0
CL002896,Persona,Lucía Smith Smith,PA01,México,Tijuana,Masivo,1961-08-27,2016-10-20,F,No aplica,13108,Bajo,Digital,Vigente,1,0
CL002897,Persona,Camila Gómez Wilson,PA03,Chile,Antofagasta,Banca privada,1960-02-25,2019-08-04,F,No aplica,155701,Bajo,Híbrido,Vigente,0,0
CL002898,Persona,Sebastián López Flores,PA02,Canadá,Winnipeg,Masivo,1958-12-05,2016-12-24,No especificado,No aplica,25654,Bajo,Tradicional,Vigente,0,0
CL002899,Persona,Renata Díaz Romero,PA04,Perú,Arequipa,Masivo,1995-04-25,2018-01-30,M,No aplica,24398,Medio,Híbrido,Vigente,0,0
CL002900,Persona,Alejandro Smith Ramírez,PA02,Canadá,Edmonton,Afluente,1948-07-14,2021-05-25,F,No aplica,83491,Bajo,Híbrido,Vigente,1,0
CL002901,Persona,Noah Ramírez García,PA03,Chile,Temuco,Masivo,1991-12-09,2016-08-28,M,No aplica,28812,Bajo,Híbrido,Vigente,0,0
CL002902,Persona,Lucía Tremblay Martínez,PA01,México,Monterrey,Banca privada,1995-02-20,2015-06-07,F,No aplica,127612,Alto,Digital,Vigente,0,0
CL002903,Empresa,Pérez Logística Group,PA03,Chile,Santiago,PyME,1983-12-01,2018-11-19,No aplica,Tecnología,566019,Bajo,Híbrido,Vigente,1,0
CL002904,Persona,Camila Brown Brown,PA02,Canadá,Edmonton,Masivo,1995-07-15,2019-11-06,No especificado,No aplica,18673,Bajo,Híbrido,Vigente,1,0
CL002905,Persona,Sofía Smith Pérez,PA03,Chile,Temuco,Afluente,1951-02-02,2016-03-30,F,No aplica,75496,Alto,Híbrido,Vigente,0,0
CL002906,Persona,Olivia Morales Gómez,PA05,Colombia,Bucaramanga,Afluente,1972-07-18,2017-01-08,F,No aplica,63520,Bajo,Híbrido,Vigente,0,0
CL002907,Persona,Mateo Hernández Morales,PA05,Colombia,Manizales,Masivo,1970-08-21,2018-05-29,M,No aplica,14542,Alto,Híbrido,Vigente,0,0
CL002908,Persona,Isabella Reyes Hernández,PA03,Chile,Valparaíso,Masivo,1961-11-13,2022-08-25,M,No aplica,20400,Bajo,Digital,Vigente,0,0
CL002909,Persona,Étienne Hernández Brown,PA05,Colombia,Bucaramanga,Banca privada,1995-11-04,2021-08-29,M,No aplica,168163,Medio,Tradicional,Vigente,1,0
CL002910,Persona,Lucas López Martin,PA02,Canadá,Québec,Masivo,1969-02-02,2015-09-27,F,No aplica,23527,Medio,Digital,Vigente,1,0
CL002911,Persona,Gabriel Hernández Tremblay,PA03,Chile,Santiago,Banca privada,1959-06-26,2020-08-23,M,No aplica,153578,Alto,Híbrido,Vigente,1,0
CL002912,Persona,Ava Martínez Morales,PA01,México,Querétaro,Masivo,1996-11-13,2016-09-17,M,No aplica,17737,Medio,Tradicional,Vigente,1,0
CL002913,Persona,Lucía Morales Martin,PA03,Chile,Valparaíso,Masivo,1980-02-12,2017-08-25,No especificado,No aplica,26155,Medio,Tradicional,Vigente,1,0
CL002914,Persona,Renata López Tremblay,PA05,Colombia,Bucaramanga,Masivo,1965-01-13,2017-05-10,F,No aplica,28388,Bajo,Híbrido,Vigente,1,0
CL002915,Persona,Lucía García Castro,PA04,Perú,Piura,Afluente,1988-11-12,2016-11-21,F,No aplica,51435,Alto,Híbrido,Vigente,1,0
CL002916,Persona,Renata García Brown,PA05,Colombia,Manizales,Masivo,1949-11-21,2020-08-01,M,No aplica,25565,Medio,Híbrido,Vigente,1,0
CL002917,Empresa,Vargas Servicios profesionales S.A.,PA01,México,Toluca,PyME,2003-07-01,2020-08-07,No aplica,Manufactura,469054,Medio,Digital,Vigente,1,0
CL002918,Persona,Renata Rodríguez Wilson,PA04,Perú,Tacna,Masivo,1979-07-14,2020-04-30,M,No aplica,24776,Bajo,Digital,Vigente,1,0
CL002919,Persona,Mariana Ramírez Martin,PA04,Perú,Huancayo,Masivo,1964-03-03,2019-12-11,F,No aplica,14038,Alto,Tradicional,Vigente,1,0
CL002920,Empresa,Ramírez Salud S.A.,PA01,México,Monterrey,Corporativo,2019-09-01,2021-11-14,No aplica,Manufactura,5781176,Bajo,Híbrido,Vigente,1,0
CL002921,Persona,Mateo Martínez Ramírez,PA04,Perú,Cusco,Afluente,1954-04-11,2022-02-03,M,No aplica,81578,Medio,Digital,Vigente,1,0
CL002922,Persona,Mariana Cruz Romero,PA01,México,Puebla,Masivo,1949-04-02,2016-08-11,M,No aplica,25678,Medio,Digital,Vigente,0,0
CL002923,Persona,Isabella Rivera Brown,PA05,Colombia,Cartagena,Banca privada,1998-11-10,2022-09-20,F,No aplica,282136,Medio,Digital,Vigente,0,0
CL002924,Persona,Mariana Smith Torres,PA05,Colombia,Cúcuta,Masivo,1973-05-12,2018-02-03,F,No aplica,27545,Medio,Digital,Vigente,1,0
CL002925,Persona,Renata Tremblay Pérez,PA01,México,Tijuana,Banca privada,1956-03-08,2017-03-24,M,No aplica,329776,Medio,Digital,Vigente,1,0
CL002926,Empresa,Hernández Turismo Partners,PA01,México,Veracruz,PyME,2000-04-01,2021-05-27,No aplica,Servicios profesionales,400331,Medio,Tradicional,Vigente,1,0
CL002927,Persona,Liam García Hernández,PA04,Perú,Tacna,Banca privada,1995-09-26,2015-10-26,F,No aplica,345745,Alto,Híbrido,Vigente,1,0
CL002928,Persona,Camila Torres Rodríguez,PA05,Colombia,Bucaramanga,Masivo,1958-04-16,2019-06-18,F,No aplica,14844,Bajo,Tradicional,Vigente,1,0
CL002929,Persona,Lucas Díaz Romero,PA02,Canadá,Mississauga,Masivo,1998-07-27,2019-11-21,No especificado,No aplica,26521,Medio,Digital,Vigente,1,0
CL002930,Persona,Alejandro Rodríguez Smith,PA04,Perú,Lima,Banca privada,1950-12-26,2020-04-13,F,No aplica,364702,Bajo,Digital,Vigente,1,0
CL002931,Persona,Nicolás Sánchez Romero,PA02,Canadá,Mississauga,Afluente,1979-05-13,2018-09-27,M,No aplica,103569,Medio,Tradicional,Vigente,1,0
CL002932,Empresa,Gómez Construcción Group,PA02,Canadá,Edmonton,Corporativo,1990-02-01,2015-10-03,No aplica,Agroindustria,3297480,Alto,Digital,Vigente,1,0
CL002933,Persona,Gabriel Smith Hernández,PA05,Colombia,Manizales,Masivo,1956-11-10,2020-12-22,No especificado,No aplica,22871,Medio,Digital,Vigente,1,0
CL002934,Persona,Nicolás Martínez Torres,PA05,Colombia,Pereira,Masivo,1999-03-12,2021-10-24,No especificado,No aplica,27108,Medio,Híbrido,Vigente,0,0
CL002935,Empresa,López Servicios profesionales Latam,PA01,México,Puebla,PyME,1987-05-01,2020-08-26,No aplica,Comercio,768200,Medio,Tradicional,Vigente,1,0
CL002936,Persona,Lucas Martin Castro,PA03,Chile,Antofagasta,Afluente,1958-06-09,2015-10-19,F,No aplica,62194,Medio,Digital,Vigente,0,0
CL002937,Persona,Martina Reyes Vargas,PA05,Colombia,Bogotá,Masivo,1967-08-25,2016-01-06,F,No aplica,14659,Medio,Híbrido,Vigente,0,0
CL002938,Empresa,Brown Educación Group,PA03,Chile,Puerto Montt,PyME,2020-08-01,2021-09-08,No aplica,Construcción,335364,Alto,Híbrido,Vigente,0,0
CL002939,Persona,Samuel Rivera Ramírez,PA04,Perú,Tacna,Masivo,1989-01-10,2022-02-13,No especificado,No aplica,23830,Medio,Tradicional,Por vencer,0,0
CL002940,Persona,Daniela Brown Reyes,PA01,México,Toluca,Masivo,1999-11-19,2017-09-13,M,No aplica,29143,Bajo,Híbrido,Vigente,0,0
CL002941,Persona,Valentina Ramírez Wilson,PA05,Colombia,Cartagena,Afluente,1959-08-14,2021-07-25,M,No aplica,75902,Medio,Híbrido,Vigente,1,0
CL002942,Empresa,Martin Educación Latam,PA01,México,Toluca,Corporativo,2016-10-01,2016-08-27,No aplica,Logística,7114813,Medio,Tradicional,Vigente,1,0
CL002943,Persona,Lucas Wilson Martínez,PA04,Perú,Trujillo,Masivo,1950-12-06,2018-11-13,No especificado,No aplica,13239,Bajo,Híbrido,Vigente,0,0
CL002944,Persona,Santiago Vargas Wilson,PA05,Colombia,Bogotá,Masivo,1993-08-20,2021-04-26,F,No aplica,14631,Bajo,Digital,Vigente,1,0
CL002945,Empresa,Wilson Salud Group,PA04,Perú,Lima,PyME,2010-07-01,2018-04-17,No aplica,Tecnología,322749,Bajo,Híbrido,Vigente,1,0
CL002946,Persona,Noah Rodríguez Torres,PA02,Canadá,Ottawa,Afluente,1987-01-12,2019-10-18,No especificado,No aplica,35401,Bajo,Híbrido,Vigente,1,0
CL002947,Persona,Santiago Cruz Tremblay,PA03,Chile,Rancagua,Banca privada,1963-11-17,2018-08-25,F,No aplica,346080,Bajo,Digital,Vigente,1,0
CL002948,Empresa,Ramírez Construcción S.A.,PA03,Chile,Santiago,PyME,2017-06-01,2020-07-05,No aplica,Construcción,651261,Alto,Híbrido,Vigente,0,0
CL002949,Persona,Noah López Díaz,PA03,Chile,Viña del Mar,Masivo,1951-06-27,2020-06-30,No especificado,No aplica,25831,Medio,Híbrido,Vigente,0,0
CL002950,Persona,Liam López Vargas,PA04,Perú,Huancayo,Masivo,2001-01-20,2016-04-18,No especificado,No aplica,24140,Bajo,Tradicional,Vigente,1,0
CL002951,Empresa,Smith Educación Latam,PA05,Colombia,Cúcuta,PyME,2008-06-01,2019-08-17,No aplica,Salud,400743,Medio,Tradicional,Vigente,1,0
CL002952,Persona,Gabriel Wilson García,PA03,Chile,Rancagua,Banca privada,1973-10-22,2021-06-05,F,No aplica,272692,Medio,Tradicional,Vigente,1,0
CL002953,Persona,Renata Wilson Sánchez,PA02,Canadá,Ottawa,Afluente,1992-06-18,2015-08-10,M,No aplica,77031,Bajo,Híbrido,Vigente,1,0
CL002954,Persona,Sebastián Vargas Smith,PA01,México,Toluca,Afluente,1961-03-12,2020-05-06,F,No aplica,38387,Alto,Digital,Vigente,0,0
CL002955,Persona,Noah Díaz Rivera,PA04,Perú,Cajamarca,Afluente,1970-08-03,2022-08-08,No especificado,No aplica,95272,Bajo,Digital,Vigente,1,0
CL002956,Persona,Mateo Hernández Castro,PA01,México,León,Masivo,1959-03-06,2017-12-07,No especificado,No aplica,11534,Alto,Digital,Por vencer,0,0
CL002957,Persona,Lucas Torres Flores,PA04,Perú,Arequipa,Masivo,1989-11-19,2015-06-29,M,No aplica,27347,Medio,Tradicional,Vigente,1,0
CL002958,Persona,Gabriel Pérez Reyes,PA01,México,Monterrey,Masivo,1992-09-24,2022-02-25,F,No aplica,20562,Medio,Digital,Vigente,1,0
CL002959,Persona,Samuel Sánchez Tremblay,PA03,Chile,La Serena,Masivo,1987-01-24,2018-06-22,M,No aplica,11412,Bajo,Híbrido,Vigente,1,0
CL002960,Persona,Lucas Smith Smith,PA02,Canadá,Edmonton,Masivo,1990-02-25,2019-01-05,M,No aplica,17358,Alto,Híbrido,Vigente,0,0
CL002961,Persona,Nicolás Romero Morales,PA03,Chile,Valparaíso,Masivo,1972-03-28,2022-11-19,M,No aplica,26375,Medio,Tradicional,Vigente,1,0
CL002962,Persona,Élodie Flores Flores,PA03,Chile,Puerto Montt,Masivo,1948-06-10,2021-09-07,M,No aplica,28244,Bajo,Híbrido,Vigente,0,0
CL002963,Empresa,Torres Construcción Group,PA02,Canadá,Ottawa,PyME,2009-10-01,2020-04-18,No aplica,Comercio,574013,Alto,Tradicional,Vigente,0,0
CL002964,Persona,Liam Díaz Smith,PA01,México,León,Masivo,1997-10-16,2019-07-10,F,No aplica,17068,Alto,Digital,Vigente,1,0
CL002965,Persona,Sebastián Rivera Martínez,PA03,Chile,Antofagasta,Masivo,1958-03-03,2022-06-25,M,No aplica,27616,Alto,Tradicional,Vigente,1,0
CL002966,Persona,Gabriel Smith Gómez,PA02,Canadá,Vancouver,Masivo,1950-03-01,2017-03-24,No especificado,No aplica,29673,Medio,Híbrido,Vigente,0,0
CL002967,Persona,Alejandro Hernández Sánchez,PA01,México,Monterrey,Banca privada,2001-09-17,2022-05-24,M,No aplica,183672,Medio,Híbrido,Vigente,1,0
CL002968,Persona,Gabriel Morales Reyes,PA04,Perú,Cusco,Afluente,1959-06-12,2020-02-11,M,No aplica,91976,Medio,Digital,Vigente,0,0
CL002969,Persona,Sofía García Hernández,PA04,Perú,Chiclayo,Afluente,1967-02-10,2021-05-28,M,No aplica,57035,Bajo,Híbrido,Vigente,0,0
CL002970,Persona,Valentina Sánchez Morales,PA04,Perú,Lima,Masivo,1962-03-27,2021-07-12,No especificado,No aplica,18099,Bajo,Híbrido,Vigente,1,0
CL002971,Empresa,Sánchez Turismo S.A.,PA05,Colombia,Bucaramanga,PyME,2008-09-01,2021-07-26,No aplica,Comercio,508461,Medio,Digital,Vigente,1,0
CL002972,Persona,Noah Sánchez Wilson,PA02,Canadá,Ottawa,Banca privada,1999-04-11,2020-01-28,F,No aplica,353855,Bajo,Tradicional,Vigente,0,0
CL002973,Persona,Renata Martínez Hernández,PA04,Perú,Trujillo,Afluente,2000-07-13,2018-01-12,No especificado,No aplica,101478,Bajo,Tradicional,Vigente,1,0
CL002974,Persona,Étienne García Martínez,PA03,Chile,Rancagua,Afluente,1979-07-21,2015-10-04,F,No aplica,42647,Bajo,Tradicional,Por vencer,1,0
CL002975,Persona,Mariana Flores Cruz,PA02,Canadá,Edmonton,Masivo,1987-11-21,2016-09-30,F,No aplica,30018,Bajo,Tradicional,Vigente,1,0
CL002976,Persona,Isabella Smith González,PA01,México,Tijuana,Afluente,2003-02-17,2020-07-04,M,No aplica,105054,Medio,Híbrido,Vigente,1,0
CL002977,Persona,Alejandro Díaz Smith,PA03,Chile,Antofagasta,Afluente,1955-05-21,2020-06-30,F,No aplica,37417,Bajo,Híbrido,Vigente,1,0
CL002978,Persona,Étienne Ramírez Smith,PA03,Chile,Puerto Montt,Afluente,1991-12-17,2021-03-28,F,No aplica,97706,Bajo,Tradicional,Vigente,1,0
CL002979,Persona,Lucía Pérez Smith,PA02,Canadá,Winnipeg,Banca privada,1989-11-10,2016-08-23,F,No aplica,120654,Bajo,Híbrido,Vigente,1,0
CL002980,Persona,Lucía Reyes González,PA05,Colombia,Cali,Afluente,1975-09-21,2018-07-11,F,No aplica,105947,Bajo,Digital,Vigente,1,0
CL002981,Persona,Diego Brown Ramírez,PA01,México,Monterrey,Masivo,1961-01-15,2021-03-27,F,No aplica,25618,Medio,Híbrido,Vigente,1,0
CL002982,Persona,Lucas Cruz Reyes,PA03,Chile,Rancagua,Masivo,1978-01-10,2019-03-10,M,No aplica,31398,Medio,Híbrido,Vigente,1,0
CL002983,Empresa,Ramírez Comercio S.A.,PA05,Colombia,Bogotá,PyME,2013-06-01,2022-06-06,No aplica,Logística,574214,Bajo,Digital,Vigente,0,0
CL002984,Persona,Daniela Reyes Rodríguez,PA05,Colombia,Cali,Masivo,1999-04-12,2019-04-15,M,No aplica,30549,Alto,Tradicional,Vigente,1,0
CL002985,Persona,Valentina Vargas Smith,PA03,Chile,Antofagasta,Afluente,2003-11-04,2017-12-13,M,No aplica,54433,Medio,Híbrido,Vigente,0,0
CL002986,Persona,Sebastián Morales Martin,PA02,Canadá,Montreal,Masivo,2003-08-11,2022-04-06,No especificado,No aplica,25207,Bajo,Digital,Vigente,0,0
CL002987,Persona,Martina Sánchez Reyes,PA05,Colombia,Pereira,Masivo,1949-04-16,2021-09-20,No especificado,No aplica,21763,Medio,Digital,Vigente,1,0
CL002988,Persona,Valentina García Brown,PA01,México,Mérida,Masivo,1982-06-19,2016-07-08,No especificado,No aplica,25654,Medio,Híbrido,Vigente,1,0
CL002989,Persona,Diego Ramírez Rivera,PA01,México,Toluca,Masivo,1992-11-20,2015-08-08,M,No aplica,23634,Medio,Híbrido,Vigente,1,0
CL002990,Persona,Élodie Brown Ramírez,PA05,Colombia,Manizales,Masivo,1973-06-28,2018-11-20,No especificado,No aplica,22811,Bajo,Híbrido,Por vencer,0,0
CL002991,Persona,Gabriel Reyes Rodríguez,PA04,Perú,Cajamarca,Masivo,1955-10-12,2015-10-24,No especificado,No aplica,15008,Medio,Digital,Vigente,1,0
CL002992,Persona,Lucía Reyes Rivera,PA03,Chile,Temuco,Afluente,1997-11-05,2016-10-03,M,No aplica,90451,Bajo,Híbrido,Por vencer,1,0
CL002993,Persona,Emiliano Gómez Rodríguez,PA05,Colombia,Bucaramanga,Afluente,1990-04-10,2021-09-30,F,No aplica,48547,Medio,Híbrido,Vigente,0,0
CL002994,Persona,Isabella Díaz Castro,PA04,Perú,Tacna,Banca privada,1971-06-06,2020-01-30,No especificado,No aplica,188260,Medio,Digital,Vigente,1,0
CL002995,Persona,Valentina Ramírez Romero,PA01,México,Puebla,Afluente,1966-10-24,2019-09-04,M,No aplica,44753,Medio,Híbrido,Vigente,1,0
CL002996,Persona,Isabella Sánchez Hernández,PA03,Chile,Rancagua,Afluente,1998-02-05,2019-07-18,M,No aplica,77697,Bajo,Digital,Vigente,0,0
CL002997,Persona,Isabella Smith Vargas,PA05,Colombia,Cúcuta,Masivo,1993-05-28,2016-05-19,F,No aplica,10608,Bajo,Tradicional,Vigente,0,0
CL002998,Persona,Lucas Wilson Smith,PA02,Canadá,Montreal,Afluente,1957-11-06,2019-11-06,M,No aplica,72406,Alto,Digital,Vigente,1,0
CL002999,Persona,Renata Wilson Brown,PA04,Perú,Huancayo,Banca privada,1985-05-18,2019-05-31,No especificado,No aplica,221767,Bajo,Digital,Vigente,0,1
CL003000,Persona,Isabella Martínez González,PA02,Canadá,Mississauga,Masivo,1996-08-12,2022-08-14,M,No aplica,26819,Bajo,Digital,Vigente,0,0
CL003001,Persona,Isabella Tremblay Rivera,PA01,México,Toluca,Banca privada,1959-02-19,2017-12-02,M,No aplica,253965,Bajo,Híbrido,Vigente,1,0
CL003002,Persona,Ava García López,PA02,Canadá,Winnipeg,Masivo,1958-09-12,2016-05-16,No especificado,No aplica,27882,Medio,Híbrido,Vigente,0,0
CL003003,Empresa,Cruz Salud Latam,PA04,Perú,Chiclayo,PyME,1998-06-01,2018-05-28,No aplica,Tecnología,535146,Bajo,Híbrido,Vigente,0,0
CL003004,Persona,Samuel González González,PA01,México,Veracruz,Afluente,1999-08-01,2019-03-03,F,No aplica,73594,Bajo,Tradicional,Vigente,1,0
CL003005,Persona,Noah Rodríguez Cruz,PA01,México,León,Masivo,1952-08-10,2021-04-30,M,No aplica,30109,Bajo,Híbrido,Vigente,0,0
CL003006,Persona,Santiago Pérez Smith,PA02,Canadá,Halifax,Masivo,1984-02-06,2018-12-21,No especificado,No aplica,19424,Bajo,Digital,Vigente,1,0
CL003007,Persona,Olivia Wilson Vargas,PA01,México,Guadalajara,Masivo,1960-12-11,2019-08-22,F,No aplica,22643,Medio,Digital,Vigente,1,0
CL003008,Persona,Gabriel Romero Martínez,PA04,Perú,Tacna,Masivo,1952-04-27,2022-08-28,F,No aplica,26980,Medio,Tradicional,Vigente,1,0
CL003009,Persona,Renata Hernández Brown,PA02,Canadá,Calgary,Afluente,1957-10-17,2022-03-07,No especificado,No aplica,54685,Medio,Digital,Vigente,1,0
CL003010,Empresa,Brown Salud Partners,PA05,Colombia,Pereira,PyME,2017-06-01,2015-11-11,No aplica,Tecnología,707123,Medio,Híbrido,Por vencer,0,0
CL003011,Persona,Sebastián Ramírez Vargas,PA04,Perú,Huancayo,Afluente,1992-03-11,2017-02-27,No especificado,No aplica,60685,Medio,Digital,Vigente,1,0
CL003012,Persona,Diego Martínez Brown,PA05,Colombia,Santa Marta,Masivo,2002-06-18,2016-11-14,No especificado,No aplica,12027,Medio,Digital,Vigente,0,0
CL003013,Persona,Liam Brown Tremblay,PA04,Perú,Chiclayo,Masivo,1987-03-16,2018-01-27,No especificado,No aplica,19800,Medio,Digital,Vencido,0,0
CL003014,Persona,Lucas Wilson González,PA01,México,Mérida,Masivo,1976-09-10,2018-06-10,F,No aplica,14559,Alto,Digital,Vigente,0,0
CL003015,Persona,Lucía Reyes Brown,PA01,México,Toluca,Banca privada,1966-08-17,2019-10-15,M,No aplica,316596,Bajo,Híbrido,Vigente,0,0
CL003016,Persona,Emiliano Vargas Tremblay,PA05,Colombia,Pereira,Masivo,1975-03-16,2016-05-22,F,No aplica,27590,Alto,Digital,Vigente,1,0
CL003017,Empresa,Ramírez Educación Latam,PA03,Chile,Viña del Mar,PyME,1984-02-01,2022-01-29,No aplica,Agroindustria,380040,Bajo,Digital,Vigente,1,0
CL003018,Persona,Emma Reyes Reyes,PA02,Canadá,Edmonton,Masivo,1972-10-26,2019-11-25,M,No aplica,25922,Alto,Híbrido,Vigente,1,0
CL003019,Persona,Alejandro Reyes Wilson,PA02,Canadá,Montreal,Afluente,2002-12-20,2021-09-25,No especificado,No aplica,71182,Medio,Híbrido,Vigente,0,0
CL003020,Empresa,Martínez Servicios profesionales Group,PA03,Chile,Santiago,PyME,2018-11-01,2019-07-11,No aplica,Manufactura,360574,Bajo,Digital,Vigente,0,1
CL003021,Persona,Nicolás Ramírez Smith,PA05,Colombia,Medellín,Banca privada,1965-02-20,2022-02-11,F,No aplica,236764,Medio,Digital,Vigente,0,0
CL003022,Persona,Emma Sánchez Reyes,PA04,Perú,Cusco,Masivo,1994-10-01,2020-04-25,M,No aplica,18685,Alto,Híbrido,Vigente,1,0
CL003023,Persona,Camila Gómez Reyes,PA02,Canadá,Mississauga,Banca privada,1992-12-05,2017-05-07,M,No aplica,296289,Bajo,Digital,Vigente,0,0
CL003024,Persona,Noah Rodríguez Castro,PA05,Colombia,Santa Marta,Afluente,1986-02-28,2019-03-07,No especificado,No aplica,63740,Bajo,Híbrido,Vigente,0,0
CL003025,Persona,Lucía Brown Brown,PA02,Canadá,Edmonton,Masivo,1982-12-06,2021-09-09,M,No aplica,17721,Alto,Digital,Vigente,0,0
CL003026,Persona,Sebastián Pérez Romero,PA01,México,Ciudad de México,Masivo,1961-12-03,2018-06-28,M,No aplica,25336,Medio,Digital,Vigente,1,0
CL003027,Persona,Mariana Cruz Rivera,PA05,Colombia,Cúcuta,Masivo,1998-03-04,2022-04-18,M,No aplica,17794,Bajo,Híbrido,Vigente,0,0
CL003028,Empresa,Pérez Servicios profesionales Group,PA03,Chile,Antofagasta,PyME,2015-05-01,2019-06-13,No aplica,Manufactura,298990,Bajo,Digital,Vigente,0,0
CL003029,Persona,Lucas Brown Rodríguez,PA04,Perú,Trujillo,Masivo,1954-10-17,2019-08-07,No especificado,No aplica,18599,Bajo,Digital,Vigente,0,0
CL003030,Persona,Emiliano Cruz López,PA05,Colombia,Cúcuta,Masivo,1963-09-12,2019-01-10,No especificado,No aplica,11734,Alto,Digital,Vigente,0,0
CL003031,Persona,Lucía Martin Torres,PA05,Colombia,Cúcuta,Afluente,1954-03-23,2019-07-08,No especificado,No aplica,71995,Alto,Híbrido,Vigente,0,0
CL003032,Persona,Renata Vargas Reyes,PA05,Colombia,Barranquilla,Masivo,1979-02-13,2017-12-20,No especificado,No aplica,21406,Bajo,Híbrido,Vigente,1,0
CL003033,Persona,Daniela García Gómez,PA04,Perú,Lima,Masivo,1960-08-27,2020-12-30,F,No aplica,23851,Medio,Híbrido,Vigente,0,0
CL003034,Empresa,Hernández Turismo Group,PA03,Chile,Rancagua,PyME,1994-12-01,2018-04-14,No aplica,Servicios profesionales,569398,Medio,Híbrido,Vigente,1,0
CL003035,Persona,Liam Wilson Díaz,PA02,Canadá,Halifax,Masivo,1994-12-03,2021-03-06,M,No aplica,25295,Medio,Híbrido,Vigente,0,0
CL003036,Persona,Samuel Castro Sánchez,PA02,Canadá,Mississauga,Afluente,1966-07-02,2022-10-01,F,No aplica,80345,Alto,Digital,Vigente,0,0
CL003037,Empresa,Reyes Agroindustria Latam,PA03,Chile,Rancagua,Corporativo,1989-11-01,2017-01-22,No aplica,Salud,8538185,Alto,Híbrido,Vigente,0,0
CL003038,Persona,Emiliano Martin Pérez,PA01,México,Monterrey,Masivo,1982-06-11,2019-06-24,F,No aplica,16666,Bajo,Híbrido,Vigente,0,0
CL003039,Persona,Gabriel Hernández Ramírez,PA05,Colombia,Cúcuta,Masivo,1985-01-21,2016-11-25,M,No aplica,25594,Bajo,Híbrido,Vigente,1,0
CL003040,Persona,Gabriel Martínez Castro,PA03,Chile,Talca,Masivo,1978-06-23,2018-07-02,F,No aplica,27615,Bajo,Tradicional,Vigente,0,0
CL003041,Persona,Alejandro Brown Rodríguez,PA03,Chile,Santiago,Banca privada,1961-02-16,2020-05-11,M,No aplica,222742,Bajo,Digital,Vigente,1,0
CL003042,Persona,Camila Brown Hernández,PA01,México,Monterrey,Masivo,1984-05-24,2019-09-14,No especificado,No aplica,30214,Medio,Tradicional,Vigente,1,0
CL003043,Persona,Mateo Torres Tremblay,PA04,Perú,Cajamarca,Masivo,1989-02-18,2017-09-13,M,No aplica,19341,Bajo,Digital,Vigente,0,0
CL003044,Persona,Camila López Romero,PA01,México,Mérida,Banca privada,2000-02-06,2015-06-30,No especificado,No aplica,273912,Bajo,Híbrido,Vigente,1,0
CL003045,Persona,Ava Brown Ramírez,PA03,Chile,Valparaíso,Afluente,1983-04-25,2016-03-17,F,No aplica,37032,Medio,Híbrido,Vigente,1,0
CL003046,Persona,Sofía Hernández Martin,PA02,Canadá,Ottawa,Banca privada,1975-11-17,2015-11-26,M,No aplica,345167,Medio,Híbrido,Vigente,1,0
CL003047,Persona,Emiliano López Díaz,PA05,Colombia,Manizales,Afluente,1973-12-10,2018-04-24,No especificado,No aplica,42122,Medio,Digital,Vigente,1,0
CL003048,Persona,Nicolás Flores Flores,PA05,Colombia,Cúcuta,Banca privada,1965-03-17,2021-04-05,M,No aplica,164104,Bajo,Híbrido,Vigente,1,0
CL003049,Persona,Emiliano Rodríguez Díaz,PA02,Canadá,Mississauga,Banca privada,1952-02-15,2020-12-05,No especificado,No aplica,244665,Alto,Híbrido,Vigente,1,0
CL003050,Empresa,González Educación Partners,PA04,Perú,Chiclayo,PyME,1993-12-01,2019-11-05,No aplica,Construcción,460038,Bajo,Híbrido,Vigente,0,0
CL003051,Persona,Nicolás Flores Hernández,PA02,Canadá,Calgary,Masivo,1990-01-27,2020-05-21,M,No aplica,16169,Bajo,Digital,Vigente,1,0
CL003052,Persona,Élodie Morales Wilson,PA04,Perú,Arequipa,Afluente,1987-09-01,2018-05-06,M,No aplica,40853,Medio,Híbrido,Vigente,1,0
CL003053,Empresa,Castro Salud Latam,PA03,Chile,Temuco,PyME,1992-07-01,2022-05-13,No aplica,Turismo,753284,Medio,Digital,Vigente,0,0
CL003054,Persona,Mariana Brown Brown,PA03,Chile,La Serena,Afluente,2002-10-17,2017-02-08,No especificado,No aplica,80671,Medio,Híbrido,Vigente,0,0
CL003055,Persona,Renata Brown Wilson,PA05,Colombia,Pereira,Afluente,1980-11-09,2016-03-20,No especificado,No aplica,85938,Alto,Híbrido,Vigente,1,0
CL003056,Persona,Sebastián Cruz Flores,PA05,Colombia,Medellín,Masivo,1991-03-23,2020-12-14,No especificado,No aplica,12528,Alto,Híbrido,Vigente,1,0
CL003057,Persona,Alejandro Vargas Tremblay,PA05,Colombia,Santa Marta,Masivo,1957-06-12,2018-03-13,M,No aplica,21889,Bajo,Tradicional,Vigente,0,0
CL003058,Persona,Noah López Cruz,PA01,México,Ciudad de México,Afluente,1991-04-01,2015-12-27,No especificado,No aplica,83545,Medio,Híbrido,Vigente,1,0
CL003059,Persona,Diego Reyes Ramírez,PA02,Canadá,Halifax,Masivo,1982-07-14,2022-11-28,M,No aplica,23764,Bajo,Híbrido,Vigente,1,0
CL003060,Persona,Renata Rivera Wilson,PA05,Colombia,Cúcuta,Banca privada,1976-12-13,2016-11-25,M,No aplica,173731,Bajo,Híbrido,Vigente,1,0
CL003061,Empresa,Flores Agroindustria Group,PA03,Chile,Puerto Montt,Corporativo,1997-12-01,2017-06-16,No aplica,Salud,7910260,Medio,Digital,Vigente,1,0
CL003062,Persona,Nicolás Romero García,PA05,Colombia,Santa Marta,Masivo,1961-02-05,2021-08-06,M,No aplica,22964,Bajo,Tradicional,Vigente,1,0
CL003063,Persona,Mariana Flores Martínez,PA04,Perú,Arequipa,Afluente,1983-02-03,2015-12-07,M,No aplica,88340,Alto,Híbrido,Vigente,1,0
CL003064,Persona,Martina Hernández Vargas,PA02,Canadá,Calgary,Masivo,1969-10-02,2017-10-11,M,No aplica,28037,Alto,Híbrido,Vigente,0,0
CL003065,Persona,Élodie Sánchez Díaz,PA04,Perú,Trujillo,Masivo,1971-04-11,2021-02-06,No especificado,No aplica,29794,Medio,Digital,Vigente,1,0
CL003066,Persona,Camila Tremblay Smith,PA01,México,León,Masivo,1984-12-06,2019-04-09,No especificado,No aplica,21895,Medio,Tradicional,Vigente,1,0
CL003067,Persona,Nicolás Sánchez Flores,PA05,Colombia,Cali,Banca privada,1984-04-06,2020-07-03,No especificado,No aplica,138658,Alto,Híbrido,Vigente,0,0
CL003068,Empresa,Smith Salud Group,PA01,México,Tijuana,PyME,1996-08-01,2021-03-26,No aplica,Tecnología,795186,Bajo,Híbrido,Vigente,0,0
CL003069,Persona,Emma Castro Hernández,PA02,Canadá,Halifax,Afluente,1995-09-07,2020-01-28,M,No aplica,94635,Alto,Digital,Vigente,1,0
CL003070,Persona,Alejandro Torres Pérez,PA03,Chile,Talca,Banca privada,2000-08-27,2018-02-09,M,No aplica,341112,Bajo,Híbrido,Por vencer,1,0
CL003071,Persona,Gabriel Cruz Rivera,PA03,Chile,Puerto Montt,Masivo,1959-09-03,2018-10-21,F,No aplica,26288,Bajo,Digital,Vigente,1,0
CL003072,Empresa,Gómez Tecnología Group,PA02,Canadá,Winnipeg,Corporativo,2007-01-01,2019-06-26,No aplica,Servicios profesionales,6643049,Alto,Tradicional,Vigente,1,0
CL003073,Persona,Gabriel González Cruz,PA04,Perú,Trujillo,Banca privada,1999-03-14,2019-03-14,M,No aplica,267973,Bajo,Híbrido,Vigente,1,0
CL003074,Persona,Santiago Castro Ramírez,PA03,Chile,Talca,Masivo,1977-11-12,2021-01-04,M,No aplica,17685,Medio,Digital,Vigente,1,0
CL003075,Persona,Mariana Hernández Rivera,PA01,México,Veracruz,Masivo,1963-05-02,2022-09-06,No especificado,No aplica,22838,Medio,Híbrido,Vigente,1,0
CL003076,Persona,Daniela Pérez Romero,PA02,Canadá,Edmonton,Masivo,1970-08-08,2017-06-10,No especificado,No aplica,28265,Medio,Digital,Vigente,1,0
CL003077,Persona,Mateo Pérez Ramírez,PA02,Canadá,Toronto,Masivo,1970-10-14,2017-04-03,No especificado,No aplica,16045,Alto,Híbrido,Vigente,1,0
CL003078,Persona,Alejandro Martin Rivera,PA03,Chile,Concepción,Afluente,1966-09-21,2020-01-24,No especificado,No aplica,98186,Alto,Híbrido,Vigente,1,0
CL003079,Empresa,Morales Servicios profesionales Latam,PA03,Chile,Concepción,PyME,1985-07-01,2020-12-24,No aplica,Comercio,631283,Medio,Tradicional,Vigente,1,0
CL003080,Persona,Camila Martínez Vargas,PA01,México,Ciudad de México,Afluente,1965-08-13,2019-08-12,F,No aplica,55005,Medio,Híbrido,Vigente,0,0
CL003081,Empresa,Castro Servicios profesionales Group,PA04,Perú,Lima,PyME,2007-03-01,2017-05-25,No aplica,Tecnología,204340,Bajo,Digital,Vigente,0,0
CL003082,Persona,Ava Pérez Hernández,PA01,México,Guadalajara,Afluente,1948-02-16,2017-06-23,M,No aplica,89985,Medio,Híbrido,Vigente,1,0
CL003083,Empresa,García Logística Partners,PA05,Colombia,Barranquilla,Corporativo,2008-08-01,2020-09-04,No aplica,Tecnología,4734031,Medio,Tradicional,Vigente,0,0
CL003084,Persona,Mateo Sánchez Rivera,PA01,México,Querétaro,Afluente,2000-09-28,2016-10-10,M,No aplica,34260,Medio,Tradicional,Vigente,0,0
CL003085,Persona,Liam Brown Cruz,PA04,Perú,Tacna,Afluente,1955-01-26,2017-10-14,F,No aplica,82979,Medio,Digital,Vigente,0,0
CL003086,Persona,Olivia Tremblay López,PA02,Canadá,Vancouver,Banca privada,1971-03-19,2021-02-04,M,No aplica,201625,Alto,Digital,Vigente,0,0
CL003087,Persona,Mariana Ramírez Cruz,PA03,Chile,Santiago,Banca privada,2001-09-15,2022-07-18,No especificado,No aplica,342966,Bajo,Híbrido,Vigente,1,0
CL003088,Empresa,Smith Comercio S.A.,PA03,Chile,Viña del Mar,PyME,1987-09-01,2020-03-08,No aplica,Comercio,275450,Medio,Híbrido,Vigente,1,0
CL003089,Persona,Olivia Torres Martin,PA02,Canadá,Ottawa,Afluente,1956-05-02,2021-04-26,No especificado,No aplica,71891,Medio,Digital,Vigente,0,0
CL003090,Persona,Lucía Tremblay Hernández,PA05,Colombia,Pereira,Masivo,1990-06-04,2021-11-14,No especificado,No aplica,26268,Medio,Digital,Vigente,0,0
CL003091,Persona,Étienne Martínez Martínez,PA02,Canadá,Ottawa,Masivo,1978-06-26,2017-02-02,M,No aplica,17116,Bajo,Híbrido,Vigente,1,0
CL003092,Empresa,Reyes Manufactura Latam,PA04,Perú,Tacna,PyME,2001-09-01,2020-08-16,No aplica,Educación,203382,Medio,Híbrido,Vigente,0,0
CL003093,Persona,Diego Tremblay García,PA02,Canadá,Ottawa,Afluente,1955-10-19,2018-12-28,No especificado,No aplica,88599,Bajo,Híbrido,Vigente,1,0
CL003094,Persona,Sofía Sánchez López,PA04,Perú,Cajamarca,Masivo,1978-07-11,2021-11-18,M,No aplica,21146,Alto,Digital,Vigente,1,0
CL003095,Persona,Samuel Cruz Smith,PA01,México,Guadalajara,Masivo,1974-07-12,2020-03-03,No especificado,No aplica,14901,Bajo,Híbrido,Vigente,1,0
CL003096,Persona,Samuel Díaz Romero,PA04,Perú,Cajamarca,Masivo,1972-06-18,2019-10-12,F,No aplica,30218,Bajo,Híbrido,Vigente,0,0
CL003097,Persona,Ava Brown Cruz,PA05,Colombia,Manizales,Afluente,1986-07-05,2016-09-07,M,No aplica,75557,Alto,Digital,Vigente,1,0
CL003098,Persona,Mateo Wilson Martínez,PA01,México,Querétaro,Masivo,1977-12-26,2019-05-22,F,No aplica,20833,Medio,Híbrido,Vigente,0,0
CL003099,Persona,Liam Morales Rivera,PA02,Canadá,Edmonton,Afluente,1992-10-27,2022-07-23,No especificado,No aplica,58268,Bajo,Digital,Vigente,0,0
CL003100,Persona,Renata Vargas Romero,PA02,Canadá,Vancouver,Masivo,1988-12-21,2018-04-28,F,No aplica,13661,Bajo,Híbrido,Vigente,1,0
CL003101,Empresa,Tremblay Manufactura Latam,PA05,Colombia,Pereira,PyME,1982-05-01,2022-10-22,No aplica,Agroindustria,352434,Bajo,Digital,Vigente,1,0
CL003102,Persona,Nicolás Castro Martin,PA04,Perú,Lima,Masivo,1950-06-19,2015-12-13,M,No aplica,20009,Medio,Híbrido,Vigente,0,0
CL003103,Persona,Alejandro Reyes Rivera,PA05,Colombia,Medellín,Masivo,1988-09-08,2017-11-27,No especificado,No aplica,13788,Medio,Digital,Vigente,1,0
CL003104,Persona,Martina Hernández Hernández,PA01,México,Puebla,Masivo,1956-01-17,2021-08-17,F,No aplica,12948,Medio,Tradicional,Vigente,0,0
CL003105,Persona,Élodie Brown González,PA03,Chile,Viña del Mar,Masivo,1988-03-19,2018-01-03,No especificado,No aplica,18625,Bajo,Digital,Vigente,1,0
CL003106,Persona,Mateo Ramírez Cruz,PA05,Colombia,Medellín,Masivo,1971-05-17,2020-07-26,F,No aplica,15489,Alto,Tradicional,Vigente,0,0
CL003107,Persona,Renata Ramírez Morales,PA02,Canadá,Vancouver,Afluente,1991-11-06,2021-07-15,No especificado,No aplica,108283,Medio,Digital,Por vencer,0,0
CL003108,Persona,Diego Díaz Castro,PA04,Perú,Piura,Masivo,1986-06-19,2020-09-17,M,No aplica,10679,Alto,Híbrido,Vigente,0,0
CL003109,Persona,Renata Gómez Wilson,PA04,Perú,Lima,Masivo,1960-04-28,2018-04-14,M,No aplica,29110,Bajo,Híbrido,Vigente,1,0
CL003110,Persona,Emiliano Flores Flores,PA01,México,Veracruz,Banca privada,1998-08-17,2019-12-16,No especificado,No aplica,229752,Medio,Digital,Vigente,1,0
CL003111,Persona,Liam Gómez Cruz,PA05,Colombia,Cali,Afluente,1997-01-10,2015-10-05,No especificado,No aplica,64452,Alto,Híbrido,Vigente,0,0
CL003112,Persona,Camila Morales Vargas,PA02,Canadá,Winnipeg,Banca privada,1957-12-05,2018-03-18,F,No aplica,318178,Medio,Híbrido,Vigente,0,0
CL003113,Persona,Diego Hernández Rodríguez,PA05,Colombia,Cartagena,Banca privada,1976-07-06,2018-04-07,F,No aplica,367460,Medio,Híbrido,Vigente,1,0
CL003114,Persona,Santiago Martínez Reyes,PA05,Colombia,Bogotá,Banca privada,1981-11-06,2018-07-15,M,No aplica,235304,Bajo,Híbrido,Vigente,1,0
CL003115,Persona,Isabella Rodríguez Hernández,PA02,Canadá,Montreal,Afluente,1993-08-24,2015-07-12,F,No aplica,91221,Medio,Híbrido,Vigente,1,0
CL003116,Persona,Renata Pérez Cruz,PA04,Perú,Cajamarca,Afluente,1997-07-11,2021-10-09,No especificado,No aplica,82555,Medio,Digital,Vigente,1,0
CL003117,Persona,Ava Martin Díaz,PA05,Colombia,Santa Marta,Masivo,1989-10-07,2017-12-07,No especificado,No aplica,15088,Medio,Digital,Vigente,1,0
CL003118,Persona,Lucía Díaz Cruz,PA03,Chile,Antofagasta,Banca privada,1977-05-13,2017-08-13,M,No aplica,355744,Medio,Híbrido,Vigente,1,0
CL003119,Persona,Renata Gómez Flores,PA01,México,Mérida,Afluente,1990-07-17,2016-03-11,F,No aplica,60570,Alto,Digital,Vigente,1,0
CL003120,Persona,Liam Vargas Morales,PA05,Colombia,Cartagena,Masivo,1952-11-10,2021-11-25,F,No aplica,10822,Medio,Híbrido,Vigente,1,0
CL003121,Persona,Valentina Wilson Romero,PA04,Perú,Chiclayo,Masivo,1956-10-05,2022-09-22,M,No aplica,24088,Bajo,Digital,Vigente,1,0
CL003122,Persona,Emma Romero Sánchez,PA04,Perú,Chiclayo,Masivo,1957-03-04,2018-08-30,No especificado,No aplica,24381,Medio,Digital,Vigente,1,0
CL003123,Empresa,Smith Educación Partners,PA01,México,Mérida,Corporativo,1995-04-01,2022-05-06,No aplica,Servicios profesionales,7465097,Medio,Híbrido,Vigente,0,0
CL003124,Persona,Martina Cruz Martínez,PA01,México,Guadalajara,Banca privada,1963-03-21,2022-05-11,F,No aplica,128788,Medio,Tradicional,Vigente,1,0
CL003125,Persona,Mariana Tremblay Gómez,PA04,Perú,Arequipa,Afluente,1970-05-25,2016-09-19,No especificado,No aplica,106868,Medio,Tradicional,Vigente,1,0
CL003126,Persona,Isabella López Martin,PA04,Perú,Iquitos,Masivo,1992-02-06,2019-04-22,M,No aplica,13417,Bajo,Digital,Vigente,1,0
CL003127,Empresa,Hernández Comercio Partners,PA01,México,Tijuana,PyME,2020-11-01,2018-08-23,No aplica,Logística,684457,Medio,Híbrido,Vigente,1,0
CL003128,Persona,Lucas Morales González,PA03,Chile,Antofagasta,Banca privada,1982-04-25,2022-05-17,M,No aplica,235732,Alto,Tradicional,Vigente,1,0
CL003129,Empresa,Brown Turismo Latam,PA05,Colombia,Medellín,PyME,1988-12-01,2016-11-06,No aplica,Educación,774936,Alto,Híbrido,Vigente,0,0
CL003130,Persona,Nicolás Flores Cruz,PA05,Colombia,Cúcuta,Banca privada,1971-10-06,2022-04-22,No especificado,No aplica,193503,Alto,Tradicional,Vigente,1,0
CL003131,Persona,Sofía Martin Gómez,PA01,México,Toluca,Afluente,1980-05-10,2019-12-14,M,No aplica,100507,Bajo,Híbrido,Vigente,1,0
CL003132,Persona,Isabella Rivera García,PA01,México,Toluca,Masivo,2001-05-18,2016-01-04,F,No aplica,26925,Bajo,Digital,Vigente,0,0
CL003133,Persona,Noah Gómez Martin,PA02,Canadá,Toronto,Masivo,1953-07-16,2017-04-10,F,No aplica,18850,Bajo,Híbrido,Vigente,0,0
CL003134,Persona,Camila Vargas Vargas,PA01,México,Monterrey,Masivo,1995-06-08,2018-04-18,F,No aplica,15400,Bajo,Tradicional,Vencido,0,0
CL003135,Persona,Daniela García Rivera,PA04,Perú,Lima,Afluente,1974-11-05,2015-08-20,M,No aplica,99307,Medio,Digital,Vigente,1,0
CL003136,Persona,Lucía García Reyes,PA02,Canadá,Vancouver,Masivo,1989-09-04,2020-04-15,No especificado,No aplica,18689,Alto,Híbrido,Vigente,1,0
CL003137,Persona,Sofía Vargas López,PA02,Canadá,Edmonton,Masivo,1965-11-11,2020-08-30,M,No aplica,29461,Medio,Híbrido,Vigente,1,0
CL003138,Persona,Renata Ramírez Sánchez,PA05,Colombia,Manizales,Afluente,1958-10-11,2020-05-21,M,No aplica,66029,Bajo,Híbrido,Vigente,1,0
CL003139,Persona,Samuel Cruz Brown,PA01,México,Monterrey,Masivo,1987-10-12,2021-08-28,M,No aplica,20286,Medio,Digital,Vigente,0,0
CL003140,Empresa,Ramírez Educación Partners,PA04,Perú,Lima,PyME,2013-01-01,2022-06-18,No aplica,Manufactura,574996,Medio,Tradicional,Vigente,1,0
CL003141,Persona,Sofía Romero Reyes,PA03,Chile,Temuco,Afluente,1962-05-26,2017-07-03,No especificado,No aplica,97022,Medio,Digital,Vigente,1,0
CL003142,Persona,Noah Flores Morales,PA03,Chile,Temuco,Banca privada,1979-07-22,2019-06-21,No especificado,No aplica,153979,Alto,Digital,Vigente,1,0
CL003143,Persona,Samuel Hernández González,PA05,Colombia,Barranquilla,Masivo,2003-08-21,2017-09-28,No especificado,No aplica,30727,Medio,Digital,Vigente,1,0
CL003144,Persona,Alejandro Cruz Gómez,PA04,Perú,Cusco,Masivo,1954-01-15,2021-06-05,M,No aplica,31090,Medio,Tradicional,Vigente,1,0
CL003145,Empresa,González Agroindustria S.A.,PA01,México,León,PyME,2010-10-01,2021-12-06,No aplica,Educación,377624,Medio,Tradicional,Vigente,0,0
CL003146,Persona,Gabriel Rivera Martínez,PA05,Colombia,Barranquilla,Masivo,1966-06-09,2016-02-12,No especificado,No aplica,26663,Medio,Híbrido,Vigente,0,0
CL003147,Persona,Mateo Brown Morales,PA01,México,Guadalajara,Masivo,1964-03-12,2018-11-09,No especificado,No aplica,17109,Bajo,Tradicional,Vigente,1,0
CL003148,Persona,Samuel Brown Martínez,PA04,Perú,Lima,Masivo,1963-09-07,2022-09-22,No especificado,No aplica,23525,Medio,Tradicional,Vigente,1,0
CL003149,Persona,Emiliano Gómez Reyes,PA01,México,Mérida,Masivo,1994-07-14,2021-08-17,F,No aplica,10329,Bajo,Tradicional,Vigente,0,0
CL003150,Persona,Isabella Martínez Torres,PA04,Perú,Tacna,Afluente,1950-08-17,2017-12-26,M,No aplica,44920,Bajo,Digital,Vigente,1,0
CL003151,Persona,Camila Martin Vargas,PA01,México,Tijuana,Masivo,1955-10-10,2021-07-04,M,No aplica,20140,Medio,Híbrido,Vigente,1,0
CL003152,Persona,Martina Pérez Wilson,PA04,Perú,Piura,Masivo,1969-06-16,2016-02-04,No especificado,No aplica,27693,Bajo,Digital,Vigente,1,0
CL003153,Persona,Lucas Tremblay Rodríguez,PA03,Chile,Rancagua,Banca privada,1993-08-22,2022-06-13,M,No aplica,221679,Alto,Digital,Vigente,1,0
CL003154,Persona,Gabriel Smith Flores,PA04,Perú,Cajamarca,Afluente,1965-09-17,2018-03-15,F,No aplica,39335,Medio,Digital,Vigente,1,0
CL003155,Empresa,Wilson Educación S.A.,PA05,Colombia,Pereira,PyME,1987-04-01,2016-03-25,No aplica,Construcción,586739,Medio,Digital,Vigente,1,0
CL003156,Persona,Emiliano Reyes Cruz,PA05,Colombia,Cali,Afluente,1976-12-23,2019-01-20,No especificado,No aplica,57572,Alto,Híbrido,Vigente,0,0
CL003157,Persona,Isabella Vargas Torres,PA03,Chile,Puerto Montt,Masivo,1964-02-10,2016-05-16,F,No aplica,15857,Bajo,Digital,Vigente,1,0
CL003158,Persona,Ava Morales Vargas,PA02,Canadá,Montreal,Afluente,1988-08-18,2018-03-15,F,No aplica,45517,Bajo,Digital,Vigente,0,0
CL003159,Persona,Santiago Morales Rivera,PA02,Canadá,Halifax,Masivo,1951-08-27,2017-10-20,No especificado,No aplica,25573,Medio,Híbrido,Vigente,0,0
CL003160,Persona,Lucas Torres Martínez,PA05,Colombia,Cúcuta,Banca privada,1975-12-06,2020-07-23,M,No aplica,253732,Medio,Tradicional,Vigente,1,0
CL003161,Persona,Isabella Martínez López,PA04,Perú,Lima,Afluente,1966-10-02,2016-01-15,M,No aplica,90340,Medio,Híbrido,Vigente,1,0
CL003162,Persona,Lucas Tremblay Rodríguez,PA05,Colombia,Bucaramanga,Banca privada,1975-11-04,2016-02-03,M,No aplica,246053,Alto,Tradicional,Vigente,1,0
CL003163,Empresa,Pérez Construcción Latam,PA01,México,Tijuana,Corporativo,2020-11-01,2019-01-01,No aplica,Servicios profesionales,4682627,Medio,Híbrido,Vigente,1,0
CL003164,Persona,Diego Wilson Flores,PA04,Perú,Trujillo,Masivo,1971-04-18,2019-08-18,M,No aplica,18255,Bajo,Híbrido,Vigente,0,0
CL003165,Persona,Emma González Martin,PA04,Perú,Arequipa,Masivo,1949-02-08,2015-10-26,No especificado,No aplica,26975,Bajo,Híbrido,Vigente,1,0
CL003166,Persona,Camila Gómez Tremblay,PA04,Perú,Huancayo,Banca privada,1999-05-02,2018-09-15,M,No aplica,155499,Bajo,Tradicional,Vigente,1,0
CL003167,Persona,Isabella Morales González,PA03,Chile,Talca,Afluente,1954-04-13,2016-07-29,M,No aplica,94777,Bajo,Híbrido,Vigente,0,0
CL003168,Persona,Sofía López Ramírez,PA01,México,Querétaro,Afluente,1982-04-13,2019-06-13,No especificado,No aplica,54764,Medio,Digital,Vigente,1,0
CL003169,Persona,Santiago Cruz Tremblay,PA01,México,Mérida,Afluente,2002-01-17,2021-03-12,No especificado,No aplica,67720,Alto,Tradicional,Vigente,1,0
CL003170,Persona,Renata Sánchez Pérez,PA02,Canadá,Edmonton,Afluente,1978-08-24,2019-09-07,No especificado,No aplica,48934,Alto,Digital,Vigente,1,0
CL003171,Empresa,García Salud Partners,PA03,Chile,Santiago,PyME,2016-06-01,2016-12-01,No aplica,Manufactura,769162,Alto,Tradicional,Vigente,0,0
CL003172,Empresa,Hernández Tecnología S.A.,PA02,Canadá,Toronto,PyME,2008-01-01,2019-11-18,No aplica,Tecnología,544072,Bajo,Digital,Vigente,1,0
CL003173,Persona,Lucía González Hernández,PA03,Chile,Antofagasta,Banca privada,1948-11-26,2022-06-29,M,No aplica,344919,Medio,Digital,Vigente,1,0
CL003174,Persona,Noah Morales Flores,PA02,Canadá,Vancouver,Masivo,1980-02-11,2019-04-02,M,No aplica,25922,Medio,Digital,Vigente,0,0
CL003175,Persona,Diego Reyes Rivera,PA05,Colombia,Cali,Masivo,1978-04-02,2017-07-26,M,No aplica,17546,Alto,Tradicional,Vigente,1,0
CL003176,Persona,Noah García Sánchez,PA02,Canadá,Halifax,Banca privada,1998-11-18,2016-11-26,M,No aplica,219170,Bajo,Híbrido,Vigente,0,0
CL003177,Persona,Mateo Reyes Ramírez,PA05,Colombia,Cali,Afluente,1979-06-04,2016-02-04,F,No aplica,106069,Bajo,Híbrido,Vigente,1,0
CL003178,Persona,Mateo Smith Brown,PA03,Chile,Antofagasta,Afluente,1966-07-10,2015-07-15,No especificado,No aplica,85625,Bajo,Híbrido,Vigente,0,0
CL003179,Empresa,Sánchez Salud Partners,PA04,Perú,Piura,PyME,1980-04-01,2020-06-16,No aplica,Construcción,546467,Alto,Híbrido,Vigente,1,0
CL003180,Persona,Ava González Rodríguez,PA03,Chile,Valparaíso,Afluente,1976-12-07,2019-04-25,F,No aplica,50455,Bajo,Tradicional,Vigente,0,0
CL003181,Persona,Sebastián Ramírez García,PA02,Canadá,Mississauga,Afluente,1976-03-02,2018-09-27,No especificado,No aplica,79410,Bajo,Híbrido,Vigente,1,0
CL003182,Persona,Alejandro Gómez Vargas,PA04,Perú,Chiclayo,Masivo,1968-06-22,2016-04-09,F,No aplica,21677,Alto,Digital,Vigente,1,0
CL003183,Persona,Diego Castro Rivera,PA05,Colombia,Cúcuta,Masivo,1970-06-05,2021-05-23,No especificado,No aplica,15768,Medio,Híbrido,Vigente,1,0
CL003184,Persona,Olivia González Ramírez,PA05,Colombia,Bogotá,Afluente,2003-10-10,2019-02-12,F,No aplica,35615,Alto,Digital,Por vencer,1,0
CL003185,Persona,Renata Torres Torres,PA03,Chile,Temuco,Banca privada,1951-06-05,2022-06-14,F,No aplica,209548,Alto,Digital,Vigente,1,0
CL003186,Persona,Liam Cruz Martínez,PA03,Chile,Santiago,Masivo,1957-06-16,2018-06-13,M,No aplica,30594,Medio,Híbrido,Vigente,0,0
CL003187,Persona,Camila Gómez Vargas,PA03,Chile,Antofagasta,Masivo,1953-06-17,2020-05-10,M,No aplica,31130,Bajo,Digital,Vigente,0,0
CL003188,Persona,Isabella López Reyes,PA03,Chile,Temuco,Afluente,1973-04-07,2022-05-24,F,No aplica,102959,Medio,Digital,Vigente,0,0
CL003189,Persona,Daniela Rodríguez Rivera,PA04,Perú,Arequipa,Masivo,1960-02-06,2018-08-15,F,No aplica,24849,Medio,Tradicional,Vigente,1,0
CL003190,Persona,Noah Vargas Ramírez,PA05,Colombia,Santa Marta,Masivo,1971-08-14,2022-08-05,M,No aplica,15379,Bajo,Híbrido,Vigente,0,0
CL003191,Persona,Élodie Morales Brown,PA02,Canadá,Calgary,Masivo,1983-07-22,2017-12-08,M,No aplica,27094,Bajo,Híbrido,Vigente,1,0
CL003192,Persona,Martina Torres Flores,PA05,Colombia,Bogotá,Afluente,1971-03-20,2018-02-11,M,No aplica,69003,Alto,Tradicional,Vigente,1,0
CL003193,Persona,Samuel Rivera Reyes,PA04,Perú,Iquitos,Banca privada,1996-12-07,2016-09-08,M,No aplica,359172,Medio,Digital,Vigente,1,0
CL003194,Persona,Alejandro Smith Tremblay,PA04,Perú,Tacna,Masivo,1979-05-11,2016-06-17,No especificado,No aplica,25154,Bajo,Tradicional,Vigente,1,0
CL003195,Persona,Isabella Pérez Morales,PA04,Perú,Lima,Masivo,1949-11-24,2021-11-28,No especificado,No aplica,26213,Alto,Híbrido,Vigente,0,0
CL003196,Persona,Martina Martínez Cruz,PA04,Perú,Tacna,Masivo,1958-06-11,2021-03-16,M,No aplica,15200,Bajo,Digital,Por vencer,1,0
CL003197,Persona,Valentina Brown Flores,PA05,Colombia,Barranquilla,Banca privada,1990-10-02,2016-09-01,No especificado,No aplica,317550,Alto,Híbrido,Vigente,1,0
CL003198,Persona,Sofía Rivera Castro,PA02,Canadá,Québec,Masivo,1966-12-28,2017-07-14,F,No aplica,18748,Alto,Híbrido,Vigente,0,0
CL003199,Persona,Valentina García Martínez,PA05,Colombia,Manizales,Banca privada,1977-10-08,2021-11-23,M,No aplica,273851,Alto,Digital,Vigente,1,0
CL003200,Persona,Isabella Pérez Reyes,PA01,México,Tijuana,Masivo,1953-09-04,2015-12-17,M,No aplica,14203,Medio,Tradicional,Vigente,1,0
CL003201,Persona,Lucas Hernández Sánchez,PA03,Chile,Viña del Mar,Afluente,1965-12-14,2021-07-25,F,No aplica,97921,Medio,Digital,Vigente,1,0
CL003202,Persona,Emiliano González Cruz,PA01,México,Puebla,Afluente,1965-05-02,2016-04-05,M,No aplica,79207,Alto,Híbrido,Vigente,0,0
CL003203,Persona,Gabriel Morales Sánchez,PA03,Chile,Talca,Masivo,2003-12-05,2016-12-04,No especificado,No aplica,14887,Bajo,Digital,Vigente,0,0
CL003204,Persona,Ava Pérez Cruz,PA05,Colombia,Barranquilla,Masivo,1960-02-16,2017-04-08,F,No aplica,24211,Bajo,Híbrido,Vigente,1,0
CL003205,Empresa,Hernández Logística Partners,PA05,Colombia,Barranquilla,Corporativo,1998-10-01,2019-06-10,No aplica,Logística,2888194,Medio,Híbrido,Vigente,1,0
CL003206,Persona,Daniela Reyes Romero,PA02,Canadá,Calgary,Afluente,1954-03-06,2018-10-16,M,No aplica,85799,Medio,Digital,Vigente,1,0
CL003207,Persona,Gabriel Brown Reyes,PA03,Chile,Temuco,Masivo,1963-10-12,2022-04-28,No especificado,No aplica,23630,Medio,Híbrido,Vigente,1,0
CL003208,Persona,Santiago González Gómez,PA03,Chile,Concepción,Masivo,1949-04-08,2021-07-06,No especificado,No aplica,16409,Medio,Digital,Vigente,1,0
CL003209,Persona,Noah Wilson Gómez,PA02,Canadá,Calgary,Masivo,1977-09-10,2022-08-05,M,No aplica,20443,Alto,Híbrido,Vigente,1,0
CL003210,Persona,Olivia Romero Ramírez,PA03,Chile,Valparaíso,Masivo,1964-07-16,2018-08-24,F,No aplica,11889,Bajo,Híbrido,Vigente,0,0
CL003211,Persona,Ava Rodríguez Gómez,PA03,Chile,Rancagua,Banca privada,2000-02-16,2017-04-24,No especificado,No aplica,313139,Alto,Híbrido,Vigente,0,0
CL003212,Persona,Nicolás López Martin,PA01,México,Tijuana,Afluente,1980-05-12,2021-12-18,No especificado,No aplica,41275,Bajo,Híbrido,Vigente,1,0
CL003213,Persona,Sofía Sánchez García,PA01,México,León,Masivo,1960-03-09,2015-11-27,No especificado,No aplica,26726,Alto,Híbrido,Vigente,0,0
CL003214,Persona,Valentina Wilson Martínez,PA04,Perú,Iquitos,Afluente,1991-05-18,2020-04-03,M,No aplica,69627,Medio,Digital,Vigente,1,0
CL003215,Persona,Isabella García Romero,PA02,Canadá,Montreal,Banca privada,1980-09-06,2018-01-18,M,No aplica,321627,Medio,Híbrido,Vigente,0,0
CL003216,Persona,Daniela Reyes Romero,PA02,Canadá,Halifax,Masivo,1995-06-07,2018-03-14,No especificado,No aplica,15987,Bajo,Híbrido,Vigente,1,0
CL003217,Persona,Santiago Tremblay Flores,PA01,México,Tijuana,Masivo,1965-02-28,2021-01-18,No especificado,No aplica,21392,Medio,Tradicional,Vigente,0,0
CL003218,Persona,Valentina Castro Ramírez,PA03,Chile,La Serena,Afluente,1956-03-18,2016-01-31,M,No aplica,36214,Medio,Híbrido,Vigente,1,0
CL003219,Persona,Mariana Gómez Martínez,PA05,Colombia,Cartagena,Afluente,1949-07-10,2020-10-03,F,No aplica,103527,Alto,Digital,Vigente,1,0
CL003220,Empresa,Pérez Construcción Latam,PA05,Colombia,Bogotá,PyME,1985-12-01,2017-03-28,No aplica,Salud,298413,Bajo,Tradicional,Vigente,1,0
CL003221,Persona,Nicolás Gómez Díaz,PA02,Canadá,Vancouver,Afluente,1956-11-23,2017-02-17,M,No aplica,46759,Medio,Digital,Vigente,1,0
CL003222,Empresa,Martin Educación Latam,PA03,Chile,Concepción,PyME,2017-09-01,2020-09-29,No aplica,Agroindustria,199743,Alto,Digital,Vigente,1,0
CL003223,Persona,Valentina Martin Brown,PA04,Perú,Huancayo,Masivo,1985-09-05,2020-10-27,No especificado,No aplica,10464,Bajo,Digital,Vigente,1,0
CL003224,Empresa,Wilson Turismo S.A.,PA02,Canadá,Montreal,PyME,1981-04-01,2015-08-27,No aplica,Manufactura,757026,Medio,Híbrido,Vigente,1,0
CL003225,Persona,Alejandro Flores Díaz,PA03,Chile,Temuco,Afluente,1961-12-13,2016-03-30,F,No aplica,34653,Alto,Híbrido,Vigente,1,0
CL003226,Persona,Martina Díaz Torres,PA02,Canadá,Montreal,Banca privada,1982-07-07,2021-01-03,M,No aplica,325248,Medio,Digital,Vigente,0,0
CL003227,Persona,Alejandro García Torres,PA03,Chile,Temuco,Masivo,2003-04-20,2022-04-06,No especificado,No aplica,29021,Bajo,Híbrido,Vigente,1,0
CL003228,Persona,Élodie Brown Castro,PA04,Perú,Iquitos,Afluente,1961-10-22,2019-04-10,No especificado,No aplica,43197,Alto,Tradicional,Vigente,0,0
CL003229,Persona,Isabella Vargas Sánchez,PA04,Perú,Lima,Afluente,1950-05-26,2018-04-08,F,No aplica,100825,Medio,Digital,Vigente,0,1
CL003230,Persona,Isabella Smith Sánchez,PA05,Colombia,Cartagena,Masivo,1994-05-24,2018-04-05,No especificado,No aplica,29245,Bajo,Tradicional,Vigente,1,0
CL003231,Persona,Olivia Martínez Martínez,PA05,Colombia,Bogotá,Masivo,1958-05-25,2019-03-31,No especificado,No aplica,14438,Medio,Híbrido,Vigente,0,0
CL003232,Persona,Samuel Gómez Sánchez,PA01,México,Mérida,Afluente,1960-05-02,2021-02-28,No especificado,No aplica,34926,Alto,Tradicional,Vigente,0,0
CL003233,Persona,Samuel Vargas Tremblay,PA01,México,Mérida,Afluente,2001-01-28,2017-12-24,No especificado,No aplica,51744,Bajo,Digital,Por vencer,0,0
CL003234,Persona,Diego Sánchez Martínez,PA03,Chile,Antofagasta,Afluente,1965-02-12,2016-02-15,F,No aplica,107953,Bajo,Híbrido,Vigente,1,0
CL003235,Persona,Élodie Torres Rivera,PA03,Chile,Talca,Masivo,1961-10-09,2017-04-08,M,No aplica,17525,Medio,Digital,Vigente,1,0
CL003236,Persona,Mateo Wilson Reyes,PA02,Canadá,Montreal,Masivo,1967-09-20,2017-04-24,F,No aplica,19549,Bajo,Híbrido,Vigente,1,0
CL003237,Persona,Camila Brown Morales,PA04,Perú,Lima,Afluente,1952-05-27,2020-06-23,F,No aplica,57939,Alto,Híbrido,Vigente,1,0
CL003238,Persona,Sofía López Martin,PA02,Canadá,Vancouver,Masivo,1960-08-19,2021-01-03,No especificado,No aplica,23084,Bajo,Digital,Vigente,0,0
CL003239,Empresa,Smith Servicios profesionales Group,PA03,Chile,Concepción,PyME,1984-07-01,2018-09-20,No aplica,Agroindustria,528641,Alto,Híbrido,Vigente,1,0
CL003240,Persona,Martina Smith Rivera,PA05,Colombia,Cartagena,Afluente,1973-10-05,2019-12-13,F,No aplica,58043,Alto,Híbrido,Vigente,1,0
CL003241,Persona,Olivia Wilson Smith,PA04,Perú,Huancayo,Masivo,1983-04-09,2021-06-19,F,No aplica,17172,Medio,Híbrido,Vigente,1,0
CL003242,Persona,Lucas Martínez Morales,PA01,México,León,Masivo,1985-03-03,2020-08-25,M,No aplica,24106,Alto,Híbrido,Vigente,1,0
CL003243,Persona,Santiago Reyes Cruz,PA03,Chile,Puerto Montt,Masivo,2002-07-16,2017-08-13,M,No aplica,18855,Medio,Híbrido,Vigente,0,0
CL003244,Persona,Lucas Martin Gómez,PA04,Perú,Lima,Afluente,1976-08-09,2015-10-19,F,No aplica,82260,Medio,Digital,Vigente,1,0
CL003245,Persona,Isabella López Torres,PA02,Canadá,Toronto,Masivo,1995-12-23,2022-10-19,No especificado,No aplica,11265,Medio,Híbrido,Vigente,1,0
CL003246,Persona,Liam Martínez García,PA04,Perú,Cajamarca,Masivo,1960-05-25,2020-12-08,No especificado,No aplica,29379,Alto,Híbrido,Vigente,1,0
CL003247,Persona,Sebastián González Pérez,PA01,México,Querétaro,Afluente,1981-04-19,2017-02-26,M,No aplica,97967,Medio,Digital,Vigente,0,0
CL003248,Persona,Lucas García Smith,PA03,Chile,Rancagua,Banca privada,1954-11-04,2022-06-19,M,No aplica,289788,Medio,Híbrido,Vigente,0,0
CL003249,Persona,Étienne Wilson Díaz,PA04,Perú,Lima,Banca privada,1958-11-15,2022-06-04,M,No aplica,141825,Medio,Híbrido,Vigente,0,0
CL003250,Empresa,Vargas Manufactura Group,PA02,Canadá,Vancouver,PyME,2010-03-01,2019-05-12,No aplica,Construcción,552366,Medio,Híbrido,Por vencer,1,0
CL003251,Persona,Emma Torres Cruz,PA01,México,León,Masivo,1997-03-14,2020-06-07,M,No aplica,25981,Bajo,Híbrido,Vigente,0,0
CL003252,Persona,Mateo Flores Wilson,PA02,Canadá,Edmonton,Afluente,2002-08-27,2018-07-16,M,No aplica,55822,Medio,Digital,Vigente,0,0
CL003253,Persona,Liam Romero Castro,PA04,Perú,Cajamarca,Banca privada,1965-09-08,2016-03-30,No especificado,No aplica,126767,Medio,Tradicional,Vigente,0,0
CL003254,Persona,Sofía González Torres,PA04,Perú,Chiclayo,Masivo,1977-04-12,2015-06-28,No especificado,No aplica,27488,Medio,Híbrido,Vigente,1,0
CL003255,Persona,Mateo Castro Smith,PA02,Canadá,Québec,Afluente,1970-03-12,2018-07-25,No especificado,No aplica,76735,Medio,Tradicional,Vigente,0,0
CL003256,Persona,Nicolás Sánchez Romero,PA02,Canadá,Halifax,Afluente,1962-01-14,2017-11-25,M,No aplica,68677,Alto,Digital,Vigente,0,0
CL003257,Persona,Mateo Vargas González,PA02,Canadá,Mississauga,Masivo,1950-05-28,2022-08-10,M,No aplica,14685,Alto,Híbrido,Vigente,1,0
CL003258,Persona,Élodie Gómez Cruz,PA05,Colombia,Barranquilla,Banca privada,1963-09-12,2017-10-27,F,No aplica,196383,Medio,Híbrido,Vigente,1,0
CL003259,Persona,Nicolás Rodríguez Brown,PA04,Perú,Tacna,Masivo,1962-08-05,2021-05-17,F,No aplica,25899,Medio,Híbrido,Vigente,1,0
CL003260,Persona,Étienne Brown Rivera,PA03,Chile,Puerto Montt,Masivo,1950-08-28,2019-12-05,M,No aplica,20736,Medio,Tradicional,Vigente,1,0
CL003261,Persona,Santiago Díaz Sánchez,PA03,Chile,Puerto Montt,Afluente,1960-04-23,2021-08-28,No especificado,No aplica,36301,Medio,Tradicional,Vigente,1,1
CL003262,Persona,Olivia Flores Hernández,PA05,Colombia,Cali,Masivo,1991-10-04,2018-06-10,M,No aplica,20024,Medio,Tradicional,Vigente,0,0
CL003263,Empresa,Pérez Manufactura Group,PA04,Perú,Huancayo,PyME,1992-05-01,2017-05-21,No aplica,Educación,661294,Medio,Tradicional,Vigente,1,0
CL003264,Persona,Martina González López,PA03,Chile,Santiago,Afluente,1981-12-28,2022-10-25,M,No aplica,40278,Bajo,Digital,Vigente,1,0
CL003265,Persona,Élodie Rivera Brown,PA03,Chile,Valparaíso,Afluente,1985-02-26,2018-07-06,M,No aplica,79266,Bajo,Digital,Vigente,0,0
CL003266,Persona,Gabriel Flores Reyes,PA01,México,Guadalajara,Afluente,1973-09-24,2022-07-13,F,No aplica,89346,Bajo,Digital,Vigente,0,0
CL003267,Persona,Lucas Díaz Rivera,PA02,Canadá,Vancouver,Masivo,1996-01-23,2017-06-18,M,No aplica,12057,Medio,Digital,Vigente,0,0
CL003268,Persona,Noah Brown Hernández,PA02,Canadá,Québec,Afluente,1970-08-15,2017-11-12,M,No aplica,108173,Bajo,Híbrido,Vigente,0,0
CL003269,Persona,Alejandro Morales Vargas,PA02,Canadá,Ottawa,Masivo,1991-10-07,2019-08-07,F,No aplica,30773,Medio,Tradicional,Vigente,0,0
CL003270,Persona,Gabriel Smith Cruz,PA03,Chile,Temuco,Banca privada,1978-12-21,2018-11-28,M,No aplica,263913,Bajo,Digital,Vigente,1,0
CL003271,Persona,Daniela Díaz Torres,PA03,Chile,Viña del Mar,Masivo,1988-05-05,2019-07-23,No especificado,No aplica,21967,Bajo,Híbrido,Vigente,1,0
CL003272,Persona,Martina Smith Rodríguez,PA01,México,Monterrey,Masivo,1988-01-26,2017-01-12,F,No aplica,19479,Bajo,Digital,Vigente,1,0
CL003273,Persona,Emiliano Sánchez Cruz,PA02,Canadá,Montreal,Masivo,1990-03-09,2020-12-23,M,No aplica,27064,Bajo,Digital,Vigente,1,0
CL003274,Persona,Diego Pérez Vargas,PA05,Colombia,Bogotá,Afluente,1963-09-08,2019-04-02,M,No aplica,43708,Medio,Híbrido,Vigente,0,0
CL003275,Persona,Noah Cruz Sánchez,PA02,Canadá,Mississauga,Afluente,1987-05-20,2018-02-11,F,No aplica,44291,Bajo,Digital,Vigente,0,0
CL003276,Empresa,Brown Salud Group,PA01,México,Toluca,PyME,2005-08-01,2021-02-10,No aplica,Logística,405547,Medio,Tradicional,Vigente,1,0
CL003277,Persona,Valentina Rodríguez Sánchez,PA02,Canadá,Halifax,Masivo,1970-04-12,2019-02-01,F,No aplica,28745,Alto,Digital,Vigente,1,0
CL003278,Persona,Lucía Torres Torres,PA04,Perú,Cusco,Banca privada,1984-12-13,2022-10-05,F,No aplica,280336,Medio,Híbrido,Vigente,0,0
CL003279,Persona,Alejandro López Cruz,PA05,Colombia,Santa Marta,Afluente,1965-05-16,2022-10-29,F,No aplica,46395,Bajo,Tradicional,Vencido,1,0
CL003280,Persona,Ava Flores Rodríguez,PA03,Chile,Viña del Mar,Masivo,1974-10-02,2019-10-20,No especificado,No aplica,29970,Medio,Digital,Vigente,1,0
CL003281,Persona,Renata González Gómez,PA03,Chile,Puerto Montt,Masivo,1970-09-15,2018-12-02,No especificado,No aplica,16808,Medio,Tradicional,Vigente,0,0
CL003282,Empresa,Morales Salud Latam,PA02,Canadá,Calgary,PyME,1995-08-01,2016-12-10,No aplica,Turismo,379253,Alto,Híbrido,Vigente,1,0
CL003283,Persona,Lucía Smith Rodríguez,PA02,Canadá,Ottawa,Afluente,1967-06-09,2019-08-06,F,No aplica,49425,Medio,Híbrido,Vigente,1,1
CL003284,Empresa,Hernández Agroindustria Latam,PA02,Canadá,Edmonton,Corporativo,1983-12-01,2016-07-01,No aplica,Turismo,6506083,Bajo,Digital,Vigente,0,0
CL003285,Persona,Sofía Gómez Romero,PA05,Colombia,Barranquilla,Masivo,1994-08-25,2020-08-07,No especificado,No aplica,19833,Medio,Tradicional,Vigente,0,0
CL003286,Persona,Lucía Brown Díaz,PA04,Perú,Chiclayo,Masivo,1954-09-01,2021-09-07,No especificado,No aplica,25423,Bajo,Tradicional,Vigente,0,0
CL003287,Persona,Lucía Cruz Rodríguez,PA02,Canadá,Calgary,Masivo,1948-06-06,2017-12-15,No especificado,No aplica,26815,Medio,Híbrido,Vigente,1,0
CL003288,Persona,Lucas Vargas Romero,PA03,Chile,Puerto Montt,Masivo,1957-06-18,2021-01-27,No especificado,No aplica,21496,Medio,Híbrido,Vigente,0,0
CL003289,Persona,Emma García Torres,PA04,Perú,Cajamarca,Afluente,1986-12-09,2019-01-05,No especificado,No aplica,54292,Medio,Híbrido,Vigente,1,0
CL003290,Persona,Mateo López García,PA03,Chile,La Serena,Banca privada,1972-07-21,2021-04-08,M,No aplica,350326,Alto,Híbrido,Vigente,1,0
CL003291,Persona,Martina Martínez García,PA01,México,Monterrey,Banca privada,1969-12-16,2018-08-26,M,No aplica,165864,Alto,Híbrido,Vigente,1,1
CL003292,Persona,Mariana Hernández Morales,PA05,Colombia,Cartagena,Afluente,1951-07-07,2020-12-19,F,No aplica,65397,Medio,Digital,Vigente,1,0
CL003293,Persona,Emiliano Flores Rodríguez,PA02,Canadá,Winnipeg,Afluente,1982-08-14,2015-07-07,M,No aplica,75807,Medio,Híbrido,Vigente,0,0
CL003294,Persona,Mariana Gómez Flores,PA01,México,Mérida,Afluente,1981-02-04,2017-10-11,No especificado,No aplica,82835,Bajo,Digital,Vigente,1,0
CL003295,Persona,Camila García Wilson,PA01,México,Tijuana,Afluente,1996-12-27,2015-08-24,M,No aplica,53569,Alto,Híbrido,Vigente,1,0
CL003296,Persona,Gabriel Romero Smith,PA01,México,Ciudad de México,Masivo,1981-12-08,2018-07-29,M,No aplica,23964,Bajo,Digital,Vigente,1,0
CL003297,Persona,Isabella Vargas Sánchez,PA01,México,León,Banca privada,2000-03-28,2016-05-01,F,No aplica,218046,Alto,Tradicional,Vigente,1,0
CL003298,Persona,Daniela López Wilson,PA04,Perú,Chiclayo,Masivo,1984-04-26,2020-07-29,M,No aplica,12698,Alto,Híbrido,Vigente,1,0
CL003299,Persona,Emma Reyes Díaz,PA02,Canadá,Winnipeg,Afluente,1950-09-15,2022-06-17,No especificado,No aplica,105900,Bajo,Híbrido,Vigente,0,0
CL003300,Persona,Nicolás Flores Martínez,PA03,Chile,Concepción,Masivo,2000-06-18,2016-10-28,No especificado,No aplica,11104,Medio,Tradicional,Vigente,1,0
CL003301,Persona,Diego González Gómez,PA04,Perú,Tacna,Masivo,1988-07-25,2022-07-10,M,No aplica,28164,Medio,Tradicional,Vigente,0,0
CL003302,Persona,Alejandro López Romero,PA05,Colombia,Barranquilla,Afluente,1988-01-28,2015-06-19,No especificado,No aplica,36036,Bajo,Digital,Vigente,1,0
CL003303,Persona,Lucía García Martin,PA02,Canadá,Winnipeg,Afluente,1948-09-04,2018-09-12,F,No aplica,71626,Medio,Digital,Vigente,1,0
CL003304,Persona,Martina Pérez García,PA03,Chile,Viña del Mar,Afluente,1964-07-18,2022-02-16,No especificado,No aplica,76297,Medio,Digital,Vencido,1,0
CL003305,Persona,Étienne Gómez Hernández,PA04,Perú,Iquitos,Afluente,1981-12-28,2022-10-06,No especificado,No aplica,35186,Bajo,Híbrido,Vigente,1,0
CL003306,Persona,Mariana Díaz Wilson,PA03,Chile,Antofagasta,Masivo,1986-08-17,2020-11-12,F,No aplica,10276,Medio,Híbrido,Vigente,1,0
CL003307,Persona,Gabriel Vargas Vargas,PA02,Canadá,Québec,Banca privada,1977-02-04,2015-11-23,No especificado,No aplica,235436,Medio,Digital,Vigente,0,0
CL003308,Persona,Alejandro Martin Pérez,PA05,Colombia,Cartagena,Afluente,1973-06-27,2022-09-15,No especificado,No aplica,78308,Alto,Tradicional,Vigente,1,0
CL003309,Persona,Camila Hernández Reyes,PA05,Colombia,Cartagena,Masivo,1969-08-16,2021-01-27,F,No aplica,18947,Medio,Digital,Por vencer,1,0
CL003310,Persona,Camila Reyes Sánchez,PA05,Colombia,Bogotá,Afluente,1966-12-01,2015-12-18,M,No aplica,41160,Medio,Híbrido,Vigente,1,0
CL003311,Persona,Gabriel Romero Vargas,PA03,Chile,Temuco,Afluente,1996-01-01,2017-05-03,No especificado,No aplica,57910,Medio,Digital,Vigente,0,0
CL003312,Empresa,Vargas Logística S.A.,PA05,Colombia,Medellín,PyME,2000-08-01,2021-10-07,No aplica,Tecnología,301046,Bajo,Digital,Vigente,1,0
CL003313,Persona,Valentina Sánchez Wilson,PA03,Chile,Antofagasta,Afluente,1956-01-13,2019-08-13,F,No aplica,71923,Medio,Digital,Por vencer,1,0
CL003314,Persona,Olivia López Rivera,PA04,Perú,Trujillo,Banca privada,1973-07-01,2020-03-25,M,No aplica,222275,Medio,Digital,Vigente,0,0
CL003315,Persona,Olivia Vargas Sánchez,PA02,Canadá,Toronto,Masivo,1976-01-03,2019-05-01,F,No aplica,12584,Bajo,Digital,Vigente,1,0
CL003316,Persona,Diego Wilson Wilson,PA05,Colombia,Manizales,Masivo,1978-03-10,2018-10-13,No especificado,No aplica,13342,Bajo,Digital,Vigente,1,0
CL003317,Persona,Camila Cruz Castro,PA02,Canadá,Québec,Banca privada,1980-03-20,2019-07-10,F,No aplica,291769,Medio,Digital,Vigente,0,0
CL003318,Persona,Emma Díaz García,PA01,México,Mérida,Masivo,1982-01-17,2022-03-05,F,No aplica,30355,Medio,Híbrido,Vigente,0,0
CL003319,Persona,Mateo Torres García,PA05,Colombia,Bucaramanga,Banca privada,1958-09-09,2016-01-12,M,No aplica,351942,Bajo,Digital,Vigente,0,0
CL003320,Persona,Alejandro Tremblay Hernández,PA03,Chile,La Serena,Masivo,1973-11-19,2021-05-04,No especificado,No aplica,23933,Medio,Digital,Vigente,1,0
CL003321,Persona,Mariana López Ramírez,PA01,México,Querétaro,Afluente,1962-09-28,2021-01-15,No especificado,No aplica,108101,Medio,Digital,Vigente,1,0
CL003322,Persona,Olivia Cruz González,PA03,Chile,Temuco,Banca privada,1954-06-04,2017-05-05,F,No aplica,245584,Medio,Digital,Vigente,1,0
CL003323,Persona,Valentina Reyes Martin,PA02,Canadá,Ottawa,Masivo,1980-06-04,2016-06-18,F,No aplica,15937,Medio,Híbrido,Vigente,1,0
CL003324,Persona,Diego González Morales,PA04,Perú,Trujillo,Masivo,1975-10-27,2021-12-20,M,No aplica,21567,Bajo,Tradicional,Vigente,0,0
CL003325,Persona,Nicolás Morales Reyes,PA01,México,Guadalajara,Afluente,1964-06-03,2022-02-16,M,No aplica,67711,Bajo,Híbrido,Vigente,1,0
CL003326,Persona,Gabriel Hernández Tremblay,PA01,México,León,Afluente,1987-01-02,2017-03-05,No especificado,No aplica,92374,Bajo,Digital,Vigente,0,0
CL003327,Persona,Gabriel Flores Brown,PA04,Perú,Arequipa,Masivo,1996-02-17,2020-01-03,F,No aplica,30123,Bajo,Tradicional,Vigente,0,0
CL003328,Persona,Mariana Ramírez Díaz,PA01,México,Tijuana,Masivo,1976-05-19,2015-09-18,M,No aplica,18107,Bajo,Digital,Vigente,1,0
CL003329,Persona,Gabriel Wilson Reyes,PA05,Colombia,Manizales,Masivo,1978-09-17,2015-08-05,No especificado,No aplica,11371,Alto,Híbrido,Vigente,0,0
CL003330,Persona,Camila Castro Brown,PA05,Colombia,Medellín,Afluente,1954-10-01,2016-05-09,F,No aplica,56263,Bajo,Híbrido,Vigente,0,0
CL003331,Persona,Daniela Pérez Reyes,PA02,Canadá,Winnipeg,Afluente,2003-11-20,2020-12-06,M,No aplica,68992,Bajo,Tradicional,Vigente,1,0
CL003332,Persona,Nicolás Tremblay Rivera,PA03,Chile,La Serena,Masivo,1997-12-21,2017-10-12,M,No aplica,14690,Alto,Híbrido,Vigente,0,0
CL003333,Persona,Santiago Vargas García,PA04,Perú,Arequipa,Masivo,1958-05-02,2016-04-14,No especificado,No aplica,26911,Bajo,Híbrido,Vigente,1,0
CL003334,Persona,Mariana González Vargas,PA03,Chile,Rancagua,Masivo,2001-12-06,2015-07-18,F,No aplica,14384,Medio,Digital,Vigente,0,0
CL003335,Persona,Daniela Morales Cruz,PA04,Perú,Arequipa,Banca privada,1959-12-04,2021-05-09,No especificado,No aplica,317737,Alto,Tradicional,Vigente,1,0
CL003336,Persona,Renata López Tremblay,PA02,Canadá,Québec,Afluente,1991-06-18,2021-03-20,M,No aplica,78272,Medio,Híbrido,Vigente,0,0
CL003337,Empresa,López Educación Latam,PA02,Canadá,Québec,PyME,1992-04-01,2018-10-24,No aplica,Construcción,587976,Bajo,Tradicional,Vigente,0,0
CL003338,Empresa,Brown Manufactura Partners,PA01,México,Monterrey,PyME,2004-05-01,2016-02-26,No aplica,Salud,624880,Bajo,Tradicional,Vigente,0,0
CL003339,Persona,Nicolás Torres Wilson,PA03,Chile,Antofagasta,Masivo,1954-10-02,2020-09-30,No especificado,No aplica,31417,Medio,Digital,Vigente,1,0
CL003340,Persona,Nicolás Castro Reyes,PA04,Perú,Tacna,Masivo,1958-11-23,2019-04-24,No especificado,No aplica,14499,Alto,Híbrido,Vigente,1,0
CL003341,Persona,Diego Tremblay Tremblay,PA02,Canadá,Toronto,Masivo,1991-07-19,2019-03-18,F,No aplica,17824,Medio,Tradicional,Vigente,1,0
CL003342,Empresa,Brown Salud Latam,PA02,Canadá,Mississauga,Corporativo,2014-11-01,2016-01-08,No aplica,Manufactura,6196108,Medio,Tradicional,Vigente,1,0
CL003343,Persona,Nicolás Morales Vargas,PA04,Perú,Cajamarca,Masivo,1950-04-10,2019-05-19,F,No aplica,15057,Alto,Híbrido,Vigente,1,0
CL003344,Persona,Lucas Sánchez Díaz,PA02,Canadá,Toronto,Masivo,1970-08-11,2018-11-10,No especificado,No aplica,22751,Medio,Híbrido,Vigente,1,0
CL003345,Persona,Noah Gómez López,PA05,Colombia,Pereira,Masivo,1957-10-18,2015-10-03,F,No aplica,16568,Bajo,Digital,Vigente,1,0
CL003346,Empresa,Hernández Educación Partners,PA01,México,Mérida,Corporativo,2019-04-01,2020-08-30,No aplica,Construcción,7382843,Alto,Híbrido,Vigente,0,0
CL003347,Persona,Étienne Gómez Vargas,PA05,Colombia,Cúcuta,Afluente,2001-07-25,2017-02-09,F,No aplica,63213,Medio,Digital,Vigente,1,0
CL003348,Persona,Camila Rivera Vargas,PA03,Chile,Puerto Montt,Masivo,1976-03-02,2022-08-26,M,No aplica,17439,Medio,Híbrido,Vigente,1,0
CL003349,Persona,Alejandro Díaz Hernández,PA03,Chile,Santiago,Afluente,1998-03-01,2019-05-09,F,No aplica,94591,Alto,Híbrido,Vigente,1,0
CL003350,Persona,Élodie González Rivera,PA01,México,Puebla,Masivo,2003-07-19,2017-04-03,F,No aplica,16393,Bajo,Digital,Vigente,0,0
CL003351,Persona,Camila Rivera Martínez,PA05,Colombia,Bucaramanga,Masivo,1980-10-19,2022-04-10,F,No aplica,16536,Bajo,Tradicional,Vigente,0,0
CL003352,Persona,Lucas Díaz Castro,PA05,Colombia,Santa Marta,Masivo,1956-08-08,2018-03-02,M,No aplica,10935,Medio,Digital,Vigente,1,0
CL003353,Persona,Emma Rodríguez Rodríguez,PA02,Canadá,Edmonton,Afluente,1949-10-11,2020-04-08,F,No aplica,80969,Bajo,Digital,Por vencer,1,0
CL003354,Persona,Mariana Ramírez López,PA04,Perú,Cusco,Banca privada,1956-04-01,2022-05-23,M,No aplica,243489,Bajo,Digital,Vigente,0,0
CL003355,Persona,Isabella Rivera López,PA03,Chile,Viña del Mar,Masivo,1987-08-04,2019-04-04,M,No aplica,30432,Medio,Híbrido,Vigente,1,0
CL003356,Persona,Liam Martin Rivera,PA03,Chile,La Serena,Afluente,1990-10-25,2020-11-24,F,No aplica,76816,Medio,Digital,Vigente,0,0
CL003357,Empresa,Rodríguez Servicios profesionales Group,PA02,Canadá,Mississauga,Corporativo,1990-06-01,2021-11-25,No aplica,Agroindustria,7679468,Bajo,Híbrido,Vigente,1,0
CL003358,Persona,Emiliano Díaz López,PA02,Canadá,Vancouver,Masivo,1999-09-10,2017-11-25,M,No aplica,15305,Medio,Tradicional,Vigente,1,0
CL003359,Persona,Noah Martin Martínez,PA04,Perú,Cajamarca,Banca privada,1985-10-03,2021-05-04,M,No aplica,336014,Medio,Híbrido,Vigente,1,0
CL003360,Persona,Lucía Wilson Smith,PA03,Chile,Viña del Mar,Masivo,1974-11-05,2020-09-10,No especificado,No aplica,10670,Bajo,Digital,Vigente,1,0
CL003361,Persona,Diego Sánchez Torres,PA03,Chile,Viña del Mar,Afluente,1984-05-09,2022-04-22,M,No aplica,101572,Medio,Tradicional,Vigente,1,0
CL003362,Persona,Santiago Reyes Ramírez,PA01,México,Toluca,Afluente,1950-02-22,2017-02-09,F,No aplica,100372,Bajo,Tradicional,Vigente,1,0
CL003363,Persona,Sofía González López,PA03,Chile,Concepción,Afluente,1963-03-01,2017-02-26,No especificado,No aplica,103547,Bajo,Digital,Vigente,1,0
CL003364,Persona,Mateo Reyes Tremblay,PA02,Canadá,Ottawa,Afluente,1973-03-14,2017-08-17,No especificado,No aplica,72510,Alto,Híbrido,Vigente,1,0
CL003365,Persona,Lucas Díaz Martin,PA02,Canadá,Calgary,Afluente,1985-10-21,2022-02-11,No especificado,No aplica,102715,Medio,Híbrido,Vigente,1,0
CL003366,Persona,Emma Torres Morales,PA01,México,Mérida,Banca privada,1948-10-17,2018-07-25,F,No aplica,174453,Medio,Híbrido,Vigente,0,0
CL003367,Empresa,López Manufactura Latam,PA02,Canadá,Ottawa,PyME,2000-05-01,2021-11-19,No aplica,Turismo,561655,Alto,Tradicional,Vigente,1,0
CL003368,Persona,Valentina Martínez García,PA01,México,Monterrey,Masivo,1957-04-07,2019-02-06,No especificado,No aplica,26877,Medio,Digital,Vigente,1,0
CL003369,Empresa,Romero Logística Group,PA04,Perú,Arequipa,PyME,1996-09-01,2018-04-27,No aplica,Construcción,427064,Bajo,Híbrido,Vigente,1,0
CL003370,Persona,Nicolás Gómez Flores,PA05,Colombia,Barranquilla,Masivo,1951-10-09,2016-12-08,No especificado,No aplica,18085,Medio,Híbrido,Vigente,1,0
CL003371,Persona,Sebastián Morales Rivera,PA02,Canadá,Calgary,Masivo,1994-03-02,2019-07-29,F,No aplica,10584,Medio,Digital,Vigente,1,1
CL003372,Persona,Nicolás García Brown,PA02,Canadá,Montreal,Afluente,1948-12-28,2019-03-20,F,No aplica,45185,Bajo,Digital,Vigente,1,0
CL003373,Persona,Renata Morales Reyes,PA04,Perú,Arequipa,Afluente,1990-03-05,2021-07-31,M,No aplica,92483,Alto,Híbrido,Vigente,1,0
CL003374,Persona,Lucas Hernández Romero,PA01,México,León,Masivo,1978-03-09,2019-02-19,F,No aplica,18925,Medio,Digital,Vigente,0,0
CL003375,Persona,Camila Martin Cruz,PA05,Colombia,Medellín,Afluente,1986-01-01,2016-05-03,F,No aplica,73497,Bajo,Híbrido,Vigente,1,0
CL003376,Persona,Ava García Tremblay,PA02,Canadá,Calgary,Masivo,1957-10-28,2017-09-02,F,No aplica,21621,Bajo,Digital,Vigente,1,0
CL003377,Persona,Emiliano Morales Rivera,PA01,México,Toluca,Masivo,1963-03-28,2018-07-04,M,No aplica,22589,Medio,Digital,Vigente,1,0
CL003378,Persona,Martina Sánchez López,PA05,Colombia,Cartagena,Masivo,1973-04-20,2020-09-16,F,No aplica,13267,Alto,Híbrido,Vigente,1,0
CL003379,Persona,Emma Cruz Tremblay,PA04,Perú,Trujillo,Afluente,1958-04-10,2022-05-21,No especificado,No aplica,92298,Alto,Digital,Vigente,0,0
CL003380,Persona,Camila Rivera López,PA01,México,Toluca,Masivo,1983-03-28,2017-02-09,No especificado,No aplica,20708,Medio,Tradicional,Vigente,1,0
CL003381,Persona,Emma Castro López,PA02,Canadá,Halifax,Masivo,1966-02-07,2019-01-29,F,No aplica,25525,Bajo,Híbrido,Vigente,1,0
CL003382,Persona,Emiliano Wilson Cruz,PA04,Perú,Trujillo,Afluente,1960-02-19,2021-03-18,M,No aplica,65520,Alto,Digital,Vigente,1,0
CL003383,Persona,Camila Martínez Flores,PA04,Perú,Cajamarca,Afluente,1973-08-06,2015-05-17,M,No aplica,70151,Bajo,Digital,Vigente,0,0
CL003384,Persona,Sofía Castro Reyes,PA04,Perú,Trujillo,Banca privada,1970-04-01,2018-05-22,M,No aplica,325354,Bajo,Tradicional,Vigente,1,0
CL003385,Persona,Isabella Martin Morales,PA02,Canadá,Edmonton,Masivo,1984-09-14,2016-07-22,F,No aplica,23284,Medio,Híbrido,Vigente,0,0
CL003386,Persona,Renata Wilson González,PA03,Chile,La Serena,Masivo,1972-09-08,2017-08-28,No especificado,No aplica,20172,Alto,Tradicional,Vigente,1,0
CL003387,Persona,Lucas Wilson Reyes,PA05,Colombia,Medellín,Afluente,1957-05-22,2017-07-01,F,No aplica,64558,Alto,Digital,Vigente,1,0
CL003388,Persona,Renata Martínez Martínez,PA03,Chile,Talca,Masivo,1955-10-06,2021-10-09,M,No aplica,31062,Medio,Híbrido,Vigente,1,0
CL003389,Persona,Isabella García Gómez,PA03,Chile,Santiago,Masivo,1989-03-22,2019-10-30,M,No aplica,12990,Bajo,Digital,Vigente,1,0
CL003390,Persona,Lucía López Morales,PA01,México,Puebla,Afluente,1995-04-14,2022-08-06,No especificado,No aplica,108179,Medio,Híbrido,Vigente,0,0
CL003391,Persona,Lucía Hernández Martin,PA05,Colombia,Santa Marta,Banca privada,1996-10-23,2018-02-27,F,No aplica,348157,Bajo,Digital,Vigente,1,0
CL003392,Persona,Lucas Rivera Gómez,PA03,Chile,Rancagua,Masivo,1964-02-01,2015-10-14,No especificado,No aplica,26726,Alto,Tradicional,Vigente,1,0
CL003393,Persona,Valentina Sánchez Pérez,PA05,Colombia,Cali,Banca privada,1998-11-03,2021-05-17,No especificado,No aplica,179301,Bajo,Digital,Vigente,1,0
CL003394,Persona,Liam Romero Rivera,PA02,Canadá,Halifax,Afluente,1989-05-25,2020-12-02,F,No aplica,67776,Medio,Digital,Vigente,0,0
CL003395,Persona,Isabella Rodríguez González,PA03,Chile,Viña del Mar,Afluente,1990-10-23,2017-04-06,F,No aplica,59021,Bajo,Digital,Vigente,0,0
CL003396,Persona,Olivia Cruz García,PA05,Colombia,Medellín,Masivo,1998-10-05,2022-04-09,No especificado,No aplica,18856,Bajo,Digital,Vigente,1,0
CL003397,Persona,Alejandro Romero Vargas,PA04,Perú,Iquitos,Masivo,1983-05-08,2021-06-11,No especificado,No aplica,29041,Medio,Híbrido,Vigente,0,0
CL003398,Persona,Isabella López Sánchez,PA05,Colombia,Cúcuta,Banca privada,1961-10-26,2022-02-11,F,No aplica,247185,Medio,Híbrido,Vigente,0,0
CL003399,Persona,Isabella Morales Cruz,PA03,Chile,Santiago,Afluente,1960-04-25,2018-01-27,No especificado,No aplica,47978,Bajo,Digital,Vigente,1,0
CL003400,Persona,Ava Castro Rodríguez,PA01,México,Mérida,Masivo,1978-05-22,2019-06-28,F,No aplica,28129,Alto,Híbrido,Vigente,1,0
CL003401,Persona,Ava Cruz González,PA04,Perú,Arequipa,Masivo,2000-03-21,2016-01-13,M,No aplica,16489,Medio,Híbrido,Vigente,1,0
CL003402,Persona,Camila Hernández Reyes,PA04,Perú,Trujillo,Masivo,1967-08-18,2021-02-23,No especificado,No aplica,20131,Bajo,Híbrido,Vigente,1,0
CL003403,Persona,Liam Rivera Reyes,PA02,Canadá,Toronto,Masivo,1980-06-14,2016-08-26,M,No aplica,28171,Medio,Híbrido,Vigente,1,0
CL003404,Empresa,Ramírez Turismo S.A.,PA03,Chile,Rancagua,PyME,1980-12-01,2020-07-14,No aplica,Agroindustria,489527,Bajo,Digital,Vigente,0,0
CL003405,Persona,Mateo Tremblay Castro,PA02,Canadá,Toronto,Masivo,1988-03-20,2019-03-29,F,No aplica,14249,Bajo,Híbrido,Vigente,1,0
CL003406,Persona,Lucas González Brown,PA02,Canadá,Edmonton,Banca privada,1985-02-12,2017-12-09,M,No aplica,183355,Alto,Digital,Vigente,1,0
CL003407,Persona,Sofía Martínez Rivera,PA05,Colombia,Manizales,Afluente,1984-02-07,2019-03-29,No especificado,No aplica,82849,Alto,Digital,Vigente,1,0
CL003408,Persona,Emma Brown Martin,PA02,Canadá,Québec,Afluente,1955-12-12,2020-07-09,M,No aplica,71773,Bajo,Tradicional,Vigente,1,0
CL003409,Persona,Samuel García Gómez,PA02,Canadá,Vancouver,Afluente,2000-10-06,2018-06-14,F,No aplica,100596,Medio,Híbrido,Vigente,0,0
CL003410,Persona,Ava Morales Rodríguez,PA04,Perú,Chiclayo,Masivo,1994-01-11,2020-03-05,F,No aplica,28222,Alto,Híbrido,Vigente,1,0
CL003411,Persona,Étienne Morales Morales,PA02,Canadá,Mississauga,Masivo,1948-09-11,2017-01-20,F,No aplica,31011,Alto,Digital,Vigente,1,0
CL003412,Empresa,Romero Salud Group,PA04,Perú,Cusco,PyME,2011-01-01,2018-03-09,No aplica,Comercio,221285,Alto,Híbrido,Vigente,0,0
CL003413,Persona,Lucía Wilson Ramírez,PA01,México,Ciudad de México,Afluente,1968-05-05,2020-02-24,F,No aplica,81489,Medio,Digital,Vigente,0,0
CL003414,Persona,Sofía Brown Castro,PA05,Colombia,Manizales,Banca privada,1990-03-23,2018-12-24,F,No aplica,220896,Bajo,Híbrido,Vigente,1,0
CL003415,Persona,Lucía Smith Sánchez,PA02,Canadá,Mississauga,Afluente,1993-09-10,2016-04-04,No especificado,No aplica,49132,Bajo,Digital,Vigente,1,0
CL003416,Persona,Olivia Cruz Torres,PA01,México,Guadalajara,Afluente,2000-12-20,2018-06-17,M,No aplica,59229,Bajo,Digital,Vigente,1,0
CL003417,Persona,Étienne Reyes Flores,PA02,Canadá,Québec,Masivo,1993-11-28,2015-08-05,No especificado,No aplica,16011,Medio,Híbrido,Vigente,0,0
CL003418,Persona,Lucas López Martin,PA05,Colombia,Medellín,Masivo,1976-10-22,2021-06-05,No especificado,No aplica,20136,Bajo,Digital,Vigente,1,0
CL003419,Persona,Daniela Castro Martínez,PA04,Perú,Lima,Afluente,1949-12-26,2017-09-28,No especificado,No aplica,106315,Alto,Tradicional,Vigente,1,0
CL003420,Persona,Alejandro Pérez Gómez,PA05,Colombia,Pereira,Masivo,1953-07-06,2018-03-30,No especificado,No aplica,11165,Medio,Híbrido,Vencido,0,0
CL003421,Persona,Emma Morales Martin,PA01,México,Puebla,Banca privada,1989-06-17,2016-10-31,No especificado,No aplica,305245,Medio,Tradicional,Vigente,1,0
CL003422,Persona,Nicolás Castro Vargas,PA05,Colombia,Santa Marta,Afluente,2002-02-28,2016-11-06,M,No aplica,95451,Medio,Híbrido,Vigente,1,0
CL003423,Empresa,Díaz Turismo S.A.,PA01,México,Puebla,PyME,2014-04-01,2020-09-19,No aplica,Tecnología,566265,Medio,Híbrido,Vigente,0,0
CL003424,Persona,Valentina Rodríguez Martínez,PA04,Perú,Cusco,Masivo,1973-04-23,2021-01-23,M,No aplica,15823,Medio,Híbrido,Vigente,1,0
CL003425,Empresa,González Turismo S.A.,PA01,México,Monterrey,PyME,1980-04-01,2022-07-19,No aplica,Agroindustria,635419,Alto,Digital,Vigente,1,0
CL003426,Persona,Alejandro Gómez Rivera,PA02,Canadá,Winnipeg,Afluente,1968-07-10,2018-04-11,F,No aplica,67711,Bajo,Digital,Vigente,0,0
CL003427,Persona,Lucas Vargas Cruz,PA04,Perú,Trujillo,Masivo,1952-04-12,2020-02-17,F,No aplica,30909,Bajo,Tradicional,Vigente,0,0
CL003428,Persona,Emiliano Reyes Pérez,PA05,Colombia,Cartagena,Banca privada,1957-11-16,2017-04-05,No especificado,No aplica,131847,Alto,Tradicional,Por vencer,1,0
CL003429,Empresa,Reyes Salud Partners,PA03,Chile,Viña del Mar,Corporativo,1981-09-01,2022-02-13,No aplica,Educación,8280684,Bajo,Digital,Vigente,1,0
CL003430,Persona,Olivia Díaz Vargas,PA02,Canadá,Edmonton,Masivo,1974-04-23,2021-02-13,M,No aplica,28464,Medio,Digital,Vigente,0,0
CL003431,Persona,Emma Ramírez Díaz,PA02,Canadá,Ottawa,Afluente,1952-05-27,2018-11-07,F,No aplica,67423,Medio,Digital,Vencido,0,0
CL003432,Empresa,Sánchez Salud Partners,PA01,México,Ciudad de México,Corporativo,2006-09-01,2017-06-13,No aplica,Construcción,8634505,Medio,Híbrido,Vigente,1,0
CL003433,Persona,Alejandro Romero Rodríguez,PA05,Colombia,Manizales,Masivo,1997-05-01,2019-12-04,No especificado,No aplica,20884,Medio,Híbrido,Vigente,1,0
CL003434,Persona,Martina Brown Vargas,PA04,Perú,Chiclayo,Masivo,1959-03-12,2022-07-06,F,No aplica,10371,Medio,Híbrido,Vigente,0,0
CL003435,Persona,Noah Morales Pérez,PA05,Colombia,Bogotá,Banca privada,1973-04-20,2021-01-24,No especificado,No aplica,170499,Medio,Digital,Vigente,1,0
CL003436,Persona,Valentina Castro Romero,PA03,Chile,Temuco,Masivo,1953-11-22,2016-12-07,No especificado,No aplica,15202,Bajo,Híbrido,Vigente,1,0
CL003437,Persona,Sebastián Romero Reyes,PA01,México,Guadalajara,Masivo,1963-06-14,2017-02-06,F,No aplica,18822,Alto,Digital,Vigente,1,0
CL003438,Empresa,Díaz Agroindustria Latam,PA01,México,Veracruz,PyME,1999-07-01,2022-03-18,No aplica,Tecnología,387774,Medio,Digital,Vigente,1,0
CL003439,Persona,Diego Torres García,PA04,Perú,Huancayo,Afluente,1970-07-22,2018-09-16,F,No aplica,42559,Bajo,Híbrido,Vigente,1,0
CL003440,Empresa,Rodríguez Construcción Partners,PA01,México,Querétaro,PyME,2013-12-01,2020-12-14,No aplica,Agroindustria,757600,Bajo,Híbrido,Vigente,1,0
CL003441,Persona,Gabriel Romero Reyes,PA02,Canadá,Toronto,Afluente,2000-01-18,2017-01-23,F,No aplica,59420,Medio,Híbrido,Vigente,0,0
CL003442,Persona,Étienne Martin Martínez,PA01,México,León,Afluente,1995-03-13,2017-12-02,M,No aplica,97413,Bajo,Digital,Vigente,1,0
CL003443,Persona,Camila Rodríguez Ramírez,PA02,Canadá,Calgary,Banca privada,1988-10-06,2015-11-22,No especificado,No aplica,364387,Bajo,Híbrido,Vigente,0,0
CL003444,Persona,Lucía Pérez Pérez,PA02,Canadá,Québec,Masivo,1948-07-22,2019-08-18,M,No aplica,27142,Medio,Tradicional,Vigente,1,0
CL003445,Empresa,Rodríguez Logística Latam,PA04,Perú,Cajamarca,PyME,2001-07-01,2016-09-06,No aplica,Educación,527248,Bajo,Tradicional,Vigente,1,0
CL003446,Persona,Santiago Pérez Ramírez,PA03,Chile,Puerto Montt,Masivo,1983-01-21,2017-01-24,M,No aplica,18425,Bajo,Tradicional,Vigente,0,0
CL003447,Empresa,Vargas Construcción Group,PA04,Perú,Chiclayo,Corporativo,2013-08-01,2016-06-17,No aplica,Comercio,7603756,Bajo,Digital,Vigente,1,0
CL003448,Persona,Liam Reyes López,PA01,México,Guadalajara,Banca privada,1969-01-28,2015-07-03,No especificado,No aplica,242228,Medio,Híbrido,Vigente,1,0
CL003449,Persona,Emma Castro Pérez,PA05,Colombia,Medellín,Masivo,1972-10-24,2016-05-11,No especificado,No aplica,27384,Medio,Híbrido,Vigente,1,0
CL003450,Persona,Isabella Sánchez Flores,PA04,Perú,Tacna,Masivo,1980-03-14,2022-03-16,F,No aplica,10780,Bajo,Tradicional,Vigente,0,0
CL003451,Persona,Renata Rodríguez González,PA03,Chile,Valparaíso,Afluente,1970-11-08,2020-06-05,M,No aplica,106496,Bajo,Tradicional,Vigente,0,0
CL003452,Empresa,Martin Comercio Latam,PA03,Chile,Santiago,PyME,2011-09-01,2018-06-19,No aplica,Construcción,387449,Alto,Digital,Vigente,0,0
CL003453,Persona,Alejandro Romero Flores,PA04,Perú,Huancayo,Masivo,1957-06-02,2015-06-26,M,No aplica,19896,Alto,Digital,Vigente,0,0
CL003454,Persona,Liam Pérez Vargas,PA02,Canadá,Calgary,Masivo,1963-12-17,2019-01-09,F,No aplica,27987,Medio,Híbrido,Vigente,1,0
CL003455,Persona,Mateo Díaz Rivera,PA01,México,Ciudad de México,Banca privada,1984-10-16,2020-02-22,M,No aplica,141946,Bajo,Híbrido,Vigente,1,0
CL003456,Persona,Lucía Martínez Díaz,PA02,Canadá,Québec,Banca privada,1970-07-16,2016-01-02,F,No aplica,310347,Bajo,Híbrido,Vigente,0,0
CL003457,Empresa,Sánchez Construcción Partners,PA04,Perú,Iquitos,PyME,2017-09-01,2016-11-01,No aplica,Tecnología,768443,Bajo,Híbrido,Vigente,1,0
CL003458,Empresa,Flores Manufactura Group,PA04,Perú,Lima,PyME,2002-07-01,2016-01-27,No aplica,Agroindustria,349057,Bajo,Digital,Vigente,1,0
CL003459,Persona,Lucía Vargas Martin,PA05,Colombia,Santa Marta,Masivo,1966-08-03,2017-01-10,F,No aplica,22129,Medio,Híbrido,Vigente,1,0
CL003460,Persona,Santiago Wilson Brown,PA01,México,Mérida,Afluente,1985-12-28,2022-07-11,No especificado,No aplica,72414,Bajo,Digital,Vigente,1,0
CL003461,Persona,Sofía Rivera Romero,PA01,México,Querétaro,Masivo,1966-11-01,2020-07-04,No especificado,No aplica,15689,Alto,Híbrido,Vigente,0,0
CL003462,Persona,Isabella Sánchez Flores,PA05,Colombia,Bogotá,Afluente,1971-06-13,2020-02-13,F,No aplica,43221,Medio,Híbrido,Vigente,0,0
CL003463,Persona,Renata Sánchez Cruz,PA04,Perú,Iquitos,Masivo,2003-09-23,2016-06-18,No especificado,No aplica,25533,Medio,Digital,Vigente,0,0
CL003464,Persona,Martina Brown Smith,PA01,México,Mérida,Masivo,1959-05-23,2022-08-05,No especificado,No aplica,25135,Medio,Tradicional,Vigente,1,0
CL003465,Persona,Liam Morales Smith,PA02,Canadá,Calgary,Masivo,1995-11-05,2018-03-31,M,No aplica,18824,Bajo,Digital,Vigente,1,0
CL003466,Persona,Camila García Cruz,PA03,Chile,Rancagua,Masivo,2001-10-06,2016-05-09,No especificado,No aplica,12569,Medio,Híbrido,Vigente,0,0
CL003467,Persona,Liam Flores Martínez,PA01,México,Monterrey,Banca privada,1978-12-28,2018-07-08,M,No aplica,302143,Medio,Híbrido,Vigente,1,0
CL003468,Persona,Mariana Morales Flores,PA04,Perú,Piura,Banca privada,1958-02-01,2019-01-27,M,No aplica,128166,Bajo,Tradicional,Vigente,1,0
CL003469,Persona,Nicolás Romero Cruz,PA02,Canadá,Québec,Afluente,1948-12-15,2020-11-14,F,No aplica,97377,Alto,Híbrido,Vigente,1,0
CL003470,Empresa,Rodríguez Manufactura Partners,PA01,México,Monterrey,Corporativo,2011-02-01,2018-05-14,No aplica,Turismo,5367176,Medio,Digital,Vigente,1,0
CL003471,Persona,Lucía López López,PA02,Canadá,Québec,Masivo,1972-07-25,2021-04-01,F,No aplica,31162,Medio,Digital,Vigente,1,0
CL003472,Persona,Liam Brown Martínez,PA05,Colombia,Santa Marta,Afluente,1992-09-01,2016-03-24,No especificado,No aplica,108221,Medio,Digital,Vigente,1,0
CL003473,Persona,Ava Sánchez Martin,PA01,México,Ciudad de México,Afluente,1978-07-07,2016-09-19,F,No aplica,52558,Bajo,Digital,Vigente,0,0
CL003474,Persona,Camila González Sánchez,PA05,Colombia,Cúcuta,Afluente,1994-11-07,2020-08-08,M,No aplica,89633,Bajo,Digital,Vigente,1,0
CL003475,Persona,Martina López Sánchez,PA05,Colombia,Pereira,Masivo,1959-04-10,2016-10-22,M,No aplica,19953,Bajo,Híbrido,Vigente,0,0
CL003476,Persona,Emiliano González Hernández,PA01,México,Guadalajara,Masivo,1962-11-06,2017-12-13,F,No aplica,18411,Bajo,Digital,Vigente,1,0
CL003477,Persona,Emiliano Reyes Cruz,PA05,Colombia,Cali,Masivo,1991-06-18,2018-11-28,M,No aplica,19135,Bajo,Híbrido,Vigente,0,0
CL003478,Persona,Emma Ramírez Torres,PA04,Perú,Cusco,Masivo,2002-08-08,2016-10-08,M,No aplica,18980,Medio,Híbrido,Vigente,1,0
CL003479,Empresa,Rivera Turismo S.A.,PA01,México,Puebla,PyME,1992-01-01,2021-11-27,No aplica,Educación,742470,Alto,Híbrido,Vigente,0,1
CL003480,Empresa,Brown Educación S.A.,PA04,Perú,Piura,PyME,2012-01-01,2019-12-18,No aplica,Turismo,543171,Bajo,Digital,Vencido,0,0
CL003481,Persona,Lucía Vargas Tremblay,PA03,Chile,Puerto Montt,Masivo,1976-08-20,2021-01-11,M,No aplica,21618,Alto,Híbrido,Vigente,1,0
CL003482,Persona,Camila Pérez Rodríguez,PA05,Colombia,Cali,Masivo,1954-01-05,2015-05-17,M,No aplica,20393,Alto,Digital,Vigente,0,0
CL003483,Persona,Alejandro Martínez Castro,PA03,Chile,Talca,Afluente,1971-02-26,2015-08-02,M,No aplica,101475,Medio,Digital,Vigente,1,0
CL003484,Persona,Sofía Rodríguez Morales,PA02,Canadá,Toronto,Masivo,1981-03-22,2017-07-02,M,No aplica,27294,Medio,Híbrido,Vigente,1,0
CL003485,Persona,Isabella López Rivera,PA05,Colombia,Medellín,Masivo,1955-08-18,2016-07-26,M,No aplica,31458,Bajo,Tradicional,Vigente,0,0
CL003486,Persona,Emma Cruz Tremblay,PA03,Chile,Puerto Montt,Masivo,1961-10-14,2021-03-07,M,No aplica,22972,Bajo,Digital,Vigente,0,0
CL003487,Persona,Étienne Ramírez Díaz,PA04,Perú,Iquitos,Afluente,1951-07-14,2022-11-08,F,No aplica,77854,Alto,Híbrido,Vigente,1,0
CL003488,Persona,Liam Ramírez Wilson,PA04,Perú,Cajamarca,Afluente,1956-03-03,2015-11-08,No especificado,No aplica,80527,Medio,Digital,Vigente,0,0
CL003489,Persona,Sofía Ramírez Cruz,PA03,Chile,Viña del Mar,Afluente,2000-04-27,2020-08-18,M,No aplica,63881,Medio,Digital,Vigente,1,0
CL003490,Persona,Samuel Castro Smith,PA02,Canadá,Ottawa,Afluente,1955-02-01,2022-05-21,No especificado,No aplica,77093,Bajo,Digital,Vigente,1,0
CL003491,Empresa,Rodríguez Salud Latam,PA01,México,Querétaro,Corporativo,1998-04-01,2021-01-19,No aplica,Construcción,3937860,Medio,Digital,Vigente,0,0
CL003492,Persona,Gabriel García Vargas,PA03,Chile,Temuco,Afluente,1999-07-14,2016-12-21,F,No aplica,92347,Medio,Digital,Vigente,1,0
CL003493,Persona,Noah López Rivera,PA04,Perú,Lima,Masivo,1999-03-01,2015-05-07,M,No aplica,21078,Alto,Tradicional,Vigente,1,0
CL003494,Persona,Santiago Smith Martin,PA05,Colombia,Barranquilla,Afluente,1988-11-02,2016-11-17,No especificado,No aplica,91732,Medio,Digital,Vigente,0,0
CL003495,Persona,Mateo Brown Reyes,PA01,México,Guadalajara,Afluente,1976-06-05,2017-03-02,M,No aplica,77312,Medio,Digital,Por vencer,0,0
CL003496,Persona,Camila Martínez Ramírez,PA01,México,Veracruz,Masivo,1989-01-09,2021-03-08,No especificado,No aplica,13895,Medio,Digital,Vigente,0,0
CL003497,Empresa,Cruz Comercio Partners,PA01,México,Tijuana,PyME,2001-02-01,2018-04-06,No aplica,Servicios profesionales,797162,Alto,Híbrido,Vigente,1,0
CL003498,Persona,Olivia Hernández Díaz,PA03,Chile,Antofagasta,Afluente,1992-07-11,2020-06-14,No especificado,No aplica,101472,Alto,Híbrido,Vigente,0,0
CL003499,Persona,Liam Rodríguez Vargas,PA04,Perú,Lima,Afluente,1961-03-23,2020-08-01,No especificado,No aplica,78090,Medio,Digital,Vigente,0,0
CL003500,Persona,Camila López Brown,PA05,Colombia,Cúcuta,Masivo,1964-04-23,2018-02-17,M,No aplica,15163,Alto,Digital,Vigente,1,0
CL003501,Empresa,Cruz Turismo Latam,PA01,México,Monterrey,Corporativo,2006-03-01,2021-06-01,No aplica,Manufactura,5269671,Medio,Digital,Vigente,1,0
CL003502,Persona,Mateo López Reyes,PA02,Canadá,Toronto,Masivo,1980-08-04,2016-06-29,No especificado,No aplica,19591,Medio,Tradicional,Vigente,1,0
CL003503,Persona,Santiago Morales Pérez,PA03,Chile,Puerto Montt,Masivo,1987-12-18,2017-12-08,M,No aplica,29423,Bajo,Híbrido,Vigente,0,0
CL003504,Empresa,Pérez Tecnología S.A.,PA01,México,Toluca,Corporativo,2003-04-01,2022-05-08,No aplica,Servicios profesionales,9042379,Medio,Híbrido,Vigente,0,0
CL003505,Persona,Sebastián Romero Vargas,PA03,Chile,Valparaíso,Banca privada,1987-06-15,2016-08-11,No especificado,No aplica,257597,Bajo,Tradicional,Vigente,1,0
CL003506,Persona,Ava Flores Torres,PA03,Chile,Talca,Masivo,1948-03-28,2022-10-04,No especificado,No aplica,30405,Alto,Híbrido,Por vencer,0,0
CL003507,Persona,Renata Pérez Morales,PA03,Chile,La Serena,Banca privada,1992-05-10,2018-01-21,No especificado,No aplica,117066,Medio,Digital,Vigente,1,1
CL003508,Persona,Liam Martin González,PA02,Canadá,Mississauga,Masivo,1965-11-23,2022-07-31,M,No aplica,18868,Alto,Digital,Vigente,0,0
CL003509,Persona,Mateo Gómez López,PA03,Chile,La Serena,Afluente,1993-07-28,2019-12-09,No especificado,No aplica,78541,Medio,Híbrido,Vigente,1,0
CL003510,Persona,Étienne García Rodríguez,PA05,Colombia,Medellín,Afluente,1970-10-13,2016-10-29,M,No aplica,75186,Medio,Tradicional,Vigente,1,0
CL003511,Persona,Mateo Pérez Pérez,PA05,Colombia,Bogotá,Afluente,1954-07-11,2021-06-03,No especificado,No aplica,85490,Alto,Digital,Vigente,1,0
CL003512,Persona,Diego López Morales,PA03,Chile,Talca,Afluente,1987-09-23,2020-05-06,No especificado,No aplica,103351,Medio,Híbrido,Vigente,1,0
CL003513,Persona,Sebastián Romero Romero,PA03,Chile,Concepción,Masivo,1998-06-22,2017-06-05,F,No aplica,25143,Medio,Tradicional,Vigente,1,0
CL003514,Persona,Camila Rodríguez Cruz,PA05,Colombia,Cali,Banca privada,1954-06-18,2018-02-01,F,No aplica,249137,Medio,Tradicional,Vigente,1,0
CL003515,Persona,Valentina Gómez Martin,PA03,Chile,Santiago,Masivo,1963-04-03,2020-12-24,F,No aplica,15058,Alto,Tradicional,Vigente,0,0
CL003516,Persona,Sebastián González Vargas,PA01,México,Toluca,Masivo,1965-09-07,2018-05-13,F,No aplica,11052,Bajo,Híbrido,Vigente,1,0
CL003517,Persona,Lucía Rodríguez Hernández,PA05,Colombia,Medellín,Masivo,1953-08-19,2016-05-23,F,No aplica,10763,Bajo,Tradicional,Vigente,0,0
CL003518,Persona,Mateo López Sánchez,PA04,Perú,Lima,Afluente,1952-08-02,2017-01-08,No especificado,No aplica,48275,Bajo,Híbrido,Vigente,0,0
CL003519,Persona,Emiliano Ramírez Rivera,PA03,Chile,Santiago,Banca privada,1996-12-11,2017-06-03,M,No aplica,357301,Alto,Híbrido,Vigente,1,0
CL003520,Persona,Emiliano Ramírez Tremblay,PA03,Chile,Concepción,Afluente,1961-06-27,2016-09-18,F,No aplica,47369,Alto,Digital,Vigente,0,0
CL003521,Persona,Valentina Wilson Brown,PA03,Chile,Concepción,Masivo,2003-07-15,2016-03-10,F,No aplica,30515,Medio,Tradicional,Vigente,1,0
CL003522,Empresa,Díaz Salud Group,PA01,México,León,Corporativo,2015-02-01,2022-07-22,No aplica,Logística,6037544,Alto,Digital,Vigente,0,0
CL003523,Persona,Sebastián Castro López,PA01,México,Puebla,Masivo,1988-08-03,2015-06-21,M,No aplica,26462,Bajo,Híbrido,Vigente,0,0
CL003524,Empresa,Díaz Construcción S.A.,PA04,Perú,Huancayo,Corporativo,1994-06-01,2022-01-02,No aplica,Manufactura,5053402,Alto,Tradicional,Vigente,1,0
CL003525,Persona,Isabella Tremblay Ramírez,PA02,Canadá,Edmonton,Afluente,1997-10-18,2018-07-27,F,No aplica,74852,Bajo,Digital,Vigente,1,0
CL003526,Persona,Sofía Morales Flores,PA01,México,Toluca,Masivo,1973-04-28,2015-06-29,M,No aplica,31214,Medio,Digital,Vigente,0,0
CL003527,Persona,Isabella Tremblay Castro,PA04,Perú,Chiclayo,Masivo,1966-01-08,2019-10-18,No especificado,No aplica,29285,Medio,Tradicional,Vigente,1,0
CL003528,Persona,Sebastián Vargas Gómez,PA01,México,Veracruz,Masivo,1974-02-13,2017-12-13,F,No aplica,16433,Medio,Tradicional,Vigente,1,0
CL003529,Persona,Olivia Reyes Rivera,PA04,Perú,Chiclayo,Masivo,1998-06-03,2019-12-01,F,No aplica,30051,Bajo,Híbrido,Vigente,1,0
CL003530,Persona,Élodie Pérez Wilson,PA04,Perú,Huancayo,Afluente,1989-12-07,2020-05-18,M,No aplica,57799,Bajo,Híbrido,Vigente,1,0
CL003531,Persona,Valentina Martínez López,PA04,Perú,Iquitos,Afluente,1959-04-02,2018-12-12,F,No aplica,48017,Medio,Híbrido,Por vencer,1,0
CL003532,Persona,Olivia González Flores,PA01,México,Toluca,Masivo,1955-09-19,2015-09-29,No especificado,No aplica,25702,Alto,Híbrido,Vigente,0,0
CL003533,Persona,Nicolás Ramírez Cruz,PA04,Perú,Cusco,Banca privada,1996-02-18,2018-04-03,No especificado,No aplica,300641,Medio,Digital,Vigente,0,0
CL003534,Persona,Camila Martin García,PA03,Chile,La Serena,Masivo,1961-04-24,2022-02-21,F,No aplica,14801,Bajo,Tradicional,Vigente,0,0
CL003535,Persona,Diego Ramírez Gómez,PA02,Canadá,Calgary,Masivo,1992-12-25,2022-11-20,M,No aplica,15664,Alto,Híbrido,Vigente,1,0
CL003536,Persona,Camila Pérez Díaz,PA04,Perú,Lima,Afluente,1976-10-03,2022-09-28,No especificado,No aplica,105597,Bajo,Tradicional,Vigente,0,0
CL003537,Persona,Emma Torres González,PA04,Perú,Piura,Masivo,1965-11-26,2021-12-28,No especificado,No aplica,24265,Bajo,Digital,Vigente,0,0
CL003538,Persona,Lucía Gómez Díaz,PA02,Canadá,Ottawa,Afluente,1973-01-27,2021-07-26,M,No aplica,51265,Medio,Digital,Vigente,1,0
CL003539,Persona,Gabriel Rivera Hernández,PA05,Colombia,Barranquilla,Banca privada,1959-03-13,2019-01-04,No especificado,No aplica,124114,Bajo,Híbrido,Vigente,1,0
CL003540,Persona,Noah Díaz Hernández,PA02,Canadá,Toronto,Banca privada,1967-07-25,2015-10-14,No especificado,No aplica,115864,Bajo,Híbrido,Vigente,0,0
CL003541,Persona,Camila Pérez Reyes,PA02,Canadá,Winnipeg,Masivo,2003-05-11,2016-04-21,No especificado,No aplica,11189,Medio,Digital,Vigente,0,0
CL003542,Persona,Camila Díaz Sánchez,PA02,Canadá,Calgary,Afluente,1997-03-10,2015-11-05,No especificado,No aplica,67550,Bajo,Digital,Por vencer,1,0
CL003543,Persona,Daniela Romero Díaz,PA01,México,Ciudad de México,Banca privada,1972-11-26,2021-05-23,F,No aplica,130512,Alto,Tradicional,Por vencer,1,0
CL003544,Persona,Lucía Brown García,PA05,Colombia,Santa Marta,Masivo,1949-10-06,2022-03-20,No especificado,No aplica,19375,Medio,Digital,Vigente,0,0
CL003545,Persona,Mateo Morales Torres,PA03,Chile,Santiago,Afluente,1952-01-20,2016-03-17,M,No aplica,44697,Medio,Híbrido,Vigente,1,0
CL003546,Empresa,Hernández Construcción Latam,PA02,Canadá,Winnipeg,Corporativo,2020-07-01,2015-06-01,No aplica,Turismo,3453826,Medio,Digital,Vigente,1,0
CL003547,Persona,Emma Hernández Martin,PA02,Canadá,Toronto,Masivo,1987-04-23,2017-09-21,No especificado,No aplica,10020,Medio,Híbrido,Vigente,1,0
CL003548,Persona,Sebastián López Morales,PA04,Perú,Lima,Masivo,1974-06-20,2022-11-09,F,No aplica,29432,Medio,Híbrido,Vigente,0,0
CL003549,Persona,Diego García Torres,PA04,Perú,Iquitos,Masivo,1988-10-15,2017-08-06,F,No aplica,29954,Alto,Híbrido,Vigente,1,0
CL003550,Persona,Mateo Brown Tremblay,PA04,Perú,Tacna,Masivo,1968-04-23,2017-04-06,M,No aplica,19596,Medio,Tradicional,Vigente,0,0
CL003551,Persona,Santiago Martin Pérez,PA05,Colombia,Cartagena,Afluente,1950-09-20,2015-10-07,F,No aplica,48669,Alto,Digital,Vigente,1,0
CL003552,Persona,Emiliano Smith Díaz,PA01,México,Veracruz,Masivo,1955-07-04,2016-03-10,M,No aplica,11090,Bajo,Híbrido,Vigente,1,0
CL003553,Persona,Gabriel Castro Martínez,PA05,Colombia,Barranquilla,Masivo,1979-10-19,2019-04-05,No especificado,No aplica,10132,Bajo,Tradicional,Vigente,1,0
CL003554,Persona,Samuel López Brown,PA02,Canadá,Montreal,Masivo,1968-04-17,2019-03-15,F,No aplica,22657,Medio,Digital,Vigente,0,0
CL003555,Empresa,Rivera Turismo Group,PA05,Colombia,Cartagena,PyME,2002-05-01,2022-11-20,No aplica,Construcción,528083,Bajo,Tradicional,Vigente,1,0
CL003556,Persona,Sofía Ramírez Sánchez,PA04,Perú,Piura,Masivo,1950-06-03,2015-11-27,No especificado,No aplica,12570,Alto,Digital,Vigente,0,0
CL003557,Persona,Ava Smith López,PA05,Colombia,Manizales,Banca privada,1992-12-10,2016-10-10,M,No aplica,277393,Bajo,Tradicional,Vigente,0,0
CL003558,Persona,Alejandro Ramírez Martin,PA01,México,Toluca,Banca privada,1992-02-17,2015-10-10,No especificado,No aplica,290514,Bajo,Tradicional,Vigente,1,0
CL003559,Persona,Diego Gómez Flores,PA04,Perú,Cajamarca,Masivo,1955-12-08,2019-03-17,M,No aplica,19073,Bajo,Híbrido,Vigente,1,0
CL003560,Persona,Alejandro Torres Martínez,PA05,Colombia,Cartagena,Afluente,1949-06-11,2016-11-21,M,No aplica,65105,Bajo,Tradicional,Vigente,1,0
CL003561,Persona,Sofía Rivera Rivera,PA02,Canadá,Halifax,Masivo,1977-08-21,2015-06-16,F,No aplica,23794,Medio,Híbrido,Vigente,0,0
CL003562,Persona,Liam López Morales,PA01,México,Puebla,Masivo,1950-04-02,2020-08-11,M,No aplica,31118,Bajo,Digital,Vigente,1,0
CL003563,Persona,Liam Tremblay López,PA01,México,Puebla,Masivo,1966-10-16,2018-06-24,M,No aplica,11405,Bajo,Híbrido,Vigente,0,0
CL003564,Persona,Lucía Martínez Pérez,PA05,Colombia,Bogotá,Banca privada,1958-01-11,2016-10-23,F,No aplica,202616,Medio,Híbrido,Vigente,0,0
CL003565,Persona,Isabella Rivera Sánchez,PA03,Chile,Rancagua,Afluente,1980-06-06,2016-08-03,M,No aplica,84841,Bajo,Híbrido,Vigente,1,0
CL003566,Persona,Emiliano Torres Wilson,PA03,Chile,Rancagua,Masivo,1955-01-19,2018-01-03,No especificado,No aplica,25085,Alto,Digital,Vigente,1,0
CL003567,Persona,Sofía Ramírez Martin,PA04,Perú,Cajamarca,Masivo,1951-07-18,2018-03-29,F,No aplica,15681,Medio,Híbrido,Vigente,1,0
CL003568,Persona,Camila Rodríguez Rodríguez,PA05,Colombia,Cali,Banca privada,1966-04-20,2022-03-08,No especificado,No aplica,134366,Alto,Digital,Por vencer,1,0
CL003569,Empresa,Rodríguez Manufactura Partners,PA03,Chile,Puerto Montt,PyME,1997-06-01,2018-08-28,No aplica,Tecnología,574782,Bajo,Tradicional,Vigente,1,0
CL003570,Persona,Nicolás Martínez González,PA04,Perú,Huancayo,Banca privada,1984-08-11,2021-01-19,M,No aplica,288856,Bajo,Tradicional,Vigente,0,0
CL003571,Persona,Emma Hernández Flores,PA04,Perú,Iquitos,Masivo,1963-09-07,2022-07-14,F,No aplica,28929,Bajo,Digital,Vigente,1,0
CL003572,Empresa,Ramírez Salud Latam,PA03,Chile,Santiago,Corporativo,1988-07-01,2016-11-14,No aplica,Salud,8346985,Bajo,Híbrido,Vigente,0,0
CL003573,Persona,Martina Rodríguez Smith,PA04,Perú,Iquitos,Masivo,1985-02-24,2018-01-01,No especificado,No aplica,31080,Bajo,Digital,Vigente,0,0
CL003574,Empresa,Flores Construcción Partners,PA04,Perú,Arequipa,Corporativo,1998-07-01,2020-05-01,No aplica,Salud,4207154,Medio,Híbrido,Vigente,1,0
CL003575,Persona,Santiago Gómez Rodríguez,PA02,Canadá,Calgary,Masivo,1968-05-04,2020-06-04,No especificado,No aplica,26336,Bajo,Híbrido,Vigente,1,0
CL003576,Empresa,Rivera Tecnología Partners,PA02,Canadá,Montreal,PyME,2002-06-01,2015-09-22,No aplica,Educación,730013,Alto,Digital,Vigente,1,0
CL003577,Persona,Élodie Díaz Romero,PA05,Colombia,Cartagena,Masivo,1950-02-15,2022-06-10,F,No aplica,18781,Bajo,Híbrido,Vigente,1,0
CL003578,Persona,Lucas Martin Cruz,PA01,México,Monterrey,Masivo,1980-05-24,2017-12-20,F,No aplica,10384,Bajo,Tradicional,Vigente,1,0
CL003579,Persona,Sebastián Hernández Rivera,PA03,Chile,Concepción,Afluente,1955-02-24,2017-08-03,M,No aplica,106316,Medio,Digital,Vigente,1,0
CL003580,Persona,Samuel Reyes González,PA05,Colombia,Bogotá,Masivo,1985-09-03,2019-06-13,No especificado,No aplica,23107,Bajo,Híbrido,Vigente,1,0
CL003581,Persona,Lucía Sánchez González,PA04,Perú,Cajamarca,Afluente,1984-05-21,2018-01-10,No especificado,No aplica,68617,Medio,Híbrido,Vigente,0,0
CL003582,Persona,Valentina Brown González,PA04,Perú,Huancayo,Masivo,1975-09-15,2015-06-27,No especificado,No aplica,26961,Medio,Híbrido,Vigente,1,0
CL003583,Empresa,García Educación Latam,PA01,México,Guadalajara,PyME,1990-04-01,2018-02-12,No aplica,Agroindustria,797903,Medio,Híbrido,Vigente,0,0
CL003584,Persona,Lucía Tremblay Martínez,PA04,Perú,Huancayo,Masivo,1997-03-27,2021-11-14,No especificado,No aplica,30089,Medio,Híbrido,Vigente,0,0
CL003585,Persona,Valentina González Hernández,PA03,Chile,Temuco,Masivo,1988-11-18,2017-08-26,No especificado,No aplica,21694,Bajo,Digital,Vigente,0,0
CL003586,Empresa,Rivera Construcción S.A.,PA02,Canadá,Toronto,PyME,1990-02-01,2020-09-18,No aplica,Servicios profesionales,387105,Alto,Tradicional,Vigente,0,0
CL003587,Empresa,Tremblay Agroindustria S.A.,PA02,Canadá,Mississauga,PyME,2009-06-01,2016-07-22,No aplica,Agroindustria,300478,Medio,Tradicional,Vigente,0,1
CL003588,Persona,Samuel López García,PA03,Chile,Talca,Afluente,1957-01-20,2021-10-09,M,No aplica,100078,Bajo,Híbrido,Vigente,0,0
CL003589,Persona,Ava Cruz Castro,PA01,México,Ciudad de México,Masivo,1974-01-27,2020-01-08,No especificado,No aplica,18989,Bajo,Híbrido,Vigente,0,0
CL003590,Persona,Lucas Reyes Díaz,PA03,Chile,Viña del Mar,Masivo,1964-08-23,2015-09-08,No especificado,No aplica,28089,Alto,Híbrido,Vigente,1,0
CL003591,Persona,Daniela Ramírez Rodríguez,PA03,Chile,Temuco,Masivo,2003-05-21,2022-05-15,M,No aplica,24930,Alto,Híbrido,Vigente,0,0
CL003592,Persona,Gabriel Rivera Romero,PA02,Canadá,Toronto,Masivo,1996-09-07,2019-08-29,M,No aplica,24041,Bajo,Digital,Vigente,0,1
CL003593,Persona,Liam Hernández Sánchez,PA05,Colombia,Cali,Afluente,1959-07-07,2019-08-05,F,No aplica,94119,Medio,Tradicional,Por vencer,0,0
CL003594,Empresa,García Comercio Group,PA03,Chile,Antofagasta,PyME,1990-01-01,2020-11-15,No aplica,Manufactura,712694,Medio,Híbrido,Vigente,0,0
CL003595,Persona,Ava Brown Morales,PA01,México,Monterrey,Masivo,1987-05-17,2021-01-28,M,No aplica,13683,Bajo,Digital,Vigente,0,0
CL003596,Empresa,Díaz Comercio Latam,PA02,Canadá,Calgary,Corporativo,1988-10-01,2021-08-03,No aplica,Turismo,8966354,Bajo,Digital,Vigente,0,0
CL003597,Persona,Emiliano Brown García,PA05,Colombia,Cartagena,Banca privada,1967-03-13,2015-12-05,No especificado,No aplica,291461,Alto,Híbrido,Vigente,0,0
CL003598,Persona,Olivia Torres Ramírez,PA03,Chile,Talca,Banca privada,2002-12-14,2018-02-18,F,No aplica,123425,Bajo,Híbrido,Vigente,1,0
CL003599,Persona,Martina Morales Wilson,PA05,Colombia,Cali,Masivo,2000-06-16,2017-12-17,No especificado,No aplica,23800,Alto,Digital,Vigente,1,0
CL003600,Persona,Nicolás Castro Rivera,PA04,Perú,Iquitos,Afluente,1968-10-01,2021-01-28,No especificado,No aplica,58707,Medio,Digital,Vigente,0,0
CL003601,Persona,Mariana Castro Tremblay,PA04,Perú,Arequipa,Masivo,2003-08-06,2018-07-09,F,No aplica,13010,Medio,Digital,Vigente,1,0
CL003602,Persona,Santiago García Reyes,PA01,México,Mérida,Afluente,1985-09-27,2021-11-18,No especificado,No aplica,70938,Bajo,Híbrido,Vigente,1,0
CL003603,Persona,Mariana Sánchez Wilson,PA02,Canadá,Edmonton,Masivo,1987-07-21,2022-02-24,M,No aplica,11692,Bajo,Digital,Vigente,0,0
CL003604,Empresa,Ramírez Turismo Group,PA01,México,Veracruz,Corporativo,2007-12-01,2018-04-19,No aplica,Agroindustria,6737635,Bajo,Híbrido,Vigente,1,0
CL003605,Persona,Sebastián Gómez Brown,PA02,Canadá,Toronto,Afluente,1957-07-06,2022-05-31,No especificado,No aplica,67348,Bajo,Tradicional,Vigente,1,0
CL003606,Persona,Renata Hernández Romero,PA02,Canadá,Montreal,Masivo,1973-06-10,2019-03-19,No especificado,No aplica,16041,Bajo,Digital,Vigente,1,0
CL003607,Persona,Lucas Gómez Hernández,PA04,Perú,Lima,Masivo,1961-02-22,2016-11-04,M,No aplica,31159,Medio,Digital,Vigente,1,0
CL003608,Persona,Emiliano González Romero,PA05,Colombia,Cúcuta,Masivo,1961-07-16,2016-09-19,M,No aplica,25598,Alto,Híbrido,Vigente,1,0
CL003609,Persona,Étienne Torres Martínez,PA05,Colombia,Bucaramanga,Afluente,1973-05-19,2022-11-29,No especificado,No aplica,36880,Bajo,Digital,Vigente,0,0
CL003610,Persona,Samuel Cruz Martínez,PA02,Canadá,Edmonton,Masivo,1959-12-16,2019-02-07,M,No aplica,30022,Medio,Híbrido,Vigente,0,0
CL003611,Persona,Samuel Castro Smith,PA05,Colombia,Barranquilla,Banca privada,2001-11-24,2017-04-22,F,No aplica,187246,Bajo,Digital,Vigente,0,0
CL003612,Persona,Ava Pérez Sánchez,PA02,Canadá,Toronto,Banca privada,1981-05-23,2021-03-23,M,No aplica,208769,Bajo,Digital,Vigente,0,0
CL003613,Persona,Camila García Martin,PA02,Canadá,Winnipeg,Masivo,1982-12-07,2019-12-31,M,No aplica,24756,Bajo,Digital,Vigente,1,0
CL003614,Persona,Gabriel Martin Reyes,PA03,Chile,Valparaíso,Masivo,1992-02-22,2021-05-05,F,No aplica,11759,Medio,Tradicional,Vigente,0,0
CL003615,Empresa,Flores Comercio Partners,PA05,Colombia,Bogotá,PyME,1986-11-01,2020-07-28,No aplica,Construcción,690690,Bajo,Digital,Vigente,1,0
CL003616,Persona,Olivia Cruz Reyes,PA05,Colombia,Cali,Masivo,1996-02-18,2016-11-21,M,No aplica,18965,Alto,Digital,Vigente,0,0
CL003617,Persona,Camila Rivera Flores,PA02,Canadá,Vancouver,Masivo,1984-03-21,2020-09-14,M,No aplica,15374,Medio,Tradicional,Vigente,0,0
CL003618,Persona,Santiago López Flores,PA01,México,Guadalajara,Afluente,1948-10-21,2020-11-17,No especificado,No aplica,104923,Bajo,Híbrido,Vigente,1,0
CL003619,Persona,Camila Díaz Romero,PA05,Colombia,Barranquilla,Masivo,1972-04-06,2016-02-18,M,No aplica,12808,Bajo,Híbrido,Vigente,1,0
CL003620,Persona,Gabriel Wilson Martínez,PA05,Colombia,Cali,Masivo,1987-10-17,2016-10-26,No especificado,No aplica,30998,Medio,Híbrido,Vigente,0,0
CL003621,Persona,Mariana González Pérez,PA04,Perú,Iquitos,Masivo,1990-01-06,2019-02-17,M,No aplica,24940,Alto,Digital,Vigente,0,0
CL003622,Persona,Renata Rivera Sánchez,PA04,Perú,Chiclayo,Afluente,1984-09-11,2015-08-28,F,No aplica,73492,Medio,Tradicional,Vigente,1,0
CL003623,Persona,Élodie González Díaz,PA03,Chile,Talca,Banca privada,1953-07-20,2017-02-08,No especificado,No aplica,269725,Medio,Híbrido,Vigente,0,0
CL003624,Persona,Élodie García Díaz,PA01,México,Mérida,Afluente,1950-09-14,2017-09-02,No especificado,No aplica,41680,Bajo,Híbrido,Vigente,1,0
CL003625,Persona,Diego Smith Rodríguez,PA05,Colombia,Cali,Masivo,1967-06-22,2018-10-27,No especificado,No aplica,12696,Alto,Digital,Vigente,0,0
CL003626,Empresa,Martin Logística S.A.,PA01,México,Ciudad de México,PyME,2010-07-01,2015-11-07,No aplica,Agroindustria,785944,Bajo,Tradicional,Vigente,1,0
CL003627,Persona,Alejandro Rodríguez Tremblay,PA04,Perú,Piura,Afluente,1999-04-17,2019-06-08,F,No aplica,64502,Medio,Digital,Vigente,1,0
CL003628,Persona,Noah Gómez Rodríguez,PA01,México,Tijuana,Afluente,1981-01-10,2017-01-23,M,No aplica,96161,Medio,Híbrido,Vigente,0,0
CL003629,Persona,Mateo Pérez López,PA04,Perú,Iquitos,Masivo,2000-08-16,2017-03-25,No especificado,No aplica,24452,Medio,Híbrido,Vigente,1,0
CL003630,Persona,Emiliano Pérez Reyes,PA04,Perú,Huancayo,Masivo,1993-06-16,2021-12-22,No especificado,No aplica,10913,Alto,Híbrido,Vigente,1,0
CL003631,Persona,Liam Reyes Rodríguez,PA02,Canadá,Halifax,Banca privada,2001-06-27,2020-05-26,F,No aplica,238870,Medio,Híbrido,Vigente,0,0
CL003632,Persona,Sofía Wilson Hernández,PA03,Chile,Valparaíso,Masivo,1962-07-24,2017-08-08,F,No aplica,26036,Bajo,Tradicional,Vigente,1,0
CL003633,Persona,Camila González Reyes,PA01,México,Toluca,Afluente,1986-08-12,2016-06-13,No especificado,No aplica,45164,Medio,Híbrido,Vigente,1,0
CL003634,Persona,Santiago Wilson López,PA03,Chile,Concepción,Afluente,1958-04-20,2018-06-06,M,No aplica,106560,Bajo,Digital,Vigente,1,0
CL003635,Persona,Camila Cruz González,PA05,Colombia,Cali,Masivo,1987-08-21,2019-12-18,F,No aplica,10328,Alto,Tradicional,Vigente,0,0
CL003636,Persona,Élodie Sánchez Martínez,PA03,Chile,Puerto Montt,Masivo,1967-12-06,2021-06-08,M,No aplica,13186,Alto,Tradicional,Vigente,0,0
CL003637,Empresa,López Tecnología Latam,PA05,Colombia,Medellín,PyME,2006-02-01,2015-07-05,No aplica,Agroindustria,675132,Alto,Tradicional,Vigente,0,0
CL003638,Empresa,Flores Turismo S.A.,PA05,Colombia,Bogotá,Corporativo,2003-07-01,2015-05-06,No aplica,Servicios profesionales,7289482,Bajo,Digital,Vigente,1,0
CL003639,Empresa,Gómez Agroindustria Group,PA02,Canadá,Montreal,PyME,1980-12-01,2015-06-08,No aplica,Logística,457720,Alto,Híbrido,Vigente,0,0
CL003640,Persona,Lucas Gómez Rivera,PA02,Canadá,Winnipeg,Afluente,1956-03-10,2021-10-19,No especificado,No aplica,89875,Medio,Híbrido,Vigente,0,0
CL003641,Persona,Renata Reyes Rivera,PA04,Perú,Trujillo,Masivo,1975-07-21,2019-10-18,F,No aplica,18865,Alto,Digital,Vigente,0,0
CL003642,Persona,Diego Sánchez Romero,PA03,Chile,Antofagasta,Afluente,2003-04-13,2020-04-08,F,No aplica,87264,Medio,Digital,Vigente,1,0
CL003643,Persona,Emiliano Smith García,PA01,México,Querétaro,Banca privada,1997-07-10,2017-09-29,F,No aplica,222899,Bajo,Tradicional,Vigente,1,0
CL003644,Persona,Olivia Torres Wilson,PA05,Colombia,Pereira,Masivo,1957-04-12,2018-11-16,M,No aplica,16947,Alto,Tradicional,Vigente,1,0
CL003645,Persona,Mateo López López,PA02,Canadá,Halifax,Banca privada,2003-06-24,2018-11-10,No especificado,No aplica,195907,Bajo,Híbrido,Vigente,0,0
CL003646,Persona,Martina Tremblay Vargas,PA02,Canadá,Montreal,Masivo,1956-04-21,2018-11-20,No especificado,No aplica,23164,Medio,Tradicional,Vigente,1,0
CL003647,Persona,Liam Morales Sánchez,PA05,Colombia,Cartagena,Afluente,1969-04-18,2020-01-12,F,No aplica,67688,Bajo,Tradicional,Vigente,0,0
CL003648,Persona,Ava Cruz Romero,PA04,Perú,Lima,Banca privada,1952-08-04,2016-11-08,M,No aplica,291120,Alto,Digital,Vigente,0,0
CL003649,Persona,Valentina Martin Pérez,PA02,Canadá,Vancouver,Afluente,1964-05-09,2015-06-30,F,No aplica,85998,Bajo,Híbrido,Vigente,0,0
CL003650,Persona,Sebastián Cruz Wilson,PA02,Canadá,Winnipeg,Masivo,1971-09-26,2022-06-16,M,No aplica,12139,Medio,Tradicional,Vigente,1,0
CL003651,Persona,Samuel Vargas Smith,PA02,Canadá,Edmonton,Afluente,1980-03-22,2017-05-04,F,No aplica,105314,Bajo,Digital,Vigente,0,0
CL003652,Persona,Liam Wilson Vargas,PA03,Chile,Talca,Masivo,1990-08-21,2020-11-08,M,No aplica,14228,Medio,Híbrido,Vigente,1,0
CL003653,Persona,Camila Flores Rodríguez,PA03,Chile,Rancagua,Banca privada,1961-02-01,2019-05-10,M,No aplica,141364,Bajo,Tradicional,Vigente,1,0
CL003654,Persona,Gabriel Torres Rodríguez,PA01,México,Toluca,Masivo,1987-08-13,2022-08-09,M,No aplica,12474,Medio,Híbrido,Vigente,1,0
CL003655,Persona,Liam Hernández González,PA01,México,Guadalajara,Banca privada,1955-08-11,2015-08-16,M,No aplica,175191,Bajo,Digital,Vigente,0,0
CL003656,Empresa,Martínez Logística S.A.,PA04,Perú,Cajamarca,PyME,1988-05-01,2022-03-11,No aplica,Servicios profesionales,664509,Alto,Tradicional,Vigente,0,0
CL003657,Persona,Élodie Reyes Flores,PA05,Colombia,Bogotá,Afluente,1997-12-14,2019-10-14,No especificado,No aplica,80026,Alto,Digital,Vencido,0,0
CL003658,Persona,Gabriel Torres Gómez,PA01,México,Querétaro,Masivo,1966-12-19,2021-08-16,F,No aplica,15649,Medio,Híbrido,Vigente,0,0
CL003659,Persona,Renata Wilson Castro,PA01,México,Monterrey,Banca privada,1991-07-14,2017-05-12,F,No aplica,274621,Bajo,Digital,Vigente,0,0
CL003660,Persona,Gabriel Hernández Martínez,PA04,Perú,Trujillo,Masivo,1989-10-24,2017-11-08,No especificado,No aplica,27168,Bajo,Digital,Vigente,0,0
CL003661,Persona,Camila Gómez Díaz,PA01,México,León,Afluente,1972-07-27,2017-12-15,M,No aplica,106204,Bajo,Híbrido,Vigente,1,0
CL003662,Persona,Emiliano Vargas González,PA03,Chile,Antofagasta,Masivo,1972-11-12,2022-11-16,F,No aplica,24558,Medio,Híbrido,Vigente,1,0
CL003663,Persona,Camila Torres Vargas,PA02,Canadá,Toronto,Afluente,1978-12-12,2017-08-17,F,No aplica,93447,Medio,Digital,Vigente,0,1
CL003664,Persona,Liam Torres Wilson,PA01,México,Puebla,Masivo,1974-12-17,2019-03-27,F,No aplica,13446,Bajo,Híbrido,Vigente,1,0
CL003665,Persona,Martina Flores Díaz,PA02,Canadá,Toronto,Masivo,2000-09-12,2018-09-07,No especificado,No aplica,31211,Bajo,Híbrido,Vigente,1,0
CL003666,Persona,Étienne Cruz Rodríguez,PA02,Canadá,Edmonton,Afluente,1997-08-11,2022-06-14,F,No aplica,49463,Medio,Digital,Vigente,0,0
CL003667,Persona,Renata García Vargas,PA03,Chile,Puerto Montt,Afluente,1952-03-24,2021-07-19,F,No aplica,95515,Medio,Tradicional,Vigente,1,0
CL003668,Persona,Sofía Torres Wilson,PA01,México,Mérida,Afluente,1963-08-11,2020-05-14,No especificado,No aplica,70810,Medio,Digital,Vigente,1,0
CL003669,Persona,Lucía Flores Tremblay,PA03,Chile,Talca,Afluente,2001-08-27,2021-04-14,F,No aplica,101386,Bajo,Híbrido,Vigente,1,0
CL003670,Persona,Alejandro Sánchez Smith,PA05,Colombia,Bogotá,Masivo,1961-03-14,2016-06-16,No especificado,No aplica,17558,Medio,Digital,Vigente,0,0
CL003671,Persona,Mateo González García,PA03,Chile,Valparaíso,Banca privada,1962-10-14,2020-03-19,No especificado,No aplica,131327,Alto,Tradicional,Vigente,0,0
CL003672,Persona,Nicolás Smith Rivera,PA04,Perú,Arequipa,Masivo,1978-09-26,2022-01-07,M,No aplica,19433,Bajo,Tradicional,Vigente,1,0
CL003673,Empresa,Smith Turismo Partners,PA04,Perú,Chiclayo,PyME,1997-07-01,2015-12-20,No aplica,Tecnología,246087,Bajo,Tradicional,Vigente,0,0
CL003674,Persona,Gabriel Díaz Reyes,PA02,Canadá,Ottawa,Masivo,1993-10-27,2020-10-28,F,No aplica,14904,Medio,Híbrido,Vigente,1,0
CL003675,Empresa,Vargas Comercio Group,PA02,Canadá,Halifax,PyME,2019-08-01,2019-02-24,No aplica,Servicios profesionales,426809,Alto,Digital,Vigente,1,0
CL003676,Persona,Emiliano González Romero,PA04,Perú,Cusco,Afluente,1979-03-23,2019-06-01,F,No aplica,54415,Alto,Digital,Vigente,1,0
CL003677,Empresa,Rodríguez Agroindustria Group,PA03,Chile,Puerto Montt,Corporativo,2019-11-01,2017-10-14,No aplica,Educación,8373832,Medio,Híbrido,Vigente,1,0
CL003678,Persona,Santiago Reyes Sánchez,PA01,México,Veracruz,Banca privada,1987-08-25,2017-09-25,M,No aplica,152181,Bajo,Híbrido,Vencido,1,0
CL003679,Persona,Emiliano Wilson García,PA04,Perú,Tacna,Afluente,1970-03-18,2015-07-04,F,No aplica,54218,Alto,Híbrido,Vigente,1,0
CL003680,Persona,Liam Torres Flores,PA03,Chile,Concepción,Banca privada,1972-05-24,2016-11-03,No especificado,No aplica,161414,Bajo,Híbrido,Vigente,1,0
CL003681,Persona,Sebastián Smith Flores,PA02,Canadá,Toronto,Afluente,1978-04-13,2021-10-24,M,No aplica,75327,Alto,Híbrido,Vigente,0,0
CL003682,Persona,Lucía Cruz Vargas,PA05,Colombia,Medellín,Masivo,1951-09-02,2019-02-01,F,No aplica,14276,Bajo,Híbrido,Vigente,1,0
CL003683,Persona,Diego Castro Rodríguez,PA02,Canadá,Winnipeg,Masivo,1968-03-17,2018-01-07,No especificado,No aplica,11186,Bajo,Digital,Vigente,0,0
CL003684,Persona,Renata Díaz Torres,PA03,Chile,Antofagasta,Afluente,1967-07-07,2020-02-25,M,No aplica,47366,Medio,Híbrido,Vigente,0,0
CL003685,Persona,Mariana Rodríguez Díaz,PA01,México,Toluca,Masivo,1972-01-25,2019-03-14,F,No aplica,18700,Bajo,Digital,Vigente,0,0
CL003686,Persona,Mateo Reyes Rodríguez,PA01,México,Monterrey,Afluente,1965-06-24,2016-04-21,No especificado,No aplica,47854,Medio,Digital,Vigente,1,0
CL003687,Persona,Mariana López Rodríguez,PA04,Perú,Huancayo,Masivo,1978-08-28,2020-08-18,F,No aplica,31411,Bajo,Híbrido,Vigente,1,0
CL003688,Persona,Nicolás Smith Wilson,PA05,Colombia,Manizales,Banca privada,1979-01-21,2016-03-05,No especificado,No aplica,304620,Bajo,Híbrido,Vigente,0,0
CL003689,Persona,Liam Martínez Flores,PA03,Chile,Rancagua,Afluente,1986-06-03,2016-07-29,No especificado,No aplica,108273,Medio,Digital,Vigente,1,0
CL003690,Persona,Gabriel Smith Hernández,PA01,México,Toluca,Banca privada,1955-07-10,2020-07-13,No especificado,No aplica,168201,Bajo,Híbrido,Vigente,1,0
CL003691,Persona,Diego Morales Sánchez,PA02,Canadá,Edmonton,Afluente,2001-07-24,2019-04-17,M,No aplica,97626,Bajo,Digital,Vigente,1,0
CL003692,Persona,Lucas López Pérez,PA05,Colombia,Manizales,Afluente,1958-10-21,2019-03-02,M,No aplica,95572,Bajo,Tradicional,Vigente,1,0
CL003693,Persona,Sofía Torres Flores,PA03,Chile,Antofagasta,Afluente,1979-07-11,2022-07-24,F,No aplica,68188,Medio,Digital,Vigente,1,0
CL003694,Persona,Lucas Torres Díaz,PA05,Colombia,Barranquilla,Afluente,1971-04-28,2016-09-21,F,No aplica,64840,Medio,Híbrido,Vigente,1,0
CL003695,Persona,Étienne Sánchez Díaz,PA01,México,Tijuana,Afluente,1981-05-01,2018-06-23,M,No aplica,38877,Medio,Digital,Vigente,1,0
CL003696,Persona,Mateo Rivera Gómez,PA02,Canadá,Mississauga,Afluente,1982-03-24,2019-08-22,F,No aplica,57362,Alto,Híbrido,Vigente,0,0
CL003697,Persona,Étienne Morales Vargas,PA05,Colombia,Cartagena,Masivo,1965-11-09,2017-03-05,M,No aplica,29382,Alto,Digital,Vigente,1,0
CL003698,Persona,Étienne Wilson Castro,PA02,Canadá,Halifax,Masivo,1965-01-23,2022-08-27,F,No aplica,27045,Medio,Digital,Vigente,1,0
CL003699,Empresa,Reyes Agroindustria Partners,PA04,Perú,Cusco,Corporativo,2016-06-01,2019-08-22,No aplica,Servicios profesionales,4466796,Medio,Híbrido,Vigente,1,0
CL003700,Persona,Alejandro Wilson García,PA04,Perú,Tacna,Masivo,1954-07-26,2016-07-02,F,No aplica,28358,Bajo,Digital,Vigente,1,0
CL003701,Empresa,Gómez Educación Latam,PA02,Canadá,Winnipeg,PyME,1993-01-01,2021-07-04,No aplica,Turismo,604156,Bajo,Híbrido,Vigente,1,0
CL003702,Persona,Noah Romero Díaz,PA04,Perú,Arequipa,Masivo,1973-08-11,2017-10-28,M,No aplica,22815,Alto,Digital,Vigente,1,0
CL003703,Persona,Valentina Ramírez Flores,PA02,Canadá,Toronto,Afluente,1952-04-24,2016-11-09,F,No aplica,83457,Medio,Híbrido,Vigente,1,0
CL003704,Persona,Sebastián Pérez Vargas,PA01,México,Monterrey,Masivo,1970-05-12,2020-10-30,F,No aplica,23936,Medio,Tradicional,Vigente,1,0
CL003705,Persona,Gabriel Pérez Wilson,PA03,Chile,Viña del Mar,Masivo,1991-12-14,2017-05-28,No especificado,No aplica,17645,Alto,Digital,Vigente,1,0
CL003706,Empresa,Vargas Manufactura Group,PA05,Colombia,Santa Marta,Corporativo,2006-03-01,2018-06-04,No aplica,Construcción,2576735,Alto,Híbrido,Vigente,1,0
CL003707,Persona,Noah Cruz Smith,PA01,México,Puebla,Masivo,1962-02-07,2016-05-25,M,No aplica,23463,Bajo,Híbrido,Vigente,1,0
CL003708,Persona,Nicolás Ramírez López,PA05,Colombia,Bucaramanga,Masivo,1987-10-04,2016-01-23,F,No aplica,20766,Bajo,Híbrido,Vigente,1,0
CL003709,Persona,Sebastián Sánchez Reyes,PA04,Perú,Trujillo,Masivo,1974-08-24,2017-07-13,No especificado,No aplica,19458,Bajo,Híbrido,Vigente,0,0
CL003710,Persona,Mariana Rivera Castro,PA03,Chile,Rancagua,Banca privada,1975-12-22,2019-04-02,M,No aplica,228090,Medio,Híbrido,Vigente,1,0
CL003711,Persona,Lucía Reyes Ramírez,PA04,Perú,Cusco,Afluente,1960-06-19,2022-11-06,M,No aplica,41640,Medio,Tradicional,Vigente,0,0
CL003712,Persona,Sofía Reyes Tremblay,PA05,Colombia,Bogotá,Masivo,1989-11-02,2016-07-18,M,No aplica,14287,Medio,Híbrido,Vigente,1,0
CL003713,Persona,Élodie Flores Vargas,PA04,Perú,Arequipa,Masivo,1969-08-03,2021-09-25,No especificado,No aplica,21283,Medio,Digital,Vigente,0,0
CL003714,Persona,Diego López Martin,PA02,Canadá,Mississauga,Masivo,1957-10-19,2020-02-22,M,No aplica,28077,Medio,Híbrido,Vencido,1,0
CL003715,Persona,Camila Romero Hernández,PA02,Canadá,Winnipeg,Masivo,1966-01-22,2018-02-26,M,No aplica,22217,Medio,Digital,Vigente,0,0
CL003716,Persona,Valentina Martin Tremblay,PA03,Chile,La Serena,Masivo,1985-02-17,2017-12-06,No especificado,No aplica,19893,Alto,Híbrido,Vigente,0,0
CL003717,Persona,Étienne Hernández Martin,PA01,México,Ciudad de México,Masivo,1966-04-09,2018-02-19,No especificado,No aplica,21858,Bajo,Híbrido,Vigente,1,0
CL003718,Persona,Renata Brown Rodríguez,PA05,Colombia,Cali,Masivo,1949-12-20,2020-04-03,No especificado,No aplica,12224,Bajo,Digital,Vigente,1,0
CL003719,Persona,Emiliano Hernández García,PA04,Perú,Lima,Masivo,1950-04-24,2017-11-11,No especificado,No aplica,20586,Alto,Híbrido,Vigente,1,0
CL003720,Persona,Emma Rivera Rodríguez,PA03,Chile,Santiago,Masivo,1960-06-16,2020-09-15,F,No aplica,10814,Bajo,Híbrido,Vigente,1,0
CL003721,Empresa,Rivera Tecnología Partners,PA04,Perú,Cajamarca,PyME,2016-01-01,2021-09-27,No aplica,Turismo,601144,Bajo,Tradicional,Vigente,0,0
CL003722,Persona,Diego Martínez Sánchez,PA01,México,Ciudad de México,Afluente,2003-05-27,2021-01-26,M,No aplica,63235,Alto,Digital,Vigente,0,0
CL003723,Persona,Martina Gómez Gómez,PA04,Perú,Huancayo,Masivo,1984-02-15,2018-07-04,M,No aplica,25665,Medio,Híbrido,Vigente,0,0
CL003724,Persona,Sofía Rodríguez Rodríguez,PA05,Colombia,Cartagena,Masivo,1964-06-23,2022-06-25,No especificado,No aplica,11663,Medio,Híbrido,Vigente,1,0
CL003725,Persona,Samuel López García,PA01,México,Puebla,Masivo,1979-05-18,2021-08-23,No especificado,No aplica,30943,Medio,Tradicional,Vigente,1,0
CL003726,Persona,Lucía Díaz Vargas,PA03,Chile,Talca,Afluente,1984-06-01,2020-11-02,M,No aplica,50805,Bajo,Tradicional,Vigente,1,0
CL003727,Persona,Camila Pérez Ramírez,PA01,México,Veracruz,Banca privada,1952-05-16,2017-03-14,M,No aplica,244472,Bajo,Híbrido,Vigente,1,0
CL003728,Persona,Lucas López Rivera,PA03,Chile,Rancagua,Masivo,1956-05-12,2015-05-26,M,No aplica,28877,Medio,Híbrido,Vigente,0,0
CL003729,Persona,Liam Hernández Vargas,PA02,Canadá,Halifax,Masivo,1994-08-08,2022-08-15,M,No aplica,17022,Bajo,Digital,Vigente,1,0
CL003730,Empresa,Romero Educación Group,PA02,Canadá,Halifax,Corporativo,2020-02-01,2018-06-03,No aplica,Servicios profesionales,3527679,Bajo,Digital,Vigente,1,0
CL003731,Persona,Santiago Martin Brown,PA05,Colombia,Medellín,Afluente,1965-12-25,2018-05-23,No especificado,No aplica,99794,Bajo,Tradicional,Vigente,1,0
CL003732,Persona,Liam Smith Ramírez,PA02,Canadá,Mississauga,Afluente,1998-07-11,2016-07-28,F,No aplica,96838,Bajo,Digital,Vigente,1,0
CL003733,Persona,Daniela Gómez Ramírez,PA02,Canadá,Calgary,Afluente,1948-07-18,2017-05-24,M,No aplica,38409,Medio,Digital,Vigente,0,0
CL003734,Persona,Emiliano López Torres,PA04,Perú,Piura,Masivo,2002-02-21,2020-11-25,F,No aplica,31498,Bajo,Digital,Vigente,1,0
CL003735,Persona,Camila Brown Morales,PA04,Perú,Trujillo,Afluente,1969-03-13,2022-02-26,No especificado,No aplica,53817,Alto,Digital,Vigente,1,0
CL003736,Persona,Ava Romero González,PA02,Canadá,Ottawa,Banca privada,1996-08-25,2017-08-06,M,No aplica,190143,Alto,Digital,Vigente,0,0
CL003737,Persona,Sofía Morales Tremblay,PA05,Colombia,Cali,Banca privada,1969-12-23,2020-02-24,M,No aplica,316482,Medio,Tradicional,Vigente,1,0
CL003738,Persona,Martina Morales Torres,PA05,Colombia,Bucaramanga,Afluente,1962-12-07,2016-09-18,No especificado,No aplica,77005,Medio,Digital,Vigente,1,0
CL003739,Empresa,Castro Manufactura Group,PA05,Colombia,Pereira,PyME,1996-05-01,2017-04-24,No aplica,Servicios profesionales,589095,Medio,Tradicional,Por vencer,1,0
CL003740,Persona,Daniela Martin Martin,PA02,Canadá,Calgary,Afluente,1970-06-23,2020-09-21,F,No aplica,43593,Bajo,Digital,Vigente,1,0
CL003741,Persona,Mariana Cruz Vargas,PA05,Colombia,Bucaramanga,Afluente,1962-11-01,2020-02-21,M,No aplica,100632,Bajo,Digital,Vigente,0,0
CL003742,Persona,Sebastián González Ramírez,PA04,Perú,Huancayo,Afluente,1959-01-12,2021-11-12,F,No aplica,88392,Medio,Híbrido,Vigente,1,0
CL003743,Persona,Ava Vargas González,PA03,Chile,Puerto Montt,Afluente,1984-01-05,2020-02-14,No especificado,No aplica,38754,Bajo,Digital,Vigente,1,0
CL003744,Persona,Gabriel Gómez Martin,PA03,Chile,Viña del Mar,Banca privada,1973-02-18,2020-05-18,M,No aplica,198336,Bajo,Digital,Por vencer,0,0
CL003745,Empresa,Ramírez Comercio Latam,PA01,México,Mérida,Corporativo,2000-09-01,2022-09-10,No aplica,Salud,6523654,Medio,Híbrido,Vigente,1,0
CL003746,Persona,Liam Smith Tremblay,PA02,Canadá,Ottawa,Masivo,1979-09-28,2018-03-24,M,No aplica,31425,Alto,Digital,Vigente,0,0
CL003747,Persona,Noah Rodríguez Tremblay,PA05,Colombia,Cartagena,Masivo,1966-02-28,2020-07-12,F,No aplica,27211,Bajo,Digital,Vigente,0,0
CL003748,Persona,Lucas Sánchez Brown,PA05,Colombia,Manizales,Banca privada,1995-07-28,2022-11-22,M,No aplica,270964,Bajo,Digital,Vigente,0,0
CL003749,Persona,Olivia Martin Tremblay,PA03,Chile,Talca,Afluente,2001-02-06,2019-06-21,M,No aplica,53651,Bajo,Digital,Vigente,1,0
CL003750,Empresa,Brown Turismo Partners,PA01,México,Monterrey,Corporativo,1992-09-01,2017-05-03,No aplica,Construcción,6945216,Alto,Tradicional,Vigente,1,0
CL003751,Persona,Valentina Castro Brown,PA02,Canadá,Vancouver,Afluente,1993-12-22,2021-09-06,M,No aplica,48955,Alto,Híbrido,Vigente,1,0
CL003752,Persona,Emiliano Brown Wilson,PA04,Perú,Huancayo,Banca privada,1951-12-18,2019-06-22,F,No aplica,144382,Bajo,Digital,Vigente,1,0
CL003753,Persona,Liam Rodríguez López,PA02,Canadá,Mississauga,Masivo,1962-06-15,2019-02-12,No especificado,No aplica,29355,Medio,Digital,Vigente,1,0
CL003754,Persona,Alejandro García García,PA03,Chile,La Serena,Masivo,1950-12-04,2016-11-03,No especificado,No aplica,30333,Medio,Tradicional,Vigente,1,0
CL003755,Persona,Sebastián González Sánchez,PA05,Colombia,Bucaramanga,Masivo,1963-12-14,2018-06-06,No especificado,No aplica,25705,Bajo,Digital,Vigente,1,0
CL003756,Persona,Mateo Morales Hernández,PA02,Canadá,Winnipeg,Masivo,1948-08-03,2018-05-16,F,No aplica,31081,Bajo,Híbrido,Vigente,1,0
CL003757,Persona,Daniela García Hernández,PA05,Colombia,Manizales,Afluente,1961-08-24,2019-10-06,M,No aplica,77135,Bajo,Híbrido,Vigente,1,0
CL003758,Persona,Sebastián Pérez López,PA03,Chile,Viña del Mar,Banca privada,2003-03-17,2016-03-09,No especificado,No aplica,207855,Bajo,Tradicional,Vigente,1,0
CL003759,Persona,Isabella Díaz Sánchez,PA04,Perú,Cajamarca,Masivo,1964-07-09,2019-03-11,F,No aplica,21388,Bajo,Tradicional,Vigente,0,0
CL003760,Empresa,Díaz Salud Group,PA04,Perú,Trujillo,Corporativo,2008-04-01,2015-05-27,No aplica,Educación,9192269,Bajo,Híbrido,Vigente,0,0
CL003761,Persona,Santiago Wilson Torres,PA02,Canadá,Vancouver,Masivo,1977-03-15,2019-03-28,F,No aplica,11463,Alto,Tradicional,Vigente,0,0
CL003762,Persona,Isabella Torres Vargas,PA01,México,Querétaro,Masivo,1989-04-15,2022-11-30,M,No aplica,17731,Bajo,Tradicional,Vigente,1,0
CL003763,Persona,Camila Martin Martínez,PA02,Canadá,Calgary,Banca privada,1953-09-25,2018-09-06,No especificado,No aplica,156128,Medio,Híbrido,Vigente,1,0
CL003764,Persona,Mariana Smith Martínez,PA01,México,Toluca,Masivo,1979-12-14,2022-09-24,F,No aplica,17941,Bajo,Híbrido,Vigente,1,0
CL003765,Empresa,Tremblay Agroindustria Group,PA03,Chile,Valparaíso,PyME,1993-06-01,2021-05-31,No aplica,Logística,632643,Medio,Híbrido,Por vencer,0,0
CL003766,Persona,Élodie García Hernández,PA04,Perú,Huancayo,Masivo,1965-03-02,2015-08-20,No especificado,No aplica,24100,Medio,Tradicional,Vigente,0,0
CL003767,Persona,Mariana Hernández González,PA02,Canadá,Winnipeg,Masivo,1998-08-13,2015-10-21,M,No aplica,18256,Medio,Digital,Vigente,0,0
CL003768,Empresa,Castro Servicios profesionales S.A.,PA04,Perú,Iquitos,Corporativo,2000-11-01,2020-10-21,No aplica,Logística,4044419,Bajo,Tradicional,Vigente,1,0
CL003769,Persona,Samuel Díaz Martínez,PA03,Chile,La Serena,Afluente,1981-07-07,2017-06-23,M,No aplica,52877,Bajo,Digital,Vigente,1,0
CL003770,Persona,Martina Smith Ramírez,PA05,Colombia,Barranquilla,Masivo,1955-04-19,2019-10-01,F,No aplica,18713,Bajo,Digital,Vigente,1,0
CL003771,Persona,Mariana Martin Rodríguez,PA01,México,Guadalajara,Masivo,1976-01-27,2017-01-13,M,No aplica,25504,Bajo,Digital,Vigente,1,0
CL003772,Persona,Étienne Rivera Morales,PA05,Colombia,Santa Marta,Banca privada,1998-05-03,2022-04-10,F,No aplica,224684,Bajo,Digital,Vigente,0,0
CL003773,Empresa,Wilson Logística Latam,PA04,Perú,Iquitos,PyME,1988-03-01,2017-04-06,No aplica,Turismo,691676,Medio,Tradicional,Vigente,1,0
CL003774,Persona,Alejandro Torres Flores,PA03,Chile,Viña del Mar,Masivo,1986-02-11,2018-05-25,F,No aplica,29914,Bajo,Híbrido,Vigente,0,0
CL003775,Persona,Noah Flores Flores,PA03,Chile,La Serena,Masivo,1978-06-01,2022-01-06,No especificado,No aplica,19474,Bajo,Híbrido,Vigente,1,0
CL003776,Persona,Olivia Gómez López,PA01,México,Toluca,Masivo,1989-08-14,2020-10-03,F,No aplica,16198,Medio,Híbrido,Vigente,0,0
CL003777,Empresa,González Servicios profesionales Latam,PA03,Chile,Santiago,PyME,2010-05-01,2019-04-18,No aplica,Tecnología,410207,Bajo,Híbrido,Vigente,0,0
CL003778,Persona,Santiago Brown Smith,PA01,México,León,Afluente,1967-08-01,2018-03-30,M,No aplica,79976,Medio,Híbrido,Vigente,1,0
CL003779,Persona,Gabriel Pérez Torres,PA01,México,Tijuana,Masivo,1964-12-21,2021-11-14,F,No aplica,15042,Medio,Híbrido,Vigente,1,0
CL003780,Persona,Martina Torres Vargas,PA03,Chile,Concepción,Banca privada,2002-05-19,2017-01-09,No especificado,No aplica,297597,Bajo,Híbrido,Vigente,0,0
CL003781,Persona,Élodie Romero Tremblay,PA02,Canadá,Edmonton,Masivo,1999-02-07,2016-08-31,F,No aplica,14251,Medio,Digital,Vigente,1,0
CL003782,Persona,Sofía Reyes González,PA02,Canadá,Montreal,Masivo,2001-12-02,2021-09-10,No especificado,No aplica,14122,Medio,Digital,Vigente,0,0
CL003783,Empresa,Brown Servicios profesionales Group,PA02,Canadá,Ottawa,Corporativo,2017-12-01,2015-12-24,No aplica,Manufactura,5580399,Medio,Digital,Vigente,1,0
CL003784,Persona,Lucas Vargas Sánchez,PA03,Chile,Antofagasta,Banca privada,1974-01-19,2019-12-31,M,No aplica,201155,Bajo,Híbrido,Vigente,1,0
CL003785,Persona,Santiago Rodríguez Romero,PA04,Perú,Trujillo,Afluente,1970-09-05,2018-06-16,F,No aplica,107529,Alto,Digital,Vigente,1,0
CL003786,Persona,Daniela Pérez Martin,PA01,México,Guadalajara,Afluente,1955-07-28,2016-05-15,No especificado,No aplica,105237,Bajo,Híbrido,Vigente,1,0
CL003787,Persona,Renata Torres Sánchez,PA05,Colombia,Bogotá,Afluente,1982-11-25,2018-10-10,No especificado,No aplica,49889,Alto,Digital,Vigente,0,0
CL003788,Persona,Emiliano Tremblay Romero,PA01,México,Querétaro,Afluente,1958-09-26,2021-08-11,No especificado,No aplica,72942,Medio,Digital,Vigente,0,0
CL003789,Persona,Mariana Sánchez Hernández,PA03,Chile,Viña del Mar,Banca privada,1989-02-14,2018-04-13,No especificado,No aplica,348927,Bajo,Híbrido,Vigente,1,0
CL003790,Persona,Élodie Rivera Cruz,PA01,México,Puebla,Masivo,1998-04-18,2016-02-12,M,No aplica,20876,Medio,Digital,Vencido,1,0
CL003791,Persona,Liam García García,PA04,Perú,Lima,Banca privada,1993-07-13,2017-08-23,M,No aplica,144014,Alto,Digital,Vigente,1,1
CL003792,Persona,Renata Díaz Torres,PA05,Colombia,Pereira,Masivo,1966-11-23,2022-09-05,No especificado,No aplica,30828,Medio,Híbrido,Vigente,0,0
CL003793,Persona,Isabella Vargas Ramírez,PA02,Canadá,Edmonton,Masivo,1961-04-23,2018-08-10,M,No aplica,22647,Medio,Tradicional,Vigente,0,0
CL003794,Persona,Sofía Martin Rodríguez,PA05,Colombia,Barranquilla,Masivo,1981-10-28,2018-06-16,No especificado,No aplica,12826,Bajo,Tradicional,Vigente,1,0
CL003795,Persona,Diego Pérez Cruz,PA01,México,Monterrey,Masivo,1995-06-15,2017-10-03,M,No aplica,29275,Bajo,Híbrido,Vigente,0,0
CL003796,Persona,Sofía Smith Cruz,PA01,México,Veracruz,Afluente,1997-07-24,2018-11-09,No especificado,No aplica,89639,Bajo,Digital,Vigente,0,0
CL003797,Persona,Martina Wilson Torres,PA02,Canadá,Edmonton,Masivo,1993-01-12,2017-12-29,M,No aplica,15632,Medio,Digital,Vigente,1,0
CL003798,Persona,Sofía González Tremblay,PA01,México,Guadalajara,Afluente,1981-02-09,2015-05-17,No especificado,No aplica,98592,Bajo,Digital,Vigente,0,0
CL003799,Persona,Élodie Hernández García,PA02,Canadá,Edmonton,Afluente,1985-09-16,2020-08-13,No especificado,No aplica,86312,Alto,Digital,Vigente,1,0
CL003800,Persona,Renata Torres Smith,PA04,Perú,Cajamarca,Masivo,1989-08-03,2019-01-15,M,No aplica,18681,Bajo,Híbrido,Vigente,0,0
CL003801,Persona,Olivia González Reyes,PA04,Perú,Cajamarca,Masivo,1979-10-21,2017-10-30,M,No aplica,12848,Bajo,Híbrido,Vigente,1,0
CL003802,Persona,Noah Pérez González,PA03,Chile,Talca,Afluente,1955-09-01,2016-09-13,M,No aplica,52336,Bajo,Híbrido,Vigente,1,0
CL003803,Persona,Renata Smith Rivera,PA01,México,Monterrey,Banca privada,2002-05-19,2019-06-25,F,No aplica,196309,Bajo,Híbrido,Vigente,1,0
CL003804,Empresa,López Construcción Group,PA03,Chile,Rancagua,Corporativo,2002-01-01,2022-04-09,No aplica,Construcción,6209458,Medio,Híbrido,Vigente,1,0
CL003805,Persona,Sofía Flores Rivera,PA02,Canadá,Winnipeg,Masivo,1972-05-05,2015-08-13,No especificado,No aplica,25383,Bajo,Digital,Vigente,0,0
CL003806,Empresa,López Comercio Latam,PA05,Colombia,Cúcuta,PyME,2003-06-01,2019-02-10,No aplica,Manufactura,804544,Alto,Híbrido,Vigente,0,0
CL003807,Persona,Valentina Rivera Hernández,PA02,Canadá,Vancouver,Afluente,1954-06-08,2019-03-15,M,No aplica,94066,Alto,Digital,Vigente,1,0
CL003808,Persona,Mateo Torres Tremblay,PA03,Chile,Antofagasta,Masivo,1961-10-08,2021-04-02,No especificado,No aplica,28228,Bajo,Híbrido,Vigente,1,0
CL003809,Persona,Renata Gómez Hernández,PA01,México,Veracruz,Banca privada,1970-08-09,2015-05-08,M,No aplica,155854,Medio,Digital,Vencido,0,0
CL003810,Persona,Isabella Vargas Cruz,PA02,Canadá,Edmonton,Masivo,1982-02-04,2020-01-28,F,No aplica,16373,Alto,Digital,Vigente,0,0
CL003811,Persona,Emma Tremblay Vargas,PA01,México,Veracruz,Afluente,1950-11-07,2017-10-04,No especificado,No aplica,55104,Bajo,Híbrido,Vigente,1,0
CL003812,Persona,Ava Smith Tremblay,PA02,Canadá,Calgary,Masivo,1992-06-12,2016-09-24,F,No aplica,17679,Medio,Digital,Vigente,1,0
CL003813,Empresa,Martin Tecnología S.A.,PA04,Perú,Huancayo,PyME,2006-08-01,2020-12-30,No aplica,Tecnología,667803,Medio,Híbrido,Vigente,1,0
CL003814,Persona,Daniela Morales Brown,PA05,Colombia,Medellín,Masivo,2002-07-09,2022-10-27,M,No aplica,13591,Alto,Híbrido,Vigente,1,0
CL003815,Persona,Emma Reyes Wilson,PA03,Chile,La Serena,Masivo,1959-04-26,2016-12-04,F,No aplica,17455,Alto,Tradicional,Vigente,1,0
CL003816,Persona,Alejandro Brown Rodríguez,PA04,Perú,Tacna,Banca privada,1949-08-24,2016-05-15,No especificado,No aplica,314989,Bajo,Digital,Vigente,0,0
CL003817,Persona,Emma Rodríguez Gómez,PA05,Colombia,Pereira,Banca privada,2003-08-25,2016-02-19,No especificado,No aplica,308687,Bajo,Digital,Vigente,1,0
CL003818,Persona,Renata Tremblay Romero,PA05,Colombia,Santa Marta,Afluente,1994-04-01,2022-10-01,F,No aplica,42181,Alto,Híbrido,Vigente,1,0
CL003819,Persona,Mateo Brown Flores,PA05,Colombia,Pereira,Masivo,1954-08-18,2016-03-06,No especificado,No aplica,26112,Bajo,Tradicional,Vigente,0,0
CL003820,Persona,Emiliano Martínez Romero,PA01,México,Monterrey,Afluente,1950-09-04,2015-06-18,No especificado,No aplica,63648,Medio,Híbrido,Vigente,1,0
CL003821,Persona,Sofía Gómez Rivera,PA01,México,Puebla,Masivo,1977-07-13,2020-04-22,F,No aplica,26208,Bajo,Tradicional,Vigente,1,0
CL003822,Persona,Noah Vargas López,PA02,Canadá,Vancouver,Banca privada,2003-01-02,2015-10-10,M,No aplica,119723,Alto,Tradicional,Vigente,0,0
CL003823,Persona,Samuel Pérez Martínez,PA04,Perú,Cusco,Banca privada,1993-01-18,2015-11-05,M,No aplica,281711,Bajo,Tradicional,Vigente,1,0
CL003824,Persona,Camila Flores Reyes,PA05,Colombia,Cali,Masivo,1974-05-03,2018-05-21,F,No aplica,12097,Alto,Tradicional,Vigente,1,0
CL003825,Persona,Noah Rodríguez Rodríguez,PA05,Colombia,Cúcuta,Masivo,1998-08-28,2021-06-24,No especificado,No aplica,11457,Medio,Híbrido,Vigente,1,0
CL003826,Persona,Renata Cruz Torres,PA02,Canadá,Montreal,Masivo,1998-05-26,2015-08-10,F,No aplica,31233,Alto,Tradicional,Vigente,0,0
CL003827,Persona,Sebastián García Torres,PA01,México,Puebla,Masivo,1979-06-20,2020-04-24,M,No aplica,29855,Alto,Tradicional,Vigente,1,0
CL003828,Persona,Isabella Hernández Ramírez,PA02,Canadá,Mississauga,Masivo,1983-01-04,2018-04-03,F,No aplica,11102,Bajo,Híbrido,Vigente,1,0
CL003829,Persona,Sebastián Flores Tremblay,PA05,Colombia,Bucaramanga,Afluente,1972-02-24,2020-06-28,No especificado,No aplica,67464,Bajo,Híbrido,Vigente,0,0
CL003830,Persona,Emiliano González Tremblay,PA01,México,Toluca,Afluente,1969-10-24,2017-10-13,F,No aplica,106156,Bajo,Digital,Vigente,1,0
CL003831,Empresa,Rodríguez Comercio Latam,PA02,Canadá,Ottawa,PyME,1989-06-01,2019-09-15,No aplica,Construcción,500034,Alto,Digital,Vigente,0,0
CL003832,Persona,Ava Tremblay Ramírez,PA05,Colombia,Bucaramanga,Masivo,1956-01-26,2017-05-17,F,No aplica,17563,Alto,Digital,Vigente,1,0
CL003833,Persona,Mateo Tremblay Wilson,PA05,Colombia,Cúcuta,Afluente,1959-11-23,2017-09-06,No especificado,No aplica,50411,Alto,Híbrido,Vigente,0,0
CL003834,Empresa,Flores Servicios profesionales Latam,PA02,Canadá,Mississauga,PyME,1992-05-01,2020-08-16,No aplica,Educación,306302,Medio,Tradicional,Por vencer,1,0
CL003835,Persona,Valentina Brown Martin,PA02,Canadá,Winnipeg,Afluente,1966-09-05,2018-03-21,F,No aplica,79350,Bajo,Tradicional,Vigente,1,0
CL003836,Persona,Élodie Torres Cruz,PA05,Colombia,Cartagena,Masivo,1974-05-10,2019-06-30,No especificado,No aplica,26702,Bajo,Digital,Vigente,1,0
CL003837,Persona,Isabella Tremblay Gómez,PA03,Chile,Concepción,Afluente,1981-10-21,2020-07-30,M,No aplica,51532,Medio,Híbrido,Vigente,1,0
CL003838,Persona,Liam Rodríguez Brown,PA02,Canadá,Vancouver,Masivo,1976-05-02,2016-09-26,No especificado,No aplica,26385,Medio,Híbrido,Vigente,0,0
CL003839,Persona,Renata Pérez Rivera,PA05,Colombia,Bogotá,Afluente,1959-05-20,2016-08-17,F,No aplica,106264,Bajo,Digital,Vigente,1,0
CL003840,Persona,Lucas Pérez Hernández,PA01,México,Ciudad de México,Banca privada,1977-05-19,2015-08-14,F,No aplica,123560,Medio,Tradicional,Vigente,0,0
CL003841,Persona,Sofía Romero Tremblay,PA02,Canadá,Ottawa,Afluente,1974-01-22,2017-01-10,No especificado,No aplica,61412,Medio,Digital,Vigente,1,0
CL003842,Persona,Samuel Martínez Wilson,PA03,Chile,Valparaíso,Banca privada,1992-07-21,2016-03-25,F,No aplica,169152,Bajo,Híbrido,Vigente,1,0
CL003843,Persona,Renata López Díaz,PA05,Colombia,Cartagena,Afluente,1967-09-22,2015-06-03,F,No aplica,62724,Medio,Híbrido,Vigente,0,0
CL003844,Persona,Santiago Brown Ramírez,PA03,Chile,Antofagasta,Afluente,1953-06-06,2018-06-12,M,No aplica,107041,Bajo,Tradicional,Vigente,1,0
CL003845,Persona,Lucas Castro López,PA01,México,Guadalajara,Banca privada,1974-02-10,2016-08-21,No especificado,No aplica,290125,Bajo,Digital,Vigente,1,0
CL003846,Persona,Ava Vargas Vargas,PA03,Chile,Rancagua,Masivo,2002-04-04,2015-06-12,M,No aplica,17676,Medio,Híbrido,Vigente,1,0
CL003847,Persona,Valentina Tremblay Rivera,PA04,Perú,Huancayo,Afluente,2001-04-10,2020-03-09,F,No aplica,46622,Medio,Híbrido,Vigente,1,0
CL003848,Persona,Alejandro Martin Rivera,PA03,Chile,Rancagua,Masivo,1949-01-22,2019-07-01,F,No aplica,23695,Medio,Tradicional,Vigente,1,0
CL003849,Persona,Camila López Sánchez,PA04,Perú,Cajamarca,Masivo,1954-02-05,2022-05-31,M,No aplica,26535,Medio,Digital,Vigente,1,0
CL003850,Persona,Étienne Flores Rodríguez,PA03,Chile,Antofagasta,Masivo,1963-07-12,2020-01-18,F,No aplica,11894,Bajo,Digital,Vigente,1,0
CL003851,Persona,Mateo González Rodríguez,PA03,Chile,Santiago,Afluente,1960-05-21,2020-03-20,F,No aplica,73084,Alto,Digital,Vigente,0,0
CL003852,Persona,Emma Sánchez Hernández,PA05,Colombia,Barranquilla,Masivo,1960-11-18,2021-06-11,F,No aplica,24817,Bajo,Digital,Vigente,0,0
CL003853,Persona,Gabriel Wilson López,PA05,Colombia,Manizales,Masivo,1992-06-05,2021-12-21,F,No aplica,23886,Medio,Híbrido,Vigente,1,0
CL003854,Persona,Samuel Sánchez Martínez,PA05,Colombia,Medellín,Masivo,2002-11-13,2022-02-10,M,No aplica,23411,Medio,Tradicional,Vigente,1,0
CL003855,Persona,Emiliano López Pérez,PA05,Colombia,Cúcuta,Banca privada,1977-06-14,2018-11-25,F,No aplica,178505,Medio,Digital,Vigente,1,0
CL003856,Empresa,Flores Construcción Partners,PA05,Colombia,Pereira,Corporativo,1981-01-01,2019-06-05,No aplica,Salud,2206821,Bajo,Tradicional,Vigente,1,0
CL003857,Persona,Martina García García,PA04,Perú,Piura,Banca privada,1968-10-18,2018-08-11,M,No aplica,124995,Medio,Digital,Vencido,0,0
CL003858,Persona,Emiliano Hernández García,PA01,México,Toluca,Masivo,1986-03-09,2020-02-03,F,No aplica,18818,Medio,Híbrido,Vigente,1,0
CL003859,Persona,Ava López Morales,PA01,México,Ciudad de México,Afluente,1987-10-06,2020-09-15,M,No aplica,56690,Bajo,Digital,Vigente,1,0
CL003860,Empresa,Wilson Manufactura Group,PA05,Colombia,Barranquilla,PyME,2008-03-01,2015-07-01,No aplica,Manufactura,785471,Medio,Híbrido,Vigente,0,0
CL003861,Persona,Olivia Rivera Díaz,PA04,Perú,Arequipa,Afluente,1998-09-10,2021-04-16,No especificado,No aplica,63805,Alto,Híbrido,Vigente,1,0
CL003862,Persona,Samuel Wilson Martínez,PA03,Chile,Concepción,Banca privada,1996-03-08,2015-11-06,No especificado,No aplica,267575,Alto,Digital,Vigente,1,0
CL003863,Persona,Santiago Hernández Flores,PA03,Chile,Valparaíso,Masivo,1952-09-16,2015-11-30,No especificado,No aplica,21023,Medio,Digital,Vigente,0,0
CL003864,Persona,Diego López Castro,PA03,Chile,Temuco,Afluente,1972-01-24,2015-10-06,No especificado,No aplica,49708,Bajo,Híbrido,Vigente,1,0
CL003865,Persona,Valentina Morales Gómez,PA05,Colombia,Cali,Masivo,1959-06-23,2017-11-07,No especificado,No aplica,11811,Medio,Digital,Vigente,0,0
CL003866,Persona,Étienne Tremblay González,PA03,Chile,Santiago,Masivo,1975-01-14,2020-02-19,F,No aplica,30412,Medio,Digital,Vigente,1,0
CL003867,Persona,Nicolás Ramírez Martin,PA03,Chile,Santiago,Masivo,1960-06-05,2019-07-30,No especificado,No aplica,19708,Medio,Tradicional,Vigente,0,0
CL003868,Empresa,Castro Tecnología Group,PA04,Perú,Cusco,Corporativo,1991-01-01,2018-01-03,No aplica,Construcción,8808680,Bajo,Digital,Vigente,0,0
CL003869,Persona,Alejandro Flores Romero,PA04,Perú,Trujillo,Afluente,1979-06-28,2016-02-08,No especificado,No aplica,104568,Medio,Digital,Vigente,1,0
CL003870,Persona,Daniela García Vargas,PA01,México,Ciudad de México,Masivo,1980-03-24,2017-08-07,F,No aplica,20421,Bajo,Tradicional,Vigente,1,0
CL003871,Persona,Gabriel Wilson Ramírez,PA03,Chile,Rancagua,Masivo,1964-09-10,2021-09-16,No especificado,No aplica,20356,Bajo,Híbrido,Vigente,1,0
CL003872,Empresa,Castro Comercio Group,PA04,Perú,Cajamarca,PyME,2005-08-01,2018-07-13,No aplica,Agroindustria,356010,Medio,Híbrido,Vigente,1,0
CL003873,Persona,Alejandro Torres Morales,PA01,México,Puebla,Masivo,1952-08-16,2016-06-22,No especificado,No aplica,28112,Medio,Híbrido,Vigente,1,0
CL003874,Persona,Santiago Torres Tremblay,PA04,Perú,Piura,Banca privada,1998-05-20,2018-07-27,F,No aplica,231623,Alto,Digital,Vigente,0,0
CL003875,Persona,Olivia Castro Torres,PA03,Chile,Talca,Banca privada,1979-12-04,2018-06-09,M,No aplica,164300,Bajo,Híbrido,Vigente,1,0
CL003876,Persona,Mateo Rivera López,PA03,Chile,Antofagasta,Afluente,1998-05-06,2018-06-08,F,No aplica,57380,Medio,Digital,Vigente,1,0
CL003877,Persona,Samuel Ramírez Hernández,PA03,Chile,Santiago,Masivo,1992-07-20,2016-03-07,F,No aplica,18773,Bajo,Tradicional,Vigente,1,0
CL003878,Persona,Daniela Flores Vargas,PA02,Canadá,Vancouver,Afluente,1988-04-25,2022-04-08,M,No aplica,66858,Bajo,Híbrido,Vigente,0,0
CL003879,Persona,Olivia Ramírez Morales,PA02,Canadá,Montreal,Banca privada,1961-01-08,2022-11-03,F,No aplica,237112,Medio,Digital,Vigente,1,0
CL003880,Persona,Nicolás Romero Wilson,PA03,Chile,Antofagasta,Banca privada,1950-08-22,2019-05-01,No especificado,No aplica,345556,Alto,Tradicional,Vigente,1,0
CL003881,Persona,Noah Martínez Gómez,PA05,Colombia,Manizales,Masivo,1982-03-04,2019-02-13,F,No aplica,19313,Alto,Tradicional,Vigente,1,0
CL003882,Persona,Étienne Castro Hernández,PA01,México,Monterrey,Afluente,1950-01-08,2018-11-10,M,No aplica,67045,Bajo,Digital,Vigente,0,0
CL003883,Persona,Noah Gómez Sánchez,PA02,Canadá,Montreal,Masivo,1966-10-12,2020-11-10,F,No aplica,29561,Medio,Digital,Vencido,1,0
CL003884,Persona,Valentina Vargas López,PA05,Colombia,Manizales,Banca privada,1997-09-02,2022-04-25,M,No aplica,176479,Medio,Híbrido,Vigente,1,0
CL003885,Persona,Lucía Romero García,PA02,Canadá,Halifax,Masivo,1999-01-20,2016-06-21,No especificado,No aplica,24330,Bajo,Híbrido,Vigente,0,0
CL003886,Persona,Ava García Pérez,PA03,Chile,Concepción,Afluente,1961-11-15,2022-07-29,M,No aplica,54471,Bajo,Tradicional,Vigente,1,0
CL003887,Persona,Camila Flores Gómez,PA02,Canadá,Halifax,Afluente,1984-03-25,2021-03-08,M,No aplica,73646,Bajo,Híbrido,Vigente,0,0
CL003888,Persona,Isabella Ramírez Rodríguez,PA05,Colombia,Pereira,Afluente,1971-06-15,2022-01-25,M,No aplica,105810,Bajo,Digital,Vigente,0,0
CL003889,Persona,Samuel Tremblay García,PA01,México,Tijuana,Masivo,1967-08-04,2017-12-07,M,No aplica,17122,Alto,Tradicional,Vigente,1,0
CL003890,Persona,Mateo Flores López,PA05,Colombia,Pereira,Banca privada,1990-01-14,2015-12-25,F,No aplica,335106,Bajo,Tradicional,Vigente,0,0
CL003891,Persona,Emiliano González Tremblay,PA05,Colombia,Manizales,Masivo,1962-10-28,2018-12-22,F,No aplica,27217,Medio,Híbrido,Vigente,0,0
CL003892,Persona,Daniela Ramírez Torres,PA05,Colombia,Barranquilla,Masivo,1968-12-17,2020-10-16,M,No aplica,13273,Medio,Tradicional,Vigente,1,0
CL003893,Persona,Samuel Flores Cruz,PA05,Colombia,Cartagena,Masivo,1967-03-06,2019-01-01,F,No aplica,15402,Medio,Digital,Vigente,1,0
CL003894,Persona,Sofía Flores Díaz,PA04,Perú,Lima,Afluente,2000-11-22,2016-04-22,No especificado,No aplica,43939,Bajo,Híbrido,Vigente,1,0
CL003895,Empresa,Romero Servicios profesionales Group,PA02,Canadá,Edmonton,PyME,2009-09-01,2015-07-23,No aplica,Turismo,648268,Bajo,Híbrido,Vigente,1,0
CL003896,Persona,Valentina Tremblay González,PA02,Canadá,Edmonton,Masivo,1982-08-04,2015-11-08,F,No aplica,20406,Medio,Digital,Vigente,0,0
CL003897,Persona,Emiliano Tremblay Tremblay,PA04,Perú,Arequipa,Banca privada,1964-03-15,2021-07-07,No especificado,No aplica,331939,Medio,Híbrido,Vigente,1,0
CL003898,Persona,Emma López Rodríguez,PA01,México,Veracruz,Masivo,1951-05-23,2021-04-29,F,No aplica,11557,Alto,Digital,Vigente,1,0
CL003899,Empresa,Castro Agroindustria S.A.,PA05,Colombia,Barranquilla,PyME,2007-03-01,2021-09-15,No aplica,Salud,634370,Medio,Digital,Vigente,1,0
CL003900,Persona,Lucía Pérez Flores,PA05,Colombia,Cali,Masivo,1980-12-11,2017-01-31,F,No aplica,16765,Bajo,Híbrido,Vigente,1,0
CL003901,Persona,Lucas Díaz Rodríguez,PA01,México,Veracruz,Masivo,1980-08-22,2015-05-11,M,No aplica,31495,Medio,Híbrido,Vigente,1,0
CL003902,Persona,Élodie Díaz Brown,PA01,México,Mérida,Masivo,1966-06-09,2018-02-22,No especificado,No aplica,15950,Alto,Tradicional,Vigente,1,0
CL003903,Persona,Mateo Díaz Gómez,PA02,Canadá,Halifax,Afluente,1987-09-20,2016-03-12,M,No aplica,107231,Bajo,Tradicional,Vigente,1,0
CL003904,Persona,Emma Wilson Romero,PA03,Chile,Rancagua,Afluente,1966-02-16,2018-02-23,No especificado,No aplica,40805,Alto,Híbrido,Vigente,1,0
CL003905,Persona,Gabriel Pérez Gómez,PA04,Perú,Huancayo,Banca privada,1976-02-27,2021-09-09,No especificado,No aplica,303837,Alto,Híbrido,Vigente,1,0
CL003906,Persona,Alejandro Díaz Ramírez,PA05,Colombia,Cartagena,Masivo,1982-09-16,2019-10-28,F,No aplica,12064,Bajo,Tradicional,Vigente,0,0
CL003907,Persona,Samuel Wilson Romero,PA03,Chile,La Serena,Afluente,1977-01-09,2015-10-17,F,No aplica,81719,Bajo,Digital,Vigente,0,0
CL003908,Persona,Camila Wilson Rivera,PA02,Canadá,Québec,Afluente,1998-09-16,2017-01-03,No especificado,No aplica,42417,Bajo,Híbrido,Vigente,1,0
CL003909,Persona,Santiago Rodríguez García,PA01,México,Toluca,Masivo,1983-12-09,2018-02-11,M,No aplica,20533,Medio,Híbrido,Vigente,0,0
CL003910,Persona,Camila Wilson Smith,PA02,Canadá,Edmonton,Masivo,1981-10-23,2019-09-13,M,No aplica,27643,Bajo,Digital,Vigente,0,0
CL003911,Empresa,Vargas Turismo Latam,PA03,Chile,Talca,PyME,2004-04-01,2017-08-02,No aplica,Servicios profesionales,722988,Bajo,Tradicional,Vigente,1,0
CL003912,Empresa,Flores Comercio Partners,PA01,México,Monterrey,Corporativo,1997-09-01,2019-11-28,No aplica,Logística,5365244,Bajo,Digital,Vigente,1,0
CL003913,Persona,Alejandro Romero Smith,PA04,Perú,Huancayo,Masivo,1965-06-04,2018-12-06,F,No aplica,12834,Bajo,Híbrido,Vigente,0,0
CL003914,Empresa,Flores Turismo S.A.,PA05,Colombia,Bogotá,PyME,1989-08-01,2015-05-17,No aplica,Manufactura,575281,Alto,Híbrido,Vigente,1,0
CL003915,Persona,Élodie Rivera Torres,PA05,Colombia,Bogotá,Banca privada,1984-05-24,2022-10-24,No especificado,No aplica,204164,Medio,Híbrido,Vigente,1,1
CL003916,Persona,Gabriel González Sánchez,PA01,México,Puebla,Masivo,1991-02-04,2021-05-10,M,No aplica,15380,Medio,Digital,Vigente,1,0
CL003917,Empresa,Martin Comercio Latam,PA01,México,Veracruz,PyME,2005-12-01,2019-06-28,No aplica,Tecnología,811656,Bajo,Híbrido,Vigente,0,0
CL003918,Persona,Nicolás Díaz Morales,PA01,México,Mérida,Masivo,1951-11-19,2016-03-08,M,No aplica,26282,Bajo,Tradicional,Vigente,0,0
CL003919,Persona,Sebastián Hernández Brown,PA01,México,Monterrey,Masivo,1988-02-21,2018-10-08,M,No aplica,29598,Alto,Híbrido,Vigente,0,0
CL003920,Persona,Martina Sánchez Flores,PA05,Colombia,Manizales,Afluente,1962-02-28,2021-02-22,M,No aplica,35153,Bajo,Digital,Vigente,1,0
CL003921,Persona,Mariana Pérez García,PA01,México,León,Masivo,1953-06-15,2022-08-26,M,No aplica,24170,Medio,Digital,Vigente,1,0
CL003922,Empresa,Wilson Educación Group,PA04,Perú,Cajamarca,PyME,2018-04-01,2017-10-15,No aplica,Educación,757946,Bajo,Digital,Vigente,1,0
CL003923,Persona,Nicolás Martin Rivera,PA05,Colombia,Barranquilla,Banca privada,2003-07-14,2022-05-26,No especificado,No aplica,304208,Bajo,Tradicional,Vigente,1,0
CL003924,Persona,Isabella Reyes Pérez,PA05,Colombia,Manizales,Masivo,1971-09-22,2016-03-25,M,No aplica,20117,Medio,Tradicional,Vigente,0,0
CL003925,Empresa,Smith Educación Latam,PA01,México,Mérida,Corporativo,2000-04-01,2017-06-03,No aplica,Educación,8256579,Alto,Digital,Vigente,0,0
CL003926,Persona,Martina Martínez Sánchez,PA04,Perú,Iquitos,Masivo,1984-07-11,2017-09-17,M,No aplica,22050,Medio,Digital,Por vencer,1,0
CL003927,Persona,Gabriel Martin Cruz,PA05,Colombia,Bogotá,Afluente,1964-07-11,2017-07-25,F,No aplica,58287,Medio,Tradicional,Vigente,1,0
CL003928,Persona,Samuel Reyes Rodríguez,PA02,Canadá,Ottawa,Masivo,1971-02-26,2018-01-10,No especificado,No aplica,17223,Bajo,Tradicional,Vigente,0,1
CL003929,Persona,Emma Martínez Vargas,PA01,México,Mérida,Masivo,1964-12-01,2019-07-04,F,No aplica,10121,Medio,Tradicional,Vigente,0,0
CL003930,Persona,Gabriel González Díaz,PA02,Canadá,Winnipeg,Banca privada,1963-07-11,2022-06-18,M,No aplica,141753,Medio,Tradicional,Vigente,1,0
CL003931,Persona,Gabriel Flores Pérez,PA03,Chile,Viña del Mar,Masivo,1992-10-16,2015-09-19,No especificado,No aplica,18019,Bajo,Digital,Vigente,1,1
CL003932,Persona,Nicolás Martin Rodríguez,PA02,Canadá,Vancouver,Masivo,1951-08-23,2022-01-15,F,No aplica,12240,Medio,Digital,Vigente,1,0
CL003933,Persona,Ava Díaz Morales,PA01,México,Veracruz,Masivo,1989-03-24,2016-12-18,No especificado,No aplica,27570,Medio,Híbrido,Vigente,0,0
CL003934,Persona,Sofía Martin Ramírez,PA03,Chile,Puerto Montt,Banca privada,1992-04-11,2015-05-15,F,No aplica,152889,Medio,Tradicional,Vigente,1,0
CL003935,Persona,Martina Castro González,PA01,México,Veracruz,Afluente,1953-12-27,2018-06-14,M,No aplica,108060,Medio,Digital,Vigente,1,0
CL003936,Persona,Emma Hernández Sánchez,PA02,Canadá,Vancouver,Afluente,1956-09-15,2022-04-03,M,No aplica,40447,Medio,Digital,Vigente,1,0
CL003937,Persona,Isabella Martínez Tremblay,PA05,Colombia,Pereira,Masivo,1974-09-09,2019-06-05,M,No aplica,14108,Bajo,Híbrido,Vigente,1,0
CL003938,Persona,Emiliano Hernández Morales,PA01,México,Querétaro,Afluente,1991-11-16,2017-10-30,F,No aplica,35810,Medio,Digital,Vigente,1,0
CL003939,Persona,Étienne López López,PA02,Canadá,Halifax,Masivo,1981-07-06,2016-07-29,F,No aplica,24601,Medio,Híbrido,Vigente,1,0
CL003940,Persona,Étienne Wilson Díaz,PA03,Chile,Viña del Mar,Afluente,1986-01-17,2019-02-12,M,No aplica,103716,Medio,Digital,Vigente,1,0
CL003941,Persona,Sebastián Ramírez Rodríguez,PA05,Colombia,Barranquilla,Afluente,1953-04-24,2016-07-11,F,No aplica,65094,Bajo,Digital,Vigente,0,0
CL003942,Persona,Daniela Castro Reyes,PA03,Chile,Temuco,Afluente,1983-05-18,2019-06-21,F,No aplica,100807,Medio,Digital,Vigente,0,0
CL003943,Persona,Camila Reyes García,PA01,México,Puebla,Masivo,1953-06-21,2015-11-25,F,No aplica,11142,Bajo,Híbrido,Vigente,1,0
CL003944,Persona,Isabella Tremblay Rivera,PA03,Chile,Temuco,Masivo,1999-09-01,2018-09-02,M,No aplica,14472,Medio,Digital,Vigente,0,0
CL003945,Persona,Ava Romero Pérez,PA04,Perú,Piura,Afluente,1976-09-02,2017-02-09,No especificado,No aplica,66825,Alto,Digital,Vigente,1,0
CL003946,Persona,Valentina Romero González,PA01,México,León,Masivo,1961-01-02,2021-09-19,M,No aplica,15383,Medio,Tradicional,Vigente,1,0
CL003947,Persona,Noah Tremblay Morales,PA05,Colombia,Pereira,Afluente,1987-03-27,2022-12-01,No especificado,No aplica,93694,Medio,Digital,Vigente,1,0
CL003948,Persona,Renata García Torres,PA01,México,Mérida,Afluente,1996-02-25,2018-10-24,F,No aplica,66022,Bajo,Híbrido,Vigente,1,0
CL003949,Persona,Camila García Wilson,PA01,México,Toluca,Afluente,1966-10-25,2020-05-10,M,No aplica,73085,Alto,Digital,Vigente,0,0
CL003950,Persona,Ava Gómez Díaz,PA04,Perú,Cajamarca,Masivo,1991-10-10,2016-06-08,F,No aplica,27289,Medio,Híbrido,Vigente,1,0
CL003951,Persona,Daniela Díaz Romero,PA05,Colombia,Cali,Afluente,1957-05-07,2021-10-21,F,No aplica,105935,Alto,Híbrido,Vigente,1,0
CL003952,Persona,Samuel Torres Morales,PA01,México,Puebla,Masivo,1968-02-24,2020-04-05,M,No aplica,16498,Alto,Digital,Vigente,0,0
CL003953,Persona,Diego Smith Rivera,PA02,Canadá,Montreal,Afluente,1984-05-10,2016-12-06,No especificado,No aplica,102950,Bajo,Híbrido,Vigente,1,0
CL003954,Persona,Lucas Castro Gómez,PA04,Perú,Cusco,Afluente,1968-09-19,2016-10-28,No especificado,No aplica,58674,Alto,Digital,Vigente,1,0
CL003955,Persona,Liam Sánchez Sánchez,PA05,Colombia,Santa Marta,Masivo,1965-06-04,2017-10-10,No especificado,No aplica,12532,Medio,Híbrido,Vigente,0,0
CL003956,Persona,Élodie Pérez Torres,PA01,México,Querétaro,Afluente,1984-07-13,2022-01-18,M,No aplica,35524,Alto,Híbrido,Vigente,1,0
CL003957,Persona,Mariana Rodríguez Wilson,PA02,Canadá,Edmonton,Afluente,1966-07-14,2018-05-14,No especificado,No aplica,86900,Bajo,Híbrido,Vigente,1,0
CL003958,Persona,Lucas González Gómez,PA01,México,Mérida,Banca privada,1991-07-12,2019-10-08,No especificado,No aplica,227070,Bajo,Híbrido,Vigente,0,0
CL003959,Persona,Renata Sánchez López,PA05,Colombia,Cali,Afluente,1987-02-14,2022-08-19,No especificado,No aplica,107036,Medio,Digital,Vigente,0,0
CL003960,Persona,Emiliano Martínez Cruz,PA04,Perú,Piura,Banca privada,1998-05-21,2020-02-23,M,No aplica,266049,Bajo,Híbrido,Vigente,1,1
CL003961,Persona,Lucía Hernández Rodríguez,PA03,Chile,Valparaíso,Banca privada,1974-08-03,2019-12-15,F,No aplica,362181,Bajo,Híbrido,Vigente,1,0
CL003962,Persona,Mariana Torres Cruz,PA01,México,Ciudad de México,Afluente,1984-04-16,2019-10-12,F,No aplica,71664,Alto,Híbrido,Vigente,0,0
CL003963,Persona,Renata Tremblay Brown,PA02,Canadá,Edmonton,Masivo,1976-02-20,2015-11-25,F,No aplica,18996,Alto,Híbrido,Vigente,1,0
CL003964,Persona,Olivia Torres Wilson,PA05,Colombia,Cúcuta,Afluente,1964-03-27,2018-05-04,F,No aplica,93227,Medio,Digital,Vigente,1,0
CL003965,Persona,Gabriel Castro González,PA05,Colombia,Cúcuta,Afluente,1997-02-24,2020-07-29,F,No aplica,38614,Bajo,Tradicional,Vigente,1,0
CL003966,Persona,Noah García Martínez,PA01,México,Puebla,Masivo,1961-01-14,2018-03-06,M,No aplica,13849,Alto,Tradicional,Vigente,0,0
CL003967,Persona,Lucas Smith García,PA05,Colombia,Cartagena,Masivo,2003-10-11,2019-02-13,F,No aplica,12145,Alto,Tradicional,Vigente,0,0
CL003968,Persona,Lucía Torres López,PA03,Chile,Antofagasta,Masivo,1969-03-20,2020-09-08,No especificado,No aplica,11391,Medio,Híbrido,Vigente,1,0
CL003969,Persona,Emma Reyes Martin,PA02,Canadá,Halifax,Afluente,1971-03-26,2016-02-11,No especificado,No aplica,68041,Medio,Digital,Vigente,1,0
CL003970,Persona,Daniela Martínez Sánchez,PA05,Colombia,Cúcuta,Banca privada,1956-07-13,2022-05-30,M,No aplica,209326,Medio,Digital,Por vencer,1,0
CL003971,Persona,Nicolás García Reyes,PA05,Colombia,Manizales,Masivo,1979-09-23,2022-04-29,No especificado,No aplica,21489,Alto,Híbrido,Vigente,0,0
CL003972,Persona,Mateo Wilson Pérez,PA04,Perú,Huancayo,Masivo,1985-07-17,2019-01-02,F,No aplica,10973,Medio,Híbrido,Vigente,0,0
CL003973,Empresa,Reyes Turismo S.A.,PA03,Chile,Santiago,Corporativo,2007-10-01,2020-06-30,No aplica,Educación,6990383,Alto,Híbrido,Vigente,0,0
CL003974,Persona,Gabriel Pérez Morales,PA02,Canadá,Vancouver,Banca privada,1997-05-09,2020-12-18,M,No aplica,236878,Bajo,Híbrido,Vigente,1,0
CL003975,Persona,Lucas Torres Brown,PA02,Canadá,Halifax,Banca privada,1977-02-24,2018-02-20,No especificado,No aplica,132738,Alto,Tradicional,Vigente,1,0
CL003976,Persona,Nicolás García Díaz,PA02,Canadá,Ottawa,Afluente,1948-10-22,2020-05-30,F,No aplica,99012,Bajo,Digital,Vigente,0,0
CL003977,Persona,Lucas López Martin,PA01,México,Mérida,Masivo,1995-06-28,2015-10-10,M,No aplica,24694,Alto,Tradicional,Vigente,1,0
CL003978,Persona,Noah Brown González,PA04,Perú,Huancayo,Masivo,1961-11-14,2015-12-29,No especificado,No aplica,16486,Bajo,Tradicional,Vigente,0,0
CL003979,Persona,Nicolás Tremblay Rodríguez,PA01,México,Toluca,Banca privada,1982-01-13,2016-11-30,M,No aplica,203209,Bajo,Híbrido,Vigente,1,0
CL003980,Persona,Olivia Reyes Cruz,PA03,Chile,Rancagua,Banca privada,1976-10-04,2022-02-03,M,No aplica,352916,Bajo,Híbrido,Vigente,1,0
CL003981,Persona,Ava Hernández Tremblay,PA02,Canadá,Montreal,Banca privada,1960-09-15,2019-06-10,M,No aplica,173469,Alto,Tradicional,Por vencer,0,0
CL003982,Persona,Valentina Vargas Reyes,PA03,Chile,Santiago,Masivo,1967-02-13,2015-07-22,No especificado,No aplica,14340,Alto,Tradicional,Vigente,0,0
CL003983,Persona,Mateo Brown Sánchez,PA04,Perú,Piura,Afluente,1979-02-03,2019-12-22,M,No aplica,98840,Alto,Híbrido,Vigente,0,0
CL003984,Persona,Mariana Morales Sánchez,PA04,Perú,Cusco,Afluente,1967-09-13,2022-06-10,No especificado,No aplica,102478,Bajo,Digital,Vigente,0,0
CL003985,Empresa,López Logística S.A.,PA02,Canadá,Montreal,Corporativo,1989-05-01,2018-11-13,No aplica,Educación,9027442,Alto,Tradicional,Vigente,0,0
CL003986,Persona,Martina González Flores,PA01,México,Tijuana,Masivo,1958-07-23,2022-08-20,No especificado,No aplica,25035,Medio,Híbrido,Vigente,1,0
CL003987,Persona,Mateo Rivera Reyes,PA04,Perú,Piura,Masivo,1992-09-22,2017-06-14,F,No aplica,24815,Medio,Digital,Vigente,0,0
CL003988,Empresa,Castro Construcción Group,PA05,Colombia,Cúcuta,PyME,2011-07-01,2019-08-22,No aplica,Comercio,534676,Medio,Digital,Vigente,0,0
CL003989,Empresa,Rodríguez Agroindustria Partners,PA03,Chile,Antofagasta,PyME,2008-05-01,2016-09-26,No aplica,Educación,462207,Alto,Híbrido,Vigente,0,0
CL003990,Persona,Liam Torres Pérez,PA03,Chile,Valparaíso,Masivo,1978-01-10,2018-06-17,F,No aplica,23883,Alto,Tradicional,Vigente,1,0
CL003991,Persona,Noah Rivera González,PA05,Colombia,Bogotá,Afluente,1986-06-18,2022-03-21,No especificado,No aplica,58929,Medio,Híbrido,Vigente,0,0
CL003992,Persona,Martina Reyes Rivera,PA05,Colombia,Manizales,Afluente,1996-12-07,2020-03-26,M,No aplica,38643,Bajo,Digital,Vigente,0,0
CL003993,Persona,Sebastián Reyes Castro,PA02,Canadá,Halifax,Masivo,1987-06-26,2016-05-02,M,No aplica,26728,Medio,Híbrido,Vigente,1,0
CL003994,Persona,Mateo Rodríguez Martin,PA04,Perú,Piura,Afluente,1958-10-13,2018-01-13,M,No aplica,57860,Bajo,Híbrido,Vigente,1,0
CL003995,Persona,Emiliano Hernández Rivera,PA04,Perú,Lima,Afluente,1967-03-19,2018-01-09,No especificado,No aplica,73957,Bajo,Tradicional,Vigente,0,0
CL003996,Persona,Gabriel Rodríguez Wilson,PA03,Chile,Concepción,Afluente,1960-05-16,2017-08-22,M,No aplica,72513,Bajo,Híbrido,Vigente,0,0
CL003997,Persona,Alejandro Smith Brown,PA05,Colombia,Pereira,Afluente,1956-04-28,2021-08-16,M,No aplica,88839,Bajo,Híbrido,Vigente,1,0
CL003998,Empresa,Martínez Logística Group,PA02,Canadá,Mississauga,Corporativo,1986-04-01,2021-04-14,No aplica,Comercio,4405968,Medio,Híbrido,Vigente,1,0
CL003999,Empresa,Brown Logística Partners,PA03,Chile,Talca,Corporativo,1988-10-01,2018-01-07,No aplica,Turismo,6384940,Bajo,Digital,Vigente,0,0
CL004000,Persona,Alejandro Vargas Cruz,PA02,Canadá,Mississauga,Masivo,2001-10-12,2017-11-26,No especificado,No aplica,31360,Bajo,Híbrido,Vigente,1,0
CL004001,Persona,Alejandro Wilson Vargas,PA05,Colombia,Manizales,Masivo,1969-08-14,2017-03-10,No especificado,No aplica,27220,Bajo,Tradicional,Vigente,1,0
CL004002,Persona,Renata Romero Romero,PA02,Canadá,Halifax,Afluente,1986-07-16,2020-09-12,M,No aplica,93181,Bajo,Digital,Vigente,0,0
CL004003,Persona,Lucas Pérez Smith,PA04,Perú,Cajamarca,Masivo,1967-11-21,2021-11-12,F,No aplica,10417,Medio,Híbrido,Vigente,1,0
CL004004,Persona,Samuel Flores López,PA05,Colombia,Bucaramanga,Masivo,1952-10-25,2022-10-30,M,No aplica,30333,Bajo,Digital,Vigente,0,0
CL004005,Persona,Élodie Morales Rivera,PA01,México,León,Masivo,1949-07-20,2017-01-16,M,No aplica,18695,Bajo,Digital,Vigente,1,0
CL004006,Persona,Alejandro Gómez García,PA05,Colombia,Medellín,Afluente,1977-07-05,2017-06-24,M,No aplica,94672,Medio,Digital,Vigente,0,0
CL004007,Persona,Noah Hernández Tremblay,PA05,Colombia,Cali,Masivo,1974-07-27,2018-07-22,No especificado,No aplica,18528,Bajo,Tradicional,Vigente,1,0
CL004008,Persona,Étienne Díaz Tremblay,PA05,Colombia,Medellín,Banca privada,2002-01-19,2020-04-16,M,No aplica,210454,Medio,Híbrido,Vigente,0,0
CL004009,Empresa,García Turismo Latam,PA01,México,Ciudad de México,Corporativo,1987-05-01,2018-01-07,No aplica,Manufactura,3189132,Bajo,Tradicional,Vigente,1,0
CL004010,Persona,Renata Cruz Rodríguez,PA05,Colombia,Cúcuta,Masivo,1991-04-27,2020-02-08,No especificado,No aplica,24002,Bajo,Tradicional,Vigente,1,0
CL004011,Persona,Daniela Wilson Torres,PA01,México,Querétaro,Masivo,1980-03-22,2022-11-11,M,No aplica,30234,Alto,Digital,Vigente,1,0
CL004012,Persona,Olivia Gómez López,PA04,Perú,Iquitos,Masivo,1986-07-19,2017-08-25,F,No aplica,22547,Medio,Digital,Vigente,1,0
CL004013,Persona,Noah Brown Hernández,PA04,Perú,Piura,Masivo,1993-03-11,2020-02-20,No especificado,No aplica,18674,Alto,Digital,Vigente,1,0
CL004014,Persona,Camila Gómez Reyes,PA05,Colombia,Santa Marta,Masivo,1979-02-02,2022-04-12,No especificado,No aplica,25489,Bajo,Tradicional,Vigente,1,0
CL004015,Persona,Noah Castro Tremblay,PA03,Chile,Antofagasta,Masivo,1970-01-20,2016-04-01,F,No aplica,14396,Medio,Híbrido,Vigente,0,0
CL004016,Persona,Gabriel González Díaz,PA02,Canadá,Halifax,Masivo,1968-02-04,2015-11-17,No especificado,No aplica,28262,Alto,Híbrido,Vigente,1,0
CL004017,Persona,Isabella Castro González,PA03,Chile,Rancagua,Masivo,1963-08-06,2016-09-18,M,No aplica,25891,Medio,Híbrido,Vigente,1,0
CL004018,Persona,Renata Wilson García,PA03,Chile,La Serena,Afluente,1999-12-28,2017-07-29,No especificado,No aplica,35539,Medio,Híbrido,Vigente,1,0
CL004019,Persona,Samuel Romero García,PA02,Canadá,Winnipeg,Afluente,1993-02-04,2018-02-23,F,No aplica,56129,Medio,Digital,Vigente,1,0
CL004020,Persona,Santiago Reyes Ramírez,PA01,México,Ciudad de México,Afluente,1953-10-09,2017-09-09,No especificado,No aplica,48581,Bajo,Digital,Vigente,1,0
CL004021,Persona,Ava Wilson Ramírez,PA01,México,Querétaro,Banca privada,1991-06-09,2015-05-21,M,No aplica,367040,Medio,Digital,Vigente,0,0
CL004022,Persona,Daniela Reyes García,PA05,Colombia,Santa Marta,Masivo,1977-07-13,2020-12-07,No especificado,No aplica,24436,Medio,Híbrido,Vigente,0,0
CL004023,Persona,Emma Pérez González,PA02,Canadá,Winnipeg,Afluente,1963-07-02,2017-08-28,No especificado,No aplica,51547,Alto,Híbrido,Por vencer,1,1
CL004024,Persona,Diego González Wilson,PA03,Chile,Puerto Montt,Masivo,1948-05-09,2017-12-01,No especificado,No aplica,23177,Medio,Híbrido,Vigente,1,0
CL004025,Persona,Isabella Torres Ramírez,PA03,Chile,Concepción,Masivo,1982-08-20,2021-07-21,F,No aplica,25688,Medio,Digital,Vigente,0,0
CL004026,Persona,Emma Torres Morales,PA04,Perú,Trujillo,Banca privada,1961-03-04,2019-05-27,F,No aplica,304690,Medio,Híbrido,Vigente,0,0
CL004027,Persona,Ava Díaz Rivera,PA03,Chile,Antofagasta,Banca privada,1951-01-09,2018-06-05,F,No aplica,215564,Bajo,Tradicional,Vigente,0,0
CL004028,Persona,Lucía García Tremblay,PA02,Canadá,Toronto,Afluente,1969-10-08,2017-08-29,No especificado,No aplica,66613,Bajo,Digital,Vigente,1,0
CL004029,Persona,Martina Tremblay Castro,PA05,Colombia,Cali,Masivo,1987-07-25,2020-01-17,No especificado,No aplica,25071,Alto,Tradicional,Vigente,0,0
CL004030,Persona,Noah Flores Vargas,PA02,Canadá,Québec,Masivo,1989-07-19,2021-07-09,M,No aplica,23397,Bajo,Tradicional,Vigente,1,0
CL004031,Empresa,Smith Manufactura Group,PA02,Canadá,Halifax,PyME,2007-09-01,2018-08-02,No aplica,Construcción,682879,Medio,Híbrido,Vigente,1,0
CL004032,Persona,Sofía Díaz López,PA04,Perú,Iquitos,Afluente,1948-05-20,2019-03-07,F,No aplica,51883,Bajo,Híbrido,Vigente,1,0
CL004033,Persona,Martina Tremblay Pérez,PA03,Chile,Viña del Mar,Masivo,1973-04-14,2015-08-31,M,No aplica,25919,Bajo,Híbrido,Vigente,1,0
CL004034,Persona,Sebastián Cruz Hernández,PA01,México,Querétaro,Afluente,1973-04-27,2022-03-17,F,No aplica,82772,Medio,Híbrido,Vigente,1,0
CL004035,Persona,Samuel Rodríguez Rivera,PA02,Canadá,Ottawa,Masivo,1987-03-04,2018-05-12,F,No aplica,12993,Medio,Digital,Vigente,0,0
CL004036,Persona,Lucía Romero Cruz,PA01,México,Veracruz,Masivo,1961-11-16,2022-01-08,M,No aplica,10591,Medio,Tradicional,Vigente,1,0
CL004037,Persona,Élodie Ramírez Rodríguez,PA05,Colombia,Medellín,Banca privada,1980-01-12,2021-01-24,No especificado,No aplica,196562,Bajo,Híbrido,Vigente,1,0
CL004038,Persona,Samuel Martin Romero,PA02,Canadá,Halifax,Afluente,1982-03-25,2022-03-09,No especificado,No aplica,75944,Medio,Digital,Vigente,0,0
CL004039,Persona,Nicolás García Torres,PA02,Canadá,Calgary,Banca privada,1982-05-19,2018-04-20,F,No aplica,310162,Bajo,Híbrido,Vigente,0,0
CL004040,Persona,Emiliano Wilson López,PA01,México,Veracruz,Masivo,1996-07-26,2020-08-24,No especificado,No aplica,29522,Bajo,Híbrido,Vigente,1,0
CL004041,Persona,Valentina Brown Castro,PA01,México,Puebla,Banca privada,1951-02-17,2018-03-20,No especificado,No aplica,254537,Alto,Híbrido,Vigente,0,0
CL004042,Persona,Noah Tremblay Sánchez,PA04,Perú,Trujillo,Afluente,1975-06-04,2019-04-04,M,No aplica,76051,Alto,Híbrido,Vigente,0,0
CL004043,Persona,Alejandro Flores Martin,PA02,Canadá,Québec,Masivo,2003-02-14,2022-07-22,M,No aplica,24992,Bajo,Tradicional,Vigente,1,0
CL004044,Persona,Emiliano Brown Brown,PA01,México,Querétaro,Masivo,1951-11-09,2017-01-05,M,No aplica,13522,Alto,Digital,Vigente,0,0
CL004045,Persona,Emiliano Reyes Díaz,PA02,Canadá,Toronto,Afluente,1962-01-16,2016-02-16,F,No aplica,58142,Alto,Híbrido,Vigente,0,0
CL004046,Persona,Étienne Morales Hernández,PA04,Perú,Chiclayo,Masivo,1961-11-11,2016-04-21,F,No aplica,16298,Bajo,Tradicional,Vigente,0,0
CL004047,Persona,Lucas Sánchez Morales,PA05,Colombia,Bucaramanga,Afluente,1999-08-14,2019-09-06,No especificado,No aplica,91560,Medio,Digital,Vigente,0,0
CL004048,Persona,Lucas Rivera Ramírez,PA02,Canadá,Halifax,Masivo,1965-05-01,2015-07-07,M,No aplica,16119,Bajo,Híbrido,Vigente,0,0
CL004049,Persona,Camila Torres Castro,PA04,Perú,Cajamarca,Afluente,1967-03-01,2017-05-06,M,No aplica,101526,Alto,Digital,Vigente,1,0
CL004050,Empresa,Wilson Salud S.A.,PA02,Canadá,Winnipeg,PyME,2009-06-01,2020-05-31,No aplica,Servicios profesionales,561958,Medio,Tradicional,Vigente,0,0
CL004051,Persona,Emma Rodríguez Smith,PA05,Colombia,Bogotá,Afluente,1975-12-03,2016-11-02,M,No aplica,108449,Medio,Digital,Vigente,0,0
CL004052,Persona,Diego López Wilson,PA03,Chile,La Serena,Afluente,1955-11-06,2021-12-06,No especificado,No aplica,53492,Medio,Digital,Vigente,0,0
CL004053,Empresa,Wilson Turismo Partners,PA01,México,Monterrey,Corporativo,2015-07-01,2020-02-01,No aplica,Logística,8911637,Alto,Híbrido,Vigente,1,0
CL004054,Persona,Gabriel Morales Rivera,PA01,México,Veracruz,Afluente,1995-02-18,2019-06-28,M,No aplica,49278,Alto,Híbrido,Vigente,1,0
CL004055,Empresa,García Construcción Latam,PA01,México,Mérida,Corporativo,1992-08-01,2018-12-29,No aplica,Educación,3969073,Medio,Digital,Vigente,1,0
CL004056,Persona,Emiliano Torres Sánchez,PA04,Perú,Tacna,Masivo,1967-03-19,2020-04-30,F,No aplica,13568,Bajo,Digital,Vigente,0,0
CL004057,Empresa,Smith Logística Group,PA03,Chile,Santiago,PyME,2010-01-01,2018-03-29,No aplica,Turismo,449359,Bajo,Digital,Vigente,1,0
CL004058,Persona,Isabella Smith Tremblay,PA01,México,Tijuana,Afluente,1968-10-07,2017-08-08,M,No aplica,47068,Medio,Digital,Vigente,1,0
CL004059,Persona,Liam Wilson Wilson,PA01,México,Guadalajara,Banca privada,2003-06-28,2021-10-06,F,No aplica,302521,Alto,Digital,Vigente,1,0
CL004060,Persona,Renata Smith Sánchez,PA02,Canadá,Vancouver,Masivo,1966-01-11,2020-01-14,No especificado,No aplica,13649,Medio,Digital,Vigente,1,0
CL004061,Persona,Diego Díaz Rodríguez,PA03,Chile,Temuco,Masivo,1975-05-19,2015-07-15,No especificado,No aplica,14773,Bajo,Digital,Vigente,1,1
CL004062,Persona,Olivia Gómez Gómez,PA05,Colombia,Bogotá,Masivo,1961-02-22,2022-04-06,M,No aplica,24255,Bajo,Híbrido,Vigente,1,0
CL004063,Empresa,Reyes Manufactura S.A.,PA02,Canadá,Montreal,PyME,2010-06-01,2018-12-12,No aplica,Educación,687111,Medio,Híbrido,Vigente,1,0
CL004064,Persona,Martina González Brown,PA01,México,Veracruz,Afluente,1964-08-11,2019-05-24,No especificado,No aplica,107273,Medio,Híbrido,Vigente,1,0
CL004065,Persona,Samuel Rivera Cruz,PA02,Canadá,Québec,Masivo,1958-11-19,2017-08-04,M,No aplica,25053,Medio,Híbrido,Vigente,1,0
CL004066,Empresa,Díaz Servicios profesionales Group,PA05,Colombia,Cúcuta,PyME,1993-04-01,2022-03-15,No aplica,Educación,536863,Medio,Digital,Vigente,0,0
CL004067,Persona,Emiliano Cruz Cruz,PA04,Perú,Cusco,Afluente,1988-01-18,2016-02-18,F,No aplica,91210,Alto,Híbrido,Vigente,1,0
CL004068,Persona,Valentina González Torres,PA05,Colombia,Cúcuta,Afluente,1984-11-28,2017-10-15,M,No aplica,78165,Alto,Tradicional,Vigente,1,0
CL004069,Persona,Ava Smith Vargas,PA01,México,León,Masivo,1948-06-24,2015-08-16,F,No aplica,15183,Medio,Híbrido,Vigente,0,0
CL004070,Persona,Valentina Vargas García,PA01,México,Mérida,Masivo,1996-11-07,2018-02-25,No especificado,No aplica,14376,Bajo,Híbrido,Vigente,0,0
CL004071,Persona,Valentina García Tremblay,PA04,Perú,Cajamarca,Afluente,1957-02-11,2015-06-29,No especificado,No aplica,58323,Bajo,Digital,Vigente,0,0
CL004072,Persona,Martina Torres Rivera,PA05,Colombia,Manizales,Afluente,1997-07-27,2017-01-06,M,No aplica,61211,Medio,Híbrido,Por vencer,1,0
CL004073,Empresa,Romero Educación Group,PA05,Colombia,Bucaramanga,PyME,2009-06-01,2016-04-18,No aplica,Salud,393751,Bajo,Tradicional,Por vencer,1,0
CL004074,Persona,Mariana Ramírez Martínez,PA02,Canadá,Calgary,Afluente,1950-05-25,2018-09-23,M,No aplica,107428,Alto,Híbrido,Vigente,1,0
CL004075,Persona,Noah Torres Brown,PA02,Canadá,Winnipeg,Masivo,1996-12-07,2022-06-20,F,No aplica,23731,Bajo,Digital,Vigente,1,0
CL004076,Persona,Valentina Tremblay Ramírez,PA02,Canadá,Montreal,Banca privada,1978-02-05,2019-04-02,M,No aplica,213542,Bajo,Digital,Vigente,1,0
CL004077,Empresa,Cruz Educación Partners,PA01,México,Puebla,PyME,1999-07-01,2019-09-03,No aplica,Comercio,463023,Bajo,Híbrido,Vigente,1,0
CL004078,Persona,Élodie Castro Pérez,PA01,México,Mérida,Masivo,1995-12-02,2018-04-30,M,No aplica,19935,Medio,Tradicional,Vigente,1,0
CL004079,Persona,Mariana Flores Martínez,PA01,México,Toluca,Afluente,1973-07-19,2018-03-23,No especificado,No aplica,83052,Medio,Híbrido,Vigente,1,0
CL004080,Persona,Daniela López Morales,PA05,Colombia,Bogotá,Banca privada,2002-12-02,2020-01-20,M,No aplica,297808,Alto,Digital,Vigente,0,0
CL004081,Empresa,Ramírez Salud S.A.,PA01,México,Ciudad de México,Corporativo,1982-10-01,2022-11-14,No aplica,Turismo,8655332,Medio,Digital,Vigente,0,0
CL004082,Persona,Élodie Rodríguez Smith,PA03,Chile,Antofagasta,Afluente,1978-10-10,2017-11-14,No especificado,No aplica,55703,Medio,Tradicional,Vigente,0,0
CL004083,Persona,Isabella Tremblay Rodríguez,PA03,Chile,Temuco,Afluente,1969-07-20,2018-03-28,F,No aplica,82735,Medio,Tradicional,Vigente,1,0
CL004084,Persona,Isabella Romero Reyes,PA01,México,Toluca,Banca privada,1978-06-06,2020-01-27,F,No aplica,252079,Bajo,Tradicional,Vigente,0,0
CL004085,Persona,Isabella Rodríguez Castro,PA02,Canadá,Ottawa,Afluente,1984-09-14,2016-08-18,M,No aplica,100447,Alto,Híbrido,Vigente,1,0
CL004086,Persona,Étienne Hernández Romero,PA01,México,Querétaro,Afluente,1999-04-19,2017-03-16,No especificado,No aplica,59701,Bajo,Digital,Vigente,0,0
CL004087,Persona,Olivia Reyes Torres,PA05,Colombia,Santa Marta,Banca privada,1978-10-23,2022-09-10,No especificado,No aplica,366476,Medio,Digital,Vigente,1,0
CL004088,Persona,Nicolás Wilson González,PA02,Canadá,Ottawa,Afluente,1958-09-22,2015-07-27,F,No aplica,61263,Bajo,Digital,Vigente,1,0
CL004089,Persona,Alejandro Martin González,PA01,México,Mérida,Masivo,1960-08-02,2022-07-21,No especificado,No aplica,27177,Medio,Digital,Vigente,1,0
CL004090,Persona,Mariana Torres Díaz,PA03,Chile,Puerto Montt,Masivo,2003-02-21,2016-03-06,No especificado,No aplica,24550,Medio,Tradicional,Vigente,1,0
CL004091,Persona,Étienne Flores Sánchez,PA01,México,Veracruz,Banca privada,2002-04-26,2020-11-02,No especificado,No aplica,137515,Medio,Digital,Vigente,0,0
CL004092,Persona,Élodie Morales Hernández,PA02,Canadá,Québec,Masivo,1990-02-01,2020-10-29,No especificado,No aplica,15149,Bajo,Digital,Por vencer,0,0
CL004093,Persona,Noah López Hernández,PA02,Canadá,Winnipeg,Afluente,1952-07-16,2017-01-12,F,No aplica,69664,Bajo,Digital,Vigente,1,0
CL004094,Empresa,Torres Servicios profesionales Group,PA04,Perú,Cajamarca,Corporativo,2016-02-01,2019-04-20,No aplica,Servicios profesionales,8704441,Bajo,Digital,Vigente,1,0
CL004095,Persona,Nicolás Romero Martin,PA03,Chile,Antofagasta,Masivo,1970-08-28,2021-04-27,M,No aplica,10394,Medio,Híbrido,Vigente,1,0
CL004096,Persona,Sebastián Pérez López,PA01,México,Mérida,Masivo,1953-02-09,2016-07-08,F,No aplica,20965,Medio,Híbrido,Vigente,1,0
CL004097,Persona,Ava González Tremblay,PA05,Colombia,Manizales,Masivo,1993-06-26,2016-11-07,M,No aplica,13805,Alto,Digital,Vigente,1,0
CL004098,Persona,Valentina Hernández Torres,PA03,Chile,Talca,Masivo,2002-12-16,2019-07-11,No especificado,No aplica,15832,Bajo,Digital,Vigente,1,0
CL004099,Persona,Alejandro Díaz Tremblay,PA05,Colombia,Bogotá,Afluente,1969-06-23,2020-10-04,F,No aplica,89032,Medio,Digital,Vigente,0,0
CL004100,Persona,Martina Romero López,PA04,Perú,Chiclayo,Afluente,1963-08-24,2022-10-08,M,No aplica,76313,Medio,Tradicional,Vigente,0,0
CL004101,Persona,Nicolás Torres Vargas,PA01,México,León,Masivo,1976-10-16,2017-09-18,M,No aplica,16473,Medio,Híbrido,Vigente,1,0
CL004102,Persona,Élodie Pérez Morales,PA01,México,Guadalajara,Masivo,1949-11-01,2020-10-13,M,No aplica,18152,Bajo,Híbrido,Vigente,1,0
CL004103,Persona,Lucía Díaz Morales,PA02,Canadá,Toronto,Masivo,1965-08-18,2018-08-22,M,No aplica,30408,Bajo,Digital,Vigente,1,0
CL004104,Persona,Emiliano Castro Martin,PA05,Colombia,Bogotá,Afluente,1959-12-19,2021-12-13,F,No aplica,85141,Bajo,Híbrido,Vigente,1,0
CL004105,Persona,Santiago Wilson López,PA04,Perú,Huancayo,Banca privada,1987-08-24,2017-04-29,F,No aplica,323232,Alto,Híbrido,Vigente,1,0
CL004106,Persona,Ava Smith López,PA04,Perú,Piura,Masivo,1986-06-10,2020-10-05,F,No aplica,19629,Medio,Digital,Vigente,1,0
CL004107,Persona,Alejandro Rivera Smith,PA02,Canadá,Vancouver,Banca privada,1973-11-10,2022-04-14,F,No aplica,244779,Alto,Híbrido,Vigente,1,0
CL004108,Persona,Ava Torres Vargas,PA03,Chile,Viña del Mar,Banca privada,1998-10-07,2017-11-08,F,No aplica,284751,Medio,Digital,Vigente,1,0
CL004109,Persona,Étienne Díaz Smith,PA03,Chile,Concepción,Masivo,1985-03-16,2022-01-28,F,No aplica,12381,Bajo,Digital,Vigente,0,0
CL004110,Persona,Camila Reyes Flores,PA02,Canadá,Winnipeg,Afluente,1997-09-07,2020-09-02,F,No aplica,78928,Medio,Digital,Vigente,1,0
CL004111,Persona,Élodie Rodríguez Díaz,PA03,Chile,Santiago,Masivo,1952-09-04,2022-03-01,F,No aplica,12779,Medio,Digital,Vigente,0,0
CL004112,Persona,Lucas Smith González,PA01,México,Querétaro,Masivo,1995-03-28,2020-05-06,No especificado,No aplica,24427,Bajo,Híbrido,Vigente,0,0
CL004113,Persona,Daniela Brown Romero,PA03,Chile,Talca,Masivo,1954-02-08,2020-04-23,F,No aplica,30525,Alto,Tradicional,Vigente,1,0
CL004114,Persona,Daniela Tremblay Gómez,PA04,Perú,Cusco,Masivo,1954-06-22,2019-07-15,No especificado,No aplica,16350,Alto,Híbrido,Vigente,0,0
CL004115,Persona,Ava Gómez Sánchez,PA04,Perú,Cusco,Masivo,1974-06-27,2022-01-29,M,No aplica,22534,Bajo,Híbrido,Vigente,0,0
CL004116,Persona,Sebastián Smith Hernández,PA03,Chile,Santiago,Masivo,1978-04-21,2015-11-08,F,No aplica,26908,Bajo,Digital,Vigente,1,0
CL004117,Persona,Isabella Tremblay Rodríguez,PA02,Canadá,Vancouver,Masivo,1984-04-12,2017-03-16,No especificado,No aplica,19261,Alto,Digital,Vigente,0,0
CL004118,Persona,Ava Hernández López,PA01,México,Monterrey,Banca privada,1954-05-20,2021-03-12,M,No aplica,143306,Medio,Tradicional,Vigente,1,0
CL004119,Persona,Nicolás Morales Rivera,PA04,Perú,Piura,Banca privada,1999-05-05,2017-02-06,M,No aplica,335740,Medio,Híbrido,Vigente,1,0
CL004120,Persona,Samuel Reyes Castro,PA01,México,Tijuana,Masivo,1961-11-26,2020-01-19,M,No aplica,16733,Alto,Híbrido,Vigente,1,0
CL004121,Persona,Isabella Ramírez Rodríguez,PA03,Chile,Antofagasta,Afluente,1956-06-19,2017-04-09,M,No aplica,41361,Medio,Híbrido,Vigente,1,0
CL004122,Persona,Renata Castro López,PA02,Canadá,Québec,Afluente,1960-09-09,2017-05-11,No especificado,No aplica,36960,Bajo,Híbrido,Vigente,1,0
CL004123,Persona,Isabella Martin Sánchez,PA01,México,Toluca,Masivo,1960-08-14,2022-11-06,No especificado,No aplica,10115,Bajo,Híbrido,Vigente,1,0
CL004124,Persona,Isabella Martin Ramírez,PA05,Colombia,Medellín,Masivo,1958-10-18,2018-12-07,No especificado,No aplica,26453,Medio,Digital,Vigente,0,0
CL004125,Persona,Ava Tremblay Romero,PA01,México,Mérida,Afluente,1961-02-02,2019-01-30,No especificado,No aplica,81783,Alto,Digital,Vigente,1,0
CL004126,Persona,Élodie Cruz Flores,PA01,México,Ciudad de México,Afluente,1950-06-21,2021-04-13,F,No aplica,79408,Alto,Digital,Vigente,1,0
CL004127,Persona,Élodie López Cruz,PA01,México,Ciudad de México,Afluente,1966-08-02,2022-06-07,F,No aplica,57120,Bajo,Híbrido,Vigente,1,0
CL004128,Persona,Olivia López Smith,PA04,Perú,Lima,Afluente,1951-12-09,2019-10-29,F,No aplica,106388,Medio,Tradicional,Vigente,0,0
CL004129,Persona,Valentina Hernández Rivera,PA04,Perú,Lima,Masivo,1949-12-26,2016-08-25,No especificado,No aplica,24548,Alto,Híbrido,Vigente,0,0
CL004130,Persona,Daniela Gómez Pérez,PA04,Perú,Iquitos,Afluente,2000-07-17,2019-11-04,No especificado,No aplica,51372,Bajo,Digital,Vigente,0,0
CL004131,Persona,Martina Romero Tremblay,PA01,México,Ciudad de México,Masivo,1950-06-02,2021-11-02,M,No aplica,18629,Medio,Digital,Vigente,1,0
CL004132,Persona,Étienne Tremblay Martínez,PA04,Perú,Chiclayo,Masivo,1969-12-18,2022-04-28,M,No aplica,30144,Bajo,Híbrido,Vigente,1,0
CL004133,Persona,Liam Castro Cruz,PA03,Chile,Concepción,Masivo,1989-09-02,2022-10-15,M,No aplica,18636,Medio,Híbrido,Vigente,1,0
CL004134,Persona,Martina Reyes Torres,PA02,Canadá,Québec,Masivo,1973-04-12,2021-01-30,M,No aplica,21956,Medio,Tradicional,Vigente,1,0
CL004135,Persona,Élodie Pérez González,PA02,Canadá,Winnipeg,Masivo,2000-10-06,2015-08-30,No especificado,No aplica,18000,Alto,Híbrido,Vigente,0,0
CL004136,Persona,Sofía Tremblay Tremblay,PA03,Chile,Santiago,Masivo,1957-12-14,2020-08-31,F,No aplica,15641,Bajo,Híbrido,Vigente,1,0
CL004137,Persona,Nicolás Pérez Brown,PA05,Colombia,Manizales,Masivo,2002-08-18,2021-07-27,No especificado,No aplica,13891,Alto,Híbrido,Vigente,1,0
CL004138,Persona,Étienne Cruz Castro,PA01,México,Ciudad de México,Masivo,2001-05-17,2015-08-24,M,No aplica,27492,Bajo,Tradicional,Vigente,1,0
CL004139,Persona,Étienne Morales Pérez,PA02,Canadá,Winnipeg,Afluente,2002-09-03,2019-10-04,No especificado,No aplica,84981,Medio,Híbrido,Vigente,1,0
CL004140,Persona,Alejandro Pérez Brown,PA02,Canadá,Québec,Masivo,1997-06-14,2018-04-22,No especificado,No aplica,15870,Medio,Híbrido,Vigente,0,0
CL004141,Persona,Samuel Pérez Castro,PA04,Perú,Tacna,Afluente,1991-10-07,2020-10-09,F,No aplica,61688,Bajo,Híbrido,Vigente,1,0
CL004142,Persona,Olivia Morales González,PA05,Colombia,Manizales,Masivo,1999-10-12,2017-10-08,No especificado,No aplica,17658,Medio,Tradicional,Vigente,1,0
CL004143,Persona,Mariana Martin Pérez,PA02,Canadá,Halifax,Masivo,1971-09-19,2022-02-02,No especificado,No aplica,27722,Medio,Digital,Vigente,0,0
CL004144,Persona,Sofía Romero Torres,PA05,Colombia,Cali,Masivo,1988-11-11,2018-03-01,No especificado,No aplica,13694,Medio,Híbrido,Vigente,0,0
CL004145,Empresa,Torres Educación Latam,PA02,Canadá,Calgary,PyME,2013-09-01,2018-12-18,No aplica,Agroindustria,258331,Bajo,Híbrido,Vigente,1,0
CL004146,Persona,Élodie Pérez Brown,PA01,México,León,Banca privada,1956-06-24,2017-01-15,No especificado,No aplica,355837,Alto,Tradicional,Vigente,1,0
CL004147,Persona,Noah Ramírez Rivera,PA04,Perú,Trujillo,Afluente,1953-12-02,2019-08-18,M,No aplica,65605,Bajo,Híbrido,Vigente,0,0
CL004148,Persona,Liam Rivera Vargas,PA01,México,Puebla,Afluente,1977-08-05,2022-01-16,M,No aplica,75575,Medio,Híbrido,Vigente,1,0
CL004149,Persona,Mateo Torres Martin,PA05,Colombia,Cali,Masivo,1955-09-14,2021-03-26,No especificado,No aplica,10962,Medio,Tradicional,Vigente,0,0
CL004150,Persona,Renata Morales Cruz,PA05,Colombia,Cúcuta,Afluente,1960-03-11,2021-02-14,M,No aplica,101563,Bajo,Híbrido,Vigente,0,0
CL004151,Persona,Martina Sánchez Reyes,PA02,Canadá,Calgary,Afluente,1984-06-17,2017-04-17,M,No aplica,66257,Medio,Digital,Vigente,1,0
CL004152,Empresa,Ramírez Turismo Group,PA04,Perú,Piura,PyME,1993-05-01,2020-01-13,No aplica,Turismo,591509,Medio,Tradicional,Vigente,1,0
CL004153,Persona,Olivia López Castro,PA05,Colombia,Cali,Afluente,1961-09-14,2018-03-21,M,No aplica,56234,Medio,Tradicional,Vigente,1,0
CL004154,Persona,Liam Morales Pérez,PA02,Canadá,Vancouver,Masivo,1962-07-08,2019-09-30,No especificado,No aplica,28261,Bajo,Digital,Vigente,1,0
CL004155,Persona,Liam Martin Martínez,PA02,Canadá,Québec,Afluente,1982-04-06,2021-02-15,F,No aplica,61121,Bajo,Híbrido,Vigente,1,0
CL004156,Persona,Mateo Smith Morales,PA05,Colombia,Medellín,Masivo,2001-10-07,2018-01-19,F,No aplica,29198,Medio,Híbrido,Vigente,1,0
CL004157,Persona,Sofía Gómez Rodríguez,PA03,Chile,La Serena,Masivo,1988-12-15,2017-02-11,No especificado,No aplica,17512,Medio,Híbrido,Vigente,0,0
CL004158,Persona,Étienne Morales Gómez,PA01,México,Tijuana,Masivo,1981-04-11,2015-12-20,F,No aplica,26285,Bajo,Híbrido,Vigente,1,0
CL004159,Empresa,Wilson Educación Partners,PA04,Perú,Cajamarca,Corporativo,2002-04-01,2015-09-23,No aplica,Servicios profesionales,7684632,Bajo,Híbrido,Vigente,0,0
CL004160,Persona,Noah Rivera López,PA01,México,Puebla,Afluente,1951-09-28,2020-08-31,No especificado,No aplica,66726,Bajo,Digital,Vigente,1,0
CL004161,Persona,Mateo Morales González,PA03,Chile,Rancagua,Masivo,1992-08-04,2019-02-03,F,No aplica,28414,Alto,Tradicional,Vigente,1,0
CL004162,Persona,Alejandro Sánchez Hernández,PA04,Perú,Arequipa,Masivo,2002-12-27,2018-08-22,No especificado,No aplica,26859,Medio,Híbrido,Vigente,0,0
CL004163,Persona,Étienne Flores Smith,PA04,Perú,Cusco,Banca privada,1998-08-19,2020-11-28,No especificado,No aplica,341605,Alto,Digital,Vigente,1,0
CL004164,Persona,Sebastián Romero Martínez,PA02,Canadá,Calgary,Masivo,1953-10-01,2019-10-14,M,No aplica,12666,Medio,Digital,Vigente,0,0
CL004165,Persona,Isabella Martin Martin,PA05,Colombia,Bucaramanga,Masivo,1973-07-17,2017-10-16,No especificado,No aplica,20740,Medio,Tradicional,Vigente,0,0
CL004166,Empresa,Torres Construcción Partners,PA02,Canadá,Toronto,PyME,1997-08-01,2018-07-28,No aplica,Manufactura,502625,Bajo,Híbrido,Vigente,1,0
CL004167,Persona,Isabella Flores Wilson,PA05,Colombia,Bucaramanga,Masivo,1981-02-16,2019-09-07,M,No aplica,26480,Alto,Híbrido,Vigente,1,0
CL004168,Persona,Ava Sánchez Morales,PA04,Perú,Cajamarca,Masivo,1996-01-24,2020-10-07,No especificado,No aplica,22377,Alto,Tradicional,Vigente,0,0
CL004169,Persona,Emiliano Sánchez López,PA03,Chile,Talca,Masivo,1948-03-12,2017-03-09,No especificado,No aplica,10592,Bajo,Híbrido,Vigente,0,0
CL004170,Persona,Sebastián Rodríguez Rivera,PA02,Canadá,Winnipeg,Afluente,1956-07-24,2015-07-11,M,No aplica,69692,Bajo,Híbrido,Vigente,1,0
CL004171,Persona,Sofía González Reyes,PA02,Canadá,Montreal,Masivo,1975-04-18,2019-03-30,M,No aplica,27114,Alto,Digital,Vigente,0,0
CL004172,Empresa,Torres Educación S.A.,PA02,Canadá,Toronto,Corporativo,2007-04-01,2016-04-21,No aplica,Manufactura,5961284,Medio,Híbrido,Vigente,0,0
CL004173,Persona,Ava Romero Vargas,PA04,Perú,Cusco,Masivo,2002-08-16,2020-10-01,M,No aplica,23964,Medio,Híbrido,Vigente,1,1
CL004174,Persona,Diego Rivera Sánchez,PA03,Chile,Viña del Mar,Masivo,1974-09-08,2021-11-14,No especificado,No aplica,18281,Alto,Tradicional,Vigente,0,0
CL004175,Persona,Santiago Castro González,PA05,Colombia,Barranquilla,Masivo,1953-02-13,2021-11-20,No especificado,No aplica,12165,Medio,Híbrido,Vigente,0,0
CL004176,Persona,Isabella Tremblay Rodríguez,PA03,Chile,Temuco,Masivo,1948-02-16,2016-05-10,F,No aplica,16860,Bajo,Híbrido,Vigente,1,0
CL004177,Persona,Valentina Vargas Reyes,PA03,Chile,Santiago,Masivo,1966-10-28,2018-01-22,M,No aplica,24983,Alto,Tradicional,Vigente,0,0
CL004178,Persona,Isabella Ramírez Sánchez,PA02,Canadá,Québec,Afluente,1959-09-23,2020-10-15,M,No aplica,62973,Bajo,Digital,Vigente,0,0
CL004179,Persona,Emiliano Smith Flores,PA03,Chile,La Serena,Afluente,1982-12-22,2016-01-29,No especificado,No aplica,73704,Bajo,Digital,Vigente,1,0
CL004180,Persona,Santiago Gómez Romero,PA05,Colombia,Pereira,Afluente,1967-12-17,2015-05-13,F,No aplica,56717,Bajo,Digital,Vigente,0,0
CL004181,Persona,Diego Flores Reyes,PA05,Colombia,Cali,Afluente,1950-10-03,2017-01-05,No especificado,No aplica,48936,Medio,Híbrido,Vigente,1,0
CL004182,Persona,Étienne Reyes Castro,PA02,Canadá,Montreal,Afluente,1984-11-26,2022-08-15,F,No aplica,82707,Bajo,Híbrido,Vigente,1,0
CL004183,Persona,Étienne Martínez Cruz,PA05,Colombia,Cúcuta,Masivo,1989-12-04,2017-11-08,M,No aplica,20021,Medio,Híbrido,Vigente,1,0
CL004184,Persona,Diego Sánchez Martínez,PA04,Perú,Cajamarca,Afluente,1981-01-18,2021-12-26,No especificado,No aplica,105691,Bajo,Digital,Vigente,1,0
CL004185,Persona,Lucía García García,PA05,Colombia,Medellín,Afluente,1957-01-22,2021-07-24,M,No aplica,96164,Medio,Digital,Vigente,0,0
CL004186,Empresa,Ramírez Manufactura S.A.,PA03,Chile,Talca,Corporativo,1991-12-01,2020-09-13,No aplica,Comercio,7399765,Medio,Digital,Vigente,1,0
CL004187,Persona,Alejandro Martin Rivera,PA05,Colombia,Cartagena,Banca privada,1997-07-28,2019-05-23,F,No aplica,272117,Medio,Híbrido,Vigente,1,0
CL004188,Persona,Mateo Martin Gómez,PA02,Canadá,Montreal,Afluente,1999-03-17,2020-05-01,No especificado,No aplica,61666,Bajo,Híbrido,Vigente,1,0
CL004189,Persona,Étienne Martin Rodríguez,PA05,Colombia,Bogotá,Banca privada,1989-08-27,2022-08-31,No especificado,No aplica,193422,Medio,Híbrido,Vigente,1,0
CL004190,Persona,Camila Brown Reyes,PA01,México,Veracruz,Banca privada,1994-02-15,2016-12-20,M,No aplica,160892,Bajo,Híbrido,Vigente,0,0
CL004191,Persona,Sofía Sánchez Rodríguez,PA05,Colombia,Barranquilla,Masivo,1978-01-07,2020-11-18,No especificado,No aplica,16447,Bajo,Híbrido,Vigente,0,0
CL004192,Persona,Santiago Ramírez Rivera,PA04,Perú,Tacna,Masivo,1952-06-19,2019-10-20,M,No aplica,10044,Alto,Tradicional,Vigente,0,0
CL004193,Persona,Olivia Gómez Martin,PA01,México,Querétaro,Masivo,1989-07-26,2022-09-30,M,No aplica,28057,Medio,Digital,Vigente,1,0
CL004194,Persona,Ava Hernández Martin,PA04,Perú,Iquitos,Masivo,1959-01-10,2022-01-09,F,No aplica,15633,Medio,Digital,Vigente,0,0
CL004195,Persona,Gabriel Vargas Smith,PA01,México,Querétaro,Afluente,1991-05-10,2020-10-28,M,No aplica,69998,Bajo,Digital,Vigente,1,0
CL004196,Persona,Camila Reyes Martin,PA03,Chile,Rancagua,Masivo,1957-11-05,2018-08-03,No especificado,No aplica,19313,Medio,Tradicional,Vigente,1,0
CL004197,Persona,Nicolás Wilson Hernández,PA04,Perú,Cajamarca,Masivo,1987-02-15,2021-01-19,No especificado,No aplica,19567,Alto,Tradicional,Vigente,0,0
CL004198,Persona,Gabriel González Vargas,PA03,Chile,Valparaíso,Banca privada,1966-10-24,2022-09-19,F,No aplica,141278,Medio,Digital,Vigente,1,0
CL004199,Persona,Étienne Castro Martínez,PA05,Colombia,Cartagena,Masivo,1960-12-06,2016-07-20,M,No aplica,27058,Medio,Digital,Vigente,1,0
CL004200,Persona,Nicolás Pérez Morales,PA04,Perú,Trujillo,Banca privada,1954-08-02,2016-08-15,F,No aplica,256936,Bajo,Híbrido,Vigente,0,0
CL004201,Persona,Olivia Wilson Rivera,PA05,Colombia,Barranquilla,Masivo,1954-01-21,2016-05-08,F,No aplica,22956,Medio,Digital,Vigente,0,0
CL004202,Persona,Étienne López Díaz,PA01,México,Guadalajara,Masivo,2002-01-07,2019-06-05,M,No aplica,15963,Alto,Digital,Vigente,1,0
CL004203,Empresa,Wilson Logística S.A.,PA02,Canadá,Toronto,Corporativo,2002-08-01,2021-12-09,No aplica,Comercio,3524699,Alto,Digital,Vigente,1,0
CL004204,Persona,Nicolás Martin Wilson,PA03,Chile,Talca,Masivo,1975-08-12,2021-11-22,No especificado,No aplica,31107,Medio,Híbrido,Vigente,0,0
CL004205,Empresa,López Educación Partners,PA03,Chile,Santiago,Corporativo,1980-10-01,2018-12-05,No aplica,Educación,3892083,Medio,Tradicional,Vigente,1,0
CL004206,Persona,Martina Ramírez Romero,PA05,Colombia,Santa Marta,Banca privada,1971-07-03,2021-10-22,M,No aplica,242504,Medio,Digital,Vigente,1,0
CL004207,Persona,Mateo Flores Vargas,PA01,México,Guadalajara,Banca privada,2001-12-17,2020-03-27,No especificado,No aplica,179532,Alto,Híbrido,Vigente,0,0
CL004208,Persona,Sebastián Martin García,PA05,Colombia,Cali,Masivo,1962-09-26,2015-11-09,No especificado,No aplica,27509,Bajo,Tradicional,Vigente,0,0
CL004209,Persona,Emiliano Wilson García,PA01,México,Toluca,Masivo,1977-08-27,2018-05-19,F,No aplica,31330,Bajo,Tradicional,Vigente,1,0
CL004210,Persona,Lucía Martínez Torres,PA01,México,Toluca,Afluente,2001-01-03,2017-10-31,No especificado,No aplica,64970,Bajo,Híbrido,Vigente,0,0
CL004211,Persona,Sofía Torres Rivera,PA01,México,León,Masivo,1980-09-12,2019-06-10,No especificado,No aplica,11093,Bajo,Digital,Vigente,1,0
CL004212,Persona,Daniela Torres Ramírez,PA05,Colombia,Cartagena,Banca privada,1962-12-18,2016-12-17,F,No aplica,188978,Bajo,Híbrido,Vigente,0,0
CL004213,Persona,Renata Ramírez Tremblay,PA05,Colombia,Cali,Afluente,1985-09-13,2021-11-02,M,No aplica,99615,Bajo,Digital,Vigente,0,0
CL004214,Persona,Lucía Martínez García,PA03,Chile,Antofagasta,Afluente,1974-02-12,2018-03-15,No especificado,No aplica,40674,Bajo,Híbrido,Vigente,1,0
CL004215,Persona,Emiliano Díaz Martínez,PA03,Chile,Santiago,Masivo,1973-12-17,2020-10-26,No especificado,No aplica,27232,Bajo,Digital,Vigente,1,0
CL004216,Persona,Sebastián Cruz González,PA02,Canadá,Québec,Banca privada,2003-08-25,2016-01-22,F,No aplica,172016,Alto,Híbrido,Vigente,0,0
CL004217,Persona,Isabella Brown Brown,PA02,Canadá,Québec,Banca privada,1997-04-15,2020-03-04,M,No aplica,115587,Bajo,Digital,Vigente,1,0
CL004218,Persona,Renata Martin Vargas,PA03,Chile,Antofagasta,Masivo,1964-07-14,2015-05-28,M,No aplica,13092,Medio,Híbrido,Vigente,1,0
CL004219,Persona,Emiliano González Morales,PA05,Colombia,Medellín,Masivo,1961-01-26,2018-01-09,No especificado,No aplica,17080,Bajo,Digital,Vigente,0,0
CL004220,Persona,Liam Pérez Hernández,PA02,Canadá,Winnipeg,Afluente,1951-07-19,2016-12-19,F,No aplica,84710,Medio,Tradicional,Vigente,1,0
CL004221,Empresa,Pérez Construcción Group,PA04,Perú,Tacna,Corporativo,2020-09-01,2022-10-26,No aplica,Turismo,7776396,Alto,Tradicional,Vigente,0,0
CL004222,Persona,Santiago Brown Flores,PA03,Chile,Temuco,Banca privada,1972-02-22,2018-05-28,M,No aplica,167827,Medio,Digital,Vigente,1,0
CL004223,Persona,Lucía Rivera Díaz,PA01,México,Mérida,Afluente,1985-04-27,2015-06-05,F,No aplica,39831,Bajo,Digital,Vigente,1,0
CL004224,Persona,Lucía Ramírez Torres,PA05,Colombia,Cartagena,Afluente,1986-11-27,2016-10-25,No especificado,No aplica,45442,Medio,Digital,Vigente,1,0
CL004225,Empresa,Morales Construcción Partners,PA02,Canadá,Toronto,Corporativo,1982-11-01,2019-05-12,No aplica,Construcción,5284387,Medio,Híbrido,Vigente,1,0
CL004226,Persona,Santiago López Martin,PA04,Perú,Piura,Masivo,1970-05-27,2016-08-20,No especificado,No aplica,12292,Medio,Híbrido,Por vencer,1,0
CL004227,Persona,Emma Reyes Gómez,PA02,Canadá,Halifax,Afluente,1972-04-27,2018-08-29,F,No aplica,37776,Bajo,Digital,Vigente,0,0
CL004228,Persona,Ava López Flores,PA05,Colombia,Barranquilla,Banca privada,1995-02-02,2018-02-22,M,No aplica,245323,Medio,Híbrido,Vigente,0,0
CL004229,Persona,Sofía Reyes Pérez,PA01,México,León,Masivo,1972-07-07,2015-11-21,F,No aplica,24437,Alto,Tradicional,Vigente,1,0
CL004230,Persona,Olivia Castro Flores,PA03,Chile,Antofagasta,Afluente,1965-04-21,2015-12-27,F,No aplica,102859,Medio,Híbrido,Vigente,1,0
CL004231,Persona,Emiliano López Morales,PA02,Canadá,Montreal,Masivo,1988-03-08,2020-08-28,No especificado,No aplica,22387,Bajo,Híbrido,Vigente,1,0
CL004232,Persona,Camila Tremblay Rivera,PA02,Canadá,Winnipeg,Afluente,1999-05-24,2020-10-06,M,No aplica,64725,Medio,Digital,Vigente,1,0
CL004233,Persona,Camila Díaz Tremblay,PA03,Chile,Concepción,Banca privada,1981-10-20,2015-10-14,M,No aplica,358629,Bajo,Híbrido,Vigente,1,0
CL004234,Persona,Mateo Torres Martin,PA05,Colombia,Medellín,Masivo,1995-01-07,2020-06-17,No especificado,No aplica,24796,Medio,Tradicional,Vigente,0,0
CL004235,Persona,Daniela Martin Pérez,PA03,Chile,Viña del Mar,Masivo,1961-03-21,2021-09-06,M,No aplica,30130,Medio,Híbrido,Vigente,1,0
CL004236,Empresa,López Servicios profesionales Group,PA02,Canadá,Mississauga,PyME,1995-11-01,2021-05-23,No aplica,Tecnología,393294,Bajo,Híbrido,Vigente,1,0
CL004237,Persona,Martina Romero Morales,PA04,Perú,Piura,Afluente,1972-03-19,2018-03-08,No especificado,No aplica,91531,Bajo,Digital,Vigente,1,0
CL004238,Persona,Santiago Martínez Pérez,PA05,Colombia,Cúcuta,Afluente,1996-08-05,2022-03-14,F,No aplica,86065,Alto,Digital,Vigente,0,0
CL004239,Persona,Gabriel Brown Gómez,PA05,Colombia,Santa Marta,Masivo,1988-01-18,2020-02-08,M,No aplica,10691,Medio,Tradicional,Vigente,0,0
CL004240,Persona,Camila Cruz Smith,PA05,Colombia,Cúcuta,Afluente,1961-11-16,2016-01-22,F,No aplica,68735,Alto,Híbrido,Vigente,0,0
CL004241,Persona,Valentina López Ramírez,PA01,México,Guadalajara,Masivo,1953-04-11,2016-06-01,F,No aplica,20563,Bajo,Tradicional,Vigente,1,0
CL004242,Persona,Nicolás Vargas Torres,PA04,Perú,Cajamarca,Masivo,1976-05-28,2016-05-12,M,No aplica,18331,Bajo,Digital,Vigente,1,0
CL004243,Persona,Étienne Tremblay Smith,PA04,Perú,Lima,Afluente,1959-02-25,2018-10-04,M,No aplica,58749,Bajo,Híbrido,Vigente,1,0
CL004244,Persona,Ava Torres López,PA03,Chile,Temuco,Afluente,1993-02-10,2017-12-23,F,No aplica,106053,Bajo,Híbrido,Vigente,0,0
CL004245,Persona,Liam Vargas Vargas,PA03,Chile,Talca,Masivo,1982-05-04,2021-07-25,No especificado,No aplica,28468,Medio,Digital,Vigente,1,0
CL004246,Persona,Olivia Ramírez Gómez,PA05,Colombia,Santa Marta,Masivo,1983-10-06,2016-01-03,No especificado,No aplica,29774,Medio,Híbrido,Vigente,1,0
CL004247,Persona,Étienne Rodríguez Pérez,PA05,Colombia,Medellín,Masivo,1997-10-23,2021-01-30,No especificado,No aplica,24378,Bajo,Híbrido,Vigente,1,0
CL004248,Persona,Sebastián Smith Brown,PA01,México,Querétaro,Afluente,1954-05-20,2017-08-19,No especificado,No aplica,102965,Bajo,Digital,Vigente,1,0
CL004249,Empresa,Morales Comercio S.A.,PA04,Perú,Huancayo,Corporativo,2018-07-01,2017-11-25,No aplica,Construcción,6590399,Bajo,Híbrido,Vigente,0,0
CL004250,Persona,Santiago Romero Ramírez,PA03,Chile,Puerto Montt,Banca privada,1983-11-24,2022-11-30,F,No aplica,311793,Bajo,Híbrido,Vigente,1,0
CL004251,Persona,Liam Rodríguez López,PA01,México,Querétaro,Afluente,1961-09-28,2017-01-14,M,No aplica,81971,Alto,Digital,Vigente,1,0
CL004252,Persona,Santiago Hernández Wilson,PA03,Chile,Valparaíso,Masivo,1968-08-12,2020-05-18,F,No aplica,28370,Bajo,Digital,Vigente,0,0
CL004253,Persona,Emiliano Smith Castro,PA02,Canadá,Mississauga,Masivo,1990-09-24,2022-06-02,F,No aplica,27419,Medio,Tradicional,Vigente,0,0
CL004254,Persona,Sofía López Flores,PA05,Colombia,Barranquilla,Masivo,1980-11-27,2015-06-13,M,No aplica,30168,Alto,Digital,Vigente,1,0
CL004255,Empresa,López Salud Latam,PA02,Canadá,Toronto,PyME,1995-06-01,2015-10-23,No aplica,Educación,446061,Bajo,Digital,Vigente,1,0
CL004256,Persona,Isabella Pérez Pérez,PA04,Perú,Huancayo,Masivo,1973-03-28,2018-01-12,No especificado,No aplica,18399,Bajo,Digital,Vigente,0,0
CL004257,Persona,Olivia Martínez Rodríguez,PA04,Perú,Chiclayo,Afluente,1957-03-24,2020-12-27,No especificado,No aplica,57645,Alto,Digital,Vigente,0,0
CL004258,Persona,Liam Romero Flores,PA05,Colombia,Medellín,Banca privada,1959-11-19,2015-12-11,M,No aplica,330703,Medio,Digital,Vigente,0,0
CL004259,Persona,Alejandro García Sánchez,PA02,Canadá,Winnipeg,Banca privada,1992-08-05,2018-01-10,F,No aplica,236255,Bajo,Digital,Vigente,0,0
CL004260,Persona,Noah Reyes Romero,PA02,Canadá,Winnipeg,Afluente,1985-03-22,2016-05-05,No especificado,No aplica,102438,Medio,Híbrido,Vigente,1,0
CL004261,Persona,Mateo Flores Gómez,PA02,Canadá,Winnipeg,Afluente,1970-09-08,2020-04-25,M,No aplica,93694,Medio,Tradicional,Vigente,1,0
CL004262,Persona,Étienne Martin Torres,PA02,Canadá,Halifax,Afluente,1988-03-15,2017-07-12,No especificado,No aplica,34212,Alto,Híbrido,Vigente,1,0
CL004263,Persona,Lucía Morales Hernández,PA02,Canadá,Winnipeg,Banca privada,1991-10-21,2019-12-18,F,No aplica,297432,Medio,Digital,Vigente,1,0
CL004264,Persona,Ava Flores García,PA05,Colombia,Bucaramanga,Afluente,1994-04-12,2018-10-01,M,No aplica,98053,Bajo,Tradicional,Vigente,1,0
CL004265,Persona,Emma Ramírez Wilson,PA03,Chile,Valparaíso,Banca privada,1996-10-22,2018-02-21,M,No aplica,157911,Bajo,Híbrido,Vigente,1,0
CL004266,Persona,Emma Sánchez Morales,PA05,Colombia,Manizales,Masivo,1988-08-06,2021-07-15,M,No aplica,29187,Alto,Tradicional,Vigente,1,0
CL004267,Persona,Daniela Gómez Flores,PA04,Perú,Arequipa,Masivo,1953-08-04,2016-03-05,F,No aplica,12457,Bajo,Digital,Vigente,1,0
CL004268,Persona,Camila Wilson García,PA04,Perú,Huancayo,Masivo,1952-02-23,2022-08-28,F,No aplica,18188,Alto,Híbrido,Vigente,1,0
CL004269,Persona,Mateo Tremblay Romero,PA05,Colombia,Cartagena,Banca privada,1973-04-26,2019-11-16,No especificado,No aplica,259567,Medio,Tradicional,Vigente,1,0
CL004270,Persona,Emiliano Smith Ramírez,PA01,México,Guadalajara,Afluente,1971-06-23,2022-08-02,No especificado,No aplica,46553,Medio,Digital,Vigente,1,0
CL004271,Persona,Olivia Vargas Rodríguez,PA05,Colombia,Barranquilla,Afluente,1974-07-02,2020-01-17,F,No aplica,107788,Medio,Tradicional,Vigente,1,0
CL004272,Persona,Martina García Romero,PA03,Chile,Talca,Masivo,1965-10-20,2016-09-15,No especificado,No aplica,23623,Bajo,Digital,Por vencer,0,0
CL004273,Persona,Mateo González Smith,PA01,México,Querétaro,Masivo,1998-07-03,2015-10-17,No especificado,No aplica,31052,Alto,Digital,Vigente,1,0
CL004274,Persona,Mateo Smith Ramírez,PA05,Colombia,Cúcuta,Masivo,1970-10-01,2017-07-22,No especificado,No aplica,11531,Bajo,Digital,Vigente,1,0
CL004275,Persona,Isabella Díaz Wilson,PA04,Perú,Huancayo,Masivo,1992-11-13,2016-05-15,M,No aplica,16927,Bajo,Tradicional,Vigente,1,0
CL004276,Persona,Noah Hernández Ramírez,PA04,Perú,Cusco,Masivo,1990-11-23,2020-08-30,M,No aplica,23390,Medio,Híbrido,Vigente,0,0
CL004277,Persona,Olivia Díaz Gómez,PA04,Perú,Iquitos,Afluente,1988-04-25,2017-01-30,F,No aplica,94542,Medio,Digital,Vigente,1,0
CL004278,Persona,Sebastián Torres Torres,PA02,Canadá,Halifax,Afluente,2002-04-20,2021-09-28,M,No aplica,56445,Alto,Híbrido,Vigente,0,0
CL004279,Empresa,García Turismo Partners,PA01,México,Veracruz,Corporativo,1982-10-01,2017-08-08,No aplica,Comercio,4102837,Medio,Digital,Vigente,1,0
CL004280,Persona,Samuel Torres Vargas,PA02,Canadá,Québec,Masivo,1977-04-20,2019-08-21,No especificado,No aplica,22111,Bajo,Híbrido,Vigente,1,0
CL004281,Persona,Mateo Wilson Flores,PA05,Colombia,Barranquilla,Banca privada,1958-02-09,2017-06-28,M,No aplica,177215,Bajo,Tradicional,Vigente,0,0
CL004282,Persona,Élodie Hernández Rodríguez,PA02,Canadá,Edmonton,Masivo,1973-08-16,2016-08-15,F,No aplica,23339,Medio,Tradicional,Vigente,0,0
CL004283,Persona,Santiago Castro López,PA05,Colombia,Medellín,Banca privada,1949-11-01,2015-10-14,No especificado,No aplica,247265,Medio,Híbrido,Vigente,1,0
CL004284,Persona,Liam López Tremblay,PA05,Colombia,Cúcuta,Masivo,1965-12-06,2019-12-26,No especificado,No aplica,18269,Bajo,Tradicional,Vigente,0,0
CL004285,Empresa,Hernández Educación Partners,PA04,Perú,Trujillo,PyME,2001-12-01,2018-12-17,No aplica,Manufactura,632835,Alto,Digital,Vigente,0,0
CL004286,Empresa,López Logística Partners,PA01,México,Mérida,PyME,1984-08-01,2016-09-26,No aplica,Turismo,640943,Bajo,Híbrido,Vigente,1,0
CL004287,Persona,Emma Rivera Martínez,PA05,Colombia,Santa Marta,Afluente,1953-12-07,2019-09-29,F,No aplica,48803,Alto,Tradicional,Vigente,1,0
CL004288,Persona,Emiliano Martínez Martin,PA01,México,Guadalajara,Afluente,1985-10-16,2017-07-07,No especificado,No aplica,70912,Bajo,Híbrido,Vigente,0,1
CL004289,Persona,Daniela Brown Torres,PA03,Chile,La Serena,Afluente,1983-10-14,2018-03-02,No especificado,No aplica,79861,Bajo,Híbrido,Vigente,1,0
CL004290,Persona,Lucía García Hernández,PA04,Perú,Tacna,Afluente,1980-09-22,2018-06-23,F,No aplica,56625,Alto,Híbrido,Vigente,1,0
CL004291,Persona,Emma Hernández Martínez,PA02,Canadá,Calgary,Afluente,1995-05-28,2022-04-07,M,No aplica,55203,Bajo,Híbrido,Vigente,1,0
CL004292,Persona,Mariana Castro González,PA02,Canadá,Mississauga,Afluente,1957-04-18,2019-09-11,M,No aplica,74952,Alto,Tradicional,Vigente,1,0
CL004293,Persona,Lucas García Romero,PA04,Perú,Lima,Afluente,1978-07-07,2021-12-18,M,No aplica,43313,Bajo,Tradicional,Vigente,0,0
CL004294,Persona,Alejandro Smith Cruz,PA05,Colombia,Barranquilla,Banca privada,1953-04-11,2016-05-02,No especificado,No aplica,183877,Bajo,Digital,Vigente,0,0
CL004295,Persona,Sebastián Martin Rodríguez,PA02,Canadá,Montreal,Afluente,1949-12-01,2018-08-09,No especificado,No aplica,80860,Alto,Híbrido,Vigente,0,0
CL004296,Persona,Daniela Brown Reyes,PA02,Canadá,Ottawa,Masivo,1960-12-02,2018-10-14,F,No aplica,26039,Bajo,Híbrido,Vigente,1,0
CL004297,Empresa,Hernández Agroindustria Partners,PA02,Canadá,Montreal,PyME,2005-03-01,2015-05-22,No aplica,Comercio,581983,Bajo,Digital,Vigente,0,0
CL004298,Persona,Élodie Rodríguez Flores,PA03,Chile,Valparaíso,Masivo,1984-01-20,2018-09-28,No especificado,No aplica,15596,Bajo,Digital,Vigente,1,0
CL004299,Persona,Mariana Ramírez Martin,PA04,Perú,Lima,Masivo,1994-02-21,2021-10-23,F,No aplica,28993,Medio,Tradicional,Vigente,1,0
CL004300,Persona,Mariana Gómez Ramírez,PA03,Chile,La Serena,Afluente,1992-03-21,2018-03-24,No especificado,No aplica,36882,Medio,Híbrido,Vigente,0,0
CL004301,Persona,Lucas Cruz Gómez,PA05,Colombia,Cartagena,Afluente,1974-06-26,2017-06-18,No especificado,No aplica,74852,Alto,Digital,Vigente,1,0
CL004302,Persona,Nicolás Pérez López,PA05,Colombia,Medellín,Afluente,1971-02-25,2019-08-01,M,No aplica,93781,Medio,Digital,Vigente,1,0
CL004303,Persona,Ava Romero Hernández,PA04,Perú,Arequipa,Masivo,1975-10-02,2021-03-04,F,No aplica,16777,Medio,Híbrido,Vigente,0,0
CL004304,Persona,Sofía Rivera Morales,PA01,México,Toluca,Masivo,1979-05-06,2016-12-20,M,No aplica,15922,Alto,Tradicional,Vigente,1,0
CL004305,Persona,Isabella Brown Smith,PA02,Canadá,Québec,Banca privada,1977-04-07,2015-11-12,M,No aplica,193998,Medio,Digital,Vigente,0,0
CL004306,Persona,Lucía López Gómez,PA03,Chile,Talca,Masivo,1969-06-09,2020-07-03,F,No aplica,21220,Bajo,Digital,Vigente,1,0
CL004307,Persona,Santiago Brown Morales,PA02,Canadá,Calgary,Masivo,1970-02-07,2019-03-01,F,No aplica,31499,Alto,Tradicional,Vigente,1,0
CL004308,Persona,Gabriel Tremblay Romero,PA03,Chile,Santiago,Masivo,1983-09-27,2018-05-16,F,No aplica,28655,Bajo,Tradicional,Vigente,0,0
CL004309,Persona,Samuel García Morales,PA02,Canadá,Winnipeg,Banca privada,1998-03-28,2022-01-28,M,No aplica,345982,Bajo,Híbrido,Vigente,1,0
CL004310,Persona,Renata González Smith,PA04,Perú,Cajamarca,Afluente,1952-03-02,2018-01-21,F,No aplica,49101,Medio,Híbrido,Vigente,1,0
CL004311,Persona,Santiago López Brown,PA02,Canadá,Edmonton,Banca privada,1971-03-15,2021-11-14,No especificado,No aplica,268723,Alto,Híbrido,Vigente,1,1
CL004312,Empresa,Torres Tecnología Partners,PA04,Perú,Huancayo,PyME,1990-07-01,2018-11-05,No aplica,Turismo,280042,Bajo,Híbrido,Vigente,1,0
CL004313,Persona,Samuel Tremblay Vargas,PA04,Perú,Trujillo,Masivo,1980-05-22,2020-09-28,No especificado,No aplica,17580,Bajo,Híbrido,Vigente,0,0
CL004314,Empresa,Flores Construcción S.A.,PA01,México,Puebla,Corporativo,1992-03-01,2016-07-12,No aplica,Salud,4571063,Alto,Híbrido,Vigente,0,0
CL004315,Persona,Lucas Martin Morales,PA02,Canadá,Québec,Masivo,1954-04-16,2017-08-18,No especificado,No aplica,29940,Bajo,Digital,Vigente,0,0
CL004316,Persona,Valentina Rivera Smith,PA01,México,Puebla,Masivo,1953-03-11,2020-11-07,M,No aplica,24486,Bajo,Tradicional,Vigente,0,0
CL004317,Persona,Emma Cruz García,PA04,Perú,Trujillo,Banca privada,1972-03-22,2020-12-08,M,No aplica,256915,Medio,Digital,Vencido,1,0
CL004318,Persona,Renata Flores Gómez,PA05,Colombia,Cúcuta,Banca privada,1961-12-19,2015-09-24,F,No aplica,295368,Medio,Digital,Vigente,1,0
CL004319,Persona,Santiago Rivera Díaz,PA01,México,Mérida,Banca privada,1993-12-18,2016-08-06,M,No aplica,148234,Alto,Digital,Vigente,0,0
CL004320,Persona,Élodie Pérez Romero,PA03,Chile,Rancagua,Afluente,1986-10-02,2015-09-28,M,No aplica,61031,Bajo,Híbrido,Vigente,0,0
CL004321,Persona,Lucía Brown Brown,PA04,Perú,Tacna,Masivo,1949-01-22,2015-06-25,No especificado,No aplica,23381,Bajo,Tradicional,Vigente,0,0
CL004322,Persona,Samuel Morales Gómez,PA04,Perú,Lima,Masivo,1950-12-15,2020-05-16,M,No aplica,11396,Bajo,Híbrido,Vigente,1,0
CL004323,Persona,Nicolás Pérez González,PA04,Perú,Arequipa,Afluente,1985-08-04,2020-06-07,F,No aplica,94485,Bajo,Digital,Vigente,1,0
CL004324,Persona,Sofía Hernández Rivera,PA04,Perú,Huancayo,Afluente,1971-11-24,2016-10-05,M,No aplica,42332,Medio,Tradicional,Vigente,0,0
CL004325,Persona,Diego Ramírez Pérez,PA02,Canadá,Halifax,Masivo,1955-08-27,2020-08-02,F,No aplica,14444,Medio,Digital,Vigente,1,0
CL004326,Persona,Nicolás Romero López,PA04,Perú,Piura,Afluente,1953-06-05,2022-04-23,F,No aplica,63568,Alto,Tradicional,Vigente,0,0
CL004327,Persona,Liam Martínez Rivera,PA02,Canadá,Halifax,Masivo,1977-02-09,2020-09-27,No especificado,No aplica,27466,Bajo,Digital,Vigente,1,0
CL004328,Persona,Renata Ramírez Rivera,PA05,Colombia,Pereira,Masivo,1964-07-14,2020-05-28,F,No aplica,21128,Medio,Híbrido,Vigente,1,0
CL004329,Persona,Santiago Torres Smith,PA04,Perú,Chiclayo,Afluente,1983-04-17,2018-08-29,M,No aplica,93805,Medio,Híbrido,Vigente,0,0
CL004330,Persona,Mariana Tremblay Sánchez,PA01,México,Monterrey,Banca privada,1962-04-04,2018-07-23,F,No aplica,244423,Bajo,Tradicional,Vigente,1,0
CL004331,Persona,Élodie Ramírez Flores,PA03,Chile,Concepción,Masivo,1971-10-25,2018-09-23,F,No aplica,13969,Alto,Híbrido,Vigente,1,0
CL004332,Persona,Liam Hernández Martin,PA04,Perú,Tacna,Masivo,1970-11-22,2022-02-08,F,No aplica,20190,Medio,Híbrido,Vigente,1,0
CL004333,Persona,Isabella Tremblay Smith,PA03,Chile,Concepción,Afluente,1998-05-18,2015-10-23,M,No aplica,83889,Bajo,Híbrido,Vigente,0,0
CL004334,Persona,Diego González Hernández,PA04,Perú,Lima,Afluente,1989-01-09,2015-11-18,F,No aplica,51838,Bajo,Tradicional,Vigente,1,0
CL004335,Empresa,Ramírez Educación S.A.,PA02,Canadá,Montreal,Corporativo,2006-08-01,2021-03-14,No aplica,Servicios profesionales,2667094,Alto,Digital,Vigente,1,0
CL004336,Empresa,Pérez Comercio Group,PA04,Perú,Iquitos,Corporativo,2012-08-01,2016-08-01,No aplica,Turismo,7829349,Bajo,Híbrido,Vigente,0,0
CL004337,Persona,Lucas Vargas González,PA01,México,Toluca,Masivo,1992-01-10,2016-06-19,No especificado,No aplica,26281,Bajo,Digital,Vigente,1,0
CL004338,Persona,Liam Tremblay Tremblay,PA05,Colombia,Bucaramanga,Masivo,1949-02-06,2019-02-03,M,No aplica,16617,Medio,Digital,Vigente,1,0
CL004339,Persona,Daniela Torres Rodríguez,PA02,Canadá,Toronto,Masivo,1989-10-12,2020-07-22,F,No aplica,10219,Alto,Híbrido,Vigente,1,0
CL004340,Persona,Martina Torres Romero,PA01,México,Querétaro,Masivo,1978-04-07,2021-11-20,No especificado,No aplica,28177,Alto,Híbrido,Vigente,0,0
CL004341,Persona,Daniela Castro Rivera,PA04,Perú,Chiclayo,Banca privada,1956-06-23,2018-08-19,F,No aplica,196307,Bajo,Digital,Vigente,0,0
CL004342,Persona,Lucas González Brown,PA03,Chile,Concepción,Masivo,1993-09-21,2017-10-20,F,No aplica,18606,Medio,Digital,Vigente,0,0
CL004343,Persona,Isabella Vargas Flores,PA02,Canadá,Québec,Afluente,1975-10-16,2018-02-13,M,No aplica,54774,Alto,Digital,Vigente,1,0
CL004344,Empresa,Martin Educación Partners,PA02,Canadá,Calgary,Corporativo,2007-10-01,2017-03-26,No aplica,Tecnología,3182656,Bajo,Híbrido,Vigente,0,0
CL004345,Persona,Samuel Romero Pérez,PA04,Perú,Huancayo,Afluente,1980-04-07,2017-06-17,F,No aplica,52953,Medio,Híbrido,Vigente,0,0
CL004346,Persona,Élodie Torres Romero,PA04,Perú,Iquitos,Afluente,1984-06-22,2017-02-19,F,No aplica,55305,Alto,Digital,Vigente,0,0
CL004347,Persona,Martina Flores López,PA03,Chile,Valparaíso,Masivo,1949-04-05,2017-07-15,F,No aplica,29886,Bajo,Tradicional,Vigente,1,0
CL004348,Persona,Élodie Wilson López,PA01,México,Puebla,Masivo,1952-05-17,2017-05-22,No especificado,No aplica,31147,Medio,Híbrido,Vigente,1,0
CL004349,Persona,Diego Smith Morales,PA04,Perú,Cusco,Afluente,1983-11-26,2020-01-21,F,No aplica,59665,Medio,Digital,Vigente,1,0
CL004350,Persona,Gabriel Hernández González,PA03,Chile,Concepción,Banca privada,1964-09-21,2018-09-01,No especificado,No aplica,246644,Alto,Tradicional,Vigente,0,0
CL004351,Persona,Liam Vargas Brown,PA02,Canadá,Winnipeg,Masivo,2001-12-07,2016-12-04,No especificado,No aplica,22059,Medio,Digital,Vigente,1,0
CL004352,Persona,Martina Torres Reyes,PA02,Canadá,Calgary,Banca privada,1970-05-16,2015-06-29,No especificado,No aplica,294838,Alto,Híbrido,Vigente,0,0
CL004353,Persona,Mariana Castro Díaz,PA03,Chile,Temuco,Masivo,1960-01-13,2017-09-13,M,No aplica,10864,Medio,Híbrido,Vigente,1,0
CL004354,Empresa,Romero Logística Group,PA03,Chile,Temuco,Corporativo,1994-11-01,2015-07-06,No aplica,Manufactura,8627949,Alto,Tradicional,Vigente,0,0
CL004355,Persona,Nicolás Castro González,PA04,Perú,Piura,Banca privada,1990-02-15,2017-03-11,M,No aplica,146533,Medio,Digital,Por vencer,1,0
CL004356,Persona,Samuel Ramírez Vargas,PA01,México,León,Masivo,1999-03-26,2017-11-05,No especificado,No aplica,23336,Bajo,Digital,Vigente,0,0
CL004357,Persona,Emma Martin Sánchez,PA05,Colombia,Cartagena,Banca privada,1976-11-17,2016-06-07,M,No aplica,184954,Medio,Digital,Vigente,0,0
CL004358,Persona,Nicolás Díaz Hernández,PA04,Perú,Cajamarca,Masivo,1959-06-23,2021-08-30,No especificado,No aplica,13104,Medio,Digital,Vigente,1,0
CL004359,Empresa,Flores Manufactura Partners,PA03,Chile,Viña del Mar,Corporativo,1992-02-01,2016-12-15,No aplica,Salud,4045602,Bajo,Tradicional,Vigente,1,1
CL004360,Persona,Lucía Rodríguez González,PA02,Canadá,Québec,Masivo,1976-05-16,2021-11-21,M,No aplica,13444,Bajo,Tradicional,Vigente,0,0
CL004361,Persona,Emma Rodríguez Wilson,PA04,Perú,Cusco,Masivo,1995-01-21,2016-01-09,F,No aplica,23618,Alto,Digital,Vigente,1,0
CL004362,Persona,Liam Ramírez Reyes,PA02,Canadá,Toronto,Masivo,1950-05-10,2019-10-28,No especificado,No aplica,19876,Medio,Híbrido,Vigente,1,0
CL004363,Empresa,Ramírez Agroindustria Partners,PA04,Perú,Arequipa,PyME,2004-05-01,2022-09-13,No aplica,Salud,760323,Bajo,Digital,Vigente,0,0
CL004364,Persona,Mateo Reyes Reyes,PA05,Colombia,Cúcuta,Masivo,1982-12-23,2021-07-25,No especificado,No aplica,21872,Alto,Tradicional,Vigente,0,0
CL004365,Persona,Alejandro Hernández Romero,PA01,México,Toluca,Masivo,1955-01-23,2017-01-17,M,No aplica,29440,Bajo,Digital,Vigente,1,0
CL004366,Persona,Emma Wilson Reyes,PA03,Chile,Concepción,Masivo,1955-08-12,2018-10-16,F,No aplica,31343,Medio,Digital,Vigente,0,0
CL004367,Persona,Santiago Wilson Gómez,PA01,México,Mérida,Afluente,1988-05-05,2019-03-15,No especificado,No aplica,46594,Medio,Híbrido,Vigente,0,0
CL004368,Empresa,Flores Servicios profesionales S.A.,PA01,México,Toluca,Corporativo,1997-05-01,2020-01-16,No aplica,Logística,4553172,Bajo,Híbrido,Vigente,1,0
CL004369,Empresa,Sánchez Tecnología Group,PA05,Colombia,Manizales,Corporativo,1988-06-01,2018-05-03,No aplica,Manufactura,6522758,Alto,Híbrido,Vigente,1,0
CL004370,Persona,Étienne Morales Torres,PA03,Chile,Talca,Afluente,1952-03-02,2020-10-24,No especificado,No aplica,49617,Alto,Híbrido,Vigente,1,0
CL004371,Persona,Étienne Reyes García,PA01,México,Querétaro,Masivo,1948-02-12,2020-01-06,F,No aplica,21278,Bajo,Tradicional,Vigente,0,0
CL004372,Persona,Renata Cruz Reyes,PA04,Perú,Iquitos,Masivo,1972-06-08,2019-01-19,No especificado,No aplica,29388,Medio,Tradicional,Vigente,1,0
CL004373,Persona,Liam Martínez Romero,PA05,Colombia,Cartagena,Banca privada,1997-08-21,2017-10-31,No especificado,No aplica,206331,Bajo,Digital,Vigente,1,0
CL004374,Persona,Emiliano Smith Cruz,PA03,Chile,Puerto Montt,Masivo,1998-01-26,2022-03-31,No especificado,No aplica,11725,Bajo,Híbrido,Vigente,1,0
CL004375,Persona,Valentina Vargas Gómez,PA02,Canadá,Halifax,Afluente,2001-12-07,2015-10-10,F,No aplica,42726,Medio,Digital,Vigente,0,0
CL004376,Persona,Lucas Brown Wilson,PA05,Colombia,Cali,Masivo,1998-08-04,2016-05-01,F,No aplica,14856,Bajo,Híbrido,Vigente,1,0
CL004377,Persona,Noah Cruz Morales,PA02,Canadá,Ottawa,Banca privada,1952-02-07,2018-02-18,F,No aplica,334193,Bajo,Tradicional,Vigente,1,0
CL004378,Persona,Valentina González Sánchez,PA04,Perú,Cajamarca,Masivo,1988-07-28,2022-02-18,No especificado,No aplica,12615,Medio,Híbrido,Vigente,0,0
CL004379,Empresa,Rodríguez Construcción S.A.,PA02,Canadá,Ottawa,PyME,2007-07-01,2021-03-20,No aplica,Comercio,295252,Bajo,Tradicional,Vigente,1,0
CL004380,Empresa,Romero Educación Group,PA01,México,Mérida,PyME,1995-06-01,2020-01-22,No aplica,Logística,522989,Medio,Digital,Vigente,1,0
CL004381,Persona,Noah Cruz García,PA05,Colombia,Medellín,Afluente,1983-02-22,2018-08-30,No especificado,No aplica,91645,Medio,Digital,Vigente,1,0
CL004382,Empresa,Martínez Comercio S.A.,PA05,Colombia,Cali,PyME,2015-05-01,2017-08-04,No aplica,Turismo,629828,Medio,Híbrido,Vigente,1,0
CL004383,Persona,Renata Morales Pérez,PA02,Canadá,Halifax,Masivo,1952-11-15,2020-02-09,No especificado,No aplica,17878,Medio,Híbrido,Vigente,0,0
CL004384,Persona,Santiago Gómez Rivera,PA01,México,Veracruz,Afluente,1972-01-07,2021-01-26,No especificado,No aplica,71863,Alto,Híbrido,Vigente,0,0
CL004385,Persona,Mariana Romero Rodríguez,PA02,Canadá,Vancouver,Masivo,2002-11-02,2017-02-24,F,No aplica,28301,Medio,Híbrido,Vigente,0,0
CL004386,Persona,Sofía Torres Martin,PA03,Chile,Santiago,Afluente,1966-03-01,2021-12-20,No especificado,No aplica,93211,Medio,Digital,Vigente,0,0
CL004387,Persona,Mariana Morales Flores,PA01,México,Tijuana,Banca privada,1983-02-07,2019-02-19,F,No aplica,246170,Medio,Digital,Vigente,1,0
CL004388,Persona,Isabella Morales Pérez,PA01,México,Querétaro,Afluente,1988-04-17,2021-02-25,M,No aplica,64364,Medio,Digital,Vigente,1,0
CL004389,Persona,Diego Hernández Brown,PA02,Canadá,Winnipeg,Banca privada,1954-02-21,2016-09-15,M,No aplica,345187,Bajo,Híbrido,Vigente,0,0
CL004390,Persona,Camila Tremblay Tremblay,PA01,México,Veracruz,Masivo,1954-06-27,2016-10-10,No especificado,No aplica,28177,Medio,Híbrido,Vencido,1,0
CL004391,Persona,Olivia Reyes González,PA04,Perú,Trujillo,Banca privada,2003-08-28,2019-08-23,F,No aplica,366229,Alto,Híbrido,Vigente,0,0
CL004392,Persona,Liam Díaz García,PA04,Perú,Lima,Banca privada,1965-08-15,2020-01-20,No especificado,No aplica,126990,Bajo,Tradicional,Vigente,0,0
CL004393,Persona,Renata Martínez Smith,PA05,Colombia,Bucaramanga,Masivo,1978-08-09,2021-09-25,M,No aplica,20625,Bajo,Tradicional,Vigente,0,0
CL004394,Persona,Santiago Vargas Vargas,PA03,Chile,Valparaíso,Afluente,1989-01-16,2015-05-24,No especificado,No aplica,56164,Medio,Híbrido,Vigente,0,0
CL004395,Persona,Étienne Torres Díaz,PA04,Perú,Tacna,Masivo,1977-07-21,2021-02-14,F,No aplica,28453,Alto,Digital,Vigente,1,1
CL004396,Persona,Martina Martínez Rodríguez,PA02,Canadá,Halifax,Masivo,1972-11-24,2018-10-31,M,No aplica,15030,Alto,Digital,Vigente,0,0
CL004397,Empresa,Hernández Salud S.A.,PA01,México,León,Corporativo,1988-02-01,2019-05-12,No aplica,Comercio,8383821,Medio,Digital,Vigente,1,0
CL004398,Persona,Alejandro Pérez González,PA02,Canadá,Calgary,Afluente,1970-11-13,2019-02-09,F,No aplica,103674,Medio,Digital,Vigente,1,0
CL004399,Empresa,Flores Educación Group,PA04,Perú,Iquitos,Corporativo,1987-01-01,2016-11-27,No aplica,Comercio,7998527,Bajo,Híbrido,Vigente,0,0
CL004400,Empresa,Romero Construcción S.A.,PA02,Canadá,Winnipeg,Corporativo,2002-12-01,2022-10-29,No aplica,Agroindustria,9353864,Medio,Tradicional,Vigente,0,0
CL004401,Persona,Sebastián González Romero,PA01,México,León,Banca privada,1987-04-13,2018-12-20,No especificado,No aplica,231625,Medio,Híbrido,Vigente,0,0
CL004402,Persona,Camila Reyes Morales,PA05,Colombia,Bogotá,Banca privada,1972-11-28,2019-11-07,No especificado,No aplica,364921,Bajo,Tradicional,Vigente,1,0
CL004403,Persona,Mateo Romero Smith,PA03,Chile,Talca,Masivo,1990-01-24,2020-12-04,No especificado,No aplica,13745,Alto,Tradicional,Por vencer,1,0
CL004404,Persona,Étienne Gómez Flores,PA02,Canadá,Edmonton,Afluente,1987-04-16,2020-07-02,F,No aplica,88803,Alto,Digital,Vigente,0,0
CL004405,Persona,Lucas López Romero,PA05,Colombia,Barranquilla,Masivo,1992-03-20,2017-10-04,M,No aplica,15486,Medio,Digital,Vigente,0,0
CL004406,Empresa,Rodríguez Construcción Partners,PA04,Perú,Arequipa,PyME,1994-10-01,2015-05-06,No aplica,Tecnología,299306,Bajo,Híbrido,Vigente,1,0
CL004407,Persona,Camila Smith García,PA02,Canadá,Halifax,Masivo,1987-04-04,2015-09-25,M,No aplica,19231,Bajo,Digital,Vigente,1,0
CL004408,Persona,Étienne Reyes Díaz,PA03,Chile,Talca,Masivo,1986-05-03,2018-06-30,No especificado,No aplica,18098,Bajo,Híbrido,Vigente,1,0
CL004409,Persona,Santiago Hernández Rivera,PA03,Chile,Puerto Montt,Banca privada,1992-07-16,2019-01-05,M,No aplica,347730,Medio,Híbrido,Vigente,1,0
CL004410,Empresa,Gómez Educación Partners,PA02,Canadá,Québec,Corporativo,1990-05-01,2020-11-30,No aplica,Servicios profesionales,4959407,Medio,Híbrido,Vigente,1,0
CL004411,Persona,Isabella Torres Torres,PA01,México,Monterrey,Masivo,1975-03-13,2016-02-16,F,No aplica,18655,Alto,Digital,Vigente,1,0
CL004412,Persona,Liam Gómez Torres,PA01,México,Veracruz,Afluente,1986-07-13,2018-09-20,M,No aplica,81563,Bajo,Digital,Vigente,0,0
CL004413,Persona,Ava García Martin,PA02,Canadá,Québec,Masivo,1964-08-18,2022-09-06,F,No aplica,13661,Alto,Digital,Vigente,0,0
CL004414,Persona,Santiago López Brown,PA02,Canadá,Vancouver,Afluente,1960-03-24,2019-06-28,No especificado,No aplica,37519,Alto,Digital,Vigente,1,0
CL004415,Empresa,González Logística Partners,PA02,Canadá,Toronto,PyME,2016-06-01,2017-10-31,No aplica,Manufactura,223569,Medio,Tradicional,Vigente,1,0
CL004416,Persona,Élodie Pérez Sánchez,PA04,Perú,Trujillo,Masivo,1984-06-27,2015-09-25,No especificado,No aplica,19322,Medio,Híbrido,Vigente,1,0
CL004417,Persona,Lucas Smith Martin,PA02,Canadá,Winnipeg,Banca privada,1997-06-09,2019-06-24,M,No aplica,287020,Bajo,Digital,Vigente,0,0
CL004418,Persona,Étienne Martin Flores,PA01,México,León,Masivo,1971-03-13,2015-11-27,F,No aplica,15918,Alto,Híbrido,Vigente,1,0
CL004419,Persona,Mateo Gómez Sánchez,PA01,México,León,Afluente,2000-09-18,2020-03-12,No especificado,No aplica,48755,Alto,Digital,Vigente,0,0
CL004420,Empresa,Rodríguez Logística S.A.,PA03,Chile,Santiago,PyME,1987-02-01,2019-03-02,No aplica,Tecnología,503455,Bajo,Híbrido,Vigente,1,0
CL004421,Persona,Emiliano Ramírez Pérez,PA02,Canadá,Halifax,Afluente,1965-11-03,2018-09-11,M,No aplica,82008,Alto,Digital,Vigente,1,0
CL004422,Persona,Lucas López López,PA03,Chile,Puerto Montt,Banca privada,1950-09-14,2016-08-04,No especificado,No aplica,324156,Bajo,Tradicional,Vigente,1,0
CL004423,Persona,Sofía Wilson Smith,PA04,Perú,Arequipa,Masivo,1985-07-09,2019-01-06,M,No aplica,24927,Bajo,Digital,Vigente,1,0
CL004424,Persona,Santiago Flores Vargas,PA05,Colombia,Santa Marta,Masivo,1991-06-20,2017-05-05,No especificado,No aplica,16788,Medio,Tradicional,Vigente,1,0
CL004425,Persona,Isabella Torres Tremblay,PA01,México,Veracruz,Banca privada,1993-12-17,2019-05-05,F,No aplica,257441,Medio,Digital,Vigente,1,0
CL004426,Persona,Lucas Martínez Castro,PA01,México,Puebla,Banca privada,1956-04-08,2020-05-01,M,No aplica,308527,Medio,Tradicional,Vigente,1,0
CL004427,Persona,Gabriel Brown Morales,PA05,Colombia,Bogotá,Afluente,1982-05-15,2021-05-27,No especificado,No aplica,92812,Alto,Digital,Vigente,0,0
CL004428,Persona,Martina Reyes Morales,PA03,Chile,La Serena,Masivo,1997-05-28,2021-03-18,M,No aplica,27094,Alto,Digital,Vigente,1,0
CL004429,Persona,Étienne Vargas Martínez,PA05,Colombia,Santa Marta,Afluente,1957-01-18,2021-01-16,M,No aplica,85187,Medio,Híbrido,Vigente,0,0
CL004430,Persona,Olivia Wilson Reyes,PA01,México,Monterrey,Masivo,1975-03-17,2019-08-08,No especificado,No aplica,30071,Alto,Híbrido,Vigente,0,0
CL004431,Empresa,Castro Agroindustria Group,PA01,México,Mérida,PyME,2009-05-01,2018-02-17,No aplica,Salud,423920,Medio,Híbrido,Vigente,0,0
CL004432,Empresa,Torres Comercio Latam,PA01,México,Guadalajara,Corporativo,1987-09-01,2017-03-09,No aplica,Servicios profesionales,5252502,Bajo,Híbrido,Vigente,1,0
CL004433,Persona,Olivia Castro Smith,PA05,Colombia,Cartagena,Afluente,1972-09-12,2016-11-09,F,No aplica,59492,Medio,Híbrido,Vigente,1,0
CL004434,Persona,Lucas Sánchez Torres,PA05,Colombia,Pereira,Masivo,1985-02-28,2018-10-15,M,No aplica,16291,Alto,Híbrido,Vigente,1,0
CL004435,Persona,Daniela Sánchez Cruz,PA05,Colombia,Manizales,Masivo,1954-03-21,2019-08-21,No especificado,No aplica,15710,Alto,Híbrido,Vigente,0,0
CL004436,Persona,Isabella Smith Cruz,PA03,Chile,Talca,Masivo,1991-10-09,2021-08-12,No especificado,No aplica,23184,Medio,Híbrido,Vigente,1,0
CL004437,Persona,Sebastián Tremblay Brown,PA04,Perú,Cusco,Afluente,1965-06-20,2016-11-23,M,No aplica,53848,Medio,Digital,Vigente,0,0
CL004438,Persona,Camila Wilson López,PA04,Perú,Piura,Masivo,1961-08-27,2019-05-24,No especificado,No aplica,27099,Bajo,Tradicional,Vigente,0,0
CL004439,Persona,Lucas González Ramírez,PA04,Perú,Iquitos,Banca privada,1964-06-12,2018-10-21,No especificado,No aplica,229771,Bajo,Híbrido,Vencido,1,0
CL004440,Persona,Mateo Díaz Rodríguez,PA02,Canadá,Montreal,Banca privada,1962-09-03,2015-09-16,F,No aplica,358929,Medio,Híbrido,Vigente,0,0
CL004441,Persona,Mateo López Cruz,PA05,Colombia,Barranquilla,Masivo,1989-07-13,2020-03-12,F,No aplica,13102,Bajo,Digital,Vigente,1,0
CL004442,Persona,Valentina López García,PA01,México,Querétaro,Masivo,1991-04-13,2016-09-18,No especificado,No aplica,27134,Medio,Híbrido,Vigente,0,0
CL004443,Persona,Olivia Rivera Gómez,PA04,Perú,Huancayo,Masivo,1956-12-26,2019-03-10,M,No aplica,16414,Bajo,Híbrido,Vigente,1,0
CL004444,Persona,Diego Rivera Gómez,PA03,Chile,Antofagasta,Afluente,1984-08-02,2018-10-21,F,No aplica,92249,Medio,Tradicional,Vigente,1,0
CL004445,Persona,Martina González Cruz,PA05,Colombia,Bogotá,Banca privada,1964-10-06,2018-10-03,M,No aplica,359263,Alto,Tradicional,Vigente,1,0
CL004446,Persona,Isabella Rodríguez Morales,PA04,Perú,Piura,Banca privada,1960-03-24,2022-11-30,No especificado,No aplica,124808,Bajo,Digital,Vigente,1,0
CL004447,Empresa,Castro Logística S.A.,PA02,Canadá,Halifax,PyME,2003-04-01,2019-12-11,No aplica,Agroindustria,229616,Medio,Digital,Vigente,0,1
CL004448,Persona,Liam Morales Pérez,PA04,Perú,Cusco,Masivo,1966-12-27,2019-07-13,M,No aplica,16248,Medio,Híbrido,Vigente,0,0
CL004449,Persona,Gabriel Martínez Pérez,PA03,Chile,La Serena,Afluente,1966-10-20,2019-09-17,No especificado,No aplica,71427,Bajo,Digital,Vigente,0,0
CL004450,Persona,Martina Hernández Torres,PA04,Perú,Cajamarca,Masivo,1972-12-12,2017-01-29,No especificado,No aplica,29145,Medio,Híbrido,Vigente,1,0
CL004451,Persona,Valentina López Pérez,PA01,México,Puebla,Banca privada,2003-07-11,2022-01-05,No especificado,No aplica,234098,Bajo,Híbrido,Vigente,0,0
CL004452,Persona,Nicolás Vargas Sánchez,PA02,Canadá,Toronto,Masivo,1995-02-19,2022-09-23,No especificado,No aplica,12771,Medio,Híbrido,Vigente,0,0
CL004453,Persona,Camila Cruz García,PA05,Colombia,Pereira,Afluente,1981-02-12,2016-05-21,No especificado,No aplica,81285,Medio,Híbrido,Vigente,0,0
CL004454,Persona,Lucas Tremblay Castro,PA04,Perú,Cusco,Banca privada,1956-08-26,2020-11-15,M,No aplica,363409,Alto,Digital,Vigente,1,0
CL004455,Persona,Mariana Torres García,PA05,Colombia,Cúcuta,Masivo,1969-03-03,2017-07-16,M,No aplica,26206,Alto,Híbrido,Vigente,1,0
CL004456,Persona,Valentina Tremblay Morales,PA04,Perú,Piura,Masivo,1999-02-21,2019-12-28,M,No aplica,11333,Medio,Híbrido,Vigente,1,0
CL004457,Persona,Élodie Flores Morales,PA01,México,Toluca,Masivo,1988-02-10,2017-02-02,No especificado,No aplica,22624,Alto,Híbrido,Vigente,0,0
CL004458,Empresa,Morales Agroindustria Partners,PA01,México,Guadalajara,Corporativo,2002-10-01,2017-08-01,No aplica,Turismo,4997693,Bajo,Tradicional,Vigente,1,0
CL004459,Empresa,López Servicios profesionales Partners,PA01,México,León,PyME,1991-03-01,2019-07-03,No aplica,Manufactura,299767,Medio,Tradicional,Vigente,1,0
CL004460,Persona,Élodie Pérez López,PA03,Chile,Temuco,Masivo,1949-07-26,2017-04-07,M,No aplica,30409,Medio,Tradicional,Vigente,0,0
CL004461,Empresa,Vargas Construcción S.A.,PA01,México,Puebla,PyME,2007-07-01,2019-09-28,No aplica,Manufactura,535571,Medio,Híbrido,Vigente,1,0
CL004462,Persona,Liam Reyes Vargas,PA05,Colombia,Manizales,Masivo,1966-08-23,2015-07-30,M,No aplica,20505,Bajo,Digital,Vigente,1,0
CL004463,Persona,Emma Martin Wilson,PA02,Canadá,Toronto,Masivo,1949-11-01,2020-03-18,M,No aplica,18258,Bajo,Digital,Vigente,0,0
CL004464,Persona,Lucas Smith Wilson,PA02,Canadá,Québec,Masivo,1972-07-02,2019-05-22,F,No aplica,10746,Bajo,Tradicional,Vigente,1,0
CL004465,Persona,Lucas Rodríguez Wilson,PA01,México,Mérida,Afluente,1994-01-16,2020-07-16,No especificado,No aplica,87152,Bajo,Híbrido,Vigente,0,0
CL004466,Persona,Camila Reyes Sánchez,PA03,Chile,Temuco,Banca privada,1998-05-21,2016-04-22,M,No aplica,244066,Medio,Digital,Vigente,1,0
CL004467,Persona,Lucas López Brown,PA02,Canadá,Québec,Masivo,1979-02-09,2020-01-18,M,No aplica,30082,Bajo,Tradicional,Vigente,1,1
CL004468,Persona,Diego Romero Rodríguez,PA02,Canadá,Ottawa,Afluente,1968-01-17,2019-01-11,F,No aplica,68912,Medio,Digital,Vigente,0,0
CL004469,Persona,Valentina Gómez Wilson,PA01,México,Ciudad de México,Afluente,1962-08-09,2019-09-11,No especificado,No aplica,58161,Medio,Híbrido,Vigente,1,0
CL004470,Persona,Sofía Rodríguez Reyes,PA03,Chile,Puerto Montt,Afluente,1951-08-10,2022-03-17,No especificado,No aplica,74897,Bajo,Híbrido,Vigente,1,1
CL004471,Persona,Martina Díaz Cruz,PA02,Canadá,Edmonton,Banca privada,1996-04-13,2020-07-02,No especificado,No aplica,301113,Bajo,Digital,Vigente,0,0
CL004472,Persona,Élodie Rivera Rivera,PA04,Perú,Iquitos,Banca privada,1962-06-11,2021-04-16,No especificado,No aplica,346347,Bajo,Híbrido,Vigente,1,0
CL004473,Persona,Emiliano Morales Rivera,PA02,Canadá,Toronto,Afluente,1963-09-24,2015-11-28,F,No aplica,52617,Bajo,Digital,Vigente,1,0
CL004474,Persona,Mariana García Wilson,PA02,Canadá,Québec,Masivo,2001-06-09,2017-03-15,M,No aplica,30793,Bajo,Digital,Vigente,1,0
CL004475,Persona,Mariana Sánchez Wilson,PA01,México,Toluca,Afluente,1965-05-20,2020-05-23,F,No aplica,34109,Bajo,Híbrido,Por vencer,0,0
CL004476,Persona,Martina Sánchez González,PA05,Colombia,Barranquilla,Masivo,1996-12-17,2020-05-12,M,No aplica,12359,Medio,Tradicional,Vigente,1,0
CL004477,Persona,Liam Castro Ramírez,PA05,Colombia,Santa Marta,Afluente,1987-07-16,2021-08-02,No especificado,No aplica,43325,Bajo,Híbrido,Vigente,0,0
CL004478,Persona,Gabriel Torres Rodríguez,PA04,Perú,Cajamarca,Masivo,1988-12-16,2020-02-22,M,No aplica,28718,Medio,Híbrido,Vigente,1,0
CL004479,Persona,Camila Romero Romero,PA01,México,Tijuana,Banca privada,1997-04-07,2016-10-21,F,No aplica,183336,Medio,Digital,Vigente,0,0
CL004480,Persona,Isabella Pérez Brown,PA02,Canadá,Winnipeg,Masivo,1957-08-24,2018-09-18,F,No aplica,14947,Bajo,Digital,Vigente,1,0
CL004481,Persona,Noah González Pérez,PA03,Chile,La Serena,Afluente,1989-05-22,2022-06-05,F,No aplica,64511,Bajo,Digital,Vigente,0,0
CL004482,Persona,Mateo Tremblay González,PA03,Chile,Viña del Mar,Banca privada,1978-10-27,2019-03-20,F,No aplica,223322,Medio,Digital,Vigente,1,0
CL004483,Persona,Ava Cruz Martin,PA03,Chile,Concepción,Masivo,1953-02-12,2018-09-01,No especificado,No aplica,14828,Medio,Híbrido,Vigente,1,0
CL004484,Persona,Sofía Sánchez Gómez,PA03,Chile,Talca,Afluente,1982-09-25,2022-04-18,M,No aplica,92439,Alto,Híbrido,Vigente,0,0
CL004485,Persona,Mateo Torres Martin,PA05,Colombia,Bogotá,Masivo,2001-02-01,2017-01-11,No especificado,No aplica,26609,Bajo,Híbrido,Vigente,1,0
CL004486,Persona,Alejandro Castro Torres,PA05,Colombia,Santa Marta,Masivo,1979-07-16,2022-07-26,F,No aplica,17157,Alto,Tradicional,Vencido,1,0
CL004487,Persona,Noah Ramírez Díaz,PA04,Perú,Cusco,Afluente,1955-03-27,2017-05-28,No especificado,No aplica,89426,Medio,Digital,Vigente,1,0
CL004488,Persona,Lucía Martin Wilson,PA03,Chile,Puerto Montt,Afluente,1978-02-03,2019-11-19,No especificado,No aplica,82711,Bajo,Híbrido,Vigente,1,0
CL004489,Persona,Élodie Tremblay Díaz,PA02,Canadá,Vancouver,Masivo,1969-08-04,2019-10-08,No especificado,No aplica,18433,Bajo,Híbrido,Vigente,1,0
CL004490,Persona,Ava Flores Morales,PA05,Colombia,Bogotá,Masivo,1986-07-20,2021-01-02,F,No aplica,30361,Alto,Híbrido,Vigente,1,0
CL004491,Persona,Santiago Torres Reyes,PA02,Canadá,Vancouver,Afluente,1949-07-06,2019-04-05,No especificado,No aplica,43328,Alto,Híbrido,Vigente,0,0
CL004492,Persona,Mateo Ramírez Torres,PA03,Chile,Santiago,Afluente,1998-01-22,2019-03-13,F,No aplica,58570,Alto,Híbrido,Vigente,1,0
CL004493,Persona,Alejandro García Tremblay,PA05,Colombia,Medellín,Banca privada,1997-04-23,2018-04-25,No especificado,No aplica,293347,Alto,Tradicional,Vigente,1,0
CL004494,Persona,Emiliano Martin Sánchez,PA04,Perú,Piura,Banca privada,1974-08-20,2017-12-28,M,No aplica,319410,Medio,Digital,Vigente,1,0
CL004495,Persona,Isabella González Gómez,PA01,México,León,Masivo,1998-11-04,2015-07-19,No especificado,No aplica,11087,Bajo,Híbrido,Vigente,1,0
CL004496,Empresa,Rodríguez Agroindustria S.A.,PA02,Canadá,Ottawa,PyME,2018-04-01,2019-08-02,No aplica,Turismo,804796,Bajo,Híbrido,Vigente,0,0
CL004497,Persona,Diego Martin González,PA04,Perú,Cusco,Masivo,1978-08-02,2020-09-16,M,No aplica,12346,Bajo,Tradicional,Vigente,1,0
CL004498,Empresa,Romero Salud Latam,PA01,México,Puebla,PyME,1990-11-01,2021-08-04,No aplica,Logística,470686,Bajo,Digital,Vigente,0,0
CL004499,Persona,Lucas Wilson Romero,PA03,Chile,Concepción,Masivo,1998-02-12,2021-06-01,No especificado,No aplica,31102,Medio,Tradicional,Vigente,1,0
CL004500,Persona,Sofía López Tremblay,PA03,Chile,Santiago,Masivo,1967-08-08,2019-04-06,F,No aplica,28513,Bajo,Digital,Vigente,0,0
